family,arm,cleaning,layer,spearman_mean,spearman_std
qwen3_1b7,base,maximal,0,0.2779114894927071,0.0671813781099665
qwen3_1b7,base,maximal,1,0.2781608902086048,0.0682191147071487
qwen3_1b7,base,maximal,2,0.3198687014700058,0.0687443224241524
qwen3_1b7,base,maximal,3,0.3366287555146866,0.0797641430167299
qwen3_1b7,base,maximal,4,0.3462141564348114,0.0857005108102046
qwen3_1b7,base,maximal,5,0.3537717382942535,0.0837265419834118
qwen3_1b7,base,maximal,6,0.3473958889301178,0.0820274892671682
qwen3_1b7,base,maximal,7,0.3487306686617982,0.0799072889264843
qwen3_1b7,base,maximal,8,0.3459066492278369,0.082543083737577
qwen3_1b7,base,maximal,9,0.3548592297711487,0.0802097945455078
qwen3_1b7,base,maximal,10,0.3237439717315829,0.0796337316371957
qwen3_1b7,base,maximal,11,0.3211916088072641,0.0788076839006985
qwen3_1b7,base,maximal,12,0.3128395879876187,0.0789634591262186
qwen3_1b7,base,maximal,13,0.3056389243845291,0.0781634057541675
qwen3_1b7,base,maximal,14,0.3083342843425118,0.0780525242040362
qwen3_1b7,base,maximal,15,0.3027720686855367,0.0783700696087178
qwen3_1b7,base,maximal,16,0.2979999914163016,0.0802747042544428
qwen3_1b7,base,maximal,17,0.2933458852634349,0.0814645778723307
qwen3_1b7,base,maximal,18,0.2980880358716453,0.0827277296046288
qwen3_1b7,base,maximal,19,0.2843596225364058,0.0764675460284951
qwen3_1b7,base,maximal,20,0.2703339028526461,0.0732921442250798
qwen3_1b7,base,maximal,21,0.2703089754426452,0.0759998289989678
qwen3_1b7,base,maximal,22,0.2824852733925108,0.0734721539066419
qwen3_1b7,base,maximal,23,0.2837279489608445,0.0733650410050086
qwen3_1b7,base,maximal,24,0.2815325699074762,0.0709765098265793
qwen3_1b7,base,maximal,25,0.273349009298491,0.0713661085092841
qwen3_1b7,base,maximal,26,0.2624554869242446,0.0745530808592326
qwen3_1b7,base,maximal,27,0.2476452545852595,0.0752722689223934
qwen3_1b7,base,maximal,28,0.2321308650395035,0.0751159167906609
qwen3_1b7,base,tier0,0,0.3928935127288352,0.2708758581270872
qwen3_1b7,base,tier0,1,0.3769540884239597,0.2763343579693392
qwen3_1b7,base,tier0,2,0.3967012633554563,0.2944459264255241
qwen3_1b7,base,tier0,3,0.1470505755998504,0.2022055834326609
qwen3_1b7,base,tier0,4,0.1418193223701221,0.1949207362591568
qwen3_1b7,base,tier0,5,0.1458149959481814,0.1923305813009751
qwen3_1b7,base,tier0,6,0.156491068181869,0.1933567049359567
qwen3_1b7,base,tier0,7,0.1411737966201987,0.1866316518351654
qwen3_1b7,base,tier0,8,0.1285432524542328,0.1766015472741896
qwen3_1b7,base,tier0,9,0.1398254447014441,0.1805121495626231
qwen3_1b7,base,tier0,10,0.1389686451122482,0.1706879887644546
qwen3_1b7,base,tier0,11,0.1503784475673399,0.1629047528538562
qwen3_1b7,base,tier0,12,0.1525782019700784,0.1619046142027185
qwen3_1b7,base,tier0,13,0.1520992763037764,0.1663071023651448
qwen3_1b7,base,tier0,14,0.1632940460303299,0.1630567530487446
qwen3_1b7,base,tier0,15,0.1643801819905348,0.1526269706219067
qwen3_1b7,base,tier0,16,0.1512498336525083,0.143698872008582
qwen3_1b7,base,tier0,17,0.1694224286196249,0.1652337902918411
qwen3_1b7,base,tier0,18,0.1837779064437191,0.1707434948790425
qwen3_1b7,base,tier0,19,0.2030377750999237,0.1916902397599596
qwen3_1b7,base,tier0,20,0.2238313172479152,0.2120260062491004
qwen3_1b7,base,tier0,21,0.3050316886361352,0.2492617682840665
qwen3_1b7,base,tier0,22,0.3569673401960889,0.2789328623148123
qwen3_1b7,base,tier0,23,0.3590898106555411,0.2848146448475816
qwen3_1b7,base,tier0,24,0.3168224529233557,0.2383076191293332
qwen3_1b7,base,tier0,25,0.330932944021638,0.2570559723425055
qwen3_1b7,base,tier0,26,0.3357674736753855,0.2729641939314433
qwen3_1b7,base,tier0,27,0.3381204177334125,0.2821830878216905
qwen3_1b7,base,tier0,28,0.2616743299709398,0.2761018671462422
qwen3_32b,base,maximal,0,0.2628800669597601,0.0697881579152919
qwen3_32b,base,maximal,1,0.2884588000792897,0.0710121656112785
qwen3_32b,base,maximal,2,0.2926609662405138,0.0697096937658647
qwen3_32b,base,maximal,3,0.3204374289454698,0.0685276866267718
qwen3_32b,base,maximal,4,0.3283981844825585,0.0687641841415062
qwen3_32b,base,maximal,5,0.3365919948979615,0.0692247214754541
qwen3_32b,base,maximal,6,0.3398023914081095,0.0692201263590185
qwen3_32b,base,maximal,7,0.3124529739758076,0.0764565139589708
qwen3_32b,base,maximal,8,0.3026822024171666,0.0780991302912314
qwen3_32b,base,maximal,9,0.2982478867134801,0.0774129230164564
qwen3_32b,base,maximal,10,0.2978139056863687,0.0774820266102613
qwen3_32b,base,maximal,11,0.3012085415494444,0.0769413875942653
qwen3_32b,base,maximal,12,0.3013052923952912,0.0767196349875138
qwen3_32b,base,maximal,13,0.3006933691650043,0.0770482052315242
qwen3_32b,base,maximal,14,0.3001516909236927,0.0782741314436857
qwen3_32b,base,maximal,15,0.2998161303212004,0.0786206578046711
qwen3_32b,base,maximal,16,0.3012641581194653,0.0791911148343342
qwen3_32b,base,maximal,17,0.296572472838595,0.079657869265685
qwen3_32b,base,maximal,18,0.2990064858999826,0.0811331228378883
qwen3_32b,base,maximal,19,0.3058330580510238,0.0826686889849514
qwen3_32b,base,maximal,20,0.308159542271269,0.0830270260455982
qwen3_32b,base,maximal,21,0.3089922785549382,0.0841173295214856
qwen3_32b,base,maximal,22,0.3074521131617482,0.0850196065539525
qwen3_32b,base,maximal,23,0.3083261182525226,0.0848075030283045
qwen3_32b,base,maximal,24,0.3053568973237606,0.084888029165372
qwen3_32b,base,maximal,25,0.297324911743499,0.0852239739929338
qwen3_32b,base,maximal,26,0.3011009631522936,0.0847414979096218
qwen3_32b,base,maximal,27,0.3053794871042287,0.0814371569489866
qwen3_32b,base,maximal,28,0.2939400961619399,0.0806510256971928
qwen3_32b,base,maximal,29,0.2953740837965142,0.0785335729258195
qwen3_32b,base,maximal,30,0.2923280465425694,0.0772346257208668
qwen3_32b,base,maximal,31,0.2923089075176225,0.0777213436903115
qwen3_32b,base,maximal,32,0.2956633053612163,0.0781796483639633
qwen3_32b,base,maximal,33,0.2770914507436557,0.0785506115712875
qwen3_32b,base,maximal,34,0.2726346868679363,0.0779722349463639
qwen3_32b,base,maximal,35,0.2738129714054571,0.07901828814986
qwen3_32b,base,maximal,36,0.2858472119985686,0.0787539962521056
qwen3_32b,base,maximal,37,0.2953544435466714,0.0782211718430067
qwen3_32b,base,maximal,38,0.3014018921055513,0.078090870663637
qwen3_32b,base,maximal,39,0.294326970644259,0.0803961768116466
qwen3_32b,base,maximal,40,0.2924310702749323,0.0811208111483716
qwen3_32b,base,maximal,41,0.2929398690463802,0.080494125585043
qwen3_32b,base,maximal,42,0.2772263736286857,0.0831037831241594
qwen3_32b,base,maximal,43,0.2645668897643952,0.0822644932346634
qwen3_32b,base,maximal,44,0.2560585306226537,0.0812472551309271
qwen3_32b,base,maximal,45,0.2397632138310104,0.0834075075990171
qwen3_32b,base,maximal,46,0.2332273502976213,0.0850221883419473
qwen3_32b,base,maximal,47,0.2398122985710658,0.0842248010643908
qwen3_32b,base,maximal,48,0.2519529170277366,0.0819422401453855
qwen3_32b,base,maximal,49,0.263169547695573,0.0811041833804264
qwen3_32b,base,maximal,50,0.2430640457717827,0.0837234782372072
qwen3_32b,base,maximal,51,0.2675898777150223,0.0820995127130749
qwen3_32b,base,maximal,52,0.2603448620460287,0.079816453905657
qwen3_32b,base,maximal,53,0.271169381783649,0.0810367499677681
qwen3_32b,base,maximal,54,0.2861246310130848,0.0764464564537231
qwen3_32b,base,maximal,55,0.2836159217433316,0.074321084289725
qwen3_32b,base,maximal,56,0.279981003932767,0.0741165640575193
qwen3_32b,base,maximal,57,0.2550919932297019,0.0740345485630682
qwen3_32b,base,maximal,58,0.2519779824261344,0.0724114577440863
qwen3_32b,base,maximal,59,0.2508795875800966,0.0717199779527049
qwen3_32b,base,maximal,60,0.2461553704544601,0.0718331757815305
qwen3_32b,base,maximal,61,0.2563300279620799,0.0706961888770996
qwen3_32b,base,maximal,62,0.2504776069577833,0.068930890903505
qwen3_32b,base,maximal,63,0.2379494624843062,0.0711347104217363
qwen3_32b,base,maximal,64,0.2228212044348515,0.0735125492520984
qwen3_32b,base,tier0,0,0.3339257359645447,0.2451573135723125
qwen3_32b,base,tier0,1,0.3718078302996683,0.2752407960519559
qwen3_32b,base,tier0,2,0.3968278242125113,0.3014816519654617
qwen3_32b,base,tier0,3,0.4171537926486179,0.3063063167419597
qwen3_32b,base,tier0,4,0.4298862848364352,0.306398016541752
qwen3_32b,base,tier0,5,0.4330711191651805,0.3113392398612752
qwen3_32b,base,tier0,6,0.4298244280361356,0.3104185491839398
qwen3_32b,base,tier0,7,0.1724240609660012,0.2097517078124243
qwen3_32b,base,tier0,8,0.1516188462166058,0.1967207817678331
qwen3_32b,base,tier0,9,0.1453212003468294,0.1926527193448912
qwen3_32b,base,tier0,10,0.1505620822786109,0.1936985088705098
qwen3_32b,base,tier0,11,0.1591011870708136,0.1979000043040319
qwen3_32b,base,tier0,12,0.1588200607639258,0.1975329583447654
qwen3_32b,base,tier0,13,0.1594791500898091,0.1974370331425542
qwen3_32b,base,tier0,14,0.1661538520203395,0.1985533332700303
qwen3_32b,base,tier0,15,0.1685468756737845,0.1988011311842406
qwen3_32b,base,tier0,16,0.1718684824102912,0.2024931918697169
qwen3_32b,base,tier0,17,0.1728215711254519,0.2041301506620302
qwen3_32b,base,tier0,18,0.1736397693110104,0.2041318793235049
qwen3_32b,base,tier0,19,0.1721807716312946,0.2029882237505695
qwen3_32b,base,tier0,20,0.1737546388683471,0.2040273916737817
qwen3_32b,base,tier0,21,0.1748152100230527,0.2064687763505329
qwen3_32b,base,tier0,22,0.1716746459127285,0.2020763564881549
qwen3_32b,base,tier0,23,0.1680445486493408,0.1992707643163081
qwen3_32b,base,tier0,24,0.1691803270972619,0.2023289228005596
qwen3_32b,base,tier0,25,0.1682175025165958,0.2017376849155771
qwen3_32b,base,tier0,26,0.1707428510941843,0.1904581658944196
qwen3_32b,base,tier0,27,0.1609289703675415,0.1715615284332375
qwen3_32b,base,tier0,28,0.1676061520762367,0.1785162805947893
qwen3_32b,base,tier0,29,0.1648283190922261,0.1771930145757868
qwen3_32b,base,tier0,30,0.1662834818941738,0.1782081878983652
qwen3_32b,base,tier0,31,0.1619577532889662,0.1745083884785816
qwen3_32b,base,tier0,32,0.1506166808662988,0.1642762225501081
qwen3_32b,base,tier0,33,0.1541061796631626,0.153475124412389
qwen3_32b,base,tier0,34,0.1520875219942006,0.1542023515419214
qwen3_32b,base,tier0,35,0.1526423750518709,0.1539344357898676
qwen3_32b,base,tier0,36,0.1520220526762118,0.1520314241648314
qwen3_32b,base,tier0,37,0.1557006703006718,0.1544063939710235
qwen3_32b,base,tier0,38,0.1570404590096952,0.1574737025399008
qwen3_32b,base,tier0,39,0.151626250033606,0.1563209623911299
qwen3_32b,base,tier0,40,0.1540114169591819,0.1587536505435087
qwen3_32b,base,tier0,41,0.149835486588303,0.15788629400732
qwen3_32b,base,tier0,42,0.158299455142228,0.1654397576571795
qwen3_32b,base,tier0,43,0.163495995540523,0.1700763050336224
qwen3_32b,base,tier0,44,0.1662960482547096,0.1848487911292542
qwen3_32b,base,tier0,45,0.1637522820611222,0.1851384037733305
qwen3_32b,base,tier0,46,0.1693453413767061,0.1946230038147598
qwen3_32b,base,tier0,47,0.1669515606515476,0.1944563684365829
qwen3_32b,base,tier0,48,0.158259649051887,0.1911121967413502
qwen3_32b,base,tier0,49,0.1689781813740886,0.1956268703268269
qwen3_32b,base,tier0,50,0.1643076155502287,0.1868288817080523
qwen3_32b,base,tier0,51,0.1744439382415186,0.1914219716894824
qwen3_32b,base,tier0,52,0.1880854482205366,0.2075212647642513
qwen3_32b,base,tier0,53,0.1957770103347841,0.2043721749406528
qwen3_32b,base,tier0,54,0.2061786001598092,0.2056018988262902
qwen3_32b,base,tier0,55,0.2232323748401472,0.2117044242184387
qwen3_32b,base,tier0,56,0.2364600408318685,0.2229384320374353
qwen3_32b,base,tier0,57,0.2581005345615743,0.2193759229779169
qwen3_32b,base,tier0,58,0.2666068027008175,0.2238880183771665
qwen3_32b,base,tier0,59,0.2849465258889704,0.2413973992923493
qwen3_32b,base,tier0,60,0.288999586443724,0.2507608437426468
qwen3_32b,base,tier0,61,0.3105899041995001,0.2666724893417269
qwen3_32b,base,tier0,62,0.3154598879669754,0.2821620386053006
qwen3_32b,base,tier0,63,0.3173109343440973,0.3116589861849813
qwen3_32b,base,tier0,64,0.1939627362498932,0.2011054983929774
qwen3_8b,base,maximal,0,0.2824616957136548,0.0675162551531625
qwen3_8b,base,maximal,1,0.2614194647978397,0.0730423797166839
qwen3_8b,base,maximal,2,0.2929801687187143,0.0697280001293845
qwen3_8b,base,maximal,3,0.2831218771894741,0.070703802488228
qwen3_8b,base,maximal,4,0.2828956951405144,0.0728343480622749
qwen3_8b,base,maximal,5,0.2852200693153828,0.0745283709126856
qwen3_8b,base,maximal,6,0.3042579807946138,0.0713553838855459
qwen3_8b,base,maximal,7,0.3157902110401732,0.0870553894641475
qwen3_8b,base,maximal,8,0.319620704066638,0.0851493052812577
qwen3_8b,base,maximal,9,0.3115398802389875,0.0850647296078535
qwen3_8b,base,maximal,10,0.3066373851189207,0.0902330503282467
qwen3_8b,base,maximal,11,0.3155806106719075,0.08919385038504
qwen3_8b,base,maximal,12,0.3096480287471322,0.0845859925474097
qwen3_8b,base,maximal,13,0.3261013573736174,0.0836558247630255
qwen3_8b,base,maximal,14,0.3373889506636087,0.0852250297502238
qwen3_8b,base,maximal,15,0.3595087845237198,0.0854729448587107
qwen3_8b,base,maximal,16,0.3632999439650441,0.0841488480991636
qwen3_8b,base,maximal,17,0.3521206799566062,0.0858270933256101
qwen3_8b,base,maximal,18,0.3396081013087979,0.0855515007449758
qwen3_8b,base,maximal,19,0.3243656908626414,0.0836548227584006
qwen3_8b,base,maximal,20,0.3119878754541983,0.0859620753317174
qwen3_8b,base,maximal,21,0.3103234982486543,0.08418227192517
qwen3_8b,base,maximal,22,0.2773887458510379,0.0862127680316519
qwen3_8b,base,maximal,23,0.2805670480172855,0.0870804755604419
qwen3_8b,base,maximal,24,0.2882868288793285,0.0855834812844393
qwen3_8b,base,maximal,25,0.3112727194497102,0.0781923791916173
qwen3_8b,base,maximal,26,0.2994469105725887,0.0758644593925159
qwen3_8b,base,maximal,27,0.2965370298890126,0.0739287716168783
qwen3_8b,base,maximal,28,0.3033862180300447,0.0708749587663262
qwen3_8b,base,maximal,29,0.3015697096003012,0.0701894056536727
qwen3_8b,base,maximal,30,0.300772253226697,0.0718325346973627
qwen3_8b,base,maximal,31,0.2948860956373053,0.0700712711561424
qwen3_8b,base,maximal,32,0.2939759976735749,0.0700669307006118
qwen3_8b,base,maximal,33,0.2923945041962297,0.0691049512479988
qwen3_8b,base,maximal,34,0.2824485052342452,0.0704937814286147
qwen3_8b,base,maximal,35,0.2663172680882605,0.0738227643439278
qwen3_8b,base,maximal,36,0.2380871031247345,0.0746097883885574
qwen3_8b,base,tier0,0,0.3501030173297574,0.2472389022798066
qwen3_8b,base,tier0,1,0.3845400662169653,0.2711037624875808
qwen3_8b,base,tier0,2,0.4147628465778399,0.2966339128721988
qwen3_8b,base,tier0,3,0.4197935232720908,0.314973056729323
qwen3_8b,base,tier0,4,0.4120572611500039,0.3209453785767174
qwen3_8b,base,tier0,5,0.4105167486352165,0.3050833311119715
qwen3_8b,base,tier0,6,0.4060610690557622,0.3014114599150255
qwen3_8b,base,tier0,7,0.1762801061506671,0.209284149953474
qwen3_8b,base,tier0,8,0.1715298692880993,0.2105778417083356
qwen3_8b,base,tier0,9,0.1557609633438185,0.1956600478478479
qwen3_8b,base,tier0,10,0.1310215697586063,0.1616691281098838
qwen3_8b,base,tier0,11,0.1176789909473193,0.1573809595941112
qwen3_8b,base,tier0,12,0.1195192222505544,0.1594943853070599
qwen3_8b,base,tier0,13,0.1165123609818393,0.1523575257511841
qwen3_8b,base,tier0,14,0.1217807581377724,0.1511070361583614
qwen3_8b,base,tier0,15,0.1317321791030889,0.1525508795449584
qwen3_8b,base,tier0,16,0.1318753922825545,0.1508979486787985
qwen3_8b,base,tier0,17,0.12874765276306,0.1441477590240078
qwen3_8b,base,tier0,18,0.1358676144948825,0.1479562137040349
qwen3_8b,base,tier0,19,0.1370203616316547,0.1487176085874798
qwen3_8b,base,tier0,20,0.140796793744289,0.1545294603733271
qwen3_8b,base,tier0,21,0.1499094732229459,0.1569702228139307
qwen3_8b,base,tier0,22,0.1521137780486584,0.1548953694506282
qwen3_8b,base,tier0,23,0.1612944051600142,0.1675802523001487
qwen3_8b,base,tier0,24,0.1952395777769645,0.1758369431125586
qwen3_8b,base,tier0,25,0.2043539413803546,0.1706787953520298
qwen3_8b,base,tier0,26,0.2198967930946225,0.1752158589850072
qwen3_8b,base,tier0,27,0.22027801292605,0.1622369422191996
qwen3_8b,base,tier0,28,0.2250944598720307,0.1579403394951093
qwen3_8b,base,tier0,29,0.238503274158176,0.1516507205962978
qwen3_8b,base,tier0,30,0.2430037063984951,0.1502533721454032
qwen3_8b,base,tier0,31,0.2432773574957893,0.1248647571333872
qwen3_8b,base,tier0,32,0.2514636587809438,0.1353277863106209
qwen3_8b,base,tier0,33,0.2506734659316654,0.1449343058182857
qwen3_8b,base,tier0,34,0.2726203659464649,0.1792260297971098
qwen3_8b,base,tier0,35,0.2989223260694016,0.2369564071998507
qwen3_8b,base,tier0,36,0.2654415969411898,0.2584936764679132
