regime,model,cleaning,pool,layer,year_transform,k,spearman_mean,spearman_std,r2_mean,r2_std,mae_mean,mae_std,mase_mean,mdape_mean,shuffled_spearman_mean,shuffled_r2_mean,n_valid_folds,n_total_folds,test,unit,headline_metric,headline_value,headline_std,n_valid_folds_or_draws,accuracy,accuracy_std,macro_f1,macro_f1_std,weighted_f1,weighted_f1_std,chance_accuracy,chance_macro_f1,shuffled_accuracy,shuffled_macro_f1,n_draws,k_used,isomap_spearman,isomap_pairwise_acc,isomap_neighbor_purity,isomap_neighbor_sigma,ebin_spearman,ebin_pairwise_acc,isomap_spearman_std,isomap_pairwise_acc_std,isomap_neighbor_purity_std,isomap_neighbor_sigma_std,pacc_full,pacc_loro_mean,drop,n_rulers,pacc_full_std,pacc_loro_mean_std,drop_std,condition,year_spearman_mean,year_spearman_std,year_mae_mean,year_mae_std,ruler_macro_f1_mean,ruler_macro_f1_std,variant,parse_errors,n_total,n_scoreable,extra,task,std,n_labeled,params_b,family,model_label,color,marker,model_order
prompt,qwen3_1b7,,mean,L00,,,,,,,,,,,,,,,T10_prompt_reprobe,ruler,macro_f1_mean,0.1466101714336803,0.0091419234732512,,,,,,,,,,,,,,,,,,,,,,,,,,,,,,,,,,,,,,pv0,,,,accuracy=0.45999999999999996 chance=0.058823529411764705 weighted_f1=0.40071073511461075,ruler,0.0091419234732512,1150.0,1.7,qwen,Qwen3 1.7B,#8fcf6e,o,5
prompt,qwen3_1b7,,mean,L14,,,,,,,,,,,,,,,T10_prompt_reprobe,year,spearman_mean_year_raw,0.4508136802329908,0.1873374716909026,,,,,,,,,,,,,,,,,,,,,,,,,,,,,,,,,,,,,,pv0,,,,k=5 r2=0.12634940989827603 mae=79.25474958572033,year,0.1873374716909026,40.0,1.7,qwen,Qwen3 1.7B,#8fcf6e,o,5
prompt,qwen3_1b7,,last,L00,,,,,,,,,,,,,,,T10_prompt_reprobe,ruler,macro_f1_mean,0.0222348432728986,0.0001649338343877,,,,,,,,,,,,,,,,,,,,,,,,,,,,,,,,,,,,,,pv1,,,,accuracy=0.23304347826086955 chance=0.058823529411764705 weighted_f1=0.08809462088246175,ruler,0.0001649338343877,1150.0,1.7,qwen,Qwen3 1.7B,#8fcf6e,o,5
prompt,qwen3_8b,,mean,L00,,,,,,,,,,,,,,,T10_prompt_reprobe,ruler,macro_f1_mean,0.1452052071698102,0.0054278466489716,,,,,,,,,,,,,,,,,,,,,,,,,,,,,,,,,,,,,,pv0,,,,accuracy=0.4582608695652174 chance=0.058823529411764705 weighted_f1=0.39887706629196884,ruler,0.0054278466489716,1150.0,8.0,qwen,Qwen3 8B,#4b8f3a,o,6
prompt,qwen3_8b,,last,L36,,,,,,,,,,,,,,,T10_prompt_reprobe,year,spearman_mean_year_raw,0.3694794543026689,0.1611782119314566,,,,,,,,,,,,,,,,,,,,,,,,,,,,,,,,,,,,,,pv0,,,,k=3 r2=0.07965232189246658 mae=84.01845756576512,year,0.1611782119314566,40.0,8.0,qwen,Qwen3 8B,#4b8f3a,o,6
prompt,qwen3_32b,,mean,L00,,,,,,,,,,,,,,,T10_prompt_reprobe,ruler,macro_f1_mean,0.132783514713652,0.0031599658585455,,,,,,,,,,,,,,,,,,,,,,,,,,,,,,,,,,,,,,pv0,,,,accuracy=0.43999999999999995 chance=0.058823529411764705 weighted_f1=0.37508687736393426,ruler,0.0031599658585455,1150.0,32.0,qwen,Qwen3 32B,#1f4d12,o,7
prompt,qwen3_32b,,mean,L48,,,,,,,,,,,,,,,T10_prompt_reprobe,year,spearman_mean_year_raw,0.4525745251675372,0.187716819107945,,,,,,,,,,,,,,,,,,,,,,,,,,,,,,,,,,,,,,pv0,,,,k=3 r2=0.166970800947831 mae=78.14891772987086,year,0.187716819107945,40.0,32.0,qwen,Qwen3 32B,#1f4d12,o,7
prompt,qwen3_32b,,mean,L00,,,,,,,,,,,,,,,T10_prompt_reprobe,ruler,macro_f1_mean,0.132783514713652,0.0031599658585455,,,,,,,,,,,,,,,,,,,,,,,,,,,,,,,,,,,,,,pv1,,,,accuracy=0.43999999999999995 chance=0.058823529411764705 weighted_f1=0.37508687736393426,ruler,0.0031599658585455,1150.0,32.0,qwen,Qwen3 32B,#1f4d12,o,7
prompt,qwen3_32b,,mean,L16,,,,,,,,,,,,,,,T10_prompt_reprobe,year,spearman_mean_year_raw,0.4456024059688064,0.240047311263671,,,,,,,,,,,,,,,,,,,,,,,,,,,,,,,,,,,,,,pv1,,,,k=2 r2=0.15528407644160636 mae=79.72464784815223,year,0.240047311263671,40.0,32.0,qwen,Qwen3 32B,#1f4d12,o,7
prompt,qwen3_32b,,mean,L00,,,,,,,,,,,,,,,T10_prompt_reprobe,ruler,macro_f1_mean,0.132783514713652,0.0031599658585455,,,,,,,,,,,,,,,,,,,,,,,,,,,,,,,,,,,,,,pv2,,,,accuracy=0.43999999999999995 chance=0.058823529411764705 weighted_f1=0.37508687736393426,ruler,0.0031599658585455,1150.0,32.0,qwen,Qwen3 32B,#1f4d12,o,7
prompt,qwen3_32b,,last,L63,,,,,,,,,,,,,,,T10_prompt_reprobe,year,spearman_mean_year_raw,0.4622131743703612,0.1651020448849363,,,,,,,,,,,,,,,,,,,,,,,,,,,,,,,,,,,,,,pv2,,,,k=2 r2=0.08660852645967543 mae=78.79965723693356,year,0.1651020448849363,40.0,32.0,qwen,Qwen3 32B,#1f4d12,o,7
prompt,qwen3_32b,,mean,L00,,,,,,,,,,,,,,,T10_prompt_reprobe,ruler,macro_f1_mean,0.132783514713652,0.0031599658585455,,,,,,,,,,,,,,,,,,,,,,,,,,,,,,,,,,,,,,pv3,,,,accuracy=0.43999999999999995 chance=0.058823529411764705 weighted_f1=0.37508687736393426,ruler,0.0031599658585455,1150.0,32.0,qwen,Qwen3 32B,#1f4d12,o,7
prompt,qwen3_32b,,mean,L16,,,,,,,,,,,,,,,T10_prompt_reprobe,year,spearman_mean_year_raw,0.4467671986102803,0.2400937730799183,,,,,,,,,,,,,,,,,,,,,,,,,,,,,,,,,,,,,,pv3,,,,k=2 r2=0.1557208946773353 mae=79.6959664550421,year,0.2400937730799183,40.0,32.0,qwen,Qwen3 32B,#1f4d12,o,7
balanced,tfidf,tier0,na,L00,raw,,0.4069432059196305,0.0643634366725968,-0.1629814257864928,0.1880219097303882,42.167877266186835,1.7610356162500105,0.8609051038332382,6.063071032069997,0.0128423245826238,-0.2092765070793606,200.0,,T1_year_pls,year,spearman_mean,0.4069432059196305,0.0643634366725968,,,,,,,,,,,,,,,,,,,,,,,,,,,,,,,,,,,,,,,,,,,,,,0.0,surface,TF-IDF (char n-gram),#1f6fb4,D,1
balanced,mlm,tier0,mean,L01,raw,,0.4235565353326363,0.059444373862113,-0.901741111573751,0.3475129241722249,45.402375783902926,3.1314360581475924,0.9019403343557636,6.366800790872191,0.0100135594956348,-0.2528116698789869,200.0,,T1_year_pls,year,spearman_mean,0.4235565353326363,0.059444373862113,,,,,,,,,,,,,,,,,,,,,,,,,,,,,,,,,,,,,,,,,,,,,,0.0367,akkadian,MLM 37M,#f4a259,s,2
balanced,thalesian_akk300m,tier0,mean,L06,raw,,0.3444617997167807,0.0616834226214175,-0.9074894769422612,0.3628220346495636,46.97840132162055,2.853885029803936,0.9346489195656718,6.738610198312647,0.0167727440196744,-0.2461829705701251,200.0,,T1_year_pls,year,spearman_mean,0.3444617997167807,0.0616834226214175,,,,,,,,,,,,,,,,,,,,,,,,,,,,,,,,,,,,,,,,,,,,,,0.3,akkadian,Thalesian 300M,#d8602a,s,3
balanced,thalesian_cunei400m,tier0,mean,L12,raw,,0.4111424440656039,0.0640148624977572,-0.4998980763530683,0.2263921950351274,41.01982907432819,2.8004148519086582,0.8132484540011891,5.747499088926684,0.0227714894588138,-0.3150727883377479,200.0,,T1_year_pls,year,spearman_mean,0.4111424440656039,0.0640148624977572,,,,,,,,,,,,,,,,,,,,,,,,,,,,,,,,,,,,,,,,,,,,,,0.4,akkadian,Thalesian 400M,#8b3a0e,s,4
balanced,qwen3_1b7,tier0,mean,L09,raw,,0.3714908555190879,0.0813930844821597,-0.5747908357627414,0.4122164867504371,46.001294801617966,2.363848974665299,0.9339207086868516,6.417509032889402,0.0119650184094107,-0.4034744382397061,200.0,,T1_year_pls,year,spearman_mean,0.3714908555190879,0.0813930844821597,,,,,,,,,,,,,,,,,,,,,,,,,,,,,,,,,,,,,,,,,,,,,,1.7,qwen,Qwen3 1.7B,#8fcf6e,o,5
balanced,qwen3_8b,tier0,mean,L01,raw,,0.3654555096617929,0.0682052447612484,-0.8673693066829279,0.3418241523450142,47.5476803704841,2.580900540079794,0.9558033894948867,6.878502315446644,0.0150145374104107,-0.2022818716776517,200.0,,T1_year_pls,year,spearman_mean,0.3654555096617929,0.0682052447612484,,,,,,,,,,,,,,,,,,,,,,,,,,,,,,,,,,,,,,,,,,,,,,8.0,qwen,Qwen3 8B,#4b8f3a,o,6
balanced,qwen3_32b,tier0,mean,L09,raw,,0.3987624248229299,0.0629136122536837,-0.7192293321270733,0.324361811909429,46.11203761238039,2.14290852167684,0.9266234672272142,6.4662547702214805,0.0257022174047236,-0.2796584585390806,200.0,,T1_year_pls,year,spearman_mean,0.3987624248229299,0.0629136122536837,,,,,,,,,,,,,,,,,,,,,,,,,,,,,,,,,,,,,,,,,,,,,,32.0,qwen,Qwen3 32B,#1f4d12,o,7
balanced_last,thalesian_akk300m,tier0,last,L07,raw,,0.2704175888899416,0.0820221537109139,-1.376491388475352,0.6667419773535208,50.1461826118781,2.8673995199240343,0.9948296767936512,7.1457692538547395,0.0117950613831176,-0.4344012393092916,200.0,,T1_year_pls,year,spearman_mean,0.2704175888899416,0.0820221537109139,,,,,,,,,,,,,,,,,,,,,,,,,,,,,,,,,,,,,,,,,,,,,,0.3,akkadian,Thalesian 300M,#d8602a,s,3
balanced_last,thalesian_cunei400m,tier0,last,L04,raw,,0.2582165933265278,0.0865265224252335,-1.5244979934742664,0.5235056966448037,52.87065770645877,3.1411771900062337,1.0492624000649209,7.535021623754824,0.0098062388209098,-0.4402785927149171,200.0,,T1_year_pls,year,spearman_mean,0.2582165933265278,0.0865265224252335,,,,,,,,,,,,,,,,,,,,,,,,,,,,,,,,,,,,,,,,,,,,,,0.4,akkadian,Thalesian 400M,#8b3a0e,s,4
balanced_last,qwen3_1b7,tier0,last,L27,raw,,0.2231264882262282,0.0780262143232696,-1.1006588708925784,0.3316886546568542,50.86325009396218,2.577219497081005,1.0175385905040306,7.445507383053617,0.0038376840919864,-0.4247745912088912,200.0,,T1_year_pls,year,spearman_mean,0.2231264882262282,0.0780262143232696,,,,,,,,,,,,,,,,,,,,,,,,,,,,,,,,,,,,,,,,,,,,,,1.7,qwen,Qwen3 1.7B,#8fcf6e,o,5
balanced_last,qwen3_8b,tier0,last,L35,raw,,0.1970254161150575,0.0821286329503195,-1.1833212102974822,0.347050216846622,52.22009161655401,2.5817292088216512,1.0452704338636398,7.687955883911003,0.0006116221198116,-0.3785598556265432,200.0,,T1_year_pls,year,spearman_mean,0.1970254161150575,0.0821286329503195,,,,,,,,,,,,,,,,,,,,,,,,,,,,,,,,,,,,,,,,,,,,,,8.0,qwen,Qwen3 8B,#4b8f3a,o,6
balanced_last,qwen3_32b,tier0,last,L63,raw,,0.1709713464351505,0.0873086186053471,-1.128573308886924,0.2883257607812707,52.02540593734319,2.5947232325797747,1.0438946480762803,7.583152627126481,-0.00841780831583,-0.3381826936278307,200.0,,T1_year_pls,year,spearman_mean,0.1709713464351505,0.0873086186053471,,,,,,,,,,,,,,,,,,,,,,,,,,,,,,,,,,,,,,,,,,,,,,32.0,qwen,Qwen3 32B,#1f4d12,o,7
balanced_last,random,tier0,last,L02,raw,,0.3338783694536527,0.0749548076682385,-0.3918686287667423,0.146246778432326,45.96664370623521,1.5897671718916544,0.9401015155621316,6.709071117399874,0.0020096556766211,-0.1946321189767474,200.0,,T1_year_pls,year,spearman_mean,0.3338783694536527,0.0749548076682385,,,,,,,,,,,,,,,,,,,,,,,,,,,,,,,,,,,,,,,,,,,,,,8.0,random,Random-init 8B,#7a4ec0,X,8
imbalanced,tfidf,tier0,na,0,raw,5.0,0.5013040567764927,0.1315986611953767,0.0795577671967758,0.0906212740856969,74.19865826986988,6.137926081528797,1.3625239431856626,5.67854488375361,-0.0515108151644776,-0.5731696827632992,3.0,5.0,T1_year_pls,year,spearman_mean,0.5013040567764927,0.1315986611953767,,,,,,,,,,,,,,,,,,,,,,,,,,,,,,,,,,,,,,,,,,,,,,0.0,surface,TF-IDF (char n-gram),#1f6fb4,D,1
imbalanced,mlm,tier0,mean,2,raw,2.0,-0.1154342423223879,0.2887333430899552,-152.89555727141294,215.3576938918063,139.51063108544346,74.2165110320125,3.279917823229534,9.776693829691984,-0.08185766659009,-0.1025186004627651,3.0,5.0,T1_year_pls,year,spearman_mean,-0.1154342423223879,0.2887333430899552,,,,,,,,,,,,,,,,,,,,,,,,,,,,,,,,,,,,,,,,,,,,,,0.0367,akkadian,MLM 37M,#f4a259,s,2
imbalanced,thalesian_akk300m,tier0,mean,7,raw,3.0,0.4346267278451288,0.1975839315396707,0.0690490029169787,0.0955067836831807,76.53883748559885,7.051267722145072,1.3928384281239985,6.2046604685479245,0.0303475393729851,-0.0689470311738118,3.0,5.0,T1_year_pls,year,spearman_mean,0.4346267278451288,0.1975839315396707,,,,,,,,,,,,,,,,,,,,,,,,,,,,,,,,,,,,,,,,,,,,,,0.3,akkadian,Thalesian 300M,#d8602a,s,3
imbalanced,thalesian_cunei400m,tier0,mean,12,raw,2.0,0.4670254104250972,0.2600338153371784,0.1054522483337473,0.1195367806843153,75.09736410568955,9.429466985944224,1.3599744383435286,6.518227983869434,-0.0025615744446326,-0.0839578155457549,3.0,5.0,T1_year_pls,year,spearman_mean,0.4670254104250972,0.2600338153371784,,,,,,,,,,,,,,,,,,,,,,,,,,,,,,,,,,,,,,,,,,,,,,0.4,akkadian,Thalesian 400M,#8b3a0e,s,4
imbalanced,qwen3_1b7,tier0,mean,6,raw,3.0,0.48428206512244,0.1862560833829679,0.1040873410116427,0.0876572857645022,75.12511407434027,7.124646001396112,1.3671555173612528,5.4380369736177245,0.0246742099342408,-0.0762003285295164,3.0,5.0,T1_year_pls,year,spearman_mean,0.48428206512244,0.1862560833829679,,,,,,,,,,,,,,,,,,,,,,,,,,,,,,,,,,,,,,,,,,,,,,1.7,qwen,Qwen3 1.7B,#8fcf6e,o,5
imbalanced,qwen3_8b,tier0,mean,26,raw,3.0,0.4819717760556263,0.1979639523255232,0.1080964084757409,0.1013898822865778,77.79350577811691,7.803325307508022,1.4152147899641665,6.368388239855292,0.0066059636467945,-0.1083366484282466,3.0,5.0,T1_year_pls,year,spearman_mean,0.4819717760556263,0.1979639523255232,,,,,,,,,,,,,,,,,,,,,,,,,,,,,,,,,,,,,,,,,,,,,,8.0,qwen,Qwen3 8B,#4b8f3a,o,6
imbalanced,qwen3_32b,tier0,mean,26,raw,3.0,0.5104678804608147,0.2200115684706123,0.1240826814803505,0.114764446682424,74.69539099928856,10.11444175872064,1.3553709652607753,5.615716668577673,0.0273582469602215,-0.1075551788526463,3.0,5.0,T1_year_pls,year,spearman_mean,0.5104678804608147,0.2200115684706123,,,,,,,,,,,,,,,,,,,,,,,,,,,,,,,,,,,,,,,,,,,,,,32.0,qwen,Qwen3 32B,#1f4d12,o,7
imbalanced,random,tier0,mean,3,raw,2.0,0.4131934674074892,0.2056465766724136,0.1033336746088833,0.1173621262696968,78.05771044021152,4.454377297805372,1.4179336687110442,6.427891302130816,-0.0101411379926135,-0.1136125701574744,3.0,5.0,T1_year_pls,year,spearman_mean,0.4131934674074892,0.2056465766724136,,,,,,,,,,,,,,,,,,,,,,,,,,,,,,,,,,,,,,,,,,,,,,8.0,random,Random-init 8B,#7a4ec0,X,8
balanced,tfidf,tier0,na,L00,raw,,0.3545122603800439,0.0686343446277206,-0.2127124593057143,0.1068606643030925,43.918286079527846,1.4666827778641398,,,,,,,T2_year_ridge,year,spearman_mean,0.3545122603800439,0.0686343446277206,200.0,,,,,,,,,,,,,,,,,,,,,,,,,,,,,,,,,,,,,,,,,,,,,0.0,surface,TF-IDF (char n-gram),#1f6fb4,D,1
balanced,mlm,tier0,mean,L01,raw,,0.4078930721767133,0.0608639559114987,-0.2764692875023498,0.1263679900682703,45.35806035117497,1.3393236849391763,,,,,,,T2_year_ridge,year,spearman_mean,0.4078930721767133,0.0608639559114987,200.0,,,,,,,,,,,,,,,,,,,,,,,,,,,,,,,,,,,,,,,,,,,,,0.0367,akkadian,MLM 37M,#f4a259,s,2
balanced,thalesian_akk300m,tier0,mean,L00,raw,,0.3118767708498393,0.0691804443355672,-0.2275238117847424,0.0996762459854755,47.08050121731228,1.155287665754411,0.976654907802638,6.9254363750665835,0.0149250361847196,-0.0420096914048737,,,T2_year_ridge,year,spearman_mean,0.3118767708498393,0.0691804443355672,200.0,,,,,,,,,,,,,,,,,,,,,,,,,,,,,,,,,,,,,,,,,,,,,0.3,akkadian,Thalesian 300M,#d8602a,s,3
balanced,thalesian_cunei400m,tier0,mean,L12,raw,,0.383773901697019,0.0625655671544586,-0.1067500847368724,0.0835404802749852,42.88320950704908,1.1989157027106916,0.8791180870382774,6.288168999582447,0.031326826901937,-0.0459674870210008,,,T2_year_ridge,year,spearman_mean,0.383773901697019,0.0625655671544586,200.0,,,,,,,,,,,,,,,,,,,,,,,,,,,,,,,,,,,,,,,,,,,,,0.4,akkadian,Thalesian 400M,#8b3a0e,s,4
balanced,qwen3_1b7,tier0,mean,L00,raw,,0.3523490248636612,0.0676969091434195,-0.2981594284909271,0.1229856862402704,46.714224720303974,1.23059590842877,,,,,,,T2_year_ridge,year,spearman_mean,0.3523490248636612,0.0676969091434195,200.0,,,,,,,,,,,,,,,,,,,,,,,,,,,,,,,,,,,,,,,,,,,,,1.7,qwen,Qwen3 1.7B,#8fcf6e,o,5
balanced,qwen3_8b,tier0,mean,L01,raw,,0.3318982837906262,0.0724379321695658,-0.1151756304644281,0.037904747388711,47.39893393864707,0.5588877179201002,,,,,,,T2_year_ridge,year,spearman_mean,0.3318982837906262,0.0724379321695658,200.0,,,,,,,,,,,,,,,,,,,,,,,,,,,,,,,,,,,,,,,,,,,,,8.0,qwen,Qwen3 8B,#4b8f3a,o,6
balanced,qwen3_32b,tier0,mean,L06,raw,,0.3264177181182755,0.0689455399958337,-0.1367347702689732,0.0762895804532781,46.64037251305958,0.8708751221091569,,,,,,,T2_year_ridge,year,spearman_mean,0.3264177181182755,0.0689455399958337,200.0,,,,,,,,,,,,,,,,,,,,,,,,,,,,,,,,,,,,,,,,,,,,,32.0,qwen,Qwen3 32B,#1f4d12,o,7
balanced,random,tier0,mean,L05,raw,,0.3454100149707252,0.091219321358228,-0.307727950143796,0.1483459504254317,45.38195219736251,1.6945212236073846,0.9308208707079608,6.5467019753009446,0.0118332798954708,-0.0866251574947407,,,T2_year_ridge,year,spearman_mean,0.3454100149707252,0.091219321358228,200.0,,,,,,,,,,,,,,,,,,,,,,,,,,,,,,,,,,,,,,,,,,,,,8.0,random,Random-init 8B,#7a4ec0,X,8
balanced_last,thalesian_akk300m,tier0,last,L06,raw,,0.226426256205974,0.0821008345362681,-0.220962156230905,0.0016752525607454,49.32078771924216,0.0827458746960959,1.029726909267134,7.943815041148318,0.0107531780247676,-0.0323263393812622,,,T2_year_ridge,year,spearman_mean,0.226426256205974,0.0821008345362681,200.0,,,,,,,,,,,,,,,,,,,,,,,,,,,,,,,,,,,,,,,,,,,,,0.3,akkadian,Thalesian 300M,#d8602a,s,3
balanced_last,thalesian_cunei400m,tier0,last,L05,raw,,0.1530460005664408,0.0814304669920914,-0.2205873674865444,0.0016912523542715,49.31631174965511,0.0832639552940812,1.0296470254138412,7.939657243724364,-0.0002968766544467,-0.0323267857500057,,,T2_year_ridge,year,spearman_mean,0.1530460005664408,0.0814304669920914,200.0,,,,,,,,,,,,,,,,,,,,,,,,,,,,,,,,,,,,,,,,,,,,,0.4,akkadian,Thalesian 400M,#8b3a0e,s,4
balanced_last,qwen3_1b7,tier0,last,L05,raw,,0.1288189334548292,0.0922997369723225,-0.3707133070025189,0.1286492372673256,49.15788564772833,1.348152716266388,1.0202451253432503,7.468390271124922,0.0040466551359003,-0.0798397733568519,,,T2_year_ridge,year,spearman_mean,0.1288189334548292,0.0922997369723225,200.0,,,,,,,,,,,,,,,,,,,,,,,,,,,,,,,,,,,,,,,,,,,,,1.7,qwen,Qwen3 1.7B,#8fcf6e,o,5
balanced_last,qwen3_8b,tier0,last,L05,raw,,0.1037942690345931,0.0973479023289335,-0.4121105085829057,0.1314503219639689,49.63794977823893,1.4261018940846222,1.0270464280919878,7.591154020783518,0.0045418008973682,-0.0896280270678369,,,T2_year_ridge,year,spearman_mean,0.1037942690345931,0.0973479023289335,200.0,,,,,,,,,,,,,,,,,,,,,,,,,,,,,,,,,,,,,,,,,,,,,8.0,qwen,Qwen3 8B,#4b8f3a,o,6
balanced_last,qwen3_32b,tier0,last,L08,raw,,0.1215898544731427,0.0971044950477927,-0.3945144505076339,0.132997044271205,49.25391551184275,1.4318428504424914,1.0197808617488315,7.414987144230028,0.0049983751069903,-0.0906391159179995,,,T2_year_ridge,year,spearman_mean,0.1215898544731427,0.0971044950477927,200.0,,,,,,,,,,,,,,,,,,,,,,,,,,,,,,,,,,,,,,,,,,,,,32.0,qwen,Qwen3 32B,#1f4d12,o,7
balanced_last,random,tier0,last,L02,raw,,0.3121933174240008,0.0794671818499399,-0.159985099668815,0.0837833964842219,46.025334714859255,1.0887427084435526,0.9550902992512952,7.000440917665202,-0.0005898043072034,-0.0698514326907867,,,T2_year_ridge,year,spearman_mean,0.3121933174240008,0.0794671818499399,200.0,,,,,,,,,,,,,,,,,,,,,,,,,,,,,,,,,,,,,,,,,,,,,8.0,random,Random-init 8B,#7a4ec0,X,8
imbalanced,tfidf,tier0,na,0,raw,,0.4661231632226144,0.1728841124142208,0.1295359632002548,0.1002792677951249,74.51508181453482,10.548034074713664,1.3757873150120323,6.422952578162598,-0.0226252163331475,-0.0578644753343462,,,T2_year_ridge,year,spearman_mean,0.4661231632226144,0.1728841124142208,3.0,,,,,,,,,,,,,,,,,,,,,,,,,,,,,,,,,,,,,,,,,,,,,0.0,surface,TF-IDF (char n-gram),#1f6fb4,D,1
imbalanced,mlm,tier0,mean,3,raw,,0.3754855808927673,0.1905310156609319,0.0640394316419645,0.069999579508779,81.36385308695355,6.931783062962566,1.4873846741355548,7.044464191208408,-0.0122787245363961,-0.0451894483887371,,,T2_year_ridge,year,spearman_mean,0.3754855808927673,0.1905310156609319,3.0,,,,,,,,,,,,,,,,,,,,,,,,,,,,,,,,,,,,,,,,,,,,,0.0367,akkadian,MLM 37M,#f4a259,s,2
imbalanced,thalesian_akk300m,tier0,mean,3,raw,,0.4139083186810605,0.2192785393218135,0.0423555714430945,0.0570053747920904,82.40251489719796,10.252924513299911,1.512082548254171,7.133279542468492,0.016860087525452,-0.0335085454018582,,,T2_year_ridge,year,spearman_mean,0.4139083186810605,0.2192785393218135,3.0,,,,,,,,,,,,,,,,,,,,,,,,,,,,,,,,,,,,,,,,,,,,,0.3,akkadian,Thalesian 300M,#d8602a,s,3
imbalanced,thalesian_cunei400m,tier0,mean,9,raw,,0.4596792396045336,0.3322628661158553,0.0243480738267863,0.043063365655522,85.53094050413023,10.628939391179266,1.5704944082633236,8.310614017093847,-0.0117926046391708,-0.0239095739203415,,,T2_year_ridge,year,spearman_mean,0.4596792396045336,0.3322628661158553,3.0,,,,,,,,,,,,,,,,,,,,,,,,,,,,,,,,,,,,,,,,,,,,,0.4,akkadian,Thalesian 400M,#8b3a0e,s,4
imbalanced,qwen3_1b7,tier0,mean,2,raw,,0.4436986421307096,0.2639071688206001,0.0913441937744143,0.0855538269339675,80.64961114838398,7.1081736455504565,,,,,,,T2_year_ridge,year,spearman_mean,0.4436986421307096,0.2639071688206001,3.0,,,,,,,,,,,,,,,,,,,,,,,,,,,,,,,,,,,,,,,,,,,,,1.7,qwen,Qwen3 1.7B,#8fcf6e,o,5
imbalanced,qwen3_8b,tier0,mean,2,raw,,0.4392725763921376,0.2695138813058859,0.0902352183487939,0.077537422185208,81.65358418361514,7.384893206814597,,,,,,,T2_year_ridge,year,spearman_mean,0.4392725763921376,0.2695138813058859,3.0,,,,,,,,,,,,,,,,,,,,,,,,,,,,,,,,,,,,,,,,,,,,,8.0,qwen,Qwen3 8B,#4b8f3a,o,6
imbalanced,qwen3_32b,tier0,mean,62,raw,,0.4293578667352194,0.2683410617844184,0.0502223889241238,0.0601139245154707,84.46385955549812,9.014752981574697,,,,,,,T2_year_ridge,year,spearman_mean,0.4293578667352194,0.2683410617844184,3.0,,,,,,,,,,,,,,,,,,,,,,,,,,,,,,,,,,,,,,,,,,,,,32.0,qwen,Qwen3 32B,#1f4d12,o,7
imbalanced,random,tier0,mean,6,raw,,0.3687490916652058,0.1825936343413914,0.0983752329610945,0.0804185515025785,80.3249015248491,1.4584701066912211,1.4622587974048635,7.180638886676424,-0.0614100181939662,-0.1249478324633153,,,T2_year_ridge,year,spearman_mean,0.3687490916652058,0.1825936343413914,3.0,,,,,,,,,,,,,,,,,,,,,,,,,,,,,,,,,,,,,,,,,,,,,8.0,random,Random-init 8B,#7a4ec0,X,8
balanced,tfidf,tier0,na,L00,,,,,,,,,,,,,,,T3b_ruler_plsda,ruler,macro_f1,0.4795703110829659,0.0367702359161452,,0.5486470588235294,0.0362616408431332,0.4795703110829659,0.0367702359161452,0.4797601726354352,0.036983172433404,0.125,0.125,0.1064875222816399,0.0849249391463724,200.0,,,,,,,,,,,,,,,,,,,,,,,,,,,,,,,,,,0.0,surface,TF-IDF (char n-gram),#1f6fb4,D,1
balanced,mlm,tier0,mean,L14,,,,,,,,,,,,,,,T3b_ruler_plsda,ruler,macro_f1,0.3945796927949502,0.0422926322063023,,0.4420704099821747,0.035787542236647,0.3945796927949502,0.0422926322063023,0.3955686145836035,0.0426976858726185,0.125,0.125,0.1108672014260249,0.0955034866305995,200.0,,,,,,,,,,,,,,,,,,,,,,,,,,,,,,,,,,0.0367,akkadian,MLM 37M,#f4a259,s,2
balanced,thalesian_akk300m,tier0,mean,L03,,,,,,,,,,,,,,,T3b_ruler_plsda,ruler,macro_f1,0.3457191995504495,0.0390690376465069,,0.3948235294117647,0.036443473575483,0.3457191995504495,0.0390690376465069,0.3463286909287106,0.0391414024187992,0.125,0.125,0.1086862745098039,0.0912954523074105,200.0,,,,,,,,,,,,,,,,,,,,,,,,,,,,,,,,,,0.3,akkadian,Thalesian 300M,#d8602a,s,3
balanced,thalesian_cunei400m,tier0,mean,L11,,,,,,,,,,,,,,,T3b_ruler_plsda,ruler,macro_f1,0.3926867649099266,0.0405143114815697,,0.4439304812834225,0.0359483457514565,0.3926867649099266,0.0405143114815697,0.3930991954405096,0.0409608247962716,0.125,0.125,0.1056604278074866,0.0902693400210041,200.0,,,,,,,,,,,,,,,,,,,,,,,,,,,,,,,,,,0.4,akkadian,Thalesian 400M,#8b3a0e,s,4
balanced,qwen3_1b7,tier0,mean,L02,,,,,,,,,,,,,,,T3b_ruler_plsda,ruler,macro_f1,0.350306681467827,0.0354111640263463,,0.4078395721925133,0.0329520934368273,0.350306681467827,0.0354111640263463,0.3494575011015123,0.0356990979249252,0.125,0.125,0.1029705882352941,0.0861343754638856,200.0,,,,,,,,,,,,,,,,,,,,,,,,,,,,,,,,,,1.7,qwen,Qwen3 1.7B,#8fcf6e,o,5
balanced,qwen3_8b,tier0,mean,L04,,,,,,,,,,,,,,,T3b_ruler_plsda,ruler,macro_f1,0.3681549220000845,0.0421155043649906,,0.419909982174688,0.0370709631485663,0.3681549220000845,0.0421155043649906,0.3675899206428167,0.0422541722352061,0.125,0.125,0.1040757575757575,0.0880270659619709,200.0,,,,,,,,,,,,,,,,,,,,,,,,,,,,,,,,,,8.0,qwen,Qwen3 8B,#4b8f3a,o,6
balanced,qwen3_32b,tier0,mean,L06,,,,,,,,,,,,,,,T3b_ruler_plsda,ruler,macro_f1,0.3705613109929286,0.0399803247605329,,0.4243377896613191,0.0346828532236446,0.3705613109929286,0.0399803247605329,0.370169733512762,0.0398810333017583,0.125,0.125,0.1041140819964349,0.0882909262682192,200.0,,,,,,,,,,,,,,,,,,,,,,,,,,,,,,,,,,32.0,qwen,Qwen3 32B,#1f4d12,o,7
balanced_last,thalesian_akk300m,tier0,last,L06,,,,,,,,,,,,,,,T3b_ruler_plsda,ruler,macro_f1,0.2575559548638496,0.033362609920842,,0.2999848484848485,0.0319143619281122,0.2575559548638496,0.033362609920842,0.2575641061357032,0.033499703410443,0.125,0.125,0.1090276292335115,0.0945062270987096,200.0,,,,,,,,,,,,,,,,,,,,,,,,,,,,,,,,,,0.3,akkadian,Thalesian 300M,#d8602a,s,3
balanced_last,thalesian_cunei400m,tier0,last,L10,,,,,,,,,,,,,,,T3b_ruler_plsda,ruler,macro_f1,0.2215597190949745,0.0321796619394084,,0.2590882352941177,0.0355834214088922,0.2215597190949745,0.0321796619394084,0.2219171750592948,0.0324830159648332,0.125,0.125,0.1137468805704099,0.0980014630751085,200.0,,,,,,,,,,,,,,,,,,,,,,,,,,,,,,,,,,0.4,akkadian,Thalesian 400M,#8b3a0e,s,4
balanced_last,qwen3_1b7,tier0,last,L26,,,,,,,,,,,,,,,T3b_ruler_plsda,ruler,macro_f1,0.2068766934722914,0.0303119853663076,,0.2399135472370766,0.0309876669504634,0.2068766934722914,0.0303119853663076,0.2069726626754765,0.0303401831789379,0.125,0.125,0.1117308377896613,0.0959927697979265,200.0,,,,,,,,,,,,,,,,,,,,,,,,,,,,,,,,,,1.7,qwen,Qwen3 1.7B,#8fcf6e,o,5
balanced_last,qwen3_8b,tier0,last,L35,,,,,,,,,,,,,,,T3b_ruler_plsda,ruler,macro_f1,0.1794056231346053,0.0306605468945515,,0.2073163992869875,0.0326829089789829,0.1794056231346053,0.0306605468945515,0.1790460393113772,0.0308700115019932,0.125,0.125,0.1077780748663101,0.0919836942576687,200.0,,,,,,,,,,,,,,,,,,,,,,,,,,,,,,,,,,8.0,qwen,Qwen3 8B,#4b8f3a,o,6
balanced_last,qwen3_32b,tier0,last,L63,,,,,,,,,,,,,,,T3b_ruler_plsda,ruler,macro_f1,0.1910167594391762,0.0312778950284874,,0.2196773618538324,0.0335149227963354,0.1910167594391762,0.0312778950284874,0.1911045581188312,0.031424733901134,0.125,0.125,0.1082754010695187,0.0929370472686068,200.0,,,,,,,,,,,,,,,,,,,,,,,,,,,,,,,,,,32.0,qwen,Qwen3 32B,#1f4d12,o,7
balanced_last,random,tier0,last,L06,,,,,,,,,,,,,,,T3b_ruler_plsda,ruler,macro_f1,0.3437464053479629,0.0390406014241321,,0.3865035650623886,0.0367712353192817,0.3437464053479629,0.0390406014241321,0.344938778549063,0.0389015520023834,0.125,0.125,0.105831550802139,0.0945267267197027,200.0,,,,,,,,,,,,,,,,,,,,,,,,,,,,,,,,,,8.0,random,Random-init 8B,#7a4ec0,X,8
imbalanced,tfidf,tier0,na,0,,5.0,,,,,,,,,,,,,T3b_ruler_plsda,ruler,macro_f1,0.1218279775793962,0.0150254723535659,,0.5397665342287542,0.0285346486242419,0.1218279775793962,0.0150254723535659,0.4234618139958314,0.035801114705421,0.2246437552388935,0.025,0.2053725255792693,0.0255922184906207,,,,,,,,,,,,,,,,,,,,,,,,,,,,,,,,,,,0.0,surface,TF-IDF (char n-gram),#1f6fb4,D,1
imbalanced,mlm,tier0,mean,16,,5.0,,,,,,,,,,,,,T3b_ruler_plsda,ruler,macro_f1,0.1063987354840128,0.0099595795309819,,0.5341535371288683,0.0170753192162142,0.1063987354840128,0.0099595795309819,0.4855784343545253,0.0178439404864208,0.3001119820828667,0.0263157894736842,0.2754754880421819,0.0337477945567695,,,,,,,,,,,,,,,,,,,,,,,,,,,,,,,,,,,0.0367,akkadian,MLM 37M,#f4a259,s,2
imbalanced,thalesian_akk300m,tier0,mean,4,,5.0,,,,,,,,,,,,,T3b_ruler_plsda,ruler,macro_f1,0.1080556908592549,0.0128403338233163,,0.4609788685348617,0.026124634863916,0.1080556908592549,0.0128403338233163,0.3840098814637881,0.0265029843536016,0.2246437552388935,0.025,0.2020428254984002,0.0256060850987767,,,,,,,,,,,,,,,,,,,,,,,,,,,,,,,,,,,0.3,akkadian,Thalesian 300M,#d8602a,s,3
imbalanced,thalesian_cunei400m,tier0,mean,12,,5.0,,,,,,,,,,,,,T3b_ruler_plsda,ruler,macro_f1,0.1143086553651947,0.0108259294763295,,0.4970465173517105,0.0230317804772042,0.1143086553651947,0.0108259294763295,0.4219483555389279,0.022184467695509,0.2246437552388935,0.025,0.2078829858303154,0.0275823999342446,,,,,,,,,,,,,,,,,,,,,,,,,,,,,,,,,,,0.4,akkadian,Thalesian 400M,#8b3a0e,s,4
imbalanced,qwen3_1b7,tier0,mean,26,,5.0,,,,,,,,,,,,,T3b_ruler_plsda,ruler,macro_f1,0.0949719661443617,0.0051363500215554,,0.4341865616539503,0.009142770534925,0.0949719661443617,0.0051363500215554,0.3670585869796153,0.009546699376203,0.2246437552388935,0.025,0.2011708449070004,0.0267514108833121,,,,,,,,,,,,,,,,,,,,,,,,,,,,,,,,,,,1.7,qwen,Qwen3 1.7B,#8fcf6e,o,5
imbalanced,qwen3_8b,tier0,mean,0,,5.0,,,,,,,,,,,,,T3b_ruler_plsda,ruler,macro_f1,0.100635807202422,0.0191142766857059,,0.4291304806441404,0.0261854217026397,0.100635807202422,0.0191142766857059,0.3424200695369443,0.0191763264422151,0.2246437552388935,0.025,0.1994866565873211,0.0268477799612596,,,,,,,,,,,,,,,,,,,,,,,,,,,,,,,,,,,8.0,qwen,Qwen3 8B,#4b8f3a,o,6
imbalanced,qwen3_32b,tier0,mean,7,,5.0,,,,,,,,,,,,,T3b_ruler_plsda,ruler,macro_f1,0.0983059911893207,0.008999999656528,,0.4551457403044899,0.0047944881732127,0.0983059911893207,0.008999999656528,0.3659428737785919,0.0116261549161644,0.2246437552388935,0.025,0.2171055870046763,0.0271534109956517,,,,,,,,,,,,,,,,,,,,,,,,,,,,,,,,,,,32.0,qwen,Qwen3 32B,#1f4d12,o,7
imbalanced,random,tier0,last,6,,5.0,,,,,,,,,,,,,T3b_ruler_plsda,ruler,macro_f1,0.1183285145884937,0.0149528303507701,,0.4392004500544988,0.0187204713207729,0.1183285145884937,0.0149528303507701,0.3504212301905341,0.0135116878287671,0.2246437552388935,0.025,0.2003340248233184,0.0305750852226934,,,,,,,,,,,,,,,,,,,,,,,,,,,,,,,,,,,8.0,random,Random-init 8B,#7a4ec0,X,8
balanced,thalesian_akk300m,maximal,mean,4,,,,,,,,,,,,,,,T4_geodesic,geometry,isomap_pairwise_acc,0.6935575711766188,0.0876203587757815,,,,,,,,,,,,200.0,3.0,0.2461549176386361,0.6935575711766188,0.7757142857142858,4.758789906036369,,,0.119299845973079,0.0876203587757815,0.0302772641887831,2.5599299531153523,,,,,,,,,,,,,,,,,,,,,,,0.3,akkadian,Thalesian 300M,#d8602a,s,3
balanced,thalesian_cunei400m,maximal,mean,9,,,,,,,,,,,,,,,T4_geodesic,geometry,isomap_pairwise_acc,0.7454736709498616,0.1202960632748715,,,,,,,,,,,,200.0,3.0,0.3343857487353993,0.7454736709498616,0.8192529761904762,8.197141221149055,,,0.1646178096954361,0.1202960632748715,0.0489578393194065,4.142391112793291,,,,,,,,,,,,,,,,,,,,,,,0.4,akkadian,Thalesian 400M,#8b3a0e,s,4
balanced,qwen3_1b7,maximal,mean,1,,,,,,,,,,,,,,,T4_geodesic,geometry,isomap_pairwise_acc,0.7351965230536659,0.0537098514422865,,,,,,,,,,,,200.0,3.0,0.2947998089570714,0.7351965230536659,0.7876904761904762,5.64760529466899,,,0.0812694698860962,0.0537098514422865,0.0240569554011849,2.031720231572318,,,,,,,,,,,,,,,,,,,,,,,1.7,qwen,Qwen3 1.7B,#8fcf6e,o,5
balanced,qwen3_8b,maximal,mean,2,,,,,,,,,,,,,,,T4_geodesic,geometry,isomap_pairwise_acc,0.7367535903250189,0.0750239488161222,,,,,,,,,,,,200.0,3.0,0.3057599787479647,0.7367535903250189,0.7913244047619048,5.990412634127114,,,0.1036947350670473,0.0750239488161222,0.0276630420785202,2.3545828598669645,,,,,,,,,,,,,,,,,,,,,,,8.0,qwen,Qwen3 8B,#4b8f3a,o,6
balanced,qwen3_32b,maximal,mean,2,,,,,,,,,,,,,,,T4_geodesic,geometry,isomap_pairwise_acc,0.7336570924666163,0.0670111790768811,,,,,,,,,,,,200.0,3.0,0.2987984152467729,0.7336570924666163,0.7835416666666667,5.286067458226848,,,0.0994623065617171,0.0670111790768811,0.0269027041722583,2.2159737965440507,,,,,,,,,,,,,,,,,,,,,,,32.0,qwen,Qwen3 32B,#1f4d12,o,7
balanced,random,maximal,mean,2,,,,,,,,,,,,,,,T4_geodesic,geometry,isomap_pairwise_acc,0.7556122448979592,0.0828628828722633,,,,,,,,,,,,200.0,3.0,0.3240360842642785,0.7556122448979592,0.800514880952381,6.565162619316327,,,0.1158223987432008,0.0828628828722633,0.0300735279436753,2.401415475413115,,,,,,,,,,,,,,,,,,,,,,,8.0,random,Random-init 8B,#7a4ec0,X,8
imbalanced,thalesian_akk300m,tier0,mean,0,,,,,,,,,,,,,,,T4_geodesic,geometry,isomap_pairwise_acc,0.6619143815957963,,,,,,,,,,,,,,3.0,0.185170773186639,0.6619143815957963,0.7948868398994132,13.98198872257835,0.0833085866482801,0.5548803373515256,,,,,,,,,,,,,,,,,,,,,,,,,,,0.3,akkadian,Thalesian 300M,#d8602a,s,3
imbalanced,thalesian_cunei400m,maximal,mean,7,,,,,,,,,,,,,,,T4_geodesic,geometry,isomap_pairwise_acc,0.6805757937033603,,,,,,,,,,,,,,4.0,0.2425854153891428,0.6805757937033603,0.8009220452640403,16.327111093525232,0.0705579663336614,0.619486024639025,,,,,,,,,,,,,,,,,,,,,,,,,,,0.4,akkadian,Thalesian 400M,#8b3a0e,s,4
imbalanced,qwen3_1b7,tier0,mean,1,,,,,,,,,,,,,,,T4_geodesic,geometry,isomap_pairwise_acc,0.7232966838874906,,,,,,,,,,,,,,3.0,0.2495995913719236,0.7232966838874906,0.7909471919530596,13.61726647919952,0.1453460348773947,0.5776924095906742,,,,,,,,,,,,,,,,,,,,,,,,,,,1.7,qwen,Qwen3 1.7B,#8fcf6e,o,5
imbalanced,qwen3_8b,maximal,mean,1,,,,,,,,,,,,,,,T4_geodesic,geometry,isomap_pairwise_acc,0.7157239369452908,,,,,,,,,,,,,,6.0,0.3158366913513715,0.7157239369452908,0.8016764459346187,14.018726059700985,0.2475842723475344,0.645389013997439,,,,,,,,,,,,,,,,,,,,,,,,,,,8.0,qwen,Qwen3 8B,#4b8f3a,o,6
imbalanced,qwen3_32b,maximal,mean,1,,,,,,,,,,,,,,,T4_geodesic,geometry,isomap_pairwise_acc,0.7163752373382788,,,,,,,,,,,,,,6.0,0.3101093488682159,0.7163752373382788,0.8087175188600169,16.11852171565949,0.1180255697561958,0.5431514107828852,,,,,,,,,,,,,,,,,,,,,,,,,,,32.0,qwen,Qwen3 32B,#1f4d12,o,7
balanced,thalesian_cunei400m,maximal,mean,7,,,,,,,,,,,,,,,T5_loro,geometry_control,drop,0.0026905391786344,0.0776478578639706,,,,,,,,,,,,200.0,,,,,,,,,,,,0.7378483245149912,0.7351577853363568,0.0026905391786344,,0.1209395732331773,0.0819788448417055,0.0776478578639706,,,,,,,,,,,,,,,,0.4,akkadian,Thalesian 400M,#8b3a0e,s,4
balanced,thalesian_cunei400m,tier0,mean,6,,,,,,,,,,,,,,,T5_loro,geometry_control,drop,-0.0221904132023179,0.0689231142469458,,,,,,,,,,,,200.0,,,,,,,,,,,,0.61663139329806,0.6388218065003779,-0.0221904132023179,,0.1056222015014125,0.0739656923313081,0.0689231142469458,,,,,,,,,,,,,,,,0.4,akkadian,Thalesian 400M,#8b3a0e,s,4
balanced,qwen3_1b7,tier0,mean,1,,,,,,,,,,,,,,,T5_loro,geometry_control,drop,0.0035290690350214,0.0458409612641434,,,,,,,,,,,,200.0,,,,,,,,,,,,0.698798185941043,0.6952691169060217,0.0035290690350214,,0.0956267951699568,0.0723168407306116,0.0458409612641434,,,,,,,,,,,,,,,,1.7,qwen,Qwen3 1.7B,#8fcf6e,o,5
imbalanced,thalesian_cunei400m,maximal,mean,7,,,,,,,,,,,,,,,T5_loro,geometry_control,drop,0.0550338796629696,,,,,,,,,,,,,,,,,,,,,,,,,0.6805757937033603,0.6255419140403906,0.0550338796629696,11.0,,,,,,,,,,,,,,,,,,,0.4,akkadian,Thalesian 400M,#8b3a0e,s,4
imbalanced,thalesian_cunei400m,tier0,mean,6,,,,,,,,,,,,,,,T5_loro,geometry_control,drop,0.0287746320002248,,,,,,,,,,,,,,,,,,,,,,,,,0.6453282995540248,0.6165536675537999,0.0287746320002248,11.0,,,,,,,,,,,,,,,,,,,0.4,akkadian,Thalesian 400M,#8b3a0e,s,4
imbalanced,qwen3_1b7,tier0,mean,1,,,,,,,,,,,,,,,T5_loro,geometry_control,drop,0.0271368473448219,,,,,,,,,,,,,,,,,,,,,,,,,0.7232966838874906,0.6961598365426687,0.0271368473448219,11.0,,,,,,,,,,,,,,,,,,,1.7,qwen,Qwen3 1.7B,#8fcf6e,o,5
balanced,tfidf,tier0,na,L00,,,,,,,,,,,,,,,T7_name_masking,name_masking,year_spearman_mean,0.3545090437963882,0.068634365587032,,,,,,,,,,,,200.0,,,,,,,,,,,,,,,,,,,unmasked,0.3545090437963882,0.068634365587032,43.91832364036924,1.4666827877219164,0.6496411099317347,0.0368423784075221,,,,,,,,,0.0,surface,TF-IDF (char n-gram),#1f6fb4,D,1
balanced,tfidf,tier0,na,L00,,,,,,,,,,,,,,,T7_name_masking,name_masking,year_spearman_mean,0.4002020843607133,0.0621855589209363,,,,,,,,,,,,200.0,,,,,,,,,,,,,,,,,,,masked,0.4002020843607133,0.0621855589209363,42.919251583038815,1.4677009890861277,0.5272983454045953,0.040623615093107,,,,,,,,,0.0,surface,TF-IDF (char n-gram),#1f6fb4,D,1
balanced,tfidf,maximal,na,L00,,,,,,,,,,,,,,,T7_name_masking,name_masking,year_spearman_mean,0.2660405966003774,0.0783261143236992,,,,,,,,,,,,200.0,,,,,,,,,,,,,,,,,,,unmasked,0.2660405966003774,0.0783261143236992,47.53485107664078,1.3796488628895285,0.4979992915044191,0.0402794650893668,,,,,,,,,0.0,surface,TF-IDF (char n-gram),#1f6fb4,D,1
balanced,tfidf,maximal,na,L00,,,,,,,,,,,,,,,T7_name_masking,name_masking,year_spearman_mean,0.2675890398827515,0.0862723401676521,,,,,,,,,,,,200.0,,,,,,,,,,,,,,,,,,,masked,0.2675890398827515,0.0862723401676521,47.27446695721339,1.5502866901698036,0.4632616894178232,0.0392929637126688,,,,,,,,,0.0,surface,TF-IDF (char n-gram),#1f6fb4,D,1
balanced,metadata,,,,raw,,0.2032038461651081,0.0825784820860716,-0.2725414419599045,0.0296529143721678,40.625548328218,0.2377219050602838,,,,,,,T8_metadata_baseline,metadata,spearman_mean,0.2032038461651081,0.0825784820860716,200.0,,,,,,,,,,,,,,,,,,,,,,,,,,,,,,,,,,,,,,,,,,,,,0.0,metadata,Metadata-only,#7f7f7f,P,0
imbalanced,metadata,,,,raw,,0.6160596423481587,0.118122935888023,0.3079369714544641,0.1955704840864555,47.77884113694903,17.176654654824826,,,,,,,T8_metadata_baseline,metadata,spearman_mean,0.6160596423481587,0.118122935888023,3.0,,,,,,,,,,,,,,,,,,,,,,,,,,,,,,,,,,,,,,,,,,,,,0.0,metadata,Metadata-only,#7f7f7f,P,0
prompt,qwen3_1b7,,,,,,,,,,,,,,,,,,T9_elicitation,elicitation,accuracy_tol50yr,0.875,,,,,,,,,,,,,,,,,,,,,,,,,,,,,,,,,,,,,,,kp0,0.0,8.0,8.0,correct=7 error_rate=0.0,,,,1.7,qwen,Qwen3 1.7B,#8fcf6e,o,5
prompt,qwen3_1b7,,,,,,,,,,,,,,,,,,T9_elicitation,elicitation,aggregate_recall,0.5,,,,,,,,,,,,,,,,,,,,,,,,,,,,,,,,,,,,,,,kp1,0.0,8.0,4.0,periods=2,,,,1.7,qwen,Qwen3 1.7B,#8fcf6e,o,5
prompt,qwen3_1b7,,,,,,,,,,,,,,,,,,T9_elicitation,elicitation,hallucination_rate,0.75,,,,,,,,,,,,,,,,,,,,,,,,,,,,,,,,,,,,,,,kp2,4.0,8.0,4.0,declined_correctly=1 gate_pass=False threshold=0.3,,,,1.7,qwen,Qwen3 1.7B,#8fcf6e,o,5
prompt,qwen3_8b,,,,,,,,,,,,,,,,,,T9_elicitation,elicitation,accuracy_tol50yr,0.875,,,,,,,,,,,,,,,,,,,,,,,,,,,,,,,,,,,,,,,kp0,1.0,8.0,7.0,correct=7 error_rate=0.125,,,,8.0,qwen,Qwen3 8B,#4b8f3a,o,6
prompt,qwen3_8b,,,,,,,,,,,,,,,,,,T9_elicitation,elicitation,aggregate_recall,0.625,,,,,,,,,,,,,,,,,,,,,,,,,,,,,,,,,,,,,,,kp1,1.0,8.0,5.0,periods=2,,,,8.0,qwen,Qwen3 8B,#4b8f3a,o,6
prompt,qwen3_8b,,,,,,,,,,,,,,,,,,T9_elicitation,elicitation,hallucination_rate,0.0,,,,,,,,,,,,,,,,,,,,,,,,,,,,,,,,,,,,,,,kp2,6.0,8.0,2.0,declined_correctly=2 gate_pass=True threshold=0.3,,,,8.0,qwen,Qwen3 8B,#4b8f3a,o,6
prompt,qwen3_32b,,,,,,,,,,,,,,,,,,T9_elicitation,elicitation,accuracy_tol50yr,0.75,,,,,,,,,,,,,,,,,,,,,,,,,,,,,,,,,,,,,,,kp0,2.0,8.0,6.0,correct=6 error_rate=0.25,,,,32.0,qwen,Qwen3 32B,#1f4d12,o,7
prompt,qwen3_32b,,,,,,,,,,,,,,,,,,T9_elicitation,elicitation,aggregate_recall,0.25,,,,,,,,,,,,,,,,,,,,,,,,,,,,,,,,,,,,,,,kp1,1.0,8.0,2.0,periods=2,,,,32.0,qwen,Qwen3 32B,#1f4d12,o,7
prompt,qwen3_32b,,,,,,,,,,,,,,,,,,T9_elicitation,elicitation,hallucination_rate,0.0,,,,,,,,,,,,,,,,,,,,,,,,,,,,,,,,,,,,,,,kp2,5.0,8.0,3.0,declined_correctly=3 gate_pass=True threshold=0.3,,,,32.0,qwen,Qwen3 32B,#1f4d12,o,7
