level,language,salience,cleaning,pooling,probe,protocol,metric,target,arm,value
fragment,AKK,obscure,maximal,last,ridge,ruler_MC_r8,spearman,year,llama2_70b,0.3311
fragment,AKK,obscure,maximal,last,ridge,ruler_MC_r8,r2,year,llama2_70b,0.1155
fragment,AKK,obscure,maximal,mean,ridge,ruler_MC_r8,spearman,year,llama2_70b,0.5376
fragment,AKK,obscure,maximal,mean,ridge,ruler_MC_r8,r2,year,llama2_70b,0.2994
fragment,EN,obscure,tier0,last,ridge,ruler_MC_r8,spearman,year,llama2_70b,0.5443
fragment,EN,obscure,tier0,last,ridge,ruler_MC_r8,r2,year,llama2_70b,0.0374
fragment,EN,obscure,tier0,mean,ridge,ruler_MC_r8,spearman,year,llama2_70b,0.7228
fragment,EN,obscure,tier0,mean,ridge,ruler_MC_r8,r2,year,llama2_70b,0.5583
fragment,AKK,obscure,maximal,last,ridge,ruler_MC_r8,spearman,year,gpt_oss_120b,0.3724
fragment,AKK,obscure,maximal,last,ridge,ruler_MC_r8,r2,year,gpt_oss_120b,0.1467
fragment,AKK,obscure,maximal,mean,ridge,ruler_MC_r8,spearman,year,gpt_oss_120b,0.573
fragment,AKK,obscure,maximal,mean,ridge,ruler_MC_r8,r2,year,gpt_oss_120b,0.3077
fragment,EN,obscure,tier0,last,ridge,ruler_MC_r8,spearman,year,gpt_oss_120b,0.4181
fragment,EN,obscure,tier0,last,ridge,ruler_MC_r8,r2,year,gpt_oss_120b,0.1833
fragment,EN,obscure,tier0,mean,ridge,ruler_MC_r8,spearman,year,gpt_oss_120b,0.6915
fragment,EN,obscure,tier0,mean,ridge,ruler_MC_r8,r2,year,gpt_oss_120b,0.4776
fragment,AKK,obscure,maximal,last,ridge,ruler_MC_r8,spearman,year,llama2_13b,0.4026
fragment,AKK,obscure,maximal,last,ridge,ruler_MC_r8,r2,year,llama2_13b,0.1893
fragment,AKK,obscure,maximal,mean,ridge,ruler_MC_r8,spearman,year,llama2_13b,0.2449
fragment,AKK,obscure,maximal,mean,ridge,ruler_MC_r8,r2,year,llama2_13b,0.0052
fragment,EN,obscure,tier0,last,ridge,ruler_MC_r8,spearman,year,llama2_13b,0.5184
fragment,EN,obscure,tier0,last,ridge,ruler_MC_r8,r2,year,llama2_13b,0.2327
fragment,EN,obscure,tier0,mean,ridge,ruler_MC_r8,spearman,year,llama2_13b,0.377
fragment,EN,obscure,tier0,mean,ridge,ruler_MC_r8,r2,year,llama2_13b,0.0116
fragment,AKK,obscure,maximal,last,ridge,ruler_MC_r8,spearman,year,qwen3_32b,0.3119
fragment,AKK,obscure,maximal,last,ridge,ruler_MC_r8,r2,year,qwen3_32b,0.1114
fragment,AKK,obscure,maximal,mean,ridge,ruler_MC_r8,spearman,year,qwen3_32b,0.5763
fragment,AKK,obscure,maximal,mean,ridge,ruler_MC_r8,r2,year,qwen3_32b,0.3603
fragment,EN,obscure,tier0,last,ridge,ruler_MC_r8,spearman,year,qwen3_32b,0.5333
fragment,EN,obscure,tier0,last,ridge,ruler_MC_r8,r2,year,qwen3_32b,0.2875
fragment,EN,obscure,tier0,mean,ridge,ruler_MC_r8,spearman,year,qwen3_32b,0.7374
fragment,EN,obscure,tier0,mean,ridge,ruler_MC_r8,r2,year,qwen3_32b,0.549
fragment,AKK,obscure,maximal,last,ridge,ruler_MC_r8,spearman,year,llama2_7b,0.433
fragment,AKK,obscure,maximal,last,ridge,ruler_MC_r8,r2,year,llama2_7b,0.2301
fragment,AKK,obscure,maximal,mean,ridge,ruler_MC_r8,spearman,year,llama2_7b,0.3916
fragment,AKK,obscure,maximal,mean,ridge,ruler_MC_r8,r2,year,llama2_7b,0.1246
fragment,EN,obscure,tier0,last,ridge,ruler_MC_r8,spearman,year,llama2_7b,0.5401
fragment,EN,obscure,tier0,last,ridge,ruler_MC_r8,r2,year,llama2_7b,0.262
fragment,EN,obscure,tier0,mean,ridge,ruler_MC_r8,spearman,year,llama2_7b,0.6836
fragment,EN,obscure,tier0,mean,ridge,ruler_MC_r8,r2,year,llama2_7b,0.4621
fragment,AKK,obscure,maximal,last,ridge,ruler_MC_r8,spearman,year,qwen3_8b,0.3964
fragment,AKK,obscure,maximal,last,ridge,ruler_MC_r8,r2,year,qwen3_8b,0.0824
fragment,AKK,obscure,maximal,mean,ridge,ruler_MC_r8,spearman,year,qwen3_8b,0.4377
fragment,AKK,obscure,maximal,mean,ridge,ruler_MC_r8,r2,year,qwen3_8b,0.0827
fragment,EN,obscure,tier0,last,ridge,ruler_MC_r8,spearman,year,qwen3_8b,0.5565
fragment,EN,obscure,tier0,last,ridge,ruler_MC_r8,r2,year,qwen3_8b,0.295
fragment,EN,obscure,tier0,mean,ridge,ruler_MC_r8,spearman,year,qwen3_8b,0.7373
fragment,EN,obscure,tier0,mean,ridge,ruler_MC_r8,r2,year,qwen3_8b,0.5416
fragment,AKK,obscure,maximal,last,ridge,ruler_MC_r8,spearman,year,qwen3_1b7,0.37
fragment,AKK,obscure,maximal,last,ridge,ruler_MC_r8,r2,year,qwen3_1b7,0.1512
fragment,AKK,obscure,maximal,mean,ridge,ruler_MC_r8,spearman,year,qwen3_1b7,0.5464
fragment,AKK,obscure,maximal,mean,ridge,ruler_MC_r8,r2,year,qwen3_1b7,0.2592
fragment,EN,obscure,tier0,last,ridge,ruler_MC_r8,spearman,year,qwen3_1b7,0.474
fragment,EN,obscure,tier0,last,ridge,ruler_MC_r8,r2,year,qwen3_1b7,0.219
fragment,EN,obscure,tier0,mean,ridge,ruler_MC_r8,spearman,year,qwen3_1b7,0.7222
fragment,EN,obscure,tier0,mean,ridge,ruler_MC_r8,r2,year,qwen3_1b7,0.5139
fragment,AKK,obscure,maximal,last,ridge,ruler_MC_r8,spearman,year,thalesian_cunei400m,0.4288
fragment,AKK,obscure,maximal,last,ridge,ruler_MC_r8,r2,year,thalesian_cunei400m,0.0868
fragment,AKK,obscure,maximal,mean,ridge,ruler_MC_r8,spearman,year,thalesian_cunei400m,0.6988
fragment,AKK,obscure,maximal,mean,ridge,ruler_MC_r8,r2,year,thalesian_cunei400m,0.5151
fragment,EN,obscure,tier0,last,ridge,ruler_MC_r8,spearman,year,thalesian_cunei400m,0.5032
fragment,EN,obscure,tier0,last,ridge,ruler_MC_r8,r2,year,thalesian_cunei400m,0.1811
fragment,EN,obscure,tier0,mean,ridge,ruler_MC_r8,spearman,year,thalesian_cunei400m,0.6256
fragment,EN,obscure,tier0,mean,ridge,ruler_MC_r8,r2,year,thalesian_cunei400m,0.2724
fragment,AKK,obscure,maximal,last,ridge,ruler_MC_r8,spearman,year,thalesian_akk300m,0.3554
fragment,AKK,obscure,maximal,last,ridge,ruler_MC_r8,r2,year,thalesian_akk300m,-0.0775
fragment,AKK,obscure,maximal,mean,ridge,ruler_MC_r8,spearman,year,thalesian_akk300m,0.4439
fragment,AKK,obscure,maximal,mean,ridge,ruler_MC_r8,r2,year,thalesian_akk300m,0.1296
fragment,EN,obscure,tier0,last,ridge,ruler_MC_r8,spearman,year,thalesian_akk300m,0.4688
fragment,EN,obscure,tier0,last,ridge,ruler_MC_r8,r2,year,thalesian_akk300m,0.1569
fragment,EN,obscure,tier0,mean,ridge,ruler_MC_r8,spearman,year,thalesian_akk300m,0.7401
fragment,EN,obscure,tier0,mean,ridge,ruler_MC_r8,r2,year,thalesian_akk300m,0.5459
fragment,AKK,obscure,maximal,last,ridge,ruler_MC_r8,spearman,year,umt5_base,0.2106
fragment,AKK,obscure,maximal,last,ridge,ruler_MC_r8,r2,year,umt5_base,-0.399
fragment,AKK,obscure,maximal,mean,ridge,ruler_MC_r8,spearman,year,umt5_base,0.4884
fragment,AKK,obscure,maximal,mean,ridge,ruler_MC_r8,r2,year,umt5_base,-0.1837
fragment,EN,obscure,tier0,last,ridge,ruler_MC_r8,spearman,year,umt5_base,0.2035
fragment,EN,obscure,tier0,last,ridge,ruler_MC_r8,r2,year,umt5_base,0.0224
fragment,EN,obscure,tier0,mean,ridge,ruler_MC_r8,spearman,year,umt5_base,0.6541
fragment,EN,obscure,tier0,mean,ridge,ruler_MC_r8,r2,year,umt5_base,0.2603
fragment,AKK,obscure,maximal,last,ridge,ruler_MC_r8,spearman,year,random,0.4988
fragment,AKK,obscure,maximal,last,ridge,ruler_MC_r8,r2,year,random,0.2854
fragment,AKK,obscure,maximal,mean,ridge,ruler_MC_r8,spearman,year,random,0.5436
fragment,AKK,obscure,maximal,mean,ridge,ruler_MC_r8,r2,year,random,0.351
fragment,EN,obscure,tier0,last,ridge,ruler_MC_r8,spearman,year,random,0.5319
fragment,EN,obscure,tier0,last,ridge,ruler_MC_r8,r2,year,random,0.3346
fragment,EN,obscure,tier0,mean,ridge,ruler_MC_r8,spearman,year,random,0.6355
fragment,EN,obscure,tier0,mean,ridge,ruler_MC_r8,r2,year,random,0.4526
fragment,AKK,obscure,maximal,last,ridge,ruler_MC_r8,spearman,year,llama2_7b_random,0.4382
fragment,AKK,obscure,maximal,last,ridge,ruler_MC_r8,r2,year,llama2_7b_random,0.226
fragment,AKK,obscure,maximal,mean,ridge,ruler_MC_r8,spearman,year,llama2_7b_random,0.5619
fragment,AKK,obscure,maximal,mean,ridge,ruler_MC_r8,r2,year,llama2_7b_random,0.3686
fragment,EN,obscure,tier0,last,ridge,ruler_MC_r8,spearman,year,llama2_7b_random,0.4393
fragment,EN,obscure,tier0,last,ridge,ruler_MC_r8,r2,year,llama2_7b_random,0.2409
fragment,EN,obscure,tier0,mean,ridge,ruler_MC_r8,spearman,year,llama2_7b_random,0.6124
fragment,EN,obscure,tier0,mean,ridge,ruler_MC_r8,r2,year,llama2_7b_random,0.4361
fragment,AKK,obscure,maximal,last,ridge,ruler_MC_r8,spearman,year,llama2_13b_random,0.3686
fragment,AKK,obscure,maximal,last,ridge,ruler_MC_r8,r2,year,llama2_13b_random,0.1657
fragment,AKK,obscure,maximal,mean,ridge,ruler_MC_r8,spearman,year,llama2_13b_random,0.5459
fragment,AKK,obscure,maximal,mean,ridge,ruler_MC_r8,r2,year,llama2_13b_random,0.358
fragment,EN,obscure,tier0,last,ridge,ruler_MC_r8,spearman,year,llama2_13b_random,0.374
fragment,EN,obscure,tier0,last,ridge,ruler_MC_r8,r2,year,llama2_13b_random,0.1718
fragment,EN,obscure,tier0,mean,ridge,ruler_MC_r8,spearman,year,llama2_13b_random,0.63
fragment,EN,obscure,tier0,mean,ridge,ruler_MC_r8,r2,year,llama2_13b_random,0.4537
fragment,AKK,obscure,maximal,last,ridge,ruler_MC_r8,spearman,year,llama2_70b_random,0.3046
fragment,AKK,obscure,maximal,last,ridge,ruler_MC_r8,r2,year,llama2_70b_random,0.1184
fragment,AKK,obscure,maximal,mean,ridge,ruler_MC_r8,spearman,year,llama2_70b_random,0.5876
fragment,AKK,obscure,maximal,mean,ridge,ruler_MC_r8,r2,year,llama2_70b_random,0.3982
fragment,EN,obscure,tier0,last,ridge,ruler_MC_r8,spearman,year,llama2_70b_random,0.2876
fragment,EN,obscure,tier0,last,ridge,ruler_MC_r8,r2,year,llama2_70b_random,0.1054
fragment,EN,obscure,tier0,mean,ridge,ruler_MC_r8,spearman,year,llama2_70b_random,0.6612
fragment,EN,obscure,tier0,mean,ridge,ruler_MC_r8,r2,year,llama2_70b_random,0.4836
fragment,AKK,obscure,maximal,text,ridge,ruler_MC_r8,spearman,year,tfidf,0.7072
fragment,AKK,obscure,maximal,text,ridge,ruler_MC_r8,r2,year,tfidf,0.5034
fragment,EN,obscure,tier0,text,ridge,ruler_MC_r8,spearman,year,tfidf,0.7749
fragment,EN,obscure,tier0,text,ridge,ruler_MC_r8,r2,year,tfidf,0.5665
entity,EN,obscure,rows_bare,ent_last,ridge,entity_MC,spearman,year,llama2_70b,0.6843
entity,EN,obscure,rows_bare,ent_last,ridge,entity_MC,r2,year,llama2_70b,0.3508
entity,EN,obscure,rows_bare,ent_last,pls5,entity_MC,spearman,year,llama2_70b,0.6913
entity,EN,obscure,rows_bare,ent_last,pls5,entity_MC,r2,year,llama2_70b,0.3646
entity,EN,obscure,rows_all,ent_last,ridge,entity_MC,spearman,year,llama2_70b,0.6867
entity,EN,obscure,rows_all,ent_last,ridge,entity_MC,r2,year,llama2_70b,0.389
entity,EN,obscure,rows_all,ent_last,pls5,entity_MC,spearman,year,llama2_70b,0.6903
entity,EN,obscure,rows_all,ent_last,pls5,entity_MC,r2,year,llama2_70b,0.3973
entity,EN,obscure,rows_bare,ent_mean,ridge,entity_MC,spearman,year,llama2_70b,0.3968
entity,EN,obscure,rows_bare,ent_mean,ridge,entity_MC,r2,year,llama2_70b,-0.2011
entity,EN,obscure,rows_bare,ent_mean,pls5,entity_MC,spearman,year,llama2_70b,0.4663
entity,EN,obscure,rows_bare,ent_mean,pls5,entity_MC,r2,year,llama2_70b,-0.1076
entity,EN,obscure,rows_all,ent_mean,ridge,entity_MC,spearman,year,llama2_70b,0.423
entity,EN,obscure,rows_all,ent_mean,ridge,entity_MC,r2,year,llama2_70b,-0.2578
entity,EN,obscure,rows_all,ent_mean,pls5,entity_MC,spearman,year,llama2_70b,0.4472
entity,EN,obscure,rows_all,ent_mean,pls5,entity_MC,r2,year,llama2_70b,-0.1198
entity,EN,obscure,rows_bare,last,ridge,entity_MC,spearman,year,llama2_70b,0.6843
entity,EN,obscure,rows_bare,last,ridge,entity_MC,r2,year,llama2_70b,0.3508
entity,EN,obscure,rows_bare,last,pls5,entity_MC,spearman,year,llama2_70b,0.6913
entity,EN,obscure,rows_bare,last,pls5,entity_MC,r2,year,llama2_70b,0.3646
entity,EN,obscure,rows_all,last,ridge,entity_MC,spearman,year,llama2_70b,0.6775
entity,EN,obscure,rows_all,last,ridge,entity_MC,r2,year,llama2_70b,0.3709
entity,EN,obscure,rows_all,last,pls5,entity_MC,spearman,year,llama2_70b,0.643
entity,EN,obscure,rows_all,last,pls5,entity_MC,r2,year,llama2_70b,0.3224
entity,EN,obscure,rows_bare,mean,ridge,entity_MC,spearman,year,llama2_70b,0.4702
entity,EN,obscure,rows_bare,mean,ridge,entity_MC,r2,year,llama2_70b,-0.0676
entity,EN,obscure,rows_bare,mean,pls5,entity_MC,spearman,year,llama2_70b,0.4054
entity,EN,obscure,rows_bare,mean,pls5,entity_MC,r2,year,llama2_70b,-0.26
entity,EN,obscure,rows_all,mean,ridge,entity_MC,spearman,year,llama2_70b,0.4763
entity,EN,obscure,rows_all,mean,ridge,entity_MC,r2,year,llama2_70b,-0.0554
entity,EN,obscure,rows_all,mean,pls5,entity_MC,spearman,year,llama2_70b,0.4902
entity,EN,obscure,rows_all,mean,pls5,entity_MC,r2,year,llama2_70b,-0.0636
entity,EN,obscure,rows_bare,ent_last,ridge,entity_MC,spearman,year,gpt_oss_120b,0.6286
entity,EN,obscure,rows_bare,ent_last,ridge,entity_MC,r2,year,gpt_oss_120b,0.306
entity,EN,obscure,rows_bare,ent_last,pls5,entity_MC,spearman,year,gpt_oss_120b,0.6304
entity,EN,obscure,rows_bare,ent_last,pls5,entity_MC,r2,year,gpt_oss_120b,0.309
entity,EN,obscure,rows_all,ent_last,ridge,entity_MC,spearman,year,gpt_oss_120b,0.6701
entity,EN,obscure,rows_all,ent_last,ridge,entity_MC,r2,year,gpt_oss_120b,0.3971
entity,EN,obscure,rows_all,ent_last,pls5,entity_MC,spearman,year,gpt_oss_120b,0.6752
entity,EN,obscure,rows_all,ent_last,pls5,entity_MC,r2,year,gpt_oss_120b,0.3845
entity,EN,obscure,rows_bare,ent_mean,ridge,entity_MC,spearman,year,gpt_oss_120b,0.4725
entity,EN,obscure,rows_bare,ent_mean,ridge,entity_MC,r2,year,gpt_oss_120b,-0.1734
entity,EN,obscure,rows_bare,ent_mean,pls5,entity_MC,spearman,year,gpt_oss_120b,0.468
entity,EN,obscure,rows_bare,ent_mean,pls5,entity_MC,r2,year,gpt_oss_120b,-0.2674
entity,EN,obscure,rows_all,ent_mean,ridge,entity_MC,spearman,year,gpt_oss_120b,0.4737
entity,EN,obscure,rows_all,ent_mean,ridge,entity_MC,r2,year,gpt_oss_120b,-0.1405
entity,EN,obscure,rows_all,ent_mean,pls5,entity_MC,spearman,year,gpt_oss_120b,0.4925
entity,EN,obscure,rows_all,ent_mean,pls5,entity_MC,r2,year,gpt_oss_120b,-0.13
entity,EN,obscure,rows_bare,last,ridge,entity_MC,spearman,year,gpt_oss_120b,0.6632
entity,EN,obscure,rows_bare,last,ridge,entity_MC,r2,year,gpt_oss_120b,0.37
entity,EN,obscure,rows_bare,last,pls5,entity_MC,spearman,year,gpt_oss_120b,0.6629
entity,EN,obscure,rows_bare,last,pls5,entity_MC,r2,year,gpt_oss_120b,0.3714
entity,EN,obscure,rows_all,last,ridge,entity_MC,spearman,year,gpt_oss_120b,0.6145
entity,EN,obscure,rows_all,last,ridge,entity_MC,r2,year,gpt_oss_120b,0.1962
entity,EN,obscure,rows_all,last,pls5,entity_MC,spearman,year,gpt_oss_120b,0.6083
entity,EN,obscure,rows_all,last,pls5,entity_MC,r2,year,gpt_oss_120b,0.2038
entity,EN,obscure,rows_bare,mean,ridge,entity_MC,spearman,year,gpt_oss_120b,0.4345
entity,EN,obscure,rows_bare,mean,ridge,entity_MC,r2,year,gpt_oss_120b,-0.192
entity,EN,obscure,rows_bare,mean,pls5,entity_MC,spearman,year,gpt_oss_120b,0.3559
entity,EN,obscure,rows_bare,mean,pls5,entity_MC,r2,year,gpt_oss_120b,-0.4601
entity,EN,obscure,rows_all,mean,ridge,entity_MC,spearman,year,gpt_oss_120b,0.5306
entity,EN,obscure,rows_all,mean,ridge,entity_MC,r2,year,gpt_oss_120b,0.0132
entity,EN,obscure,rows_all,mean,pls5,entity_MC,spearman,year,gpt_oss_120b,0.5016
entity,EN,obscure,rows_all,mean,pls5,entity_MC,r2,year,gpt_oss_120b,-0.1126
entity,EN,obscure,rows_bare,ent_last,ridge,entity_MC,spearman,year,llama2_13b,0.5748
entity,EN,obscure,rows_bare,ent_last,ridge,entity_MC,r2,year,llama2_13b,0.1443
entity,EN,obscure,rows_bare,ent_last,pls5,entity_MC,spearman,year,llama2_13b,0.5811
entity,EN,obscure,rows_bare,ent_last,pls5,entity_MC,r2,year,llama2_13b,0.2246
entity,EN,obscure,rows_all,ent_last,ridge,entity_MC,spearman,year,llama2_13b,0.5467
entity,EN,obscure,rows_all,ent_last,ridge,entity_MC,r2,year,llama2_13b,0.2167
entity,EN,obscure,rows_all,ent_last,pls5,entity_MC,spearman,year,llama2_13b,0.5741
entity,EN,obscure,rows_all,ent_last,pls5,entity_MC,r2,year,llama2_13b,0.2488
entity,EN,obscure,rows_bare,ent_mean,ridge,entity_MC,spearman,year,llama2_13b,0.4602
entity,EN,obscure,rows_bare,ent_mean,ridge,entity_MC,r2,year,llama2_13b,-0.1612
entity,EN,obscure,rows_bare,ent_mean,pls5,entity_MC,spearman,year,llama2_13b,0.3925
entity,EN,obscure,rows_bare,ent_mean,pls5,entity_MC,r2,year,llama2_13b,-0.3063
entity,EN,obscure,rows_all,ent_mean,ridge,entity_MC,spearman,year,llama2_13b,0.4217
entity,EN,obscure,rows_all,ent_mean,ridge,entity_MC,r2,year,llama2_13b,-0.2599
entity,EN,obscure,rows_all,ent_mean,pls5,entity_MC,spearman,year,llama2_13b,0.3935
entity,EN,obscure,rows_all,ent_mean,pls5,entity_MC,r2,year,llama2_13b,-0.3247
entity,EN,obscure,rows_bare,last,ridge,entity_MC,spearman,year,llama2_13b,0.602
entity,EN,obscure,rows_bare,last,ridge,entity_MC,r2,year,llama2_13b,0.1258
entity,EN,obscure,rows_bare,last,pls5,entity_MC,spearman,year,llama2_13b,0.5791
entity,EN,obscure,rows_bare,last,pls5,entity_MC,r2,year,llama2_13b,0.1441
entity,EN,obscure,rows_all,last,ridge,entity_MC,spearman,year,llama2_13b,0.5621
entity,EN,obscure,rows_all,last,ridge,entity_MC,r2,year,llama2_13b,0.1139
entity,EN,obscure,rows_all,last,pls5,entity_MC,spearman,year,llama2_13b,0.5619
entity,EN,obscure,rows_all,last,pls5,entity_MC,r2,year,llama2_13b,0.0914
entity,EN,obscure,rows_bare,mean,ridge,entity_MC,spearman,year,llama2_13b,0.4439
entity,EN,obscure,rows_bare,mean,ridge,entity_MC,r2,year,llama2_13b,-0.1711
entity,EN,obscure,rows_bare,mean,pls5,entity_MC,spearman,year,llama2_13b,0.3843
entity,EN,obscure,rows_bare,mean,pls5,entity_MC,r2,year,llama2_13b,-0.3151
entity,EN,obscure,rows_all,mean,ridge,entity_MC,spearman,year,llama2_13b,0.4806
entity,EN,obscure,rows_all,mean,ridge,entity_MC,r2,year,llama2_13b,-0.0827
entity,EN,obscure,rows_all,mean,pls5,entity_MC,spearman,year,llama2_13b,0.4329
entity,EN,obscure,rows_all,mean,pls5,entity_MC,r2,year,llama2_13b,-0.2247
entity,EN,obscure,rows_bare,ent_last,ridge,entity_MC,spearman,year,qwen3_32b,0.6413
entity,EN,obscure,rows_bare,ent_last,ridge,entity_MC,r2,year,qwen3_32b,0.3198
entity,EN,obscure,rows_bare,ent_last,pls5,entity_MC,spearman,year,qwen3_32b,0.6493
entity,EN,obscure,rows_bare,ent_last,pls5,entity_MC,r2,year,qwen3_32b,0.3328
entity,EN,obscure,rows_all,ent_last,ridge,entity_MC,spearman,year,qwen3_32b,0.6429
entity,EN,obscure,rows_all,ent_last,ridge,entity_MC,r2,year,qwen3_32b,0.3467
entity,EN,obscure,rows_all,ent_last,pls5,entity_MC,spearman,year,qwen3_32b,0.6368
entity,EN,obscure,rows_all,ent_last,pls5,entity_MC,r2,year,qwen3_32b,0.3297
entity,EN,obscure,rows_bare,ent_mean,ridge,entity_MC,spearman,year,qwen3_32b,0.4004
entity,EN,obscure,rows_bare,ent_mean,ridge,entity_MC,r2,year,qwen3_32b,-0.1544
entity,EN,obscure,rows_bare,ent_mean,pls5,entity_MC,spearman,year,qwen3_32b,0.4296
entity,EN,obscure,rows_bare,ent_mean,pls5,entity_MC,r2,year,qwen3_32b,-0.2991
entity,EN,obscure,rows_all,ent_mean,ridge,entity_MC,spearman,year,qwen3_32b,0.4158
entity,EN,obscure,rows_all,ent_mean,ridge,entity_MC,r2,year,qwen3_32b,-0.2666
entity,EN,obscure,rows_all,ent_mean,pls5,entity_MC,spearman,year,qwen3_32b,0.4288
entity,EN,obscure,rows_all,ent_mean,pls5,entity_MC,r2,year,qwen3_32b,-0.2222
entity,EN,obscure,rows_bare,last,ridge,entity_MC,spearman,year,qwen3_32b,0.6271
entity,EN,obscure,rows_bare,last,ridge,entity_MC,r2,year,qwen3_32b,0.3076
entity,EN,obscure,rows_bare,last,pls5,entity_MC,spearman,year,qwen3_32b,0.6302
entity,EN,obscure,rows_bare,last,pls5,entity_MC,r2,year,qwen3_32b,0.3458
entity,EN,obscure,rows_all,last,ridge,entity_MC,spearman,year,qwen3_32b,0.628
entity,EN,obscure,rows_all,last,ridge,entity_MC,r2,year,qwen3_32b,0.242
entity,EN,obscure,rows_all,last,pls5,entity_MC,spearman,year,qwen3_32b,0.5605
entity,EN,obscure,rows_all,last,pls5,entity_MC,r2,year,qwen3_32b,0.1558
entity,EN,obscure,rows_bare,mean,ridge,entity_MC,spearman,year,qwen3_32b,0.4004
entity,EN,obscure,rows_bare,mean,ridge,entity_MC,r2,year,qwen3_32b,-0.1544
entity,EN,obscure,rows_bare,mean,pls5,entity_MC,spearman,year,qwen3_32b,0.4296
entity,EN,obscure,rows_bare,mean,pls5,entity_MC,r2,year,qwen3_32b,-0.2991
entity,EN,obscure,rows_all,mean,ridge,entity_MC,spearman,year,qwen3_32b,0.4983
entity,EN,obscure,rows_all,mean,ridge,entity_MC,r2,year,qwen3_32b,-0.1164
entity,EN,obscure,rows_all,mean,pls5,entity_MC,spearman,year,qwen3_32b,0.4779
entity,EN,obscure,rows_all,mean,pls5,entity_MC,r2,year,qwen3_32b,-0.1207
entity,EN,obscure,rows_bare,ent_last,ridge,entity_MC,spearman,year,llama2_7b,0.4977
entity,EN,obscure,rows_bare,ent_last,ridge,entity_MC,r2,year,llama2_7b,0.0175
entity,EN,obscure,rows_bare,ent_last,pls5,entity_MC,spearman,year,llama2_7b,0.447
entity,EN,obscure,rows_bare,ent_last,pls5,entity_MC,r2,year,llama2_7b,-0.0207
entity,EN,obscure,rows_all,ent_last,ridge,entity_MC,spearman,year,llama2_7b,0.4198
entity,EN,obscure,rows_all,ent_last,ridge,entity_MC,r2,year,llama2_7b,0.0008
entity,EN,obscure,rows_all,ent_last,pls5,entity_MC,spearman,year,llama2_7b,0.4429
entity,EN,obscure,rows_all,ent_last,pls5,entity_MC,r2,year,llama2_7b,0.0139
entity,EN,obscure,rows_bare,ent_mean,ridge,entity_MC,spearman,year,llama2_7b,0.4977
entity,EN,obscure,rows_bare,ent_mean,ridge,entity_MC,r2,year,llama2_7b,-0.1428
entity,EN,obscure,rows_bare,ent_mean,pls5,entity_MC,spearman,year,llama2_7b,0.3927
entity,EN,obscure,rows_bare,ent_mean,pls5,entity_MC,r2,year,llama2_7b,-0.3309
entity,EN,obscure,rows_all,ent_mean,ridge,entity_MC,spearman,year,llama2_7b,0.3908
entity,EN,obscure,rows_all,ent_mean,ridge,entity_MC,r2,year,llama2_7b,-0.3557
entity,EN,obscure,rows_all,ent_mean,pls5,entity_MC,spearman,year,llama2_7b,0.4343
entity,EN,obscure,rows_all,ent_mean,pls5,entity_MC,r2,year,llama2_7b,-0.2251
entity,EN,obscure,rows_bare,last,ridge,entity_MC,spearman,year,llama2_7b,0.3854
entity,EN,obscure,rows_bare,last,ridge,entity_MC,r2,year,llama2_7b,-0.179
entity,EN,obscure,rows_bare,last,pls5,entity_MC,spearman,year,llama2_7b,0.4288
entity,EN,obscure,rows_bare,last,pls5,entity_MC,r2,year,llama2_7b,-0.1927
entity,EN,obscure,rows_all,last,ridge,entity_MC,spearman,year,llama2_7b,0.4865
entity,EN,obscure,rows_all,last,ridge,entity_MC,r2,year,llama2_7b,0.0207
entity,EN,obscure,rows_all,last,pls5,entity_MC,spearman,year,llama2_7b,0.4457
entity,EN,obscure,rows_all,last,pls5,entity_MC,r2,year,llama2_7b,-0.0954
entity,EN,obscure,rows_bare,mean,ridge,entity_MC,spearman,year,llama2_7b,0.4521
entity,EN,obscure,rows_bare,mean,ridge,entity_MC,r2,year,llama2_7b,-0.1592
entity,EN,obscure,rows_bare,mean,pls5,entity_MC,spearman,year,llama2_7b,0.3688
entity,EN,obscure,rows_bare,mean,pls5,entity_MC,r2,year,llama2_7b,-0.5149
entity,EN,obscure,rows_all,mean,ridge,entity_MC,spearman,year,llama2_7b,0.4667
entity,EN,obscure,rows_all,mean,ridge,entity_MC,r2,year,llama2_7b,-0.1223
entity,EN,obscure,rows_all,mean,pls5,entity_MC,spearman,year,llama2_7b,0.4493
entity,EN,obscure,rows_all,mean,pls5,entity_MC,r2,year,llama2_7b,-0.2958
entity,EN,obscure,rows_bare,ent_last,ridge,entity_MC,spearman,year,qwen3_8b,0.5493
entity,EN,obscure,rows_bare,ent_last,ridge,entity_MC,r2,year,qwen3_8b,0.1842
entity,EN,obscure,rows_bare,ent_last,pls5,entity_MC,spearman,year,qwen3_8b,0.5518
entity,EN,obscure,rows_bare,ent_last,pls5,entity_MC,r2,year,qwen3_8b,0.21
entity,EN,obscure,rows_all,ent_last,ridge,entity_MC,spearman,year,qwen3_8b,0.5526
entity,EN,obscure,rows_all,ent_last,ridge,entity_MC,r2,year,qwen3_8b,0.2405
entity,EN,obscure,rows_all,ent_last,pls5,entity_MC,spearman,year,qwen3_8b,0.5798
entity,EN,obscure,rows_all,ent_last,pls5,entity_MC,r2,year,qwen3_8b,0.2569
entity,EN,obscure,rows_bare,ent_mean,ridge,entity_MC,spearman,year,qwen3_8b,0.3896
entity,EN,obscure,rows_bare,ent_mean,ridge,entity_MC,r2,year,qwen3_8b,-0.1803
entity,EN,obscure,rows_bare,ent_mean,pls5,entity_MC,spearman,year,qwen3_8b,0.333
entity,EN,obscure,rows_bare,ent_mean,pls5,entity_MC,r2,year,qwen3_8b,-0.5641
entity,EN,obscure,rows_all,ent_mean,ridge,entity_MC,spearman,year,qwen3_8b,0.3804
entity,EN,obscure,rows_all,ent_mean,ridge,entity_MC,r2,year,qwen3_8b,-0.3688
entity,EN,obscure,rows_all,ent_mean,pls5,entity_MC,spearman,year,qwen3_8b,0.4065
entity,EN,obscure,rows_all,ent_mean,pls5,entity_MC,r2,year,qwen3_8b,-0.3161
entity,EN,obscure,rows_bare,last,ridge,entity_MC,spearman,year,qwen3_8b,0.5493
entity,EN,obscure,rows_bare,last,ridge,entity_MC,r2,year,qwen3_8b,0.1842
entity,EN,obscure,rows_bare,last,pls5,entity_MC,spearman,year,qwen3_8b,0.5518
entity,EN,obscure,rows_bare,last,pls5,entity_MC,r2,year,qwen3_8b,0.21
entity,EN,obscure,rows_all,last,ridge,entity_MC,spearman,year,qwen3_8b,0.5061
entity,EN,obscure,rows_all,last,ridge,entity_MC,r2,year,qwen3_8b,-0.0751
entity,EN,obscure,rows_all,last,pls5,entity_MC,spearman,year,qwen3_8b,0.5596
entity,EN,obscure,rows_all,last,pls5,entity_MC,r2,year,qwen3_8b,0.1341
entity,EN,obscure,rows_bare,mean,ridge,entity_MC,spearman,year,qwen3_8b,0.5004
entity,EN,obscure,rows_bare,mean,ridge,entity_MC,r2,year,qwen3_8b,-0.036
entity,EN,obscure,rows_bare,mean,pls5,entity_MC,spearman,year,qwen3_8b,0.4582
entity,EN,obscure,rows_bare,mean,pls5,entity_MC,r2,year,qwen3_8b,-0.1354
entity,EN,obscure,rows_all,mean,ridge,entity_MC,spearman,year,qwen3_8b,0.4975
entity,EN,obscure,rows_all,mean,ridge,entity_MC,r2,year,qwen3_8b,-0.0383
entity,EN,obscure,rows_all,mean,pls5,entity_MC,spearman,year,qwen3_8b,0.4841
entity,EN,obscure,rows_all,mean,pls5,entity_MC,r2,year,qwen3_8b,-0.0846
entity,EN,obscure,rows_bare,ent_last,ridge,entity_MC,spearman,year,qwen3_1b7,0.4275
entity,EN,obscure,rows_bare,ent_last,ridge,entity_MC,r2,year,qwen3_1b7,-0.0292
entity,EN,obscure,rows_bare,ent_last,pls5,entity_MC,spearman,year,qwen3_1b7,0.4382
entity,EN,obscure,rows_bare,ent_last,pls5,entity_MC,r2,year,qwen3_1b7,-0.0493
entity,EN,obscure,rows_all,ent_last,ridge,entity_MC,spearman,year,qwen3_1b7,0.4012
entity,EN,obscure,rows_all,ent_last,ridge,entity_MC,r2,year,qwen3_1b7,-0.2071
entity,EN,obscure,rows_all,ent_last,pls5,entity_MC,spearman,year,qwen3_1b7,0.434
entity,EN,obscure,rows_all,ent_last,pls5,entity_MC,r2,year,qwen3_1b7,-0.0089
entity,EN,obscure,rows_bare,ent_mean,ridge,entity_MC,spearman,year,qwen3_1b7,0.3518
entity,EN,obscure,rows_bare,ent_mean,ridge,entity_MC,r2,year,qwen3_1b7,-0.3971
entity,EN,obscure,rows_bare,ent_mean,pls5,entity_MC,spearman,year,qwen3_1b7,0.3738
entity,EN,obscure,rows_bare,ent_mean,pls5,entity_MC,r2,year,qwen3_1b7,-0.4156
entity,EN,obscure,rows_all,ent_mean,ridge,entity_MC,spearman,year,qwen3_1b7,0.322
entity,EN,obscure,rows_all,ent_mean,ridge,entity_MC,r2,year,qwen3_1b7,-0.3973
entity,EN,obscure,rows_all,ent_mean,pls5,entity_MC,spearman,year,qwen3_1b7,0.36
entity,EN,obscure,rows_all,ent_mean,pls5,entity_MC,r2,year,qwen3_1b7,-0.3684
entity,EN,obscure,rows_bare,last,ridge,entity_MC,spearman,year,qwen3_1b7,0.4773
entity,EN,obscure,rows_bare,last,ridge,entity_MC,r2,year,qwen3_1b7,-0.0505
entity,EN,obscure,rows_bare,last,pls5,entity_MC,spearman,year,qwen3_1b7,0.3173
entity,EN,obscure,rows_bare,last,pls5,entity_MC,r2,year,qwen3_1b7,-0.3475
entity,EN,obscure,rows_all,last,ridge,entity_MC,spearman,year,qwen3_1b7,0.4446
entity,EN,obscure,rows_all,last,ridge,entity_MC,r2,year,qwen3_1b7,-0.2262
entity,EN,obscure,rows_all,last,pls5,entity_MC,spearman,year,qwen3_1b7,0.4714
entity,EN,obscure,rows_all,last,pls5,entity_MC,r2,year,qwen3_1b7,-0.1184
entity,EN,obscure,rows_bare,mean,ridge,entity_MC,spearman,year,qwen3_1b7,0.3518
entity,EN,obscure,rows_bare,mean,ridge,entity_MC,r2,year,qwen3_1b7,-0.3971
entity,EN,obscure,rows_bare,mean,pls5,entity_MC,spearman,year,qwen3_1b7,0.3738
entity,EN,obscure,rows_bare,mean,pls5,entity_MC,r2,year,qwen3_1b7,-0.4156
entity,EN,obscure,rows_all,mean,ridge,entity_MC,spearman,year,qwen3_1b7,0.3628
entity,EN,obscure,rows_all,mean,ridge,entity_MC,r2,year,qwen3_1b7,-0.3381
entity,EN,obscure,rows_all,mean,pls5,entity_MC,spearman,year,qwen3_1b7,0.3822
entity,EN,obscure,rows_all,mean,pls5,entity_MC,r2,year,qwen3_1b7,-0.3207
entity,EN,obscure,rows_bare,ent_last,ridge,entity_MC,spearman,year,thalesian_cunei400m,0.4557
entity,EN,obscure,rows_bare,ent_last,ridge,entity_MC,r2,year,thalesian_cunei400m,0.0322
entity,EN,obscure,rows_bare,ent_last,pls5,entity_MC,spearman,year,thalesian_cunei400m,0.4163
entity,EN,obscure,rows_bare,ent_last,pls5,entity_MC,r2,year,thalesian_cunei400m,-0.0491
entity,EN,obscure,rows_all,ent_last,ridge,entity_MC,spearman,year,thalesian_cunei400m,0.3555
entity,EN,obscure,rows_all,ent_last,ridge,entity_MC,r2,year,thalesian_cunei400m,-0.2646
entity,EN,obscure,rows_all,ent_last,pls5,entity_MC,spearman,year,thalesian_cunei400m,0.3846
entity,EN,obscure,rows_all,ent_last,pls5,entity_MC,r2,year,thalesian_cunei400m,-0.1865
entity,EN,obscure,rows_bare,ent_mean,ridge,entity_MC,spearman,year,thalesian_cunei400m,0.5088
entity,EN,obscure,rows_bare,ent_mean,ridge,entity_MC,r2,year,thalesian_cunei400m,-0.0367
entity,EN,obscure,rows_bare,ent_mean,pls5,entity_MC,spearman,year,thalesian_cunei400m,0.3968
entity,EN,obscure,rows_bare,ent_mean,pls5,entity_MC,r2,year,thalesian_cunei400m,-0.3062
entity,EN,obscure,rows_all,ent_mean,ridge,entity_MC,spearman,year,thalesian_cunei400m,0.376
entity,EN,obscure,rows_all,ent_mean,ridge,entity_MC,r2,year,thalesian_cunei400m,-0.3793
entity,EN,obscure,rows_all,ent_mean,pls5,entity_MC,spearman,year,thalesian_cunei400m,0.4094
entity,EN,obscure,rows_all,ent_mean,pls5,entity_MC,r2,year,thalesian_cunei400m,-0.2748
entity,EN,obscure,rows_bare,last,ridge,entity_MC,spearman,year,thalesian_cunei400m,0.4029
entity,EN,obscure,rows_bare,last,ridge,entity_MC,r2,year,thalesian_cunei400m,-0.1132
entity,EN,obscure,rows_bare,last,pls5,entity_MC,spearman,year,thalesian_cunei400m,0.3596
entity,EN,obscure,rows_bare,last,pls5,entity_MC,r2,year,thalesian_cunei400m,-0.1726
entity,EN,obscure,rows_all,last,ridge,entity_MC,spearman,year,thalesian_cunei400m,0.4499
entity,EN,obscure,rows_all,last,ridge,entity_MC,r2,year,thalesian_cunei400m,-0.0711
entity,EN,obscure,rows_all,last,pls5,entity_MC,spearman,year,thalesian_cunei400m,0.4997
entity,EN,obscure,rows_all,last,pls5,entity_MC,r2,year,thalesian_cunei400m,0.0148
entity,EN,obscure,rows_bare,mean,ridge,entity_MC,spearman,year,thalesian_cunei400m,0.5088
entity,EN,obscure,rows_bare,mean,ridge,entity_MC,r2,year,thalesian_cunei400m,-0.0367
entity,EN,obscure,rows_bare,mean,pls5,entity_MC,spearman,year,thalesian_cunei400m,0.3968
entity,EN,obscure,rows_bare,mean,pls5,entity_MC,r2,year,thalesian_cunei400m,-0.3062
entity,EN,obscure,rows_all,mean,ridge,entity_MC,spearman,year,thalesian_cunei400m,0.4414
entity,EN,obscure,rows_all,mean,ridge,entity_MC,r2,year,thalesian_cunei400m,-0.1989
entity,EN,obscure,rows_all,mean,pls5,entity_MC,spearman,year,thalesian_cunei400m,0.4587
entity,EN,obscure,rows_all,mean,pls5,entity_MC,r2,year,thalesian_cunei400m,-0.2117
entity,EN,obscure,rows_bare,ent_last,ridge,entity_MC,spearman,year,thalesian_akk300m,0.3239
entity,EN,obscure,rows_bare,ent_last,ridge,entity_MC,r2,year,thalesian_akk300m,-0.1942
entity,EN,obscure,rows_bare,ent_last,pls5,entity_MC,spearman,year,thalesian_akk300m,0.2863
entity,EN,obscure,rows_bare,ent_last,pls5,entity_MC,r2,year,thalesian_akk300m,-0.3379
entity,EN,obscure,rows_all,ent_last,ridge,entity_MC,spearman,year,thalesian_akk300m,0.3383
entity,EN,obscure,rows_all,ent_last,ridge,entity_MC,r2,year,thalesian_akk300m,-0.5514
entity,EN,obscure,rows_all,ent_last,pls5,entity_MC,spearman,year,thalesian_akk300m,0.2937
entity,EN,obscure,rows_all,ent_last,pls5,entity_MC,r2,year,thalesian_akk300m,-0.3342
entity,EN,obscure,rows_bare,ent_mean,ridge,entity_MC,spearman,year,thalesian_akk300m,0.4943
entity,EN,obscure,rows_bare,ent_mean,ridge,entity_MC,r2,year,thalesian_akk300m,-0.1245
entity,EN,obscure,rows_bare,ent_mean,pls5,entity_MC,spearman,year,thalesian_akk300m,0.3805
entity,EN,obscure,rows_bare,ent_mean,pls5,entity_MC,r2,year,thalesian_akk300m,-0.4596
entity,EN,obscure,rows_all,ent_mean,ridge,entity_MC,spearman,year,thalesian_akk300m,0.1446
entity,EN,obscure,rows_all,ent_mean,ridge,entity_MC,r2,year,thalesian_akk300m,-1.0901
entity,EN,obscure,rows_all,ent_mean,pls5,entity_MC,spearman,year,thalesian_akk300m,0.2905
entity,EN,obscure,rows_all,ent_mean,pls5,entity_MC,r2,year,thalesian_akk300m,-0.5975
entity,EN,obscure,rows_bare,last,ridge,entity_MC,spearman,year,thalesian_akk300m,0.252
entity,EN,obscure,rows_bare,last,ridge,entity_MC,r2,year,thalesian_akk300m,-0.3439
entity,EN,obscure,rows_bare,last,pls5,entity_MC,spearman,year,thalesian_akk300m,0.2939
entity,EN,obscure,rows_bare,last,pls5,entity_MC,r2,year,thalesian_akk300m,-0.3548
entity,EN,obscure,rows_all,last,ridge,entity_MC,spearman,year,thalesian_akk300m,0.4179
entity,EN,obscure,rows_all,last,ridge,entity_MC,r2,year,thalesian_akk300m,-0.2233
entity,EN,obscure,rows_all,last,pls5,entity_MC,spearman,year,thalesian_akk300m,0.4268
entity,EN,obscure,rows_all,last,pls5,entity_MC,r2,year,thalesian_akk300m,-0.162
entity,EN,obscure,rows_bare,mean,ridge,entity_MC,spearman,year,thalesian_akk300m,0.4943
entity,EN,obscure,rows_bare,mean,ridge,entity_MC,r2,year,thalesian_akk300m,-0.1245
entity,EN,obscure,rows_bare,mean,pls5,entity_MC,spearman,year,thalesian_akk300m,0.3805
entity,EN,obscure,rows_bare,mean,pls5,entity_MC,r2,year,thalesian_akk300m,-0.4596
entity,EN,obscure,rows_all,mean,ridge,entity_MC,spearman,year,thalesian_akk300m,0.23
entity,EN,obscure,rows_all,mean,ridge,entity_MC,r2,year,thalesian_akk300m,-0.6596
entity,EN,obscure,rows_all,mean,pls5,entity_MC,spearman,year,thalesian_akk300m,0.3212
entity,EN,obscure,rows_all,mean,pls5,entity_MC,r2,year,thalesian_akk300m,-0.4911
entity,EN,obscure,rows_bare,ent_last,ridge,entity_MC,spearman,year,umt5_base,0.2866
entity,EN,obscure,rows_bare,ent_last,ridge,entity_MC,r2,year,umt5_base,-0.364
entity,EN,obscure,rows_bare,ent_last,pls5,entity_MC,spearman,year,umt5_base,0.2166
entity,EN,obscure,rows_bare,ent_last,pls5,entity_MC,r2,year,umt5_base,-0.4733
entity,EN,obscure,rows_all,ent_last,ridge,entity_MC,spearman,year,umt5_base,0.2735
entity,EN,obscure,rows_all,ent_last,ridge,entity_MC,r2,year,umt5_base,-0.4866
entity,EN,obscure,rows_all,ent_last,pls5,entity_MC,spearman,year,umt5_base,0.2806
entity,EN,obscure,rows_all,ent_last,pls5,entity_MC,r2,year,umt5_base,-0.432
entity,EN,obscure,rows_bare,ent_mean,ridge,entity_MC,spearman,year,umt5_base,0.2589
entity,EN,obscure,rows_bare,ent_mean,ridge,entity_MC,r2,year,umt5_base,-0.3981
entity,EN,obscure,rows_bare,ent_mean,pls5,entity_MC,spearman,year,umt5_base,0.2557
entity,EN,obscure,rows_bare,ent_mean,pls5,entity_MC,r2,year,umt5_base,-0.4127
entity,EN,obscure,rows_all,ent_mean,ridge,entity_MC,spearman,year,umt5_base,0.3461
entity,EN,obscure,rows_all,ent_mean,ridge,entity_MC,r2,year,umt5_base,-0.3858
entity,EN,obscure,rows_all,ent_mean,pls5,entity_MC,spearman,year,umt5_base,0.3226
entity,EN,obscure,rows_all,ent_mean,pls5,entity_MC,r2,year,umt5_base,-0.3488
entity,EN,obscure,rows_bare,last,ridge,entity_MC,spearman,year,umt5_base,0.2934
entity,EN,obscure,rows_bare,last,ridge,entity_MC,r2,year,umt5_base,-0.2197
entity,EN,obscure,rows_bare,last,pls5,entity_MC,spearman,year,umt5_base,0.2739
entity,EN,obscure,rows_bare,last,pls5,entity_MC,r2,year,umt5_base,-0.3177
entity,EN,obscure,rows_all,last,ridge,entity_MC,spearman,year,umt5_base,0.41
entity,EN,obscure,rows_all,last,ridge,entity_MC,r2,year,umt5_base,-0.1511
entity,EN,obscure,rows_all,last,pls5,entity_MC,spearman,year,umt5_base,0.4198
entity,EN,obscure,rows_all,last,pls5,entity_MC,r2,year,umt5_base,-0.1106
entity,EN,obscure,rows_bare,mean,ridge,entity_MC,spearman,year,umt5_base,0.2589
entity,EN,obscure,rows_bare,mean,ridge,entity_MC,r2,year,umt5_base,-0.3981
entity,EN,obscure,rows_bare,mean,pls5,entity_MC,spearman,year,umt5_base,0.2557
entity,EN,obscure,rows_bare,mean,pls5,entity_MC,r2,year,umt5_base,-0.4127
entity,EN,obscure,rows_all,mean,ridge,entity_MC,spearman,year,umt5_base,0.364
entity,EN,obscure,rows_all,mean,ridge,entity_MC,r2,year,umt5_base,-0.2706
entity,EN,obscure,rows_all,mean,pls5,entity_MC,spearman,year,umt5_base,0.3517
entity,EN,obscure,rows_all,mean,pls5,entity_MC,r2,year,umt5_base,-0.2562
entity,EN,obscure,rows_bare,ent_last,ridge,entity_MC,spearman,year,random,0.1625
entity,EN,obscure,rows_bare,ent_last,ridge,entity_MC,r2,year,random,-0.3505
entity,EN,obscure,rows_bare,ent_last,pls5,entity_MC,spearman,year,random,0.1445
entity,EN,obscure,rows_bare,ent_last,pls5,entity_MC,r2,year,random,-0.3058
entity,EN,obscure,rows_all,ent_last,ridge,entity_MC,spearman,year,random,0.3224
entity,EN,obscure,rows_all,ent_last,ridge,entity_MC,r2,year,random,-0.1703
entity,EN,obscure,rows_all,ent_last,pls5,entity_MC,spearman,year,random,0.3284
entity,EN,obscure,rows_all,ent_last,pls5,entity_MC,r2,year,random,-0.1668
entity,EN,obscure,rows_bare,ent_mean,ridge,entity_MC,spearman,year,random,0.0823
entity,EN,obscure,rows_bare,ent_mean,ridge,entity_MC,r2,year,random,-0.5299
entity,EN,obscure,rows_bare,ent_mean,pls5,entity_MC,spearman,year,random,0.092
entity,EN,obscure,rows_bare,ent_mean,pls5,entity_MC,r2,year,random,-0.7028
entity,EN,obscure,rows_all,ent_mean,ridge,entity_MC,spearman,year,random,0.091
entity,EN,obscure,rows_all,ent_mean,ridge,entity_MC,r2,year,random,-0.6192
entity,EN,obscure,rows_all,ent_mean,pls5,entity_MC,spearman,year,random,0.0807
entity,EN,obscure,rows_all,ent_mean,pls5,entity_MC,r2,year,random,-0.5927
entity,EN,obscure,rows_bare,last,ridge,entity_MC,spearman,year,random,0.1625
entity,EN,obscure,rows_bare,last,ridge,entity_MC,r2,year,random,-0.3505
entity,EN,obscure,rows_bare,last,pls5,entity_MC,spearman,year,random,0.1445
entity,EN,obscure,rows_bare,last,pls5,entity_MC,r2,year,random,-0.3058
entity,EN,obscure,rows_all,last,ridge,entity_MC,spearman,year,random,0.3181
entity,EN,obscure,rows_all,last,ridge,entity_MC,r2,year,random,-0.2342
entity,EN,obscure,rows_all,last,pls5,entity_MC,spearman,year,random,0.3289
entity,EN,obscure,rows_all,last,pls5,entity_MC,r2,year,random,-0.2405
entity,EN,obscure,rows_bare,mean,ridge,entity_MC,spearman,year,random,0.0186
entity,EN,obscure,rows_bare,mean,ridge,entity_MC,r2,year,random,-0.4989
entity,EN,obscure,rows_bare,mean,pls5,entity_MC,spearman,year,random,0.0584
entity,EN,obscure,rows_bare,mean,pls5,entity_MC,r2,year,random,-0.6858
entity,EN,obscure,rows_all,mean,ridge,entity_MC,spearman,year,random,0.1749
entity,EN,obscure,rows_all,mean,ridge,entity_MC,r2,year,random,-0.5515
entity,EN,obscure,rows_all,mean,pls5,entity_MC,spearman,year,random,0.1755
entity,EN,obscure,rows_all,mean,pls5,entity_MC,r2,year,random,-0.4745
entity,EN,obscure,rows_bare,ent_last,ridge,entity_MC,spearman,year,llama2_7b_random,0.4734
entity,EN,obscure,rows_bare,ent_last,ridge,entity_MC,r2,year,llama2_7b_random,0.0124
entity,EN,obscure,rows_bare,ent_last,pls5,entity_MC,spearman,year,llama2_7b_random,0.4741
entity,EN,obscure,rows_bare,ent_last,pls5,entity_MC,r2,year,llama2_7b_random,0.0124
entity,EN,obscure,rows_all,ent_last,ridge,entity_MC,spearman,year,llama2_7b_random,0.4893
entity,EN,obscure,rows_all,ent_last,ridge,entity_MC,r2,year,llama2_7b_random,0.0892
entity,EN,obscure,rows_all,ent_last,pls5,entity_MC,spearman,year,llama2_7b_random,0.481
entity,EN,obscure,rows_all,ent_last,pls5,entity_MC,r2,year,llama2_7b_random,0.0799
entity,EN,obscure,rows_bare,ent_mean,ridge,entity_MC,spearman,year,llama2_7b_random,0.3107
entity,EN,obscure,rows_bare,ent_mean,ridge,entity_MC,r2,year,llama2_7b_random,-0.3832
entity,EN,obscure,rows_bare,ent_mean,pls5,entity_MC,spearman,year,llama2_7b_random,0.2868
entity,EN,obscure,rows_bare,ent_mean,pls5,entity_MC,r2,year,llama2_7b_random,-0.4569
entity,EN,obscure,rows_all,ent_mean,ridge,entity_MC,spearman,year,llama2_7b_random,0.3191
entity,EN,obscure,rows_all,ent_mean,ridge,entity_MC,r2,year,llama2_7b_random,-0.3579
entity,EN,obscure,rows_all,ent_mean,pls5,entity_MC,spearman,year,llama2_7b_random,0.343
entity,EN,obscure,rows_all,ent_mean,pls5,entity_MC,r2,year,llama2_7b_random,-0.3535
entity,EN,obscure,rows_bare,last,ridge,entity_MC,spearman,year,llama2_7b_random,0.4734
entity,EN,obscure,rows_bare,last,ridge,entity_MC,r2,year,llama2_7b_random,0.0124
entity,EN,obscure,rows_bare,last,pls5,entity_MC,spearman,year,llama2_7b_random,0.4741
entity,EN,obscure,rows_bare,last,pls5,entity_MC,r2,year,llama2_7b_random,0.0124
entity,EN,obscure,rows_all,last,ridge,entity_MC,spearman,year,llama2_7b_random,0.4448
entity,EN,obscure,rows_all,last,ridge,entity_MC,r2,year,llama2_7b_random,-0.1294
entity,EN,obscure,rows_all,last,pls5,entity_MC,spearman,year,llama2_7b_random,0.4768
entity,EN,obscure,rows_all,last,pls5,entity_MC,r2,year,llama2_7b_random,-0.0754
entity,EN,obscure,rows_bare,mean,ridge,entity_MC,spearman,year,llama2_7b_random,0.2886
entity,EN,obscure,rows_bare,mean,ridge,entity_MC,r2,year,llama2_7b_random,-0.3912
entity,EN,obscure,rows_bare,mean,pls5,entity_MC,spearman,year,llama2_7b_random,0.2584
entity,EN,obscure,rows_bare,mean,pls5,entity_MC,r2,year,llama2_7b_random,-0.4246
entity,EN,obscure,rows_all,mean,ridge,entity_MC,spearman,year,llama2_7b_random,0.3861
entity,EN,obscure,rows_all,mean,ridge,entity_MC,r2,year,llama2_7b_random,-0.182
entity,EN,obscure,rows_all,mean,pls5,entity_MC,spearman,year,llama2_7b_random,0.377
entity,EN,obscure,rows_all,mean,pls5,entity_MC,r2,year,llama2_7b_random,-0.2639
entity,EN,obscure,rows_bare,ent_last,ridge,entity_MC,spearman,year,llama2_13b_random,0.3407
entity,EN,obscure,rows_bare,ent_last,ridge,entity_MC,r2,year,llama2_13b_random,-0.1832
entity,EN,obscure,rows_bare,ent_last,pls5,entity_MC,spearman,year,llama2_13b_random,0.3405
entity,EN,obscure,rows_bare,ent_last,pls5,entity_MC,r2,year,llama2_13b_random,-0.1789
entity,EN,obscure,rows_all,ent_last,ridge,entity_MC,spearman,year,llama2_13b_random,0.4805
entity,EN,obscure,rows_all,ent_last,ridge,entity_MC,r2,year,llama2_13b_random,-0.0192
entity,EN,obscure,rows_all,ent_last,pls5,entity_MC,spearman,year,llama2_13b_random,0.4788
entity,EN,obscure,rows_all,ent_last,pls5,entity_MC,r2,year,llama2_13b_random,-0.0205
entity,EN,obscure,rows_bare,ent_mean,ridge,entity_MC,spearman,year,llama2_13b_random,0.3509
entity,EN,obscure,rows_bare,ent_mean,ridge,entity_MC,r2,year,llama2_13b_random,-0.3691
entity,EN,obscure,rows_bare,ent_mean,pls5,entity_MC,spearman,year,llama2_13b_random,0.312
entity,EN,obscure,rows_bare,ent_mean,pls5,entity_MC,r2,year,llama2_13b_random,-0.3718
entity,EN,obscure,rows_all,ent_mean,ridge,entity_MC,spearman,year,llama2_13b_random,0.3294
entity,EN,obscure,rows_all,ent_mean,ridge,entity_MC,r2,year,llama2_13b_random,-0.3386
entity,EN,obscure,rows_all,ent_mean,pls5,entity_MC,spearman,year,llama2_13b_random,0.3527
entity,EN,obscure,rows_all,ent_mean,pls5,entity_MC,r2,year,llama2_13b_random,-0.3164
entity,EN,obscure,rows_bare,last,ridge,entity_MC,spearman,year,llama2_13b_random,0.2873
entity,EN,obscure,rows_bare,last,ridge,entity_MC,r2,year,llama2_13b_random,-0.228
entity,EN,obscure,rows_bare,last,pls5,entity_MC,spearman,year,llama2_13b_random,0.2854
entity,EN,obscure,rows_bare,last,pls5,entity_MC,r2,year,llama2_13b_random,-0.2185
entity,EN,obscure,rows_all,last,ridge,entity_MC,spearman,year,llama2_13b_random,0.3706
entity,EN,obscure,rows_all,last,ridge,entity_MC,r2,year,llama2_13b_random,-0.1427
entity,EN,obscure,rows_all,last,pls5,entity_MC,spearman,year,llama2_13b_random,0.3714
entity,EN,obscure,rows_all,last,pls5,entity_MC,r2,year,llama2_13b_random,-0.1415
entity,EN,obscure,rows_bare,mean,ridge,entity_MC,spearman,year,llama2_13b_random,0.3509
entity,EN,obscure,rows_bare,mean,ridge,entity_MC,r2,year,llama2_13b_random,-0.3691
entity,EN,obscure,rows_bare,mean,pls5,entity_MC,spearman,year,llama2_13b_random,0.312
entity,EN,obscure,rows_bare,mean,pls5,entity_MC,r2,year,llama2_13b_random,-0.3718
entity,EN,obscure,rows_all,mean,ridge,entity_MC,spearman,year,llama2_13b_random,0.414
entity,EN,obscure,rows_all,mean,ridge,entity_MC,r2,year,llama2_13b_random,-0.1722
entity,EN,obscure,rows_all,mean,pls5,entity_MC,spearman,year,llama2_13b_random,0.4285
entity,EN,obscure,rows_all,mean,pls5,entity_MC,r2,year,llama2_13b_random,-0.1771
entity,EN,obscure,rows_bare,ent_last,ridge,entity_MC,spearman,year,llama2_70b_random,0.4573
entity,EN,obscure,rows_bare,ent_last,ridge,entity_MC,r2,year,llama2_70b_random,-0.0536
entity,EN,obscure,rows_bare,ent_last,pls5,entity_MC,spearman,year,llama2_70b_random,0.4571
entity,EN,obscure,rows_bare,ent_last,pls5,entity_MC,r2,year,llama2_70b_random,-0.0502
entity,EN,obscure,rows_all,ent_last,ridge,entity_MC,spearman,year,llama2_70b_random,0.4682
entity,EN,obscure,rows_all,ent_last,ridge,entity_MC,r2,year,llama2_70b_random,-0.0016
entity,EN,obscure,rows_all,ent_last,pls5,entity_MC,spearman,year,llama2_70b_random,0.4691
entity,EN,obscure,rows_all,ent_last,pls5,entity_MC,r2,year,llama2_70b_random,-0.0022
entity,EN,obscure,rows_bare,ent_mean,ridge,entity_MC,spearman,year,llama2_70b_random,0.3136
entity,EN,obscure,rows_bare,ent_mean,ridge,entity_MC,r2,year,llama2_70b_random,-0.3509
entity,EN,obscure,rows_bare,ent_mean,pls5,entity_MC,spearman,year,llama2_70b_random,0.2804
entity,EN,obscure,rows_bare,ent_mean,pls5,entity_MC,r2,year,llama2_70b_random,-0.4312
entity,EN,obscure,rows_all,ent_mean,ridge,entity_MC,spearman,year,llama2_70b_random,0.2743
entity,EN,obscure,rows_all,ent_mean,ridge,entity_MC,r2,year,llama2_70b_random,-0.3756
entity,EN,obscure,rows_all,ent_mean,pls5,entity_MC,spearman,year,llama2_70b_random,0.2786
entity,EN,obscure,rows_all,ent_mean,pls5,entity_MC,r2,year,llama2_70b_random,-0.359
entity,EN,obscure,rows_bare,last,ridge,entity_MC,spearman,year,llama2_70b_random,0.2766
entity,EN,obscure,rows_bare,last,ridge,entity_MC,r2,year,llama2_70b_random,-0.2237
entity,EN,obscure,rows_bare,last,pls5,entity_MC,spearman,year,llama2_70b_random,0.2766
entity,EN,obscure,rows_bare,last,pls5,entity_MC,r2,year,llama2_70b_random,-0.2236
entity,EN,obscure,rows_all,last,ridge,entity_MC,spearman,year,llama2_70b_random,0.4438
entity,EN,obscure,rows_all,last,ridge,entity_MC,r2,year,llama2_70b_random,-0.0742
entity,EN,obscure,rows_all,last,pls5,entity_MC,spearman,year,llama2_70b_random,0.4431
entity,EN,obscure,rows_all,last,pls5,entity_MC,r2,year,llama2_70b_random,-0.0742
entity,EN,obscure,rows_bare,mean,ridge,entity_MC,spearman,year,llama2_70b_random,0.2121
entity,EN,obscure,rows_bare,mean,ridge,entity_MC,r2,year,llama2_70b_random,-0.46
entity,EN,obscure,rows_bare,mean,pls5,entity_MC,spearman,year,llama2_70b_random,0.1721
entity,EN,obscure,rows_bare,mean,pls5,entity_MC,r2,year,llama2_70b_random,-0.5338
entity,EN,obscure,rows_all,mean,ridge,entity_MC,spearman,year,llama2_70b_random,0.3844
entity,EN,obscure,rows_all,mean,ridge,entity_MC,r2,year,llama2_70b_random,-0.2474
entity,EN,obscure,rows_all,mean,pls5,entity_MC,spearman,year,llama2_70b_random,0.3693
entity,EN,obscure,rows_all,mean,pls5,entity_MC,r2,year,llama2_70b_random,-0.2494
entity,EN,obscure,rows_bare,text,ridge,entity_MC,spearman,year,tfidf,0.3439
entity,EN,obscure,rows_bare,text,ridge,entity_MC,r2,year,tfidf,-0.3445
entity,EN,obscure,rows_bare,text,pls5,entity_MC,spearman,year,tfidf,0.2877
entity,EN,obscure,rows_bare,text,pls5,entity_MC,r2,year,tfidf,-0.3549
entity,EN,obscure,rows_all,text,ridge,entity_MC,spearman,year,tfidf,0.3401
entity,EN,obscure,rows_all,text,ridge,entity_MC,r2,year,tfidf,-0.2933
entity,EN,obscure,rows_all,text,pls5,entity_MC,spearman,year,tfidf,0.3034
entity,EN,obscure,rows_all,text,pls5,entity_MC,r2,year,tfidf,-0.2893
entity,EN,salient,historical_figure,last,ridge,holdout,spearman,year,llama2_70b,0.9212
entity,EN,salient,historical_figure,last,ridge,holdout,r2,year,llama2_70b,0.833
entity,EN,salient,historical_figure,mean,ridge,holdout,spearman,year,llama2_70b,0.9002
entity,EN,salient,historical_figure,mean,ridge,holdout,r2,year,llama2_70b,0.8041
entity,EN,salient,art,last,ridge,holdout,spearman,year,llama2_70b,0.9078
entity,EN,salient,art,last,ridge,holdout,r2,year,llama2_70b,0.8601
entity,EN,salient,art,mean,ridge,holdout,spearman,year,llama2_70b,0.8787
entity,EN,salient,art,mean,ridge,holdout,r2,year,llama2_70b,0.8212
entity,EN,salient,headline,last,ridge,holdout,spearman,year,llama2_70b,0.8719
entity,EN,salient,headline,last,ridge,holdout,r2,year,llama2_70b,0.7566
entity,EN,salient,headline,mean,ridge,holdout,spearman,year,llama2_70b,0.8417
entity,EN,salient,headline,mean,ridge,holdout,r2,year,llama2_70b,0.6986
entity,EN,salient,historical_figure,last,ridge,holdout,spearman,year,gpt_oss_120b,0.9009
entity,EN,salient,historical_figure,last,ridge,holdout,r2,year,gpt_oss_120b,0.8026
entity,EN,salient,historical_figure,mean,ridge,holdout,spearman,year,gpt_oss_120b,0.895
entity,EN,salient,historical_figure,mean,ridge,holdout,r2,year,gpt_oss_120b,0.7941
entity,EN,salient,art,last,ridge,holdout,spearman,year,gpt_oss_120b,0.8291
entity,EN,salient,art,last,ridge,holdout,r2,year,gpt_oss_120b,0.7392
entity,EN,salient,art,mean,ridge,holdout,spearman,year,gpt_oss_120b,0.8347
entity,EN,salient,art,mean,ridge,holdout,r2,year,gpt_oss_120b,0.7611
entity,EN,salient,headline,last,ridge,holdout,spearman,year,gpt_oss_120b,0.7219
entity,EN,salient,headline,last,ridge,holdout,r2,year,gpt_oss_120b,0.5096
entity,EN,salient,headline,mean,ridge,holdout,spearman,year,gpt_oss_120b,0.7216
entity,EN,salient,headline,mean,ridge,holdout,r2,year,gpt_oss_120b,0.5044
entity,EN,salient,historical_figure,last,ridge,holdout,spearman,year,llama2_13b,0.8996
entity,EN,salient,historical_figure,last,ridge,holdout,r2,year,llama2_13b,0.8025
entity,EN,salient,historical_figure,mean,ridge,holdout,spearman,year,llama2_13b,0.8927
entity,EN,salient,historical_figure,mean,ridge,holdout,r2,year,llama2_13b,0.7894
entity,EN,salient,art,last,ridge,holdout,spearman,year,llama2_13b,0.8549
entity,EN,salient,art,last,ridge,holdout,r2,year,llama2_13b,0.7802
entity,EN,salient,art,mean,ridge,holdout,spearman,year,llama2_13b,0.8442
entity,EN,salient,art,mean,ridge,holdout,r2,year,llama2_13b,0.7731
entity,EN,salient,headline,last,ridge,holdout,spearman,year,llama2_13b,0.8165
entity,EN,salient,headline,last,ridge,holdout,r2,year,llama2_13b,0.6627
entity,EN,salient,headline,mean,ridge,holdout,spearman,year,llama2_13b,0.7919
entity,EN,salient,headline,mean,ridge,holdout,r2,year,llama2_13b,0.6168
entity,EN,salient,historical_figure,last,ridge,holdout,spearman,year,qwen3_32b,0.8919
entity,EN,salient,historical_figure,last,ridge,holdout,r2,year,qwen3_32b,0.8058
entity,EN,salient,historical_figure,mean,ridge,holdout,spearman,year,qwen3_32b,0.8871
entity,EN,salient,historical_figure,mean,ridge,holdout,r2,year,qwen3_32b,0.7979
entity,EN,salient,art,last,ridge,holdout,spearman,year,qwen3_32b,0.8152
entity,EN,salient,art,last,ridge,holdout,r2,year,qwen3_32b,0.7266
entity,EN,salient,art,mean,ridge,holdout,spearman,year,qwen3_32b,0.8115
entity,EN,salient,art,mean,ridge,holdout,r2,year,qwen3_32b,0.7282
entity,EN,salient,headline,last,ridge,holdout,spearman,year,qwen3_32b,0.7807
entity,EN,salient,headline,last,ridge,holdout,r2,year,qwen3_32b,0.6055
entity,EN,salient,headline,mean,ridge,holdout,spearman,year,qwen3_32b,0.7763
entity,EN,salient,headline,mean,ridge,holdout,r2,year,qwen3_32b,0.5894
entity,EN,salient,historical_figure,last,ridge,holdout,spearman,year,llama2_7b,0.8853
entity,EN,salient,historical_figure,last,ridge,holdout,r2,year,llama2_7b,0.7835
entity,EN,salient,historical_figure,mean,ridge,holdout,spearman,year,llama2_7b,0.8789
entity,EN,salient,historical_figure,mean,ridge,holdout,r2,year,llama2_7b,0.7681
entity,EN,salient,art,last,ridge,holdout,spearman,year,llama2_7b,0.8433
entity,EN,salient,art,last,ridge,holdout,r2,year,llama2_7b,0.7698
entity,EN,salient,art,mean,ridge,holdout,spearman,year,llama2_7b,0.8399
entity,EN,salient,art,mean,ridge,holdout,r2,year,llama2_7b,0.7671
entity,EN,salient,headline,last,ridge,holdout,spearman,year,llama2_7b,0.7772
entity,EN,salient,headline,last,ridge,holdout,r2,year,llama2_7b,0.5919
entity,EN,salient,headline,mean,ridge,holdout,spearman,year,llama2_7b,0.7769
entity,EN,salient,headline,mean,ridge,holdout,r2,year,llama2_7b,0.5895
entity,EN,salient,historical_figure,last,ridge,holdout,spearman,year,qwen3_8b,0.8728
entity,EN,salient,historical_figure,last,ridge,holdout,r2,year,qwen3_8b,0.7736
entity,EN,salient,historical_figure,mean,ridge,holdout,spearman,year,qwen3_8b,0.8675
entity,EN,salient,historical_figure,mean,ridge,holdout,r2,year,qwen3_8b,0.7651
entity,EN,salient,art,last,ridge,holdout,spearman,year,qwen3_8b,0.7707
entity,EN,salient,art,last,ridge,holdout,r2,year,qwen3_8b,0.658
entity,EN,salient,art,mean,ridge,holdout,spearman,year,qwen3_8b,0.7793
entity,EN,salient,art,mean,ridge,holdout,r2,year,qwen3_8b,0.6824
entity,EN,salient,headline,last,ridge,holdout,spearman,year,qwen3_8b,0.751
entity,EN,salient,headline,last,ridge,holdout,r2,year,qwen3_8b,0.557
entity,EN,salient,headline,mean,ridge,holdout,spearman,year,qwen3_8b,0.7473
entity,EN,salient,headline,mean,ridge,holdout,r2,year,qwen3_8b,0.5424
entity,EN,salient,historical_figure,last,ridge,holdout,spearman,year,qwen3_1b7,0.8167
entity,EN,salient,historical_figure,last,ridge,holdout,r2,year,qwen3_1b7,0.6933
entity,EN,salient,historical_figure,mean,ridge,holdout,spearman,year,qwen3_1b7,0.8264
entity,EN,salient,historical_figure,mean,ridge,holdout,r2,year,qwen3_1b7,0.7021
entity,EN,salient,art,last,ridge,holdout,spearman,year,qwen3_1b7,0.6334
entity,EN,salient,art,last,ridge,holdout,r2,year,qwen3_1b7,0.4487
entity,EN,salient,art,mean,ridge,holdout,spearman,year,qwen3_1b7,0.6596
entity,EN,salient,art,mean,ridge,holdout,r2,year,qwen3_1b7,0.501
entity,EN,salient,headline,last,ridge,holdout,spearman,year,qwen3_1b7,0.6973
entity,EN,salient,headline,last,ridge,holdout,r2,year,qwen3_1b7,0.4762
entity,EN,salient,headline,mean,ridge,holdout,spearman,year,qwen3_1b7,0.7046
entity,EN,salient,headline,mean,ridge,holdout,r2,year,qwen3_1b7,0.4795
entity,EN,salient,historical_figure,last,ridge,holdout,spearman,year,thalesian_cunei400m,0.6165
entity,EN,salient,historical_figure,last,ridge,holdout,r2,year,thalesian_cunei400m,0.4011
entity,EN,salient,historical_figure,mean,ridge,holdout,spearman,year,thalesian_cunei400m,0.6744
entity,EN,salient,historical_figure,mean,ridge,holdout,r2,year,thalesian_cunei400m,0.46
entity,EN,salient,art,last,ridge,holdout,spearman,year,thalesian_cunei400m,0.2776
entity,EN,salient,art,last,ridge,holdout,r2,year,thalesian_cunei400m,0.0905
entity,EN,salient,art,mean,ridge,holdout,spearman,year,thalesian_cunei400m,0.3264
entity,EN,salient,art,mean,ridge,holdout,r2,year,thalesian_cunei400m,0.1263
entity,EN,salient,headline,last,ridge,holdout,spearman,year,thalesian_cunei400m,0.5527
entity,EN,salient,headline,last,ridge,holdout,r2,year,thalesian_cunei400m,0.2985
entity,EN,salient,headline,mean,ridge,holdout,spearman,year,thalesian_cunei400m,0.5939
entity,EN,salient,headline,mean,ridge,holdout,r2,year,thalesian_cunei400m,0.3428
entity,EN,salient,historical_figure,last,ridge,holdout,spearman,year,thalesian_akk300m,0.5847
entity,EN,salient,historical_figure,last,ridge,holdout,r2,year,thalesian_akk300m,0.3587
entity,EN,salient,historical_figure,mean,ridge,holdout,spearman,year,thalesian_akk300m,0.6699
entity,EN,salient,historical_figure,mean,ridge,holdout,r2,year,thalesian_akk300m,0.4481
entity,EN,salient,art,last,ridge,holdout,spearman,year,thalesian_akk300m,0.2891
entity,EN,salient,art,last,ridge,holdout,r2,year,thalesian_akk300m,0.1018
entity,EN,salient,art,mean,ridge,holdout,spearman,year,thalesian_akk300m,0.3128
entity,EN,salient,art,mean,ridge,holdout,r2,year,thalesian_akk300m,0.123
entity,EN,salient,headline,last,ridge,holdout,spearman,year,thalesian_akk300m,0.4671
entity,EN,salient,headline,last,ridge,holdout,r2,year,thalesian_akk300m,0.2147
entity,EN,salient,headline,mean,ridge,holdout,spearman,year,thalesian_akk300m,0.5534
entity,EN,salient,headline,mean,ridge,holdout,r2,year,thalesian_akk300m,0.2997
entity,EN,salient,historical_figure,last,ridge,holdout,spearman,year,umt5_base,0.6205
entity,EN,salient,historical_figure,last,ridge,holdout,r2,year,umt5_base,0.4015
entity,EN,salient,historical_figure,mean,ridge,holdout,spearman,year,umt5_base,0.6984
entity,EN,salient,historical_figure,mean,ridge,holdout,r2,year,umt5_base,0.4938
entity,EN,salient,art,last,ridge,holdout,spearman,year,umt5_base,0.3015
entity,EN,salient,art,last,ridge,holdout,r2,year,umt5_base,0.0977
entity,EN,salient,art,mean,ridge,holdout,spearman,year,umt5_base,0.3589
entity,EN,salient,art,mean,ridge,holdout,r2,year,umt5_base,0.1533
entity,EN,salient,headline,last,ridge,holdout,spearman,year,umt5_base,0.4904
entity,EN,salient,headline,last,ridge,holdout,r2,year,umt5_base,0.2397
entity,EN,salient,headline,mean,ridge,holdout,spearman,year,umt5_base,0.6019
entity,EN,salient,headline,mean,ridge,holdout,r2,year,umt5_base,0.3492
entity,EN,salient,historical_figure,last,ridge,holdout,spearman,year,random,0.5038
entity,EN,salient,historical_figure,last,ridge,holdout,r2,year,random,0.2759
entity,EN,salient,historical_figure,mean,ridge,holdout,spearman,year,random,0.6243
entity,EN,salient,historical_figure,mean,ridge,holdout,r2,year,random,0.4114
entity,EN,salient,art,last,ridge,holdout,spearman,year,random,0.2016
entity,EN,salient,art,last,ridge,holdout,r2,year,random,0.0549
entity,EN,salient,art,mean,ridge,holdout,spearman,year,random,0.1949
entity,EN,salient,art,mean,ridge,holdout,r2,year,random,-0.0328
entity,EN,salient,headline,last,ridge,holdout,spearman,year,random,0.442
entity,EN,salient,headline,last,ridge,holdout,r2,year,random,0.1957
entity,EN,salient,headline,mean,ridge,holdout,spearman,year,random,0.4356
entity,EN,salient,headline,mean,ridge,holdout,r2,year,random,0.2011
entity,EN,salient,historical_figure,last,ridge,holdout,spearman,year,llama2_7b_random,0.5127
entity,EN,salient,historical_figure,last,ridge,holdout,r2,year,llama2_7b_random,0.281
entity,EN,salient,historical_figure,mean,ridge,holdout,spearman,year,llama2_7b_random,0.643
entity,EN,salient,historical_figure,mean,ridge,holdout,r2,year,llama2_7b_random,0.4421
entity,EN,salient,art,last,ridge,holdout,spearman,year,llama2_7b_random,0.1853
entity,EN,salient,art,last,ridge,holdout,r2,year,llama2_7b_random,0.0459
entity,EN,salient,art,mean,ridge,holdout,spearman,year,llama2_7b_random,0.2122
entity,EN,salient,art,mean,ridge,holdout,r2,year,llama2_7b_random,0.009
entity,EN,salient,headline,last,ridge,holdout,spearman,year,llama2_7b_random,0.5117
entity,EN,salient,headline,last,ridge,holdout,r2,year,llama2_7b_random,0.2603
entity,EN,salient,headline,mean,ridge,holdout,spearman,year,llama2_7b_random,0.5785
entity,EN,salient,headline,mean,ridge,holdout,r2,year,llama2_7b_random,0.3264
entity,EN,salient,historical_figure,last,ridge,holdout,spearman,year,llama2_13b_random,0.5093
entity,EN,salient,historical_figure,last,ridge,holdout,r2,year,llama2_13b_random,0.2844
entity,EN,salient,historical_figure,mean,ridge,holdout,spearman,year,llama2_13b_random,0.663
entity,EN,salient,historical_figure,mean,ridge,holdout,r2,year,llama2_13b_random,0.4645
entity,EN,salient,art,last,ridge,holdout,spearman,year,llama2_13b_random,0.1794
entity,EN,salient,art,last,ridge,holdout,r2,year,llama2_13b_random,0.0381
entity,EN,salient,art,mean,ridge,holdout,spearman,year,llama2_13b_random,0.201
entity,EN,salient,art,mean,ridge,holdout,r2,year,llama2_13b_random,-0.0306
entity,EN,salient,headline,last,ridge,holdout,spearman,year,llama2_13b_random,0.5255
entity,EN,salient,headline,last,ridge,holdout,r2,year,llama2_13b_random,0.2671
entity,EN,salient,headline,mean,ridge,holdout,spearman,year,llama2_13b_random,0.5827
entity,EN,salient,headline,mean,ridge,holdout,r2,year,llama2_13b_random,0.3308
entity,EN,salient,historical_figure,last,ridge,holdout,spearman,year,llama2_70b_random,0.4691
entity,EN,salient,historical_figure,last,ridge,holdout,r2,year,llama2_70b_random,0.1975
entity,EN,salient,historical_figure,mean,ridge,holdout,spearman,year,llama2_70b_random,0.6675
entity,EN,salient,historical_figure,mean,ridge,holdout,r2,year,llama2_70b_random,0.4776
entity,EN,salient,art,last,ridge,holdout,spearman,year,llama2_70b_random,0.1326
entity,EN,salient,art,last,ridge,holdout,r2,year,llama2_70b_random,0.0291
entity,EN,salient,art,mean,ridge,holdout,spearman,year,llama2_70b_random,0.1809
entity,EN,salient,art,mean,ridge,holdout,r2,year,llama2_70b_random,-0.0412
entity,EN,salient,headline,last,ridge,holdout,spearman,year,llama2_70b_random,0.4769
entity,EN,salient,headline,last,ridge,holdout,r2,year,llama2_70b_random,0.1475
entity,EN,salient,headline,mean,ridge,holdout,spearman,year,llama2_70b_random,0.5704
entity,EN,salient,headline,mean,ridge,holdout,r2,year,llama2_70b_random,0.3218
entity,EN,salient,historical_figure,text,ridge,holdout,spearman,year,tfidf,0.7985
entity,EN,salient,historical_figure,text,ridge,holdout,r2,year,tfidf,0.6454
entity,EN,salient,art,text,ridge,holdout,spearman,year,tfidf,0.3179
entity,EN,salient,art,text,ridge,holdout,r2,year,tfidf,0.1159
entity,EN,salient,headline,text,ridge,holdout,spearman,year,tfidf,0.6755
entity,EN,salient,headline,text,ridge,holdout,r2,year,tfidf,0.4477
