,fragment_id,fragment_line_num,index_in_line,word_language,value,clean_value,lemma,domain,place_discovery,place_composition
0,"1879,0708.340",0,4,AKKADIAN,mu-mal₂-lu,mu-mal₂-lu,[],['CANONICAL ➝ Literature ➝ Hymns ➝ Divine'],,
1,"1879,0708.340",1,4,AKKADIAN,id-di,id-di,[],['CANONICAL ➝ Literature ➝ Hymns ➝ Divine'],,
2,"1879,0708.340",1,5,AKKADIAN,ša₂,ša₂,[],['CANONICAL ➝ Literature ➝ Hymns ➝ Divine'],,
3,"1879,0708.340",3,5,AKKADIAN,be-lu₄,be-lu₄,['bēlu I'],['CANONICAL ➝ Literature ➝ Hymns ➝ Divine'],,
4,"1879,0708.340",3,6,AKKADIAN,ra-ʾ-im,ra-ʾ-im,['râmu II'],['CANONICAL ➝ Literature ➝ Hymns ➝ Divine'],,
5,"1879,0708.340",6,1,AKKADIAN,i-tu-ut,i-tu-ut,['itûtu I'],['CANONICAL ➝ Literature ➝ Hymns ➝ Divine'],,
6,"1879,0708.340",6,3,AKKADIAN,lib₃-bi-ka,lib₃-bi-ka,['libbu I'],['CANONICAL ➝ Literature ➝ Hymns ➝ Divine'],,
7,"1879,0708.340",7,7,AKKADIAN,u₃,u₃,[],['CANONICAL ➝ Literature ➝ Hymns ➝ Divine'],,
