,fragment_id,fragment_line_num,index_in_line,word_language,value,clean_value,lemma,domain,place_discovery,place_composition
0,"1880,0719.344",3,1,AKKADIAN,aš₂-šu₂,aš₂-šu₂,[],['CANONICAL ➝ Literature ➝ Lamentations'],,
1,"1880,0719.344",4,1,EMESAL,mu-na₂,mu-na₂,[],['CANONICAL ➝ Literature ➝ Lamentations'],,
2,"1880,0719.344",4,2,EMESAL,gi-rin-na,gi-rin-na,[],['CANONICAL ➝ Literature ➝ Lamentations'],,
3,"1880,0719.344",5,1,AKKADIAN,er-ši,er-ši,[],['CANONICAL ➝ Literature ➝ Lamentations'],,
4,"1880,0719.344",6,1,EMESAL,aš-te-gu₁₀,aš-te-gu₁₀,[],['CANONICAL ➝ Literature ➝ Lamentations'],,
