,fragment_id,fragment_line_num,index_in_line,word_language,value,clean_value,lemma,domain,place_discovery,place_composition
0,"1879,0708.231",0,1,AKKADIAN,ina,ina,['ina I'],['CANONICAL ➝ Technical ➝ Ritual texts (?)'],,
1,"1879,0708.231",0,2,AKKADIAN,KUR,KUR,['mātu I'],['CANONICAL ➝ Technical ➝ Ritual texts (?)'],,
2,"1879,0708.231",0,3,AKKADIAN,GAL₂-MEŠ,GAL₂-MEŠ,['bašû I'],['CANONICAL ➝ Technical ➝ Ritual texts (?)'],,
3,"1879,0708.231",0,4,AKKADIAN,IGI,IGI,[],['CANONICAL ➝ Technical ➝ Ritual texts (?)'],,
4,"1879,0708.231",1,1,AKKADIAN,aš₂-šu₂,aš₂-šu₂,['aššu I'],['CANONICAL ➝ Technical ➝ Ritual texts (?)'],,
5,"1879,0708.231",1,2,AKKADIAN,AN.GE₆,AN.GE₆,['antalû I'],['CANONICAL ➝ Technical ➝ Ritual texts (?)'],,
6,"1879,0708.231",1,3,AKKADIAN,KUR,KUR,[],['CANONICAL ➝ Technical ➝ Ritual texts (?)'],,
7,"1879,0708.231",2,2,AKKADIAN,sa-am-ta,sa-am-ta,['sāmtu I'],['CANONICAL ➝ Technical ➝ Ritual texts (?)'],,
8,"1879,0708.231",2,3,AKKADIAN,ma-hi-iṣ,ma-hi-iṣ,['mahāṣu I'],['CANONICAL ➝ Technical ➝ Ritual texts (?)'],,
9,"1879,0708.231",3,2,AKKADIAN,{im}U₁₈.LU,{im}U₁₈.LU,['šūtu II'],['CANONICAL ➝ Technical ➝ Ritual texts (?)'],,
