,fragment_id,fragment_line_num,index_in_line,word_language,value,clean_value,lemma,domain,place_discovery,place_composition
0,"1876,1117.2692",1,2,AKKADIAN,DU₃,DU₃,[],"[['CANONICAL', 'Divination', 'Celestial']]",,
1,"1876,1117.2692",1,3,AKKADIAN,SI,SI,[],"[['CANONICAL', 'Divination', 'Celestial']]",,
2,"1876,1117.2692",3,2,AKKADIAN,MUL-MEŠ,MUL-MEŠ,['kakkabu I'],"[['CANONICAL', 'Divination', 'Celestial']]",,
3,"1876,1117.2692",3,3,AKKADIAN,ina,ina,['ina I'],"[['CANONICAL', 'Divination', 'Celestial']]",,
