,fragment_id,fragment_line_num,index_in_line,word_language,value,clean_value,lemma,domain,place_discovery,place_composition
0,"1879,0708.142",6,1,AKKADIAN,i-za-za,i-za-za,[],['CANONICAL ➝ Literature ➝ Hymns ➝ Divine ➝ Šuʾila'],,
1,"1879,0708.142",8,2,AKKADIAN,la,la,[],['CANONICAL ➝ Literature ➝ Hymns ➝ Divine ➝ Šuʾila'],,
2,"1879,0708.142",9,1,AKKADIAN,u₂-qal-lil,u₂-qal-lil,['qalālu I'],['CANONICAL ➝ Literature ➝ Hymns ➝ Divine ➝ Šuʾila'],,
3,"1879,0708.142",10,2,AKKADIAN,pa-nu-ki,pa-nu-ki,['pānu I'],['CANONICAL ➝ Literature ➝ Hymns ➝ Divine ➝ Šuʾila'],,
4,"1879,0708.142",11,1,AKKADIAN,it-ti-ia,it-ti-ia,['itti I'],['CANONICAL ➝ Literature ➝ Hymns ➝ Divine ➝ Šuʾila'],,
5,"1879,0708.142",12,2,AKKADIAN,šu-uk-ni,šu-uk-ni,['šakānu I'],['CANONICAL ➝ Literature ➝ Hymns ➝ Divine ➝ Šuʾila'],,
6,"1879,0708.142",13,3,AKKADIAN,ia-a-ši,ia-a-ši,['yâšim I'],['CANONICAL ➝ Literature ➝ Hymns ➝ Divine ➝ Šuʾila'],,
7,"1879,0708.142",14,1,AKKADIAN,TI-i,TI-i,[],['CANONICAL ➝ Literature ➝ Hymns ➝ Divine ➝ Šuʾila'],,
8,"1879,0708.142",14,2,AKKADIAN,un-ni-ni-ia,un-ni-ni-ia,['unnīnu I'],['CANONICAL ➝ Literature ➝ Hymns ➝ Divine ➝ Šuʾila'],,
9,"1879,0708.142",15,2,AKKADIAN,pa-lih-ki,pa-lih-ki,['palāhu I'],['CANONICAL ➝ Literature ➝ Hymns ➝ Divine ➝ Šuʾila'],,
10,"1879,0708.142",17,2,AKKADIAN,DU₃-ME,DU₃-ME,[],['CANONICAL ➝ Literature ➝ Hymns ➝ Divine ➝ Šuʾila'],,
11,"1879,0708.142",18,2,AKKADIAN,ak-mis,ak-mis,['kamāsu II'],['CANONICAL ➝ Literature ➝ Hymns ➝ Divine ➝ Šuʾila'],,
12,"1879,0708.142",21,4,AKKADIAN,GAL-ti,GAL-ti,['rabû I'],['CANONICAL ➝ Literature ➝ Hymns ➝ Divine ➝ Šuʾila'],,
13,"1879,0708.142",21,5,AKKADIAN,az-ziz,az-ziz,['izuzzu I'],['CANONICAL ➝ Literature ➝ Hymns ➝ Divine ➝ Šuʾila'],,
14,"1879,0708.142",23,1,AKKADIAN,ši-ri,ši-ri,[],['CANONICAL ➝ Literature ➝ Hymns ➝ Divine ➝ Šuʾila'],,
15,"1879,0708.142",24,1,AKKADIAN,ana,ana,['ana I'],['CANONICAL ➝ Literature ➝ Hymns ➝ Divine ➝ Šuʾila'],,
16,"1879,0708.142",24,3,AKKADIAN,DAGAL-MEŠ,DAGAL-MEŠ,['rapšu I'],['CANONICAL ➝ Literature ➝ Hymns ➝ Divine ➝ Šuʾila'],,
17,"1879,0708.142",24,4,AKKADIAN,lud-lul,lud-lul,['dalālu II'],['CANONICAL ➝ Literature ➝ Hymns ➝ Divine ➝ Šuʾila'],,
18,"1879,0708.142",26,3,SUMERIAN,{mul}dil-bat-kam@v,{mul}dil-bat-kam@v,[],['CANONICAL ➝ Literature ➝ Hymns ➝ Divine ➝ Šuʾila'],,
19,"1879,0708.142",28,5,AKKADIAN,NIG₂.NA,NIG₂.NA,['nignakku I'],['CANONICAL ➝ Literature ➝ Hymns ➝ Divine ➝ Šuʾila'],,
20,"1879,0708.142",28,6,AKKADIAN,{šim}LI,{šim}LI,['burāšu I'],['CANONICAL ➝ Literature ➝ Hymns ➝ Divine ➝ Šuʾila'],,
21,"1879,0708.142",28,7,AKKADIAN,GAR-an,GAR-an,['šakānu I'],['CANONICAL ➝ Literature ➝ Hymns ➝ Divine ➝ Šuʾila'],,
22,"1879,0708.142",29,2,AKKADIAN,ŠID-nu-ma,ŠID-nu-ma,['manû IV'],['CANONICAL ➝ Literature ➝ Hymns ➝ Divine ➝ Šuʾila'],,
23,"1879,0708.142",29,3,AKKADIAN,tuš-ken,tuš-ken,['šukênu I'],['CANONICAL ➝ Literature ➝ Hymns ➝ Divine ➝ Šuʾila'],,
24,"1879,0708.142",32,1,AKKADIAN,DUG₃.GA,DUG₃.GA,['ṭābu I'],['CANONICAL ➝ Literature ➝ Hymns ➝ Divine ➝ Šuʾila'],,
25,"1879,0708.142",33,1,AKKADIAN,E₂.GAL,E₂.GAL,['ēkallu I'],['CANONICAL ➝ Literature ➝ Hymns ➝ Divine ➝ Šuʾila'],,
26,"1879,0708.142",33,3,AKKADIAN,MAN,MAN,['šarru I'],['CANONICAL ➝ Literature ➝ Hymns ➝ Divine ➝ Šuʾila'],,
27,"1879,0708.142",33,4,AKKADIAN,ŠU₂,ŠU₂,['kiššatu I'],['CANONICAL ➝ Literature ➝ Hymns ➝ Divine ➝ Šuʾila'],,
28,"1879,0708.142",33,5,AKKADIAN,MAN,MAN,['šarru I'],['CANONICAL ➝ Literature ➝ Hymns ➝ Divine ➝ Šuʾila'],,
29,"1879,0708.142",33,6,AKKADIAN,{kur}AN.ŠAR₂{ki},{kur}AN.ŠAR₂{ki},[],['CANONICAL ➝ Literature ➝ Hymns ➝ Divine ➝ Šuʾila'],,
30,"1879,0708.142",34,1,AKKADIAN,{d}+AG,{d}+AG,[],['CANONICAL ➝ Literature ➝ Hymns ➝ Divine ➝ Šuʾila'],,
31,"1879,0708.142",34,2,AKKADIAN,u,u,['u I'],['CANONICAL ➝ Literature ➝ Hymns ➝ Divine ➝ Šuʾila'],,
32,"1879,0708.142",34,3,AKKADIAN,{d}taš-me-tu₄,{d}taš-me-tu₄,[],['CANONICAL ➝ Literature ➝ Hymns ➝ Divine ➝ Šuʾila'],,
33,"1879,0708.142",34,4,AKKADIAN,GEŠTU-MIN,GEŠTU-MIN,[],['CANONICAL ➝ Literature ➝ Hymns ➝ Divine ➝ Šuʾila'],,
34,"1879,0708.142",34,6,AKKADIAN,iš-ru-ku-uš,iš-ru-ku-uš,['šarāku I'],['CANONICAL ➝ Literature ➝ Hymns ➝ Divine ➝ Šuʾila'],,
35,"1879,0708.142",35,1,AKKADIAN,IGI-MIN,IGI-MIN,[],['CANONICAL ➝ Literature ➝ Hymns ➝ Divine ➝ Šuʾila'],,
36,"1879,0708.142",35,2,AKKADIAN,na-mir-tu,na-mir-tu,['nawru I'],['CANONICAL ➝ Literature ➝ Hymns ➝ Divine ➝ Šuʾila'],,
37,"1879,0708.142",35,3,AKKADIAN,ni-siq,ni-siq,['nisqu I'],['CANONICAL ➝ Literature ➝ Hymns ➝ Divine ➝ Šuʾila'],,
38,"1879,0708.142",36,1,AKKADIAN,ina,ina,['ina I'],['CANONICAL ➝ Literature ➝ Hymns ➝ Divine ➝ Šuʾila'],,
39,"1879,0708.142",36,2,AKKADIAN,LUGAL-MEŠ-ni,LUGAL-MEŠ-ni,[],['CANONICAL ➝ Literature ➝ Hymns ➝ Divine ➝ Šuʾila'],,
40,"1879,0708.142",36,3,AKKADIAN,a-lik,a-lik,['alāku I'],['CANONICAL ➝ Literature ➝ Hymns ➝ Divine ➝ Šuʾila'],,
41,"1879,0708.142",36,4,AKKADIAN,mah-ri-ia,mah-ri-ia,['mahru II'],['CANONICAL ➝ Literature ➝ Hymns ➝ Divine ➝ Šuʾila'],,
42,"1879,0708.142",36,5,AKKADIAN,mam-ma,mam-ma,['mamman I'],['CANONICAL ➝ Literature ➝ Hymns ➝ Divine ➝ Šuʾila'],,
43,"1879,0708.142",36,6,AKKADIAN,šip-ru,šip-ru,['šipru I'],['CANONICAL ➝ Literature ➝ Hymns ➝ Divine ➝ Šuʾila'],,
44,"1879,0708.142",36,7,AKKADIAN,šu-a-tu,šu-a-tu,['šuāti I'],['CANONICAL ➝ Literature ➝ Hymns ➝ Divine ➝ Šuʾila'],,
45,"1879,0708.142",36,8,AKKADIAN,la,la,['lā I'],['CANONICAL ➝ Literature ➝ Hymns ➝ Divine ➝ Šuʾila'],,
