,fragment_id,fragment_line_num,index_in_line,word_language,value,clean_value,lemma,domain,place_discovery,place_composition
0,"1881,0204.218",1,3,AKKADIAN,an-nu-u,an-nu-u,[],[],,
1,"1881,0204.218",1,4,AKKADIAN,KI.MIN,KI.MIN,[],[],,
2,"1881,0204.218",2,1,AKKADIAN,ul,ul,[],[],,
3,"1881,0204.218",2,2,AKKADIAN,ip-ti,ip-ti,[],[],,
4,"1881,0204.218",3,2,AKKADIAN,it-ti-šu₂,it-ti-šu₂,[],[],,
5,"1881,0204.218",3,3,AKKADIAN,lu-ud-bu-ub,lu-ud-bu-ub,[],[],,
6,"1881,0204.218",4,2,AKKADIAN,iq-ta-bu-niš-šu₂,iq-ta-bu-niš-šu₂,[],[],,
7,"1881,0204.218",5,1,AKKADIAN,a-na,a-na,[],[],,
8,"1881,0204.218",5,2,AKKADIAN,be-li₂-šu₂,be-li₂-šu₂,[],[],,
9,"1881,0204.218",5,3,AKKADIAN,a-ma-tu,a-ma-tu,[],[],,
10,"1881,0204.218",5,4,AKKADIAN,i-zak-kar,i-zak-kar,[],[],,
11,"1881,0204.218",6,3,AKKADIAN,be-la-ni,be-la-ni,[],[],,
12,"1881,0204.218",6,4,AKKADIAN,ze-na-ta,ze-na-ta,[],[],,
13,"1881,0204.218",7,3,AKKADIAN,it-ta-na-lak,it-ta-na-lak,[],[],,
14,"1881,0204.218",8,2,AKKADIAN,U₄-ME,U₄-ME,[],[],,
15,"1881,0204.218",8,3,AKKADIAN,pi-i-šu,pi-i-šu,[],[],,
16,"1881,0204.218",8,4,AKKADIAN,it-ti-šu₂,it-ti-šu₂,[],[],,
17,"1881,0204.218",8,5,AKKADIAN,ip-ti-ti,ip-ti-ti,[],[],,
18,"1881,0204.218",9,2,AKKADIAN,TA@v,TA@v,[],[],,
19,"1881,0204.218",9,3,AKKADIAN,URU-ia,URU-ia,[],[],,
20,"1881,0204.218",9,4,AKKADIAN,E₂.KUR-ia,E₂.KUR-ia,[],[],,
21,"1881,0204.218",9,5,AKKADIAN,E₂-ia,E₂-ia,[],[],,
22,"1881,0204.218",9,6,AKKADIAN,ra-aʾ-ba-ku,ra-aʾ-ba-ku,[],[],,
23,"1881,0204.218",10,1,AKKADIAN,TA,TA,[],[],,
24,"1881,0204.218",10,2,AKKADIAN,NIBRU{ki},NIBRU{ki},[],[],,
25,"1881,0204.218",10,3,AKKADIAN,ra-aʾ-ba-ku,ra-aʾ-ba-ku,[],[],,
26,"1881,0204.218",11,1,AKKADIAN,TA,TA,[],[],,
27,"1881,0204.218",11,2,AKKADIAN,bal-til{ki},bal-til{ki},[],[],,
28,"1881,0204.218",11,3,AKKADIAN,it-ti,it-ti,[],[],,
29,"1881,0204.218",11,4,AKKADIAN,ki-lal-le-e,ki-lal-le-e,[],[],,
30,"1881,0204.218",11,5,AKKADIAN,ma-ha-zi-ia,ma-ha-zi-ia,[],[],,
31,"1881,0204.218",12,2,AKKADIAN,GAL-u₂,GAL-u₂,[],[],,
32,"1881,0204.218",12,3,AKKADIAN,A.RI,A.RI,[],[],,
33,"1881,0204.218",12,4,AKKADIAN,TA,TA,[],[],,
34,"1881,0204.218",12,5,AKKADIAN,BAR,BAR,[],[],,
35,"1881,0204.218",12,6,AKKADIAN,ba-aṭ-lu,ba-aṭ-lu,[],[],,
36,"1881,0204.218",13,0,AKKADIAN,u₃,u₃,[],[],,
37,"1881,0204.218",13,1,AKKADIAN,eš₃-mah,eš₃-mah,[],[],,
38,"1881,0204.218",13,2,AKKADIAN,ša₂,ša₂,[],[],,
39,"1881,0204.218",13,3,AKKADIAN,ki-lal-le-e,ki-lal-le-e,[],[],,
40,"1881,0204.218",13,4,AKKADIAN,ma-ha-zi-ia,ma-ha-zi-ia,[],[],,
41,"1881,0204.218",13,5,AKKADIAN,i-ʾ-ab-tu₂/te,i-ʾ-ab-tu₂/te,[],[],,
42,"1881,0204.218",14,1,AKKADIAN,a-na,a-na,[],[],,
43,"1881,0204.218",14,2,AKKADIAN,{d}BAD,{d}BAD,[],[],,
44,"1881,0204.218",14,3,AKKADIAN,a-ma-tu₂,a-ma-tu₂,[],[],,
45,"1881,0204.218",14,4,AKKADIAN,e-pal-šu₂,e-pal-šu₂,[],[],,
46,"1881,0204.218",15,1,AKKADIAN,GARZA-MEŠ,GARZA-MEŠ,[],[],,
47,"1881,0204.218",15,2,AKKADIAN,{giš}HUR-MEŠ,{giš}HUR-MEŠ,[],[],,
48,"1881,0204.218",15,3,AKKADIAN,ša₂,ša₂,[],[],,
49,"1881,0204.218",15,4,AKKADIAN,ma-ha-zi-ka,ma-ha-zi-ka,[],[],,
50,"1881,0204.218",16,1,AKKADIAN,nu-šak-lil,nu-šak-lil,[],[],,
51,"1881,0204.218",16,2,AKKADIAN,um-ma,um-ma,[],[],,
52,"1881,0204.218",16,3,AKKADIAN,a-li-ik,a-li-ik,[],[],,
53,"1881,0204.218",16,4,AKKADIAN,ina,ina,[],[],,
54,"1881,0204.218",16,5,AKKADIAN,še-ri,še-ri,[],[],,
55,"1881,0204.218",17,5,AKKADIAN,a-šar,a-šar,[],[],,
56,"1881,0204.218",17,6,AKKADIAN,a-ri-bu,a-ri-bu,[],[],,
57,"1881,0204.218",17,7,AKKADIAN,BABBAR-u₂,BABBAR-u₂,[],[],,
58,"1881,0204.218",17,8,AKKADIAN,tam-ma-ru,tam-ma-ru,[],[],,
