,fragment_id,fragment_line_num,index_in_line,word_language,value,clean_value,lemma,domain,place_discovery,place_composition
0,"1876,1117.2706",0,4,AKKADIAN,GI₆,GI₆,[],"[['CANONICAL', 'Technical', 'Astronomy']]",,
1,"1876,1117.2706",1,2,AKKADIAN,diš,diš,[],"[['CANONICAL', 'Technical', 'Astronomy']]",,
2,"1876,1117.2706",1,3,AKKADIAN,šu₂,šu₂,[],"[['CANONICAL', 'Technical', 'Astronomy']]",,
3,"1876,1117.2706",1,5,AKKADIAN,30,30,[],"[['CANONICAL', 'Technical', 'Astronomy']]",,
4,"1876,1117.2706",1,6,AKKADIAN,3,3,[],"[['CANONICAL', 'Technical', 'Astronomy']]",,
5,"1876,1117.2706",2,2,AKKADIAN,ša₂,ša₂,[],"[['CANONICAL', 'Technical', 'Astronomy']]",,
