,fragment_id,fragment_line_num,index_in_line,word_language,value,clean_value,lemma,domain,place_discovery,place_composition
0,"1880,0617.2361",3,1,AKKADIAN,{d}GAŠAN,{d}GAŠAN,[],see genres.json file,,
1,"1880,0617.2361",3,2,AKKADIAN,MU,MU,[],see genres.json file,,
2,"1880,0617.2361",3,3,AKKADIAN,{d}50,{d}50,[],see genres.json file,,
3,"1880,0617.2361",3,5,AKKADIAN,AD-ša₂,AD-ša₂,[],see genres.json file,,
4,"1880,0617.2361",5,2,AKKADIAN,DU₃-ma,DU₃-ma,[],see genres.json file,,
5,"1880,0617.2361",5,3,AKKADIAN,MU,MU,[],see genres.json file,,
