,fragment_id,fragment_line_num,index_in_line,word_language,value,clean_value,lemma,domain,place_discovery,place_composition
0,"1879,0708.119",0,0,AKKADIAN,DIŠ,DIŠ,[],[],,
1,"1879,0708.119",0,1,AKKADIAN,MIN,MIN,[],[],,
2,"1879,0708.119",1,0,AKKADIAN,DIŠ,DIŠ,[],[],,
3,"1879,0708.119",1,1,AKKADIAN,MIN,MIN,[],[],,
4,"1879,0708.119",1,2,AKKADIAN,it-ta-na-aš₂-šam-ma,it-ta-na-aš₂-šam-ma,[],[],,
5,"1879,0708.119",2,1,AKKADIAN,{lu₂}GIG,{lu₂}GIG,[],[],,
6,"1879,0708.119",2,2,AKKADIAN,it-ti,it-ti,[],[],,
7,"1879,0708.119",3,0,AKKADIAN,DIŠ,DIŠ,[],[],,
8,"1879,0708.119",3,1,AKKADIAN,MIN,MIN,[],[],,
9,"1879,0708.119",3,2,AKKADIAN,qu₂-tur-šu₂,qu₂-tur-šu₂,[],[],,
10,"1879,0708.119",3,3,AKKADIAN,I₃+GIŠ,I₃+GIŠ,[],[],,
11,"1879,0708.119",3,4,AKKADIAN,ka,ka,[],[],,
12,"1879,0708.119",5,0,AKKADIAN,DIŠ,DIŠ,[],[],,
13,"1879,0708.119",5,1,AKKADIAN,MIN,MIN,[],[],,
14,"1879,0708.119",5,2,AKKADIAN,I₃+GIŠ-šu,I₃+GIŠ-šu,[],[],,
15,"1879,0708.119",5,3,AKKADIAN,UGU,UGU,[],[],,
16,"1879,0708.119",5,4,AKKADIAN,I₃+GIŠ,I₃+GIŠ,[],[],,
17,"1879,0708.119",5,5,AKKADIAN,ka,ka,[],[],,
18,"1879,0708.119",6,1,AKKADIAN,MIN,MIN,[],[],,
19,"1879,0708.119",6,2,AKKADIAN,GU₃-šu₂,GU₃-šu₂,[],[],,
20,"1879,0708.119",6,3,AKKADIAN,ŠUB.ŠUB-di,ŠUB.ŠUB-di,['nadû III'],[],,
21,"1879,0708.119",7,1,AKKADIAN,MIN,MIN,[],[],,
22,"1879,0708.119",7,2,AKKADIAN,MIN,MIN,[],[],,
23,"1879,0708.119",7,3,AKKADIAN,u,u,['u I'],[],,
24,"1879,0708.119",7,4,AKKADIAN,su-ud-dur,su-ud-dur,['sudduru I'],[],,
25,"1879,0708.119",7,5,AKKADIAN,{lu₂}GIG,{lu₂}GIG,[],[],,
26,"1879,0708.119",8,2,AKKADIAN,MIN,MIN,[],[],,
27,"1879,0708.119",8,3,AKKADIAN,u,u,[],[],,
28,"1879,0708.119",8,4,AKKADIAN,TAR,TAR,[],[],,
29,"1879,0708.119",8,5,AKKADIAN,DUMU,DUMU,[],[],,
30,"1879,0708.119",8,6,AKKADIAN,{lu₂}GIG,{lu₂}GIG,[],[],,
31,"1879,0708.119",8,7,AKKADIAN,BI,BI,[],[],,
32,"1879,0708.119",9,1,AKKADIAN,MIN,MIN,[],[],,
33,"1879,0708.119",9,3,AKKADIAN,IM,IM,[],[],,
34,"1879,0708.119",9,4,AKKADIAN,ik-kal,ik-kal,[],[],,
35,"1879,0708.119",10,2,AKKADIAN,KU₄,KU₄,[],[],,
36,"1879,0708.119",12,2,AKKADIAN,KU₆,KU₆,[],[],,
37,"1879,0708.119",12,3,AKKADIAN,BABBAR,BABBAR,[],[],,
38,"1879,0708.119",12,4,AKKADIAN,u,u,[],[],,
39,"1879,0708.119",12,5,AKKADIAN,SIG₇,SIG₇,[],[],,
40,"1879,0708.119",12,7,AKKADIAN,BI,BI,[],[],,
41,"1879,0708.119",13,3,AKKADIAN,i-šal,i-šal,[],[],,
42,"1879,0708.119",14,1,AKKADIAN,MIN,MIN,[],[],,
43,"1879,0708.119",14,3,AKKADIAN,u,u,[],[],,
