,fragment_id,fragment_line_num,index_in_line,word_language,value,clean_value,lemma,domain,place_discovery,place_composition
0,"1879,0708.135",21,2,AKKADIAN,{d}e₂-a,{d}e₂-a,['Ea I'],"['CANONICAL', 'CANONICAL ➝ Magic ➝ Exorcistic ➝ Šurpu']",,
1,"1879,0708.135",22,0,AKKADIAN,ŠEG₃-MEŠ,ŠEG₃-MEŠ,['zunnu I'],"['CANONICAL', 'CANONICAL ➝ Magic ➝ Exorcistic ➝ Šurpu']",,
2,"1879,0708.135",22,2,AKKADIAN,UGU,UGU,[],"['CANONICAL', 'CANONICAL ➝ Magic ➝ Exorcistic ➝ Šurpu']",,
3,"1879,0708.135",22,3,AKKADIAN,pir-sa-ni-ki,pir-sa-ni-ki,[],"['CANONICAL', 'CANONICAL ➝ Magic ➝ Exorcistic ➝ Šurpu']",,
4,"1879,0708.135",23,0,AKKADIAN,ina,ina,['ina I'],"['CANONICAL', 'CANONICAL ➝ Magic ➝ Exorcistic ➝ Šurpu']",,
5,"1879,0708.135",23,1,AKKADIAN,A-MEŠ,A-MEŠ,['mû I'],"['CANONICAL', 'CANONICAL ➝ Magic ➝ Exorcistic ➝ Šurpu']",,
6,"1879,0708.135",23,3,AKKADIAN,eb-be-ti₃,eb-be-ti₃,[],"['CANONICAL', 'CANONICAL ➝ Magic ➝ Exorcistic ➝ Šurpu']",,
7,"1879,0708.135",24,0,AKKADIAN,ar₂-ta-ki,ar₂-ta-ki,['artu I'],"['CANONICAL', 'CANONICAL ➝ Magic ➝ Exorcistic ➝ Šurpu']",,
8,"1879,0708.135",25,0,AKKADIAN,id-din-ki,id-din-ki,['nadānu II'],"['CANONICAL', 'CANONICAL ➝ Magic ➝ Exorcistic ➝ Šurpu']",,
9,"1879,0708.135",26,0,AKKADIAN,pat-ti,pat-ti,[],"['CANONICAL', 'CANONICAL ➝ Magic ➝ Exorcistic ➝ Šurpu']",,
10,"1879,0708.135",26,1,AKKADIAN,nu-uh-ši,nu-uh-ši,['nuhšu I'],"['CANONICAL', 'CANONICAL ➝ Magic ➝ Exorcistic ➝ Šurpu']",,
11,"1879,0708.135",27,0,AKKADIAN,i-šim-ki,i-šim-ki,['šiāmu I'],"['CANONICAL', 'CANONICAL ➝ Magic ➝ Exorcistic ➝ Šurpu']",,
12,"1879,0708.135",27,2,AKKADIAN,KURUM₆,KURUM₆,[],"['CANONICAL', 'CANONICAL ➝ Magic ➝ Exorcistic ➝ Šurpu']",,
13,"1879,0708.135",27,3,AKKADIAN,KUR,KUR,[],"['CANONICAL', 'CANONICAL ➝ Magic ➝ Exorcistic ➝ Šurpu']",,
14,"1879,0708.135",28,0,AKKADIAN,u₂-gam₂-mer-ki,u₂-gam₂-mer-ki,['gamāru II'],"['CANONICAL', 'CANONICAL ➝ Magic ➝ Exorcistic ➝ Šurpu']",,
15,"1879,0708.135",28,1,AKKADIAN,ṭuh-du,ṭuh-du,['ṭuhdu I'],"['CANONICAL', 'CANONICAL ➝ Magic ➝ Exorcistic ➝ Šurpu']",,
16,"1879,0708.135",29,0,AKKADIAN,qar-ra-du,qar-ra-du,['qarrādu I'],"['CANONICAL', 'CANONICAL ➝ Magic ➝ Exorcistic ➝ Šurpu']",,
17,"1879,0708.135",29,1,AKKADIAN,{d}nin-urta,{d}nin-urta,['Ninurta I'],"['CANONICAL', 'CANONICAL ➝ Magic ➝ Exorcistic ➝ Šurpu']",,
18,"1879,0708.135",30,0,AKKADIAN,MU-ki,MU-ki,"['šumu I', '-kin I']","['CANONICAL', 'CANONICAL ➝ Magic ➝ Exorcistic ➝ Šurpu']",,
19,"1879,0708.135",30,1,AKKADIAN,im-bu-u₂,im-bu-u₂,['nabû II'],"['CANONICAL', 'CANONICAL ➝ Magic ➝ Exorcistic ➝ Šurpu']",,
20,"1879,0708.135",31,0,AKKADIAN,im-ni-ki,im-ni-ki,['manû IV'],"['CANONICAL', 'CANONICAL ➝ Magic ➝ Exorcistic ➝ Šurpu']",,
21,"1879,0708.135",31,1,AKKADIAN,šu-luh-hi-šu₂,šu-luh-hi-šu₂,"['šuluhhu I', '-šu I']","['CANONICAL', 'CANONICAL ➝ Magic ➝ Exorcistic ➝ Šurpu']",,
22,"1879,0708.135",31,3,AKKADIAN,na-an-na-ru,na-an-na-ru,[],"['CANONICAL', 'CANONICAL ➝ Magic ➝ Exorcistic ➝ Šurpu']",,
23,"1879,0708.135",32,0,AKKADIAN,KU₃-ti₃,KU₃-ti₃,['ellu I'],"['CANONICAL', 'CANONICAL ➝ Magic ➝ Exorcistic ➝ Šurpu']",,
24,"1879,0708.135",32,1,AKKADIAN,{d}iš-tar,{d}iš-tar,[],"['CANONICAL', 'CANONICAL ➝ Magic ➝ Exorcistic ➝ Šurpu']",,
25,"1879,0708.135",32,2,AKKADIAN,ina,ina,['ina I'],"['CANONICAL', 'CANONICAL ➝ Magic ➝ Exorcistic ➝ Šurpu']",,
26,"1879,0708.135",32,4,AKKADIAN,sas-bi-ki,sas-bi-ki,[],"['CANONICAL', 'CANONICAL ➝ Magic ➝ Exorcistic ➝ Šurpu']",,
27,"1879,0708.135",33,0,AKKADIAN,ṣi-ru-ti,ṣi-ru-ti,['ṣīru I'],"['CANONICAL', 'CANONICAL ➝ Magic ➝ Exorcistic ➝ Šurpu']",,
28,"1879,0708.135",33,1,AKKADIAN,pel-lu-de-e,pel-lu-de-e,['pelludû I'],"['CANONICAL', 'CANONICAL ➝ Magic ➝ Exorcistic ➝ Šurpu']",,
29,"1879,0708.135",34,0,AKKADIAN,el-lu-ti,el-lu-ti,['ellu I'],"['CANONICAL', 'CANONICAL ➝ Magic ➝ Exorcistic ➝ Šurpu']",,
30,"1879,0708.135",34,1,AKKADIAN,nin-da-be-e,nin-da-be-e,['nindabû I'],"['CANONICAL', 'CANONICAL ➝ Magic ➝ Exorcistic ➝ Šurpu']",,
31,"1879,0708.135",35,0,AKKADIAN,mim-ma,mim-ma,['mimma I'],"['CANONICAL', 'CANONICAL ➝ Magic ➝ Exorcistic ➝ Šurpu']",,
32,"1879,0708.135",35,1,AKKADIAN,šum-šu₂,šum-šu₂,"['šumu I', '-šu I']","['CANONICAL', 'CANONICAL ➝ Magic ➝ Exorcistic ➝ Šurpu']",,
33,"1879,0708.135",36,0,AKKADIAN,sah-ru-ki,sah-ru-ki,[],"['CANONICAL', 'CANONICAL ➝ Magic ➝ Exorcistic ➝ Šurpu']",,
34,"1879,0708.135",36,2,AKKADIAN,EDIN,EDIN,[],"['CANONICAL', 'CANONICAL ➝ Magic ➝ Exorcistic ➝ Šurpu']",,
