,fragment_id,fragment_line_num,index_in_line,word_language,value,clean_value,lemma,domain,place_discovery,place_composition
0,"1880,0617.2321",1,1,AKKADIAN,DUMU,DUMU,[],see genres.json file,,
1,"1880,0617.2321",1,2,AKKADIAN,eri-du₁₀,eri-du₁₀,[],see genres.json file,,
2,"1880,0617.2321",1,5,AKKADIAN,iz-ru-ma,iz-ru-ma,[],see genres.json file,,
3,"1880,0617.2321",1,6,AKKADIAN,šip-tu₂,šip-tu₂,[],see genres.json file,,
4,"1880,0617.2321",2,3,SUMERIAN,u-me-ni-niĝin,u-me-ni-niĝin,[],see genres.json file,,
5,"1880,0617.2321",2,4,SUMERIAN,e₂-a,e₂-a,[],see genres.json file,,
6,"1880,0617.2321",4,3,AKKADIAN,u₂-šal-me-ma,u₂-šal-me-ma,[],see genres.json file,,
7,"1880,0617.2321",10,5,AKKADIAN,MIN,MIN,[],see genres.json file,,
8,"1880,0617.2321",11,5,AKKADIAN,MIN,MIN,[],see genres.json file,,
9,"1880,0617.2321",12,5,AKKADIAN,MIN,MIN,[],see genres.json file,,
10,"1880,0617.2321",13,5,AKKADIAN,MIN,MIN,[],see genres.json file,,
