,fragment_id,fragment_line_num,index_in_line,word_language,value,clean_value,lemma,domain,place_discovery,place_composition
0,"1876,1117.2659",2,2,AKKADIAN,ŠU,ŠU,['qātu I'],"[['CANONICAL', 'Divination', 'Terrestrial', 'Šumma ālu']]",,
1,"1876,1117.2659",2,3,AKKADIAN,LU₂,LU₂,['awīlu I'],"[['CANONICAL', 'Divination', 'Terrestrial', 'Šumma ālu']]",,
2,"1876,1117.2659",2,4,AKKADIAN,lu,lu,['lū I'],"[['CANONICAL', 'Divination', 'Terrestrial', 'Šumma ālu']]",,
3,"1876,1117.2659",2,5,AKKADIAN,GIR₃,GIR₃,['šēpu I'],"[['CANONICAL', 'Divination', 'Terrestrial', 'Šumma ālu']]",,
4,"1876,1117.2659",2,6,AKKADIAN,LU₂,LU₂,['awīlu I'],"[['CANONICAL', 'Divination', 'Terrestrial', 'Šumma ālu']]",,
5,"1876,1117.2659",4,1,AKKADIAN,MUŠ,MUŠ,['ṣerru I'],"[['CANONICAL', 'Divination', 'Terrestrial', 'Šumma ālu']]",,
6,"1876,1117.2659",4,3,AKKADIAN,,,['awīlu I'],"[['CANONICAL', 'Divination', 'Terrestrial', 'Šumma ālu']]",,
7,"1876,1117.2659",4,4,AKKADIAN,NIGIN-ma,NIGIN-ma,['lawû II'],"[['CANONICAL', 'Divination', 'Terrestrial', 'Šumma ālu']]",,
8,"1876,1117.2659",6,1,AKKADIAN,MUŠ,MUŠ,['ṣerru I'],"[['CANONICAL', 'Divination', 'Terrestrial', 'Šumma ālu']]",,
9,"1876,1117.2659",6,2,AKKADIAN,GIR₃,GIR₃,['šēpu I'],"[['CANONICAL', 'Divination', 'Terrestrial', 'Šumma ālu']]",,
10,"1876,1117.2659",6,4,AKKADIAN,NIGIN-ma,NIGIN-ma,['lawû II'],"[['CANONICAL', 'Divination', 'Terrestrial', 'Šumma ālu']]",,
11,"1876,1117.2659",8,2,AKKADIAN,na,na,[],"[['CANONICAL', 'Divination', 'Terrestrial', 'Šumma ālu']]",,
