,fragment_id,fragment_line_num,index_in_line,word_language,value,clean_value,lemma,domain,place_discovery,place_composition
0,"1881,0204.311",2,2,AKKADIAN,GAL,GAL,['rabû I'],['CANONICAL'],,
1,"1881,0204.311",2,3,AKKADIAN,GAL,GAL,['rabû I'],['CANONICAL'],,
2,"1881,0204.311",3,2,AKKADIAN,AMA-MEŠ,AMA-MEŠ,['ummu II'],['CANONICAL'],,
3,"1881,0204.311",4,1,AKKADIAN,šu-luh-hu,šu-luh-hu,['šuluhhu I'],['CANONICAL'],,
4,"1881,0204.311",5,2,AKKADIAN,ZAG.U-MEŠ,ZAG.U-MEŠ,['ešertu I'],['CANONICAL'],,
5,"1881,0204.311",6,1,AKKADIAN,{d}i₂-gi₃-gi₃,{d}i₂-gi₃-gi₃,['Igigû I'],['CANONICAL'],,
6,"1881,0204.311",17,0,AKKADIAN,ša₂,ša₂,['ša I'],['CANONICAL'],,
7,"1881,0204.311",17,1,AKKADIAN,EN,EN,[],['CANONICAL'],,
8,"1881,0204.311",17,2,AKKADIAN,NAM,NAM,['šīmtu I'],['CANONICAL'],,
9,"1881,0204.311",18,0,AKKADIAN,DUL₃/ra-(hat)-sin,DUL₃/ra-hat-sin,[],['CANONICAL'],,
10,"1881,0204.311",20,0,AKKADIAN,UGU,UGU,[],['CANONICAL'],,
11,"1881,0204.311",20,1,AKKADIAN,DU₃,DU₃,[],['CANONICAL'],,
12,"1881,0204.311",20,3,AKKADIAN,(ri),ri,[],['CANONICAL'],,
13,"1881,0204.311",21,0,AKKADIAN,{d}ad-di,{d}ad-di,[],['CANONICAL'],,
14,"1881,0204.311",21,1,AKKADIAN,eš,eš,[],['CANONICAL'],,
15,"1881,0204.311",22,0,AKKADIAN,ina,ina,['ina I'],['CANONICAL'],,
16,"1881,0204.311",22,1,AKKADIAN,ṣi-it,ṣi-it,['ṣītu I'],['CANONICAL'],,
17,"1881,0204.311",23,2,AKKADIAN,ki,ki,[],['CANONICAL'],,
