,fragment_id,fragment_line_num,index_in_line,word_language,value,clean_value,lemma,domain,place_discovery,place_composition
0,"1881,0204.198",1,0,AKKADIAN,BE,BE,['šumma I'],['CANONICAL ➝ Divination ➝ Extispicy'],,
1,"1881,0204.198",1,1,AKKADIAN,TA,TA,['ištu I'],['CANONICAL ➝ Divination ➝ Extispicy'],,
2,"1881,0204.198",1,2,AKKADIAN,ŠA₃,ŠA₃,['libbu I'],['CANONICAL ➝ Divination ➝ Extispicy'],,
3,"1881,0204.198",1,3,AKKADIAN,SAG,SAG,['rēšu I'],['CANONICAL ➝ Divination ➝ Extispicy'],,
4,"1881,0204.198",1,4,AKKADIAN,,,['mazzāzu I'],['CANONICAL ➝ Divination ➝ Extispicy'],,
5,"1881,0204.198",1,5,AKKADIAN,GIŠ.HUR,GIŠ.HUR,['uṣurtu I'],['CANONICAL ➝ Divination ➝ Extispicy'],,
6,"1881,0204.198",1,6,AKKADIAN,ana,ana,['ana I'],['CANONICAL ➝ Divination ➝ Extispicy'],,
7,"1881,0204.198",1,7,AKKADIAN,ME.NI,ME.NI,"['bābu I', 'ēkallu I']",['CANONICAL ➝ Divination ➝ Extispicy'],,
8,"1881,0204.198",1,9,AKKADIAN,{giš}TUKUL,{giš}TUKUL,['kakku I'],['CANONICAL ➝ Divination ➝ Extispicy'],,
9,"1881,0204.198",1,10,AKKADIAN,UŠ-ši,UŠ-ši,"['redû I', '-ši I']",['CANONICAL ➝ Divination ➝ Extispicy'],,
10,"1881,0204.198",1,11,AKKADIAN,MAS.SU₃,MAS.SU₃,['massû I'],['CANONICAL ➝ Divination ➝ Extispicy'],,
11,"1881,0204.198",1,12,AKKADIAN,ina,ina,['ina I'],['CANONICAL ➝ Divination ➝ Extispicy'],,
12,"1881,0204.198",1,13,AKKADIAN,ŠA₃,ŠA₃,['libbu I'],['CANONICAL ➝ Divination ➝ Extispicy'],,
13,"1881,0204.198",1,14,AKKADIAN,KUR,KUR,['mātu I'],['CANONICAL ➝ Divination ➝ Extispicy'],,
14,"1881,0204.198",3,0,AKKADIAN,BE,BE,['šumma I'],['CANONICAL ➝ Divination ➝ Extispicy'],,
15,"1881,0204.198",3,1,AKKADIAN,TA,TA,['ištu I'],['CANONICAL ➝ Divination ➝ Extispicy'],,
16,"1881,0204.198",3,2,AKKADIAN,ŠA₃,ŠA₃,['libbu I'],['CANONICAL ➝ Divination ➝ Extispicy'],,
17,"1881,0204.198",3,3,AKKADIAN,SAG,SAG,['rēšu I'],['CANONICAL ➝ Divination ➝ Extispicy'],,
18,"1881,0204.198",3,4,AKKADIAN,,,['mazzāzu I'],['CANONICAL ➝ Divination ➝ Extispicy'],,
19,"1881,0204.198",3,5,AKKADIAN,GIŠ.HUR,GIŠ.HUR,['uṣurtu I'],['CANONICAL ➝ Divination ➝ Extispicy'],,
20,"1881,0204.198",3,6,AKKADIAN,ana,ana,['ana I'],['CANONICAL ➝ Divination ➝ Extispicy'],,
21,"1881,0204.198",3,7,AKKADIAN,ME.NI,ME.NI,"['bābu I', 'ēkallu I']",['CANONICAL ➝ Divination ➝ Extispicy'],,
22,"1881,0204.198",3,9,AKKADIAN,{giš}TUKUL,{giš}TUKUL,['kakku I'],['CANONICAL ➝ Divination ➝ Extispicy'],,
23,"1881,0204.198",3,10,AKKADIAN,IGI-ši,IGI-ši,"['naṭālu I', '-ši I']",['CANONICAL ➝ Divination ➝ Extispicy'],,
24,"1881,0204.198",3,11,AKKADIAN,MAS.SU₃,MAS.SU₃,['massû I'],['CANONICAL ➝ Divination ➝ Extispicy'],,
25,"1881,0204.198",3,12,AKKADIAN,ina,ina,['ina I'],['CANONICAL ➝ Divination ➝ Extispicy'],,
26,"1881,0204.198",3,13,AKKADIAN,ŠA₃,ŠA₃,['libbu I'],['CANONICAL ➝ Divination ➝ Extispicy'],,
27,"1881,0204.198",3,14,AKKADIAN,KUR,KUR,['mātu I'],['CANONICAL ➝ Divination ➝ Extispicy'],,
28,"1881,0204.198",5,0,AKKADIAN,BE,BE,['šumma I'],['CANONICAL ➝ Divination ➝ Extispicy'],,
29,"1881,0204.198",5,1,AKKADIAN,TA,TA,['ištu I'],['CANONICAL ➝ Divination ➝ Extispicy'],,
30,"1881,0204.198",5,2,AKKADIAN,ŠA₃,ŠA₃,['libbu I'],['CANONICAL ➝ Divination ➝ Extispicy'],,
31,"1881,0204.198",5,3,AKKADIAN,ME.NI,ME.NI,"['bābu I', 'ēkallu I']",['CANONICAL ➝ Divination ➝ Extispicy'],,
32,"1881,0204.198",5,4,AKKADIAN,GIŠ.HUR,GIŠ.HUR,['uṣurtu I'],['CANONICAL ➝ Divination ➝ Extispicy'],,
33,"1881,0204.198",5,5,AKKADIAN,ana,ana,['ana I'],['CANONICAL ➝ Divination ➝ Extispicy'],,
34,"1881,0204.198",5,6,AKKADIAN,,,['mazzāzu I'],['CANONICAL ➝ Divination ➝ Extispicy'],,
35,"1881,0204.198",5,8,AKKADIAN,I.{d}UTU,I.{d}UTU,['tazzimtu I'],['CANONICAL ➝ Divination ➝ Extispicy'],,
36,"1881,0204.198",5,9,AKKADIAN,KUR,KUR,['mātu I'],['CANONICAL ➝ Divination ➝ Extispicy'],,
37,"1881,0204.198",5,10,AKKADIAN,DINGIR-MEŠ,DINGIR-MEŠ,['ilu I'],['CANONICAL ➝ Divination ➝ Extispicy'],,
38,"1881,0204.198",7,0,AKKADIAN,BE,BE,['šumma I'],['CANONICAL ➝ Divination ➝ Extispicy'],,
39,"1881,0204.198",7,1,AKKADIAN,ina,ina,['ina I'],['CANONICAL ➝ Divination ➝ Extispicy'],,
40,"1881,0204.198",7,2,AKKADIAN,bi-rit,bi-rit,['birītu I'],['CANONICAL ➝ Divination ➝ Extispicy'],,
41,"1881,0204.198",7,3,AKKADIAN,,,['mazzāzu I'],['CANONICAL ➝ Divination ➝ Extispicy'],,
42,"1881,0204.198",7,4,AKKADIAN,u,u,['u I'],['CANONICAL ➝ Divination ➝ Extispicy'],,
43,"1881,0204.198",7,5,AKKADIAN,GIR₂,GIR₂,['padānu I'],['CANONICAL ➝ Divination ➝ Extispicy'],,
44,"1881,0204.198",7,6,AKKADIAN,GIŠ.HUR,GIŠ.HUR,['uṣurtu I'],['CANONICAL ➝ Divination ➝ Extispicy'],,
45,"1881,0204.198",7,7,AKKADIAN,eṣ-ret,eṣ-ret,['eṣēru I'],['CANONICAL ➝ Divination ➝ Extispicy'],,
46,"1881,0204.198",7,9,AKKADIAN,LU₂,LU₂,['awīlu I'],['CANONICAL ➝ Divination ➝ Extispicy'],,
47,"1881,0204.198",7,10,AKKADIAN,ŠU.NIR,ŠU.NIR,['šurīnu I'],['CANONICAL ➝ Divination ➝ Extispicy'],,
48,"1881,0204.198",7,11,AKKADIAN,u₂-lu,u₂-lu,['ūlū I'],['CANONICAL ➝ Divination ➝ Extispicy'],,
49,"1881,0204.198",7,12,AKKADIAN,nig₂-nak,nig₂-nak,['nignakku I'],['CANONICAL ➝ Divination ➝ Extispicy'],,
50,"1881,0204.198",9,0,AKKADIAN,BE,BE,['šumma I'],['CANONICAL ➝ Divination ➝ Extispicy'],,
51,"1881,0204.198",9,1,AKKADIAN,ina,ina,['ina I'],['CANONICAL ➝ Divination ➝ Extispicy'],,
52,"1881,0204.198",9,2,AKKADIAN,bi-rit,bi-rit,['birītu I'],['CANONICAL ➝ Divination ➝ Extispicy'],,
53,"1881,0204.198",9,3,AKKADIAN,,,['mazzāzu I'],['CANONICAL ➝ Divination ➝ Extispicy'],,
54,"1881,0204.198",9,4,AKKADIAN,u,u,['u I'],['CANONICAL ➝ Divination ➝ Extispicy'],,
55,"1881,0204.198",9,5,AKKADIAN,GIR₂,GIR₂,['padānu I'],['CANONICAL ➝ Divination ➝ Extispicy'],,
56,"1881,0204.198",9,6,AKKADIAN,GIŠ.HUR,GIŠ.HUR,['uṣurtu I'],['CANONICAL ➝ Divination ➝ Extispicy'],,
57,"1881,0204.198",9,7,AKKADIAN,EN,EN,['adi I'],['CANONICAL ➝ Divination ➝ Extispicy'],,
58,"1881,0204.198",9,8,AKKADIAN,2,2,['šina II'],['CANONICAL ➝ Divination ➝ Extispicy'],,
59,"1881,0204.198",9,10,AKKADIAN,DAM,DAM,['aššatu I'],['CANONICAL ➝ Divination ➝ Extispicy'],,
60,"1881,0204.198",9,11,AKKADIAN,LU₂,LU₂,['awīlu I'],['CANONICAL ➝ Divination ➝ Extispicy'],,
61,"1881,0204.198",9,12,AKKADIAN,DAM-sa₃,DAM-sa₃,"['aššatu I', '-ša I']",['CANONICAL ➝ Divination ➝ Extispicy'],,
62,"1881,0204.198",11,0,AKKADIAN,BE,BE,['šumma I'],['CANONICAL ➝ Divination ➝ Extispicy'],,
63,"1881,0204.198",11,1,AKKADIAN,ina,ina,['ina I'],['CANONICAL ➝ Divination ➝ Extispicy'],,
64,"1881,0204.198",11,2,AKKADIAN,bi-rit,bi-rit,['birītu I'],['CANONICAL ➝ Divination ➝ Extispicy'],,
65,"1881,0204.198",11,3,AKKADIAN,,,['mazzāzu I'],['CANONICAL ➝ Divination ➝ Extispicy'],,
66,"1881,0204.198",11,4,AKKADIAN,u,u,['u I'],['CANONICAL ➝ Divination ➝ Extispicy'],,
67,"1881,0204.198",11,5,AKKADIAN,GIR₂,GIR₂,['padānu I'],['CANONICAL ➝ Divination ➝ Extispicy'],,
68,"1881,0204.198",11,6,AKKADIAN,GIŠ.HUR,GIŠ.HUR,['uṣurtu I'],['CANONICAL ➝ Divination ➝ Extispicy'],,
69,"1881,0204.198",11,7,AKKADIAN,EN,EN,['adi I'],['CANONICAL ➝ Divination ➝ Extispicy'],,
70,"1881,0204.198",11,8,AKKADIAN,3,3,['šalāš I'],['CANONICAL ➝ Divination ➝ Extispicy'],,
71,"1881,0204.198",11,9,AKKADIAN,eṣ-ret,eṣ-ret,['eṣēru I'],['CANONICAL ➝ Divination ➝ Extispicy'],,
72,"1881,0204.198",11,10,AKKADIAN,DAM,DAM,['aššatu I'],['CANONICAL ➝ Divination ➝ Extispicy'],,
73,"1881,0204.198",11,12,AKKADIAN,ana,ana,['ana I'],['CANONICAL ➝ Divination ➝ Extispicy'],,
74,"1881,0204.198",11,13,AKKADIAN,GAZ,GAZ,['dâku I'],['CANONICAL ➝ Divination ➝ Extispicy'],,
75,"1881,0204.198",11,14,AKKADIAN,DAM-ša₂,DAM-ša₂,"['mutu I', '-ša I']",['CANONICAL ➝ Divination ➝ Extispicy'],,
76,"1881,0204.198",11,15,AKKADIAN,KIN.KIN,KIN.KIN,['šapāru I'],['CANONICAL ➝ Divination ➝ Extispicy'],,
77,"1881,0204.198",11,16,AKKADIAN,DAM,DAM,['aššatu I'],['CANONICAL ➝ Divination ➝ Extispicy'],,
78,"1881,0204.198",11,17,AKKADIAN,GAZ-ma,GAZ-ma,['dâku I'],['CANONICAL ➝ Divination ➝ Extispicy'],,
79,"1881,0204.198",11,18,AKKADIAN,ia-a-ši,ia-a-ši,['yâšim I'],['CANONICAL ➝ Divination ➝ Extispicy'],,
80,"1881,0204.198",13,0,AKKADIAN,BE,BE,['šumma I'],['CANONICAL ➝ Divination ➝ Extispicy'],,
81,"1881,0204.198",13,1,AKKADIAN,ina,ina,['ina I'],['CANONICAL ➝ Divination ➝ Extispicy'],,
82,"1881,0204.198",13,2,AKKADIAN,bi-rit,bi-rit,['birītu I'],['CANONICAL ➝ Divination ➝ Extispicy'],,
83,"1881,0204.198",13,3,AKKADIAN,,,['mazzāzu I'],['CANONICAL ➝ Divination ➝ Extispicy'],,
84,"1881,0204.198",13,4,AKKADIAN,u,u,['u I'],['CANONICAL ➝ Divination ➝ Extispicy'],,
85,"1881,0204.198",13,5,AKKADIAN,ni-ri,ni-ri,['nīru I'],['CANONICAL ➝ Divination ➝ Extispicy'],,
86,"1881,0204.198",13,6,AKKADIAN,BAR-ma,BAR-ma,['mišlu I'],['CANONICAL ➝ Divination ➝ Extispicy'],,
87,"1881,0204.198",13,7,AKKADIAN,BUR₃,BUR₃,['šīlu I'],['CANONICAL ➝ Divination ➝ Extispicy'],,
88,"1881,0204.198",13,8,AKKADIAN,ŠUB-di,ŠUB-di,['nadû III'],['CANONICAL ➝ Divination ➝ Extispicy'],,
89,"1881,0204.198",13,10,AKKADIAN,ZAG-ka,ZAG-ka,['pāṭu I'],['CANONICAL ➝ Divination ➝ Extispicy'],,
90,"1881,0204.198",13,11,AKKADIAN,SIG-a,SIG-a,['ēdû I'],['CANONICAL ➝ Divination ➝ Extispicy'],,
91,"1881,0204.198",13,12,AKKADIAN,ŠU,ŠU,['qātu I'],['CANONICAL ➝ Divination ➝ Extispicy'],,
92,"1881,0204.198",13,13,AKKADIAN,KUR₂,KUR₂,['nakru I'],['CANONICAL ➝ Divination ➝ Extispicy'],,
93,"1881,0204.198",14,1,AKKADIAN,u₂-lu,u₂-lu,['ūlū I'],['CANONICAL ➝ Divination ➝ Extispicy'],,
94,"1881,0204.198",14,2,AKKADIAN,ša₂,ša₂,['ša I'],['CANONICAL ➝ Divination ➝ Extispicy'],,
95,"1881,0204.198",14,3,AKKADIAN,EN.NUN-MEŠ-ka,EN.NUN-MEŠ-ka,['maṣṣartu I'],['CANONICAL ➝ Divination ➝ Extispicy'],,
96,"1881,0204.198",14,4,AKKADIAN,KUR₂,KUR₂,['nakru I'],['CANONICAL ➝ Divination ➝ Extispicy'],,
97,"1881,0204.198",14,6,AKKADIAN,ina,ina,['ina I'],['CANONICAL ➝ Divination ➝ Extispicy'],,
98,"1881,0204.198",14,7,AKKADIAN,u₄-me,u₄-me,['ūmu I'],['CANONICAL ➝ Divination ➝ Extispicy'],,
99,"1881,0204.198",14,8,AKKADIAN,SUD,SUD,['rūqu I'],['CANONICAL ➝ Divination ➝ Extispicy'],,
100,"1881,0204.198",14,9,AKKADIAN,KI.GUB,KI.GUB,['mazzāzu I'],['CANONICAL ➝ Divination ➝ Extispicy'],,
101,"1881,0204.198",14,10,AKKADIAN,MAŠKIM,MAŠKIM,['rābiṣu I'],['CANONICAL ➝ Divination ➝ Extispicy'],,
102,"1881,0204.198",14,11,AKKADIAN,{munus}HUL,{munus}HUL,['lemuttu I'],['CANONICAL ➝ Divination ➝ Extispicy'],,
103,"1881,0204.198",14,12,AKKADIAN,ŠUB-ti,ŠUB-ti,['miqittu I'],['CANONICAL ➝ Divination ➝ Extispicy'],,
104,"1881,0204.198",14,13,AKKADIAN,u₂-ri,u₂-ri,['ūru I'],['CANONICAL ➝ Divination ➝ Extispicy'],,
105,"1881,0204.198",14,14,AKKADIAN,ana,ana,['ana I'],['CANONICAL ➝ Divination ➝ Extispicy'],,
106,"1881,0204.198",14,15,AKKADIAN,{giš}TUKUL,{giš}TUKUL,['kakku I'],['CANONICAL ➝ Divination ➝ Extispicy'],,
107,"1881,0204.198",14,16,AKKADIAN,ŠUB-ti,ŠUB-ti,['miqittu I'],['CANONICAL ➝ Divination ➝ Extispicy'],,
108,"1881,0204.198",16,0,AKKADIAN,BE,BE,['šumma I'],['CANONICAL ➝ Divination ➝ Extispicy'],,
109,"1881,0204.198",16,1,AKKADIAN,ina,ina,['ina I'],['CANONICAL ➝ Divination ➝ Extispicy'],,
110,"1881,0204.198",16,2,AKKADIAN,bi-rit,bi-rit,['birītu I'],['CANONICAL ➝ Divination ➝ Extispicy'],,
111,"1881,0204.198",16,3,AKKADIAN,,,['mazzāzu I'],['CANONICAL ➝ Divination ➝ Extispicy'],,
112,"1881,0204.198",16,4,AKKADIAN,u,u,['u I'],['CANONICAL ➝ Divination ➝ Extispicy'],,
113,"1881,0204.198",16,5,AKKADIAN,ni-ri,ni-ri,['nīru I'],['CANONICAL ➝ Divination ➝ Extispicy'],,
114,"1881,0204.198",16,6,AKKADIAN,ana,ana,['ana I'],['CANONICAL ➝ Divination ➝ Extispicy'],,
115,"1881,0204.198",16,7,AKKADIAN,A₂,A₂,['idu I'],['CANONICAL ➝ Divination ➝ Extispicy'],,
116,"1881,0204.198",16,8,AKKADIAN,SIG,SIG,['qutnu I'],['CANONICAL ➝ Divination ➝ Extispicy'],,
117,"1881,0204.198",16,9,AKKADIAN,ni-ri,ni-ri,['nīru I'],['CANONICAL ➝ Divination ➝ Extispicy'],,
118,"1881,0204.198",16,11,AKKADIAN,ŠUB-di,ŠUB-di,['nadû III'],['CANONICAL ➝ Divination ➝ Extispicy'],,
119,"1881,0204.198",16,12,AKKADIAN,ŠUB-ti,ŠUB-ti,['miqittu I'],['CANONICAL ➝ Divination ➝ Extispicy'],,
120,"1881,0204.198",16,13,AKKADIAN,GU₄,GU₄,['alpu I'],['CANONICAL ➝ Divination ➝ Extispicy'],,
121,"1881,0204.198",16,14,AKKADIAN,UDU.NITA₂,UDU.NITA₂,['immeru I'],['CANONICAL ➝ Divination ➝ Extispicy'],,
122,"1881,0204.198",16,15,AKKADIAN,ANŠE,ANŠE,['imēru I'],['CANONICAL ➝ Divination ➝ Extispicy'],,
123,"1881,0204.198",16,16,AKKADIAN,BE-ma,BE-ma,['šumma I'],['CANONICAL ➝ Divination ➝ Extispicy'],,
124,"1881,0204.198",16,17,AKKADIAN,DINGIR,DINGIR,['ilu I'],['CANONICAL ➝ Divination ➝ Extispicy'],,
125,"1881,0204.198",16,18,AKKADIAN,A₂,A₂,['idu I'],['CANONICAL ➝ Divination ➝ Extispicy'],,
126,"1881,0204.198",16,19,AKKADIAN,LU₂,LU₂,['awīlu I'],['CANONICAL ➝ Divination ➝ Extispicy'],,
127,"1881,0204.198",18,0,AKKADIAN,BE,BE,['šumma I'],['CANONICAL ➝ Divination ➝ Extispicy'],,
128,"1881,0204.198",18,1,AKKADIAN,ina,ina,['ina I'],['CANONICAL ➝ Divination ➝ Extispicy'],,
129,"1881,0204.198",18,2,AKKADIAN,SAG,SAG,['rēšu I'],['CANONICAL ➝ Divination ➝ Extispicy'],,
130,"1881,0204.198",18,3,AKKADIAN,,,['mazzāzu I'],['CANONICAL ➝ Divination ➝ Extispicy'],,
131,"1881,0204.198",18,4,AKKADIAN,IGI-et,IGI-et,['mehretu I'],['CANONICAL ➝ Divination ➝ Extispicy'],,
132,"1881,0204.198",18,5,AKKADIAN,GIŠ.HUR,GIŠ.HUR,['uṣurtu I'],['CANONICAL ➝ Divination ➝ Extispicy'],,
133,"1881,0204.198",18,6,AKKADIAN,,,['mazzāzu I'],['CANONICAL ➝ Divination ➝ Extispicy'],,
134,"1881,0204.198",18,7,AKKADIAN,BUR₃,BUR₃,['šīlu I'],['CANONICAL ➝ Divination ➝ Extispicy'],,
135,"1881,0204.198",18,9,AKKADIAN,en-nu,en-nu,['enu I'],['CANONICAL ➝ Divination ➝ Extispicy'],,
136,"1881,0204.198",18,10,AKKADIAN,uš-tah-ha,uš-tah-ha,['ahû II'],['CANONICAL ➝ Divination ➝ Extispicy'],,
137,"1881,0204.198",18,11,AKKADIAN,IBILA,IBILA,['aplu II'],['CANONICAL ➝ Divination ➝ Extispicy'],,
138,"1881,0204.198",18,12,AKKADIAN,LU₂,LU₂,['awīlu I'],['CANONICAL ➝ Divination ➝ Extispicy'],,
139,"1881,0204.198",18,13,AKKADIAN,UŠ₂,UŠ₂,['mâtu I'],['CANONICAL ➝ Divination ➝ Extispicy'],,
140,"1881,0204.198",18,14,AKKADIAN,ana,ana,['ana I'],['CANONICAL ➝ Divination ➝ Extispicy'],,
141,"1881,0204.198",18,15,AKKADIAN,KASKAL,KASKAL,['harrānu I'],['CANONICAL ➝ Divination ➝ Extispicy'],,
142,"1881,0204.198",18,16,AKKADIAN,GU₄.UD-iṭ,GU₄.UD-iṭ,['šehṭu I'],['CANONICAL ➝ Divination ➝ Extispicy'],,
143,"1881,0204.198",19,1,AKKADIAN,u₂-lu,u₂-lu,['ūlū I'],['CANONICAL ➝ Divination ➝ Extispicy'],,
144,"1881,0204.198",19,3,AKKADIAN,MUŠ,MUŠ,['ṣerru I'],['CANONICAL ➝ Divination ➝ Extispicy'],,
145,"1881,0204.198",19,4,AKKADIAN,ana,ana,['ana I'],['CANONICAL ➝ Divination ➝ Extispicy'],,
146,"1881,0204.198",19,5,AKKADIAN,{giš}TUKUL,{giš}TUKUL,['kakku I'],['CANONICAL ➝ Divination ➝ Extispicy'],,
147,"1881,0204.198",19,6,AKKADIAN,ŠUB-ti,ŠUB-ti,['miqittu I'],['CANONICAL ➝ Divination ➝ Extispicy'],,
148,"1881,0204.198",19,7,AKKADIAN,DU,DU,['āliku I'],['CANONICAL ➝ Divination ➝ Extispicy'],,
149,"1881,0204.198",19,8,AKKADIAN,IGI,IGI,['pānu I'],['CANONICAL ➝ Divination ➝ Extispicy'],,
150,"1881,0204.198",21,0,AKKADIAN,BE,BE,['šumma I'],['CANONICAL ➝ Divination ➝ Extispicy'],,
151,"1881,0204.198",21,1,AKKADIAN,BUR₃,BUR₃,['šīlu I'],['CANONICAL ➝ Divination ➝ Extispicy'],,
152,"1881,0204.198",21,2,AKKADIAN,BI,BI,['šū I'],['CANONICAL ➝ Divination ➝ Extispicy'],,
153,"1881,0204.198",21,3,AKKADIAN,ŠA₃-šu₂,ŠA₃-šu₂,"['libbu I', '-šu I']",['CANONICAL ➝ Divination ➝ Extispicy'],,
154,"1881,0204.198",21,4,AKKADIAN,BABBAR,BABBAR,['peṣû II'],['CANONICAL ➝ Divination ➝ Extispicy'],,
155,"1881,0204.198",21,6,AKKADIAN,ŠUB-ti,ŠUB-ti,['miqittu I'],['CANONICAL ➝ Divination ➝ Extispicy'],,
156,"1881,0204.198",21,7,AKKADIAN,u₂-ri,u₂-ri,['ūru I'],['CANONICAL ➝ Divination ➝ Extispicy'],,
157,"1881,0204.198",21,8,AKKADIAN,ana,ana,['ana I'],['CANONICAL ➝ Divination ➝ Extispicy'],,
158,"1881,0204.198",21,9,AKKADIAN,LUGAL,LUGAL,['šarru I'],['CANONICAL ➝ Divination ➝ Extispicy'],,
159,"1881,0204.198",21,10,AKKADIAN,I.{d}UTU,I.{d}UTU,['tazzimtu I'],['CANONICAL ➝ Divination ➝ Extispicy'],,
160,"1881,0204.198",23,0,AKKADIAN,BE,BE,['šumma I'],['CANONICAL ➝ Divination ➝ Extispicy'],,
161,"1881,0204.198",23,1,AKKADIAN,ina,ina,['ina I'],['CANONICAL ➝ Divination ➝ Extispicy'],,
162,"1881,0204.198",23,2,AKKADIAN,ŠA₃,ŠA₃,['libbu I'],['CANONICAL ➝ Divination ➝ Extispicy'],,
163,"1881,0204.198",23,3,AKKADIAN,SAG,SAG,['rēšu I'],['CANONICAL ➝ Divination ➝ Extispicy'],,
164,"1881,0204.198",23,4,AKKADIAN,,,['mazzāzu I'],['CANONICAL ➝ Divination ➝ Extispicy'],,
165,"1881,0204.198",23,5,AKKADIAN,BUR₃,BUR₃,['šīlu I'],['CANONICAL ➝ Divination ➝ Extispicy'],,
166,"1881,0204.198",23,6,AKKADIAN,ŠUB-di,ŠUB-di,['nadû III'],['CANONICAL ➝ Divination ➝ Extispicy'],,
167,"1881,0204.198",23,8,AKKADIAN,GAL-u₂,GAL-u₂,['rabû I'],['CANONICAL ➝ Divination ➝ Extispicy'],,
168,"1881,0204.198",23,9,AKKADIAN,UŠ₂,UŠ₂,['mâtu I'],['CANONICAL ➝ Divination ➝ Extispicy'],,
169,"1881,0204.198",23,10,AKKADIAN,ŠUB-ti,ŠUB-ti,['miqittu I'],['CANONICAL ➝ Divination ➝ Extispicy'],,
170,"1881,0204.198",23,11,AKKADIAN,KID.MAŠ,KID.MAŠ,['šangû I'],['CANONICAL ➝ Divination ➝ Extispicy'],,
171,"1881,0204.198",23,12,AKKADIAN,EN,EN,['bēlu I'],['CANONICAL ➝ Divination ➝ Extispicy'],,
172,"1881,0204.198",23,13,AKKADIAN,SISKUR₂,SISKUR₂,['nīqu I'],['CANONICAL ➝ Divination ➝ Extispicy'],,
173,"1881,0204.198",23,14,AKKADIAN,ina,ina,['ina I'],['CANONICAL ➝ Divination ➝ Extispicy'],,
174,"1881,0204.198",23,15,AKKADIAN,SAG,SAG,['rēšu I'],['CANONICAL ➝ Divination ➝ Extispicy'],,
175,"1881,0204.198",23,16,AKKADIAN,MU,MU,['šattu I'],['CANONICAL ➝ Divination ➝ Extispicy'],,
176,"1881,0204.198",24,1,AKKADIAN,u₂-lu,u₂-lu,['ūlū I'],['CANONICAL ➝ Divination ➝ Extispicy'],,
177,"1881,0204.198",24,3,AKKADIAN,UŠ₂,UŠ₂,['mâtu I'],['CANONICAL ➝ Divination ➝ Extispicy'],,
178,"1881,0204.198",24,4,AKKADIAN,BE-ma,BE-ma,['šumma I'],['CANONICAL ➝ Divination ➝ Extispicy'],,
179,"1881,0204.198",24,5,AKKADIAN,IGI-šu₂,IGI-šu₂,"['īnu I', '-šu I']",['CANONICAL ➝ Divination ➝ Extispicy'],,
180,"1881,0204.198",24,6,AKKADIAN,1-et,1-et,['ištēn I'],['CANONICAL ➝ Divination ➝ Extispicy'],,
181,"1881,0204.198",24,7,AKKADIAN,iʾ-ab-bat,iʾ-ab-bat,['abātu I'],['CANONICAL ➝ Divination ➝ Extispicy'],,
182,"1881,0204.198",24,8,AKKADIAN,ana,ana,['ana I'],['CANONICAL ➝ Divination ➝ Extispicy'],,
183,"1881,0204.198",24,9,AKKADIAN,{giš}TUKUL,{giš}TUKUL,['kakku I'],['CANONICAL ➝ Divination ➝ Extispicy'],,
184,"1881,0204.198",24,10,AKKADIAN,ŠUB-ti,ŠUB-ti,['miqittu I'],['CANONICAL ➝ Divination ➝ Extispicy'],,
185,"1881,0204.198",24,11,AKKADIAN,DU,DU,['āliku I'],['CANONICAL ➝ Divination ➝ Extispicy'],,
186,"1881,0204.198",24,12,AKKADIAN,IGI,IGI,['pānu I'],['CANONICAL ➝ Divination ➝ Extispicy'],,
187,"1881,0204.198",25,1,AKKADIAN,AN.GE₆,AN.GE₆,['antalû I'],['CANONICAL ➝ Divination ➝ Extispicy'],,
188,"1881,0204.198",25,3,AKKADIAN,ana,ana,['ana I'],['CANONICAL ➝ Divination ➝ Extispicy'],,
189,"1881,0204.198",25,4,AKKADIAN,LUGAL,LUGAL,['šarru I'],['CANONICAL ➝ Divination ➝ Extispicy'],,
190,"1881,0204.198",25,5,AKKADIAN,HI.GAR,HI.GAR,['bārtu I'],['CANONICAL ➝ Divination ➝ Extispicy'],,
191,"1881,0204.198",25,6,AKKADIAN,BE-ma,BE-ma,['šumma I'],['CANONICAL ➝ Divination ➝ Extispicy'],,
192,"1881,0204.198",25,7,AKKADIAN,me-eh-ru,me-eh-ru,['mehru I'],['CANONICAL ➝ Divination ➝ Extispicy'],,
193,"1881,0204.198",25,8,AKKADIAN,ina,ina,['ina I'],['CANONICAL ➝ Divination ➝ Extispicy'],,
194,"1881,0204.198",25,9,AKKADIAN,se-ker,se-ker,['sekēru I'],['CANONICAL ➝ Divination ➝ Extispicy'],,
195,"1881,0204.198",25,10,AKKADIAN,ID₂-šu,ID₂-šu,"['nāru I', '-šu I']",['CANONICAL ➝ Divination ➝ Extispicy'],,
196,"1881,0204.198",25,11,AKKADIAN,ŠUB,ŠUB,['maqātu I'],['CANONICAL ➝ Divination ➝ Extispicy'],,
197,"1881,0204.198",27,0,AKKADIAN,BE,BE,['šumma I'],['CANONICAL ➝ Divination ➝ Extispicy'],,
198,"1881,0204.198",27,1,AKKADIAN,BUR₃,BUR₃,['šīlu I'],['CANONICAL ➝ Divination ➝ Extispicy'],,
199,"1881,0204.198",27,2,AKKADIAN,BI,BI,['šū I'],['CANONICAL ➝ Divination ➝ Extispicy'],,
200,"1881,0204.198",27,4,AKKADIAN,BABBAR,BABBAR,['peṣû II'],['CANONICAL ➝ Divination ➝ Extispicy'],,
201,"1881,0204.198",27,5,AKKADIAN,IGI-MIN,IGI-MIN,['īnu I'],['CANONICAL ➝ Divination ➝ Extispicy'],,
202,"1881,0204.198",27,6,AKKADIAN,LU₂,LU₂,['awīlu I'],['CANONICAL ➝ Divination ➝ Extispicy'],,
203,"1881,0204.198",27,7,AKKADIAN,qu-qa-nu,qu-qa-nu,['qūqānu I'],['CANONICAL ➝ Divination ➝ Extispicy'],,
204,"1881,0204.198",31,0,AKKADIAN,BE,BE,['šumma I'],['CANONICAL ➝ Divination ➝ Extispicy'],,
205,"1881,0204.198",31,1,AKKADIAN,ina,ina,['ina I'],['CANONICAL ➝ Divination ➝ Extispicy'],,
206,"1881,0204.198",31,2,AKKADIAN,15,15,['imittu I'],['CANONICAL ➝ Divination ➝ Extispicy'],,
207,"1881,0204.198",31,3,AKKADIAN,,,['mazzāzu I'],['CANONICAL ➝ Divination ➝ Extispicy'],,
208,"1881,0204.198",31,4,AKKADIAN,BUR₃-MEŠ,BUR₃-MEŠ,['šīlu I'],['CANONICAL ➝ Divination ➝ Extispicy'],,
209,"1881,0204.198",31,6,AKKADIAN,ŠA₃-šu₂-nu,ŠA₃-šu₂-nu,"['libbu I', '-šunu I']",['CANONICAL ➝ Divination ➝ Extispicy'],,
210,"1881,0204.198",31,7,AKKADIAN,SIG₇-MEŠ,SIG₇-MEŠ,['arāqu I'],['CANONICAL ➝ Divination ➝ Extispicy'],,
211,"1881,0204.198",31,8,AKKADIAN,KI.GUB,KI.GUB,['mazzāzu I'],['CANONICAL ➝ Divination ➝ Extispicy'],,
212,"1881,0204.198",33,0,AKKADIAN,BE,BE,['šumma I'],['CANONICAL ➝ Divination ➝ Extispicy'],,
213,"1881,0204.198",33,1,AKKADIAN,SAG,SAG,['rēšu I'],['CANONICAL ➝ Divination ➝ Extispicy'],,
214,"1881,0204.198",33,2,AKKADIAN,,,['mazzāzu I'],['CANONICAL ➝ Divination ➝ Extispicy'],,
215,"1881,0204.198",33,3,AKKADIAN,BUR₃-MEŠ,BUR₃-MEŠ,['šīlu I'],['CANONICAL ➝ Divination ➝ Extispicy'],,
216,"1881,0204.198",33,5,AKKADIAN,AN.GE₆,AN.GE₆,['antalû I'],['CANONICAL ➝ Divination ➝ Extispicy'],,
217,"1881,0204.198",35,0,AKKADIAN,BE,BE,['šumma I'],['CANONICAL ➝ Divination ➝ Extispicy'],,
218,"1881,0204.198",35,1,AKKADIAN,,,['mazzāzu I'],['CANONICAL ➝ Divination ➝ Extispicy'],,
219,"1881,0204.198",35,2,AKKADIAN,BUR₃-MEŠ,BUR₃-MEŠ,['šīlu I'],['CANONICAL ➝ Divination ➝ Extispicy'],,
220,"1881,0204.198",35,3,AKKADIAN,sa₃-hi-ir,sa₃-hi-ir,['sahāru I'],['CANONICAL ➝ Divination ➝ Extispicy'],,
221,"1881,0204.198",35,5,AKKADIAN,GU₇,GU₇,['akālu I'],['CANONICAL ➝ Divination ➝ Extispicy'],,
222,"1881,0204.198",35,6,AKKADIAN,NAM.UŠ₂-MEŠ,NAM.UŠ₂-MEŠ,['mūtānu I'],['CANONICAL ➝ Divination ➝ Extispicy'],,
223,"1881,0204.198",35,7,AKKADIAN,ina,ina,['ina I'],['CANONICAL ➝ Divination ➝ Extispicy'],,
224,"1881,0204.198",35,8,AKKADIAN,KUR,KUR,['mātu I'],['CANONICAL ➝ Divination ➝ Extispicy'],,
225,"1881,0204.198",37,0,AKKADIAN,BE,BE,['šumma I'],['CANONICAL ➝ Divination ➝ Extispicy'],,
226,"1881,0204.198",37,1,AKKADIAN,ina,ina,['ina I'],['CANONICAL ➝ Divination ➝ Extispicy'],,
227,"1881,0204.198",37,2,AKKADIAN,15,15,['imittu I'],['CANONICAL ➝ Divination ➝ Extispicy'],,
228,"1881,0204.198",37,3,AKKADIAN,MURUB₄,MURUB₄,['qablu I'],['CANONICAL ➝ Divination ➝ Extispicy'],,
229,"1881,0204.198",37,4,AKKADIAN,bi-rit,bi-rit,['birītu I'],['CANONICAL ➝ Divination ➝ Extispicy'],,
230,"1881,0204.198",37,5,AKKADIAN,,,['mazzāzu I'],['CANONICAL ➝ Divination ➝ Extispicy'],,
231,"1881,0204.198",37,6,AKKADIAN,u,u,['u I'],['CANONICAL ➝ Divination ➝ Extispicy'],,
232,"1881,0204.198",37,7,AKKADIAN,GIR₂,GIR₂,['padānu I'],['CANONICAL ➝ Divination ➝ Extispicy'],,
233,"1881,0204.198",37,8,AKKADIAN,BUR₃,BUR₃,['šīlu I'],['CANONICAL ➝ Divination ➝ Extispicy'],,
234,"1881,0204.198",37,10,AKKADIAN,ŠUB-ti,ŠUB-ti,['miqittu I'],['CANONICAL ➝ Divination ➝ Extispicy'],,
235,"1881,0204.198",37,11,AKKADIAN,SIG-i,SIG-i,['ēdû I'],['CANONICAL ➝ Divination ➝ Extispicy'],,
236,"1881,0204.198",37,12,AKKADIAN,BE-ma,BE-ma,['šumma I'],['CANONICAL ➝ Divination ➝ Extispicy'],,
237,"1881,0204.198",37,13,AKKADIAN,ŠUB-ti,ŠUB-ti,['miqittu I'],['CANONICAL ➝ Divination ➝ Extispicy'],,
238,"1881,0204.198",37,14,AKKADIAN,LU₂,LU₂,['awīlu I'],['CANONICAL ➝ Divination ➝ Extispicy'],,
239,"1881,0204.198",39,0,AKKADIAN,BE,BE,['šumma I'],['CANONICAL ➝ Divination ➝ Extispicy'],,
240,"1881,0204.198",39,1,AKKADIAN,ina,ina,['ina I'],['CANONICAL ➝ Divination ➝ Extispicy'],,
241,"1881,0204.198",39,2,AKKADIAN,150,150,['šumēlu I'],['CANONICAL ➝ Divination ➝ Extispicy'],,
242,"1881,0204.198",39,3,AKKADIAN,MURUB₄,MURUB₄,['qablu I'],['CANONICAL ➝ Divination ➝ Extispicy'],,
243,"1881,0204.198",39,4,AKKADIAN,bi-rit,bi-rit,['birītu I'],['CANONICAL ➝ Divination ➝ Extispicy'],,
244,"1881,0204.198",39,5,AKKADIAN,,,['mazzāzu I'],['CANONICAL ➝ Divination ➝ Extispicy'],,
245,"1881,0204.198",39,6,AKKADIAN,u,u,['u I'],['CANONICAL ➝ Divination ➝ Extispicy'],,
246,"1881,0204.198",39,7,AKKADIAN,GIR₂,GIR₂,['padānu I'],['CANONICAL ➝ Divination ➝ Extispicy'],,
247,"1881,0204.198",39,8,AKKADIAN,BUR₃,BUR₃,['šīlu I'],['CANONICAL ➝ Divination ➝ Extispicy'],,
248,"1881,0204.198",39,9,AKKADIAN,ŠUB-di,ŠUB-di,['nadû III'],['CANONICAL ➝ Divination ➝ Extispicy'],,
249,"1881,0204.198",39,11,AKKADIAN,SIG-i,SIG-i,['ēdû I'],['CANONICAL ➝ Divination ➝ Extispicy'],,
250,"1881,0204.198",39,12,AKKADIAN,ša₂,ša₂,['ša I'],['CANONICAL ➝ Divination ➝ Extispicy'],,
251,"1881,0204.198",39,13,AKKADIAN,KUR,KUR,['mātu I'],['CANONICAL ➝ Divination ➝ Extispicy'],,
252,"1881,0204.198",41,0,AKKADIAN,BE,BE,['šumma I'],['CANONICAL ➝ Divination ➝ Extispicy'],,
253,"1881,0204.198",41,1,AKKADIAN,ina,ina,['ina I'],['CANONICAL ➝ Divination ➝ Extispicy'],,
254,"1881,0204.198",41,2,AKKADIAN,bi-rit,bi-rit,['birītu I'],['CANONICAL ➝ Divination ➝ Extispicy'],,
255,"1881,0204.198",41,3,AKKADIAN,,,['mazzāzu I'],['CANONICAL ➝ Divination ➝ Extispicy'],,
256,"1881,0204.198",41,4,AKKADIAN,u,u,['u I'],['CANONICAL ➝ Divination ➝ Extispicy'],,
257,"1881,0204.198",41,5,AKKADIAN,GIR₂,GIR₂,['padānu I'],['CANONICAL ➝ Divination ➝ Extispicy'],,
258,"1881,0204.198",41,6,AKKADIAN,BAR-ma,BAR-ma,['mišlu I'],['CANONICAL ➝ Divination ➝ Extispicy'],,
259,"1881,0204.198",41,7,AKKADIAN,BUR₃,BUR₃,['šīlu I'],['CANONICAL ➝ Divination ➝ Extispicy'],,
260,"1881,0204.198",41,8,AKKADIAN,ŠUB-di,ŠUB-di,['nadû III'],['CANONICAL ➝ Divination ➝ Extispicy'],,
261,"1881,0204.198",41,9,AKKADIAN,UR.MAH,UR.MAH,['nēšu I'],['CANONICAL ➝ Divination ➝ Extispicy'],,
262,"1881,0204.198",41,11,AKKADIAN,A.RA₂,A.RA₂,['alaktu I'],['CANONICAL ➝ Divination ➝ Extispicy'],,
263,"1881,0204.198",41,12,AKKADIAN,KUD-as,KUD-as,['parāsu I'],['CANONICAL ➝ Divination ➝ Extispicy'],,
264,"1881,0204.198",41,13,AKKADIAN,ša₂-niš,ša₂-niš,['šanîš II'],['CANONICAL ➝ Divination ➝ Extispicy'],,
265,"1881,0204.198",41,14,AKKADIAN,{lu₂}HAL,{lu₂}HAL,['bārû I'],['CANONICAL ➝ Divination ➝ Extispicy'],,
266,"1881,0204.198",41,15,AKKADIAN,ina,ina,['ina I'],['CANONICAL ➝ Divination ➝ Extispicy'],,
267,"1881,0204.198",41,16,AKKADIAN,UŠ₂,UŠ₂,['mūtu I'],['CANONICAL ➝ Divination ➝ Extispicy'],,
268,"1881,0204.198",41,17,AKKADIAN,DINGIR-šu₂,DINGIR-šu₂,"['ilu I', '-šu I']",['CANONICAL ➝ Divination ➝ Extispicy'],,
269,"1881,0204.198",44,0,AKKADIAN,BE,BE,['šumma I'],['CANONICAL ➝ Divination ➝ Extispicy'],,
270,"1881,0204.198",44,1,AKKADIAN,GIR₂,GIR₂,['padānu I'],['CANONICAL ➝ Divination ➝ Extispicy'],,
271,"1881,0204.198",44,2,AKKADIAN,GAR-in,GAR-in,['šakānu I'],['CANONICAL ➝ Divination ➝ Extispicy'],,
272,"1881,0204.198",44,3,AKKADIAN,ki-bi-is₃,ki-bi-is₃,['kibsu I'],['CANONICAL ➝ Divination ➝ Extispicy'],,
273,"1881,0204.198",44,4,AKKADIAN,GIR₃,GIR₃,['šēpu I'],['CANONICAL ➝ Divination ➝ Extispicy'],,
274,"1881,0204.198",44,6,AKKADIAN,KI,KI,['itti I'],['CANONICAL ➝ Divination ➝ Extispicy'],,
275,"1881,0204.198",44,7,AKKADIAN,DINGIR,DINGIR,['ilu I'],['CANONICAL ➝ Divination ➝ Extispicy'],,
276,"1881,0204.198",46,0,AKKADIAN,DUB.6.KAM₂.MA,DUB.6.KAM₂.MA,"['ṭuppu I', 'šeššu I']",['CANONICAL ➝ Divination ➝ Extispicy'],,
277,"1881,0204.198",46,2,AKKADIAN,BE,BE,['šumma I'],['CANONICAL ➝ Divination ➝ Extispicy'],,
278,"1881,0204.198",47,0,AKKADIAN,{m}aš-šur-DU₃-IBILA,{m}aš-šur-DU₃-IBILA,['Aššur-bani-apli I'],['CANONICAL ➝ Divination ➝ Extispicy'],,
279,"1881,0204.198",47,1,AKKADIAN,LUGAL,LUGAL,['šarru I'],['CANONICAL ➝ Divination ➝ Extispicy'],,
280,"1881,0204.198",47,2,AKKADIAN,GAL,GAL,['rabû I'],['CANONICAL ➝ Divination ➝ Extispicy'],,
281,"1881,0204.198",47,3,AKKADIAN,LUGAL,LUGAL,['šarru I'],['CANONICAL ➝ Divination ➝ Extispicy'],,
282,"1881,0204.198",47,5,AKKADIAN,LUGAL,LUGAL,['šarru I'],['CANONICAL ➝ Divination ➝ Extispicy'],,
283,"1881,0204.198",47,6,AKKADIAN,ŠU₂,ŠU₂,['kiššatu I'],['CANONICAL ➝ Divination ➝ Extispicy'],,
284,"1881,0204.198",47,7,AKKADIAN,LUGAL,LUGAL,['šarru I'],['CANONICAL ➝ Divination ➝ Extispicy'],,
285,"1881,0204.198",47,8,AKKADIAN,KUR,KUR,['mātu I'],['CANONICAL ➝ Divination ➝ Extispicy'],,
286,"1881,0204.198",48,0,AKKADIAN,DUMU,DUMU,['māru I'],['CANONICAL ➝ Divination ➝ Extispicy'],,
287,"1881,0204.198",48,1,AKKADIAN,{m}aš+šur-ŠEŠ-SUM-na,{m}aš+šur-ŠEŠ-SUM-na,['Esarhaddon I'],['CANONICAL ➝ Divination ➝ Extispicy'],,
288,"1881,0204.198",48,2,AKKADIAN,LUGAL,LUGAL,['šarru I'],['CANONICAL ➝ Divination ➝ Extispicy'],,
289,"1881,0204.198",48,3,AKKADIAN,ŠU₂,ŠU₂,['kiššatu I'],['CANONICAL ➝ Divination ➝ Extispicy'],,
290,"1881,0204.198",48,4,AKKADIAN,LUGAL,LUGAL,['šarru I'],['CANONICAL ➝ Divination ➝ Extispicy'],,
291,"1881,0204.198",48,5,AKKADIAN,KUR,KUR,['mātu I'],['CANONICAL ➝ Divination ➝ Extispicy'],,
292,"1881,0204.198",48,6,AKKADIAN,aš+šur{ki},aš+šur{ki},['Aššur I'],['CANONICAL ➝ Divination ➝ Extispicy'],,
293,"1881,0204.198",48,8,AKKADIAN,{m}{d}30-PAP-MEŠ-SU,{m}{d}30-PAP-MEŠ-SU,['Sin-ahhe-eriba I'],['CANONICAL ➝ Divination ➝ Extispicy'],,
294,"1881,0204.198",48,9,AKKADIAN,LUGAL,LUGAL,['šarru I'],['CANONICAL ➝ Divination ➝ Extispicy'],,
295,"1881,0204.198",48,10,AKKADIAN,KUR,KUR,['mātu I'],['CANONICAL ➝ Divination ➝ Extispicy'],,
296,"1881,0204.198",49,0,AKKADIAN,ki-i,ki-i,['kī I'],['CANONICAL ➝ Divination ➝ Extispicy'],,
297,"1881,0204.198",49,1,AKKADIAN,DUB-MEŠ,DUB-MEŠ,['ṭuppu I'],['CANONICAL ➝ Divination ➝ Extispicy'],,
298,"1881,0204.198",49,2,AKKADIAN,{giš}le-u₅-um-MEŠ,{giš}le-u₅-um-MEŠ,"[""lē'u I""]",['CANONICAL ➝ Divination ➝ Extispicy'],,
299,"1881,0204.198",49,4,AKKADIAN,{kur}aš-šur{ki},{kur}aš-šur{ki},['Aššur I'],['CANONICAL ➝ Divination ➝ Extispicy'],,
300,"1881,0204.198",49,5,AKKADIAN,{kur}EME.GI₇,{kur}EME.GI₇,['Sumer I'],['CANONICAL ➝ Divination ➝ Extispicy'],,
301,"1881,0204.198",49,6,AKKADIAN,u,u,['u I'],['CANONICAL ➝ Divination ➝ Extispicy'],,
302,"1881,0204.198",50,0,AKKADIAN,tup-pu,tup-pu,['ṭuppu I'],['CANONICAL ➝ Divination ➝ Extispicy'],,
303,"1881,0204.198",50,1,AKKADIAN,šu-a-ti,šu-a-ti,['šuāti I'],['CANONICAL ➝ Divination ➝ Extispicy'],,
304,"1881,0204.198",50,2,AKKADIAN,ina,ina,['ina I'],['CANONICAL ➝ Divination ➝ Extispicy'],,
305,"1881,0204.198",50,3,AKKADIAN,tap-hur-ti,tap-hur-ti,['taphurtu I'],['CANONICAL ➝ Divination ➝ Extispicy'],,
306,"1881,0204.198",50,5,AKKADIAN,aš₂-ṭur,aš₂-ṭur,['šaṭāru II'],['CANONICAL ➝ Divination ➝ Extispicy'],,
307,"1881,0204.198",50,6,AKKADIAN,as-niq,as-niq,['sanāqu I'],['CANONICAL ➝ Divination ➝ Extispicy'],,
308,"1881,0204.198",51,0,AKKADIAN,a-na,a-na,['ana I'],['CANONICAL ➝ Divination ➝ Extispicy'],,
309,"1881,0204.198",51,1,AKKADIAN,ta-mar-ti,ta-mar-ti,['tāmartu I'],['CANONICAL ➝ Divination ➝ Extispicy'],,
310,"1881,0204.198",51,3,AKKADIAN,qe₂-reb,qe₂-reb,['qerbu II'],['CANONICAL ➝ Divination ➝ Extispicy'],,
311,"1881,0204.198",51,4,AKKADIAN,E₂.GAL-ia,E₂.GAL-ia,"['ēkallu I', '-ya I']",['CANONICAL ➝ Divination ➝ Extispicy'],,
312,"1881,0204.198",52,0,AKKADIAN,ša,ša,['ša I'],['CANONICAL ➝ Divination ➝ Extispicy'],,
313,"1881,0204.198",52,1,AKKADIAN,šu-mi₃,šu-mi₃,"['šumu I', '-ī I']",['CANONICAL ➝ Divination ➝ Extispicy'],,
314,"1881,0204.198",52,2,AKKADIAN,šaṭ-ru,šaṭ-ru,['šaṭru I'],['CANONICAL ➝ Divination ➝ Extispicy'],,
315,"1881,0204.198",52,3,AKKADIAN,i-pa-aš₂-ši-ṭu,i-pa-aš₂-ši-ṭu,['pašāṭu I'],['CANONICAL ➝ Divination ➝ Extispicy'],,
316,"1881,0204.198",52,5,AKKADIAN,i-šaṭ-ṭa-ru,i-šaṭ-ṭa-ru,['šaṭāru II'],['CANONICAL ➝ Divination ➝ Extispicy'],,
317,"1881,0204.198",52,6,AKKADIAN,{d}+AG,{d}+AG,['Nabu I'],['CANONICAL ➝ Divination ➝ Extispicy'],,
318,"1881,0204.198",52,7,AKKADIAN,DUB.SAR,DUB.SAR,['ṭupšarru I'],['CANONICAL ➝ Divination ➝ Extispicy'],,
319,"1881,0204.198",52,8,AKKADIAN,gim-ri,gim-ri,['gimru I'],['CANONICAL ➝ Divination ➝ Extispicy'],,
320,"1881,0204.198",52,9,AKKADIAN,MU-šu₂,MU-šu₂,"['šumu I', '-šu I']",['CANONICAL ➝ Divination ➝ Extispicy'],,
