,fragment_id,fragment_line_num,index_in_line,word_language,value,clean_value,lemma,domain,place_discovery,place_composition
0,"1880,0719.128",2,1,AKKADIAN,nam-ta-ru,nam-ta-ru,['namtaru I'],['CANONICAL ➝ Magic'],,
1,"1880,0719.128",2,2,AKKADIAN,a-na,a-na,['ana I'],['CANONICAL ➝ Magic'],,
2,"1880,0719.128",2,3,AKKADIAN,LU₂,LU₂,['awīlu I'],['CANONICAL ➝ Magic'],,
3,"1880,0719.128",2,4,AKKADIAN,a-na,a-na,['ana I'],['CANONICAL ➝ Magic'],,
4,"1880,0719.128",3,1,SUMERIAN,udug,udug,[],['CANONICAL ➝ Magic'],,
5,"1880,0719.128",3,2,SUMERIAN,hul,hul,[],['CANONICAL ➝ Magic'],,
6,"1880,0719.128",3,3,SUMERIAN,gu₂-bi,gu₂-bi,[],['CANONICAL ➝ Magic'],,
7,"1880,0719.128",4,1,AKKADIAN,u₂-tuk-ku,u₂-tuk-ku,['utukku I'],['CANONICAL ➝ Magic'],,
8,"1880,0719.128",4,2,AKKADIAN,lem-nu,lem-nu,['lemnu I'],['CANONICAL ➝ Magic'],,
9,"1880,0719.128",4,3,AKKADIAN,a-na,a-na,['ana I'],['CANONICAL ➝ Magic'],,
10,"1880,0719.128",5,1,SUMERIAN,a-la₂,a-la₂,[],['CANONICAL ➝ Magic'],,
11,"1880,0719.128",5,2,SUMERIAN,hul,hul,[],['CANONICAL ➝ Magic'],,
12,"1880,0719.128",5,3,SUMERIAN,gaba-bi,gaba-bi,[],['CANONICAL ➝ Magic'],,
13,"1880,0719.128",6,1,AKKADIAN,a-lu-u₂,a-lu-u₂,['alû II'],['CANONICAL ➝ Magic'],,
14,"1880,0719.128",6,2,AKKADIAN,lem-nu,lem-nu,['lemnu I'],['CANONICAL ➝ Magic'],,
15,"1880,0719.128",6,3,AKKADIAN,a-na,a-na,['ana I'],['CANONICAL ➝ Magic'],,
16,"1880,0719.128",7,1,SUMERIAN,gidim,gidim,[],['CANONICAL ➝ Magic'],,
17,"1880,0719.128",7,2,SUMERIAN,hul,hul,[],['CANONICAL ➝ Magic'],,
18,"1880,0719.128",7,3,SUMERIAN,ib₂-bi,ib₂-bi,[],['CANONICAL ➝ Magic'],,
19,"1880,0719.128",8,1,AKKADIAN,e-ṭim₂-mu,e-ṭim₂-mu,['eṭemmu I'],['CANONICAL ➝ Magic'],,
20,"1880,0719.128",8,2,AKKADIAN,lem-nu,lem-nu,['lemnu I'],['CANONICAL ➝ Magic'],,
21,"1880,0719.128",8,3,AKKADIAN,a-na,a-na,['ana I'],['CANONICAL ➝ Magic'],,
22,"1880,0719.128",9,1,SUMERIAN,galla,galla,[],['CANONICAL ➝ Magic'],,
23,"1880,0719.128",9,2,SUMERIAN,hul,hul,[],['CANONICAL ➝ Magic'],,
24,"1880,0719.128",9,3,SUMERIAN,šu-bi,šu-bi,[],['CANONICAL ➝ Magic'],,
25,"1880,0719.128",10,1,AKKADIAN,gal-lu-u₂,gal-lu-u₂,['gallû I'],['CANONICAL ➝ Magic'],,
26,"1880,0719.128",10,2,AKKADIAN,lem-nu,lem-nu,['lemnu I'],['CANONICAL ➝ Magic'],,
27,"1880,0719.128",10,3,AKKADIAN,a-na,a-na,['ana I'],['CANONICAL ➝ Magic'],,
28,"1880,0719.128",11,1,SUMERIAN,dingir,dingir,[],['CANONICAL ➝ Magic'],,
29,"1880,0719.128",11,2,SUMERIAN,hul,hul,[],['CANONICAL ➝ Magic'],,
30,"1880,0719.128",11,3,SUMERIAN,gir₃-bi,gir₃-bi,[],['CANONICAL ➝ Magic'],,
31,"1880,0719.128",12,1,AKKADIAN,DINGIR,DINGIR,['ilu I'],['CANONICAL ➝ Magic'],,
32,"1880,0719.128",12,2,AKKADIAN,lem-nu,lem-nu,['lemnu I'],['CANONICAL ➝ Magic'],,
33,"1880,0719.128",12,4,AKKADIAN,še-pi-šu₂,še-pi-šu₂,"['šēpu I', '-šu I']",['CANONICAL ➝ Magic'],,
34,"1880,0719.128",13,1,SUMERIAN,imin-bi-e-ne,imin-bi-e-ne,[],['CANONICAL ➝ Magic'],,
