,fragment_id,fragment_line_num,index_in_line,word_language,value,clean_value,lemma,domain,place_discovery,place_composition
0,"1876,1117.2632",2,3,AKKADIAN,ina,ina,[],"[['CANONICAL', 'Technical', 'Astronomy']]",,
1,"1876,1117.2632",2,4,AKKADIAN,ZALAG₂,ZALAG₂,[],"[['CANONICAL', 'Technical', 'Astronomy']]",,
2,"1876,1117.2632",2,5,AKKADIAN,30,30,[],"[['CANONICAL', 'Technical', 'Astronomy']]",,
3,"1876,1117.2632",3,1,AKKADIAN,U₄.27,U₄.27,[],"[['CANONICAL', 'Technical', 'Astronomy']]",,
4,"1876,1117.2632",3,2,AKKADIAN,KUR,KUR,[],"[['CANONICAL', 'Technical', 'Astronomy']]",,
5,"1876,1117.2632",3,3,AKKADIAN,U₄.28,U₄.28,[],"[['CANONICAL', 'Technical', 'Astronomy']]",,
6,"1876,1117.2632",6,2,AKKADIAN,ib/lu,ib/lu,[],"[['CANONICAL', 'Technical', 'Astronomy']]",,
7,"1876,1117.2632",7,2,AKKADIAN,ib/lu,ib/lu,[],"[['CANONICAL', 'Technical', 'Astronomy']]",,
