,fragment_id,fragment_line_num,index_in_line,word_language,value,clean_value,lemma,domain,place_discovery,place_composition
0,"1876,1117.2716",1,2,AKKADIAN,mi,mi,[],[],,
1,"1876,1117.2716",1,4,AKKADIAN,ri,ri,[],[],,
2,"1876,1117.2716",2,2,AKKADIAN,ra,ra,[],[],,
3,"1876,1117.2716",2,4,AKKADIAN,ki/di,ki/di,[],[],,
4,"1876,1117.2716",2,5,AKKADIAN,ka,ka,[],[],,
5,"1876,1117.2716",3,2,AKKADIAN,ba,ba,[],[],,
6,"1876,1117.2716",3,3,AKKADIAN,a,a,[],[],,
7,"1876,1117.2716",4,1,AKKADIAN,mu,mu,[],[],,
