,fragment_id,fragment_line_num,index_in_line,word_language,value,clean_value,lemma,domain,place_discovery,place_composition
0,"1879,0708.204",1,2,AKKADIAN,NU,NU,[],['CANONICAL ➝ Divination ➝ Hemerology'],,
1,"1879,0708.204",3,2,AKKADIAN,SIG₅,SIG₅,[],['CANONICAL ➝ Divination ➝ Hemerology'],,
2,"1879,0708.204",4,2,AKKADIAN,NU,NU,[],['CANONICAL ➝ Divination ➝ Hemerology'],,
3,"1879,0708.204",4,3,AKKADIAN,SIG₅,SIG₅,[],['CANONICAL ➝ Divination ➝ Hemerology'],,
4,"1879,0708.204",7,2,AKKADIAN,MU.1.KAM₂,MU.1.KAM₂,['šattu I'],['CANONICAL ➝ Divination ➝ Hemerology'],,
5,"1879,0708.204",7,4,AKKADIAN,na-sa-hu,na-sa-hu,['nasāhu I'],['CANONICAL ➝ Divination ➝ Hemerology'],,
6,"1879,0708.204",8,3,AKKADIAN,7,7,['sebe I'],['CANONICAL ➝ Divination ➝ Hemerology'],,
7,"1879,0708.204",8,4,AKKADIAN,U₄-MEŠ,U₄-MEŠ,['ūmu I'],['CANONICAL ➝ Divination ➝ Hemerology'],,
8,"1879,0708.204",8,5,AKKADIAN,na-sa-hu,na-sa-hu,['nasāhu I'],['CANONICAL ➝ Divination ➝ Hemerology'],,
9,"1879,0708.204",10,1,AKKADIAN,{iti}DU₆,{iti}DU₆,['Tašritu I'],['CANONICAL ➝ Divination ➝ Hemerology'],,
10,"1879,0708.204",10,2,AKKADIAN,U₄.1.KAM,U₄.1.KAM,[],['CANONICAL ➝ Divination ➝ Hemerology'],,
11,"1879,0708.204",10,3,AKKADIAN,a-šam-šu-tu₄,a-šam-šu-tu₄,['ašamšūtu I'],['CANONICAL ➝ Divination ➝ Hemerology'],,
12,"1879,0708.204",10,4,AKKADIAN,ina,ina,['ina I'],['CANONICAL ➝ Divination ➝ Hemerology'],,
13,"1879,0708.204",10,5,AKKADIAN,EDIN,EDIN,['ṣēru I'],['CANONICAL ➝ Divination ➝ Hemerology'],,
14,"1879,0708.204",10,6,AKKADIAN,la,la,['lā I'],['CANONICAL ➝ Divination ➝ Hemerology'],,
15,"1879,0708.204",10,8,AKKADIAN,ha-lu-la-ia,ha-lu-la-ia,['hallulāya I'],['CANONICAL ➝ Divination ➝ Hemerology'],,
16,"1879,0708.204",10,9,AKKADIAN,i-har-šu₂,i-har-šu₂,['hiāru I'],['CANONICAL ➝ Divination ➝ Hemerology'],,
17,"1879,0708.204",11,1,AKKADIAN,NU,NU,['lā I'],['CANONICAL ➝ Divination ➝ Hemerology'],,
18,"1879,0708.204",11,2,AKKADIAN,GU₇,GU₇,['akālu I'],['CANONICAL ➝ Divination ➝ Hemerology'],,
19,"1879,0708.204",11,3,AKKADIAN,GIR₂.TAB,GIR₂.TAB,['zuqiqīpu I'],['CANONICAL ➝ Divination ➝ Hemerology'],,
20,"1879,0708.204",11,4,AKKADIAN,SIG₃-su,SIG₃-su,['zaqātu I'],['CANONICAL ➝ Divination ➝ Hemerology'],,
21,"1879,0708.204",11,6,AKKADIAN,NU,NU,['lā I'],['CANONICAL ➝ Divination ➝ Hemerology'],,
22,"1879,0708.204",11,7,AKKADIAN,GU₇,GU₇,['akālu I'],['CANONICAL ➝ Divination ➝ Hemerology'],,
23,"1879,0708.204",12,1,AKKADIAN,ŠA₃-bi,ŠA₃-bi,['libbu I'],['CANONICAL ➝ Divination ➝ Hemerology'],,
24,"1879,0708.204",12,2,AKKADIAN,TUKU-ši,TUKU-ši,['rašû I'],['CANONICAL ➝ Divination ➝ Hemerology'],,
25,"1879,0708.204",12,3,AKKADIAN,ar₂-rab,ar₂-rab,['arrabu I'],['CANONICAL ➝ Divination ➝ Hemerology'],,
26,"1879,0708.204",12,5,AKKADIAN,NU,NU,['lā I'],['CANONICAL ➝ Divination ➝ Hemerology'],,
27,"1879,0708.204",12,6,AKKADIAN,GU₇,GU₇,['akālu I'],['CANONICAL ➝ Divination ➝ Hemerology'],,
28,"1879,0708.204",13,1,AKKADIAN,{d}en-lil₂,{d}en-lil₂,['Ellil I'],['CANONICAL ➝ Divination ➝ Hemerology'],,
29,"1879,0708.204",13,2,AKKADIAN,NIG₂.GIG,NIG₂.GIG,['maruṣtu I'],['CANONICAL ➝ Divination ➝ Hemerology'],,
30,"1879,0708.204",15,1,AKKADIAN,SUM.SIKIL.SAR,SUM.SIKIL.SAR,['šamaškilu I'],['CANONICAL ➝ Divination ➝ Hemerology'],,
31,"1879,0708.204",15,2,AKKADIAN,NU,NU,['lā I'],['CANONICAL ➝ Divination ➝ Hemerology'],,
32,"1879,0708.204",15,3,AKKADIAN,GU₇,GU₇,['akālu I'],['CANONICAL ➝ Divination ➝ Hemerology'],,
33,"1879,0708.204",15,4,AKKADIAN,ina,ina,['ina I'],['CANONICAL ➝ Divination ➝ Hemerology'],,
34,"1879,0708.204",15,5,AKKADIAN,qin-ni-šu₂,qin-ni-šu₂,['qinnu I'],['CANONICAL ➝ Divination ➝ Hemerology'],,
35,"1879,0708.204",15,7,AKKADIAN,BA.UG₇,BA.UG₇,['mâtu I'],['CANONICAL ➝ Divination ➝ Hemerology'],,
36,"1879,0708.204",16,1,AKKADIAN,sah-le₂-e,sah-le₂-e,['sahliu I'],['CANONICAL ➝ Divination ➝ Hemerology'],,
37,"1879,0708.204",16,2,AKKADIAN,NU,NU,['lā I'],['CANONICAL ➝ Divination ➝ Hemerology'],,
38,"1879,0708.204",16,3,AKKADIAN,GU₇,GU₇,['akālu I'],['CANONICAL ➝ Divination ➝ Hemerology'],,
39,"1879,0708.204",16,5,AKKADIAN,GAL₂-šu₂,GAL₂-šu₂,['bašû I'],['CANONICAL ➝ Divination ➝ Hemerology'],,
