,fragment_id,fragment_line_num,index_in_line,word_language,value,clean_value,lemma,domain,place_discovery,place_composition
0,"1880,0617.2336",2,1,AKKADIAN,ŠEŠ₂-su,ŠEŠ₂-su,[],see genres.json file,,
1,"1880,0617.2336",3,1,AKKADIAN,I₃.GIŠ,I₃.GIŠ,[],see genres.json file,,
2,"1880,0617.2336",3,2,AKKADIAN,la,la,[],see genres.json file,,
3,"1880,0617.2336",3,3,AKKADIAN,i-pa-aš₂-ša₂-aš,i-pa-aš₂-ša₂-aš,[],see genres.json file,,
4,"1880,0617.2336",6,2,AKKADIAN,BARA₂.GA,BARA₂.GA,[],see genres.json file,,
5,"1880,0617.2336",7,2,AKKADIAN,NU,NU,[],see genres.json file,,
6,"1880,0617.2336",7,3,AKKADIAN,IGI,IGI,[],see genres.json file,,
7,"1880,0617.2336",8,1,AKKADIAN,TI-uṭ,TI-uṭ,[],see genres.json file,,
