,fragment_id,fragment_line_num,index_in_line,word_language,value,clean_value,lemma,domain,place_discovery,place_composition
0,"1879,0708.29",2,2,SUMERIAN,{d}en-ki,{d}en-ki,[],['CANONICAL ➝ Magic ➝ Exorcistic ➝ Udugḫul'],,
1,"1879,0708.29",3,2,AKKADIAN,DUMU,DUMU,['māru I'],['CANONICAL ➝ Magic ➝ Exorcistic ➝ Udugḫul'],,
2,"1879,0708.29",6,1,AKKADIAN,eri-du₁₀,eri-du₁₀,[],['CANONICAL ➝ Magic ➝ Exorcistic ➝ Udugḫul'],,
3,"1879,0708.29",8,2,SUMERIAN,du₁₀-ga-na,du₁₀-ga-na,[],['CANONICAL ➝ Magic ➝ Exorcistic ➝ Udugḫul'],,
4,"1879,0708.29",9,1,AKKADIAN,šip-ti,šip-ti,['šiptu I'],['CANONICAL ➝ Magic ➝ Exorcistic ➝ Udugḫul'],,
5,"1879,0708.29",9,2,AKKADIAN,ṭa-ab-ti,ṭa-ab-ti,['ṭābu I'],['CANONICAL ➝ Magic ➝ Exorcistic ➝ Udugḫul'],,
6,"1879,0708.29",9,3,AKKADIAN,ina,ina,['ina I'],['CANONICAL ➝ Magic ➝ Exorcistic ➝ Udugḫul'],,
7,"1879,0708.29",9,5,AKKADIAN,mar-ṣi,mar-ṣi,['marṣu I'],['CANONICAL ➝ Magic ➝ Exorcistic ➝ Udugḫul'],,
8,"1879,0708.29",11,2,SUMERIAN,dumu,dumu,[],['CANONICAL ➝ Magic ➝ Exorcistic ➝ Udugḫul'],,
9,"1879,0708.29",11,3,SUMERIAN,dingir-ra-na,dingir-ra-na,[],['CANONICAL ➝ Magic ➝ Exorcistic ➝ Udugḫul'],,
10,"1879,0708.29",12,2,AKKADIAN,DUMU,DUMU,['māru I'],['CANONICAL ➝ Magic ➝ Exorcistic ➝ Udugḫul'],,
11,"1879,0708.29",12,3,AKKADIAN,DINGIR-šu₂,DINGIR-šu₂,['ilu I'],['CANONICAL ➝ Magic ➝ Exorcistic ➝ Udugḫul'],,
12,"1879,0708.29",14,2,SUMERIAN,{giš}tukul,{giš}tukul,[],['CANONICAL ➝ Magic ➝ Exorcistic ➝ Udugḫul'],,
13,"1879,0708.29",15,3,AKKADIAN,{giš}TUKUL,{giš}TUKUL,['kakku I'],['CANONICAL ➝ Magic ➝ Exorcistic ➝ Udugḫul'],,
14,"1879,0708.29",15,4,AKKADIAN,ṣi-ru,ṣi-ru,['ṣīru I'],['CANONICAL ➝ Magic ➝ Exorcistic ➝ Udugḫul'],,
15,"1879,0708.29",15,5,AKKADIAN,ša₂,ša₂,['ša I'],['CANONICAL ➝ Magic ➝ Exorcistic ➝ Udugḫul'],,
16,"1879,0708.29",15,9,AKKADIAN,re-ši-šu₂,re-ši-šu₂,['rēšu I'],['CANONICAL ➝ Magic ➝ Exorcistic ➝ Udugḫul'],,
17,"1879,0708.29",17,3,SUMERIAN,{d}lamma,{d}lamma,[],['CANONICAL ➝ Magic ➝ Exorcistic ➝ Udugḫul'],,
18,"1879,0708.29",17,4,SUMERIAN,sig₅-ga,sig₅-ga,[],['CANONICAL ➝ Magic ➝ Exorcistic ➝ Udugḫul'],,
19,"1879,0708.29",17,5,SUMERIAN,dingir,dingir,[],['CANONICAL ➝ Magic ➝ Exorcistic ➝ Udugḫul'],,
20,"1879,0708.29",17,6,SUMERIAN,sag,sag,[],['CANONICAL ➝ Magic ➝ Exorcistic ➝ Udugḫul'],,
21,"1879,0708.29",18,1,AKKADIAN,ina,ina,['ina I'],['CANONICAL ➝ Magic ➝ Exorcistic ➝ Udugḫul'],,
22,"1879,0708.29",18,2,AKKADIAN,re-ši-šu₂,re-ši-šu₂,['rēšu I'],['CANONICAL ➝ Magic ➝ Exorcistic ➝ Udugḫul'],,
23,"1879,0708.29",21,3,AKKADIAN,ana,ana,['ana I'],['CANONICAL ➝ Magic ➝ Exorcistic ➝ Udugḫul'],,
