,fragment_id,fragment_line_num,index_in_line,word_language,value,clean_value,lemma,domain,place_discovery,place_composition
0,"1881,0204.248",2,3,SUMERIAN,dul-dul-la,dul-dul-la,[],['CANONICAL ➝ Magic ➝ Exorcistic ➝ Udugḫul'],,
1,"1881,0204.248",2,4,SUMERIAN,giš-hur,giš-hur,[],['CANONICAL ➝ Magic ➝ Exorcistic ➝ Udugḫul'],,
2,"1881,0204.248",2,5,SUMERIAN,bi₂-in-hur-hur-re-e-de₃-e,bi₂-in-hur-hur-re-e-de₃-e,[],['CANONICAL ➝ Magic ➝ Exorcistic ➝ Udugḫul'],,
3,"1881,0204.248",4,4,AKKADIAN,pu-us-su-mi₃,pu-us-su-mi₃,['pasāmu I'],['CANONICAL ➝ Magic ➝ Exorcistic ➝ Udugḫul'],,
4,"1881,0204.248",4,5,AKKADIAN,GIŠ.HUR-MEŠ,GIŠ.HUR-MEŠ,['uṣurtu I'],['CANONICAL ➝ Magic ➝ Exorcistic ➝ Udugḫul'],,
5,"1881,0204.248",4,6,AKKADIAN,u₂-ṣir-šu₂-nu-ti,u₂-ṣir-šu₂-nu-ti,['eṣēru I'],['CANONICAL ➝ Magic ➝ Exorcistic ➝ Udugḫul'],,
6,"1881,0204.248",5,2,SUMERIAN,nin-bi-še₃,nin-bi-še₃,[],['CANONICAL ➝ Magic ➝ Exorcistic ➝ Udugḫul'],,
7,"1881,0204.248",5,4,SUMERIAN,nig₂!(A),nig₂(A),[],['CANONICAL ➝ Magic ➝ Exorcistic ➝ Udugḫul'],,
8,"1881,0204.248",5,5,SUMERIAN,ha-la,ha-la,[],['CANONICAL ➝ Magic ➝ Exorcistic ➝ Udugḫul'],,
9,"1881,0204.248",5,6,SUMERIAN,nam-mi-in-ha-la-e-de₃-a,nam-mi-in-ha-la-e-de₃-a,[],['CANONICAL ➝ Magic ➝ Exorcistic ➝ Udugḫul'],,
10,"1881,0204.248",7,2,AKKADIAN,be-lu,be-lu,['bēlu I'],['CANONICAL ➝ Magic ➝ Exorcistic ➝ Udugḫul'],,
11,"1881,0204.248",7,3,AKKADIAN,u,u,['u I'],['CANONICAL ➝ Magic ➝ Exorcistic ➝ Udugḫul'],,
12,"1881,0204.248",7,4,AKKADIAN,be-el-tu₄,be-el-tu₄,['bēltu I'],['CANONICAL ➝ Magic ➝ Exorcistic ➝ Udugḫul'],,
13,"1881,0204.248",7,5,AKKADIAN,NAM-MEŠ,NAM-MEŠ,['šīmtu I'],['CANONICAL ➝ Magic ➝ Exorcistic ➝ Udugḫul'],,
14,"1881,0204.248",7,7,AKKADIAN,zi-za-a-ti,zi-za-a-ti,['zittu I'],['CANONICAL ➝ Magic ➝ Exorcistic ➝ Udugḫul'],,
15,"1881,0204.248",7,8,AKKADIAN,u₂-za-ʾ-is-su-nu-ti,u₂-za-ʾ-is-su-nu-ti,['zâzu I'],['CANONICAL ➝ Magic ➝ Exorcistic ➝ Udugḫul'],,
16,"1881,0204.248",8,2,SUMERIAN,a-ra₂,a-ra₂,[],['CANONICAL ➝ Magic ➝ Exorcistic ➝ Udugḫul'],,
17,"1881,0204.248",8,4,SUMERIAN,ga₂-e,ga₂-e,[],['CANONICAL ➝ Magic ➝ Exorcistic ➝ Udugḫul'],,
18,"1881,0204.248",8,5,SUMERIAN,ba-an-tar-re-eš-am₃,ba-an-tar-re-eš-am₃,[],['CANONICAL ➝ Magic ➝ Exorcistic ➝ Udugḫul'],,
19,"1881,0204.248",10,2,AKKADIAN,al-ka-ka-ti-šu₂-nu,al-ka-ka-ti-šu₂-nu,['alkakātu I'],['CANONICAL ➝ Magic ➝ Exorcistic ➝ Udugḫul'],,
20,"1881,0204.248",10,4,AKKADIAN,la-ma-da,la-ma-da,['lamādu I'],['CANONICAL ➝ Magic ➝ Exorcistic ➝ Udugḫul'],,
21,"1881,0204.248",10,5,AKKADIAN,ia-a-ši,ia-a-ši,['yâšim I'],['CANONICAL ➝ Magic ➝ Exorcistic ➝ Udugḫul'],,
22,"1881,0204.248",10,6,AKKADIAN,i-ši-mu-ni,i-ši-mu-ni,['šiāmu I'],['CANONICAL ➝ Magic ➝ Exorcistic ➝ Udugḫul'],,
23,"1881,0204.248",11,2,SUMERIAN,a-na,a-na,[],['CANONICAL ➝ Magic ➝ Exorcistic ➝ Udugḫul'],,
24,"1881,0204.248",11,3,SUMERIAN,i₃-gal₂-la,i₃-gal₂-la,[],['CANONICAL ➝ Magic ➝ Exorcistic ➝ Udugḫul'],,
25,"1881,0204.248",11,5,SUMERIAN,nu,nu,[],['CANONICAL ➝ Magic ➝ Exorcistic ➝ Udugḫul'],,
26,"1881,0204.248",11,6,SUMERIAN,i₃-gal₂-la,i₃-gal₂-la,[],['CANONICAL ➝ Magic ➝ Exorcistic ➝ Udugḫul'],,
27,"1881,0204.248",13,2,AKKADIAN,eri-du₁₀,eri-du₁₀,[],['CANONICAL ➝ Magic ➝ Exorcistic ➝ Udugḫul'],,
28,"1881,0204.248",13,3,AKKADIAN,mi-nu-u₂,mi-nu-u₂,['mīnu I'],['CANONICAL ➝ Magic ➝ Exorcistic ➝ Udugḫul'],,
29,"1881,0204.248",13,4,AKKADIAN,i-ba-aš₂-ši,i-ba-aš₂-ši,['bašû I'],['CANONICAL ➝ Magic ➝ Exorcistic ➝ Udugḫul'],,
30,"1881,0204.248",13,6,AKKADIAN,ul,ul,['ul I'],['CANONICAL ➝ Magic ➝ Exorcistic ➝ Udugḫul'],,
31,"1881,0204.248",13,7,AKKADIAN,i-ba-aš₂-ši,i-ba-aš₂-ši,['bašû I'],['CANONICAL ➝ Magic ➝ Exorcistic ➝ Udugḫul'],,
32,"1881,0204.248",14,2,SUMERIAN,kin-kin-na,kin-kin-na,[],['CANONICAL ➝ Magic ➝ Exorcistic ➝ Udugḫul'],,
33,"1881,0204.248",14,3,SUMERIAN,me,me,[],['CANONICAL ➝ Magic ➝ Exorcistic ➝ Udugḫul'],,
34,"1881,0204.248",14,5,SUMERIAN,e₁₁-de₃,e₁₁-de₃,[],['CANONICAL ➝ Magic ➝ Exorcistic ➝ Udugḫul'],,
35,"1881,0204.248",16,2,AKKADIAN,ši-te-ʾ-e,ši-te-ʾ-e,"[""še'û I""]",['CANONICAL ➝ Magic ➝ Exorcistic ➝ Udugḫul'],,
36,"1881,0204.248",16,3,AKKADIAN,par-ṣi,par-ṣi,['parṣu I'],['CANONICAL ➝ Magic ➝ Exorcistic ➝ Udugḫul'],,
37,"1881,0204.248",16,5,AKKADIAN,šu-la-aš,šu-la-aš,[],['CANONICAL ➝ Magic ➝ Exorcistic ➝ Udugḫul'],,
38,"1881,0204.248",17,2,SUMERIAN,du₁₁-ga,du₁₁-ga,[],['CANONICAL ➝ Magic ➝ Exorcistic ➝ Udugḫul'],,
39,"1881,0204.248",17,3,SUMERIAN,{d}nin-hur-sag-ga₂-ke₄,{d}nin-hur-sag-ga₂-ke₄,[],['CANONICAL ➝ Magic ➝ Exorcistic ➝ Udugḫul'],,
40,"1881,0204.248",17,4,SUMERIAN,kid₃-kid₃-bi,kid₃-kid₃-bi,[],['CANONICAL ➝ Magic ➝ Exorcistic ➝ Udugḫul'],,
41,"1881,0204.248",17,7,SUMERIAN,e₁₁-de₃,e₁₁-de₃,[],['CANONICAL ➝ Magic ➝ Exorcistic ➝ Udugḫul'],,
42,"1881,0204.248",19,2,AKKADIAN,MIN-e,MIN-e,[],['CANONICAL ➝ Magic ➝ Exorcistic ➝ Udugḫul'],,
43,"1881,0204.248",19,3,AKKADIAN,ša₂,ša₂,['ša I'],['CANONICAL ➝ Magic ➝ Exorcistic ➝ Udugḫul'],,
44,"1881,0204.248",19,4,AKKADIAN,{d}be-let,{d}be-let,[],['CANONICAL ➝ Magic ➝ Exorcistic ➝ Udugḫul'],,
45,"1881,0204.248",19,5,AKKADIAN,DINGIR-MEŠ,DINGIR-MEŠ,['ilu I'],['CANONICAL ➝ Magic ➝ Exorcistic ➝ Udugḫul'],,
46,"1881,0204.248",19,6,AKKADIAN,up-ša₂-ši,up-ša₂-ši,['upšaššû I'],['CANONICAL ➝ Magic ➝ Exorcistic ➝ Udugḫul'],,
47,"1881,0204.248",19,7,AKKADIAN,ṣi-ru-ti,ṣi-ru-ti,['ṣīru I'],['CANONICAL ➝ Magic ➝ Exorcistic ➝ Udugḫul'],,
48,"1881,0204.248",19,8,AKKADIAN,ša₂,ša₂,['ša I'],['CANONICAL ➝ Magic ➝ Exorcistic ➝ Udugḫul'],,
49,"1881,0204.248",19,10,AKKADIAN,šu-lam-ma,šu-lam-ma,[],['CANONICAL ➝ Magic ➝ Exorcistic ➝ Udugḫul'],,
50,"1881,0204.248",20,2,SUMERIAN,gal-gal-la,gal-gal-la,[],['CANONICAL ➝ Magic ➝ Exorcistic ➝ Udugḫul'],,
51,"1881,0204.248",20,3,SUMERIAN,a-ra₂,a-ra₂,[],['CANONICAL ➝ Magic ➝ Exorcistic ➝ Udugḫul'],,
52,"1881,0204.248",20,4,SUMERIAN,bur₂-ra-še₃,bur₂-ra-še₃,[],['CANONICAL ➝ Magic ➝ Exorcistic ➝ Udugḫul'],,
53,"1881,0204.248",20,5,SUMERIAN,za-e,za-e,[],['CANONICAL ➝ Magic ➝ Exorcistic ➝ Udugḫul'],,
54,"1881,0204.248",20,6,SUMERIAN,{d}nin-mah-a-še₃,{d}nin-mah-a-še₃,[],['CANONICAL ➝ Magic ➝ Exorcistic ➝ Udugḫul'],,
55,"1881,0204.248",22,2,AKKADIAN,ra-ba-ti,ra-ba-ti,['rabû I'],['CANONICAL ➝ Magic ➝ Exorcistic ➝ Udugḫul'],,
56,"1881,0204.248",22,3,AKKADIAN,al-ka-ka-a-tu₂,al-ka-ka-a-tu₂,['alaktu I'],['CANONICAL ➝ Magic ➝ Exorcistic ➝ Udugḫul'],,
57,"1881,0204.248",22,4,AKKADIAN,tap-šu-ru,tap-šu-ru,['pašāru I'],['CANONICAL ➝ Magic ➝ Exorcistic ➝ Udugḫul'],,
58,"1881,0204.248",22,5,AKKADIAN,at-ta,at-ta,['attā I'],['CANONICAL ➝ Magic ➝ Exorcistic ➝ Udugḫul'],,
59,"1881,0204.248",22,6,AKKADIAN,ana,ana,['ana I'],['CANONICAL ➝ Magic ➝ Exorcistic ➝ Udugḫul'],,
60,"1881,0204.248",22,8,AKKADIAN,pu-šur-šim-ma,pu-šur-šim-ma,['pašāru I'],['CANONICAL ➝ Magic ➝ Exorcistic ➝ Udugḫul'],,
61,"1881,0204.248",23,2,SUMERIAN,nin₉,nin₉,[],['CANONICAL ➝ Magic ➝ Exorcistic ➝ Udugḫul'],,
62,"1881,0204.248",23,3,SUMERIAN,gal,gal,[],['CANONICAL ➝ Magic ➝ Exorcistic ➝ Udugḫul'],,
63,"1881,0204.248",23,4,SUMERIAN,{d}suen-na-ke₄,{d}suen-na-ke₄,[],['CANONICAL ➝ Magic ➝ Exorcistic ➝ Udugḫul'],,
64,"1881,0204.248",23,5,SUMERIAN,ama,ama,[],['CANONICAL ➝ Magic ➝ Exorcistic ➝ Udugḫul'],,
65,"1881,0204.248",23,6,SUMERIAN,gal,gal,[],['CANONICAL ➝ Magic ➝ Exorcistic ➝ Udugḫul'],,
66,"1881,0204.248",24,2,AKKADIAN,a-hat,a-hat,['ahātu I'],['CANONICAL ➝ Magic ➝ Exorcistic ➝ Udugḫul'],,
67,"1881,0204.248",24,3,AKKADIAN,ra-bi-tu,ra-bi-tu,['rabû I'],['CANONICAL ➝ Magic ➝ Exorcistic ➝ Udugḫul'],,
68,"1881,0204.248",24,4,AKKADIAN,ša₂,ša₂,['ša I'],['CANONICAL ➝ Magic ➝ Exorcistic ➝ Udugḫul'],,
69,"1881,0204.248",24,5,AKKADIAN,{d}MIN,{d}MIN,[],['CANONICAL ➝ Magic ➝ Exorcistic ➝ Udugḫul'],,
70,"1881,0204.248",24,6,AKKADIAN,um-mi,um-mi,['ummu I'],['CANONICAL ➝ Magic ➝ Exorcistic ➝ Udugḫul'],,
71,"1881,0204.248",24,8,AKKADIAN,ša₂,ša₂,['ša I'],['CANONICAL ➝ Magic ➝ Exorcistic ➝ Udugḫul'],,
72,"1881,0204.248",24,9,AKKADIAN,ke-eš,ke-eš,[],['CANONICAL ➝ Magic ➝ Exorcistic ➝ Udugḫul'],,
73,"1881,0204.248",25,2,SUMERIAN,gu-la,gu-la,[],['CANONICAL ➝ Magic ➝ Exorcistic ➝ Udugḫul'],,
74,"1881,0204.248",25,3,SUMERIAN,e₂,e₂,[],['CANONICAL ➝ Magic ➝ Exorcistic ➝ Udugḫul'],,
75,"1881,0204.248",25,4,SUMERIAN,mah-ta,mah-ta,[],['CANONICAL ➝ Magic ➝ Exorcistic ➝ Udugḫul'],,
76,"1881,0204.248",25,5,SUMERIAN,e₂-na-ta,e₂-na-ta,[],['CANONICAL ➝ Magic ➝ Exorcistic ➝ Udugḫul'],,
77,"1881,0204.248",25,6,SUMERIAN,nam,nam,[],['CANONICAL ➝ Magic ➝ Exorcistic ➝ Udugḫul'],,
78,"1881,0204.248",25,7,SUMERIAN,an-ki-a,an-ki-a,[],['CANONICAL ➝ Magic ➝ Exorcistic ➝ Udugḫul'],,
79,"1881,0204.248",25,8,SUMERIAN,nam,nam,[],['CANONICAL ➝ Magic ➝ Exorcistic ➝ Udugḫul'],,
80,"1881,0204.248",25,9,SUMERIAN,digir-re-e-ne-ke₄,digir-re-e-ne-ke₄,[],['CANONICAL ➝ Magic ➝ Exorcistic ➝ Udugḫul'],,
81,"1881,0204.248",25,10,SUMERIAN,šu-na,šu-na,[],['CANONICAL ➝ Magic ➝ Exorcistic ➝ Udugḫul'],,
82,"1881,0204.248",29,2,SUMERIAN,ereš,ereš,[],['CANONICAL ➝ Magic ➝ Exorcistic ➝ Udugḫul'],,
83,"1881,0204.248",29,3,SUMERIAN,gaba,gaba,[],['CANONICAL ➝ Magic ➝ Exorcistic ➝ Udugḫul'],,
84,"1881,0204.248",29,4,SUMERIAN,nu-gi₄,nu-gi₄,[],['CANONICAL ➝ Magic ➝ Exorcistic ➝ Udugḫul'],,
85,"1881,0204.248",29,6,SUMERIAN,ki,ki,[],['CANONICAL ➝ Magic ➝ Exorcistic ➝ Udugḫul'],,
86,"1881,0204.248",29,7,SUMERIAN,{d}inanna-ke₄,{d}inanna-ke₄,[],['CANONICAL ➝ Magic ➝ Exorcistic ➝ Udugḫul'],,
87,"1881,0204.248",30,2,AKKADIAN,er-šu₂-tu₂,er-šu₂-tu₂,['eršu I'],['CANONICAL ➝ Magic ➝ Exorcistic ➝ Udugḫul'],,
88,"1881,0204.248",30,3,AKKADIAN,ša₂,ša₂,['ša I'],['CANONICAL ➝ Magic ➝ Exorcistic ➝ Udugḫul'],,
89,"1881,0204.248",30,4,AKKADIAN,la,la,['lā I'],['CANONICAL ➝ Magic ➝ Exorcistic ➝ Udugḫul'],,
90,"1881,0204.248",30,5,AKKADIAN,im-mah-ha-ru,im-mah-ha-ru,['mahāru I'],['CANONICAL ➝ Magic ➝ Exorcistic ➝ Udugḫul'],,
91,"1881,0204.248",30,8,AKKADIAN,{d}iš-tar,{d}iš-tar,[],['CANONICAL ➝ Magic ➝ Exorcistic ➝ Udugḫul'],,
92,"1881,0204.248",31,2,SUMERIAN,lu₂-ba-ke₄,lu₂-ba-ke₄,[],['CANONICAL ➝ Magic ➝ Exorcistic ➝ Udugḫul'],,
93,"1881,0204.248",31,4,SUMERIAN,he₂-en-na-ab-be₂,he₂-en-na-ab-be₂,[],['CANONICAL ➝ Magic ➝ Exorcistic ➝ Udugḫul'],,
94,"1881,0204.248",32,2,AKKADIAN,DIGIR,DIGIR,['ilu I'],['CANONICAL ➝ Magic ➝ Exorcistic ➝ Udugḫul'],,
95,"1881,0204.248",32,3,AKKADIAN,LU₂,LU₂,['awīlu I'],['CANONICAL ➝ Magic ➝ Exorcistic ➝ Udugḫul'],,
96,"1881,0204.248",32,4,AKKADIAN,šu-a-tu₂,šu-a-tu₂,['šuāti I'],['CANONICAL ➝ Magic ➝ Exorcistic ➝ Udugḫul'],,
97,"1881,0204.248",32,6,AKKADIAN,liq-bu-u₂,liq-bu-u₂,['qabû II'],['CANONICAL ➝ Magic ➝ Exorcistic ➝ Udugḫul'],,
98,"1881,0204.248",33,2,SUMERIAN,ereš,ereš,[],['CANONICAL ➝ Magic ➝ Exorcistic ➝ Udugḫul'],,
99,"1881,0204.248",33,4,SUMERIAN,a-ri-a,a-ri-a,[],['CANONICAL ➝ Magic ➝ Exorcistic ➝ Udugḫul'],,
100,"1881,0204.248",33,5,SUMERIAN,ug₅-ga,ug₅-ga,[],['CANONICAL ➝ Magic ➝ Exorcistic ➝ Udugḫul'],,
101,"1881,0204.248",33,6,SUMERIAN,nam-ti-la,nam-ti-la,[],['CANONICAL ➝ Magic ➝ Exorcistic ➝ Udugḫul'],,
102,"1881,0204.248",33,7,SUMERIAN,šum₂-mu,šum₂-mu,[],['CANONICAL ➝ Magic ➝ Exorcistic ➝ Udugḫul'],,
103,"1881,0204.248",33,11,SUMERIAN,gaba,gaba,[],['CANONICAL ➝ Magic ➝ Exorcistic ➝ Udugḫul'],,
104,"1881,0204.248",33,12,SUMERIAN,an-gi₄-gi₄-a,an-gi₄-gi₄-a,[],['CANONICAL ➝ Magic ➝ Exorcistic ➝ Udugḫul'],,
105,"1881,0204.248",34,3,AKKADIAN,a-ša₂-re-du-ti,a-ša₂-re-du-ti,['ašarēdu I'],['CANONICAL ➝ Magic ➝ Exorcistic ➝ Udugḫul'],,
106,"1881,0204.248",34,4,AKKADIAN,na-du-ši-ti,na-du-ši-ti,[],['CANONICAL ➝ Magic ➝ Exorcistic ➝ Udugḫul'],,
107,"1881,0204.248",34,5,AKKADIAN,ṣir-ti,ṣir-ti,['ṣīru I'],['CANONICAL ➝ Magic ➝ Exorcistic ➝ Udugḫul'],,
108,"1881,0204.248",34,8,AKKADIAN,ba-la-ṭi,ba-la-ṭi,['balāṭu I'],['CANONICAL ➝ Magic ➝ Exorcistic ➝ Udugḫul'],,
109,"1881,0204.248",34,9,AKKADIAN,i-nam-di-nu,i-nam-di-nu,['nadānu II'],['CANONICAL ➝ Magic ➝ Exorcistic ➝ Udugḫul'],,
110,"1881,0204.248",34,10,AKKADIAN,mu-ter-ru-ti,mu-ter-ru-ti,['muterru I'],['CANONICAL ➝ Magic ➝ Exorcistic ➝ Udugḫul'],,
111,"1881,0204.248",35,3,SUMERIAN,u₃-tu-ud-da,u₃-tu-ud-da,[],['CANONICAL ➝ Magic ➝ Exorcistic ➝ Udugḫul'],,
112,"1881,0204.248",36,3,AKKADIAN,i-lit-ti,i-lit-ti,['ilittu I'],['CANONICAL ➝ Magic ➝ Exorcistic ➝ Udugḫul'],,
113,"1881,0204.248",37,2,SUMERIAN,he₂-gal₂-la,he₂-gal₂-la,[],['CANONICAL ➝ Magic ➝ Exorcistic ➝ Udugḫul'],,
114,"1881,0204.248",37,3,SUMERIAN,dumu,dumu,[],['CANONICAL ➝ Magic ➝ Exorcistic ➝ Udugḫul'],,
115,"1881,0204.248",37,4,SUMERIAN,nibru{ki},nibru{ki},[],['CANONICAL ➝ Magic ➝ Exorcistic ➝ Udugḫul'],,
116,"1881,0204.248",37,5,SUMERIAN,du₁₀-ga,du₁₀-ga,[],['CANONICAL ➝ Magic ➝ Exorcistic ➝ Udugḫul'],,
117,"1881,0204.248",37,8,AKKADIAN,u₄-mu,u₄-mu,['ūmu I'],['CANONICAL ➝ Magic ➝ Exorcistic ➝ Udugḫul'],,
118,"1881,0204.248",37,10,AKKADIAN,DUMU.MEŠ,DUMU.MEŠ,['māru I'],['CANONICAL ➝ Magic ➝ Exorcistic ➝ Udugḫul'],,
119,"1881,0204.248",37,11,AKKADIAN,ni-ip-pu₂-ru,ni-ip-pu₂-ru,[],['CANONICAL ➝ Magic ➝ Exorcistic ➝ Udugḫul'],,
120,"1881,0204.248",37,12,AKKADIAN,ṭa-a-bu,ṭa-a-bu,['ṭābu I'],['CANONICAL ➝ Magic ➝ Exorcistic ➝ Udugḫul'],,
