,fragment_id,fragment_line_num,index_in_line,word_language,value,clean_value,lemma,domain,place_discovery,place_composition
0,"1880,0617.2549",0,1,AKKADIAN,pi-it,pi-it,[],see genres.json file,,
1,"1880,0617.2549",1,1,AKKADIAN,pe-te-e,pe-te-e,[],see genres.json file,,
2,"1880,0617.2549",1,2,AKKADIAN,u,u,[],see genres.json file,,
3,"1880,0617.2549",2,1,AKKADIAN,im-ma-a,im-ma-a,[],see genres.json file,,
4,"1880,0617.2549",4,2,AKKADIAN,i-tam-ma-a,i-tam-ma-a,[],see genres.json file,,
5,"1880,0617.2549",6,3,AKKADIAN,qe₂-reb-ši-na,qe₂-reb-ši-na,[],see genres.json file,,
6,"1880,0617.2549",6,4,AKKADIAN,la,la,[],see genres.json file,,
7,"1880,0617.2549",7,1,AKKADIAN,ia-a-ti,ia-a-ti,[],see genres.json file,,
8,"1880,0617.2549",7,3,AKKADIAN,i-qu-pu,i-qu-pu,[],see genres.json file,,
9,"1880,0617.2549",8,1,AKKADIAN,mun-ni-šu₂,mun-ni-šu₂,[],see genres.json file,,
