,fragment_id,fragment_line_num,index_in_line,word_language,value,clean_value,lemma,domain,place_discovery,place_composition
0,"1876,1117.2712",0,4,AKKADIAN,šu₂,šu₂,[],"[['ARCHIVAL', 'Administrative']]",,
1,"1876,1117.2712",1,2,AKKADIAN,3,3,[],"[['ARCHIVAL', 'Administrative']]",,
2,"1876,1117.2712",1,3,AKKADIAN,SILA₃,SILA₃,['qû II'],"[['ARCHIVAL', 'Administrative']]",,
3,"1876,1117.2712",2,2,AKKADIAN,GIN₂,GIN₂,['šiqlu I'],"[['ARCHIVAL', 'Administrative']]",,
4,"1876,1117.2712",3,2,AKKADIAN,lib₃-bi,lib₃-bi,['libbu I'],"[['ARCHIVAL', 'Administrative']]",,
