,fragment_id,fragment_line_num,index_in_line,word_language,value,clean_value,lemma,domain,place_discovery,place_composition
0,"1881,0204.317",1,2,AKKADIAN,{iti}APIN,{iti}APIN,['Arahsamna I'],['CANONICAL ➝ Divination ➝ Celestial'],,
1,"1881,0204.317",2,0,AKKADIAN,DIŠ,DIŠ,[],['CANONICAL ➝ Divination ➝ Celestial'],,
2,"1881,0204.317",2,1,AKKADIAN,ina,ina,['ina I'],['CANONICAL ➝ Divination ➝ Celestial'],,
3,"1881,0204.317",2,2,AKKADIAN,{iti}GAN,{iti}GAN,['Kislīmu I'],['CANONICAL ➝ Divination ➝ Celestial'],,
4,"1881,0204.317",3,0,AKKADIAN,DIŠ,DIŠ,[],['CANONICAL ➝ Divination ➝ Celestial'],,
5,"1881,0204.317",3,1,AKKADIAN,ina,ina,['ina I'],['CANONICAL ➝ Divination ➝ Celestial'],,
6,"1881,0204.317",3,2,AKKADIAN,{iti}AB,{iti}AB,['ṭebētu I'],['CANONICAL ➝ Divination ➝ Celestial'],,
7,"1881,0204.317",3,3,AKKADIAN,U₄.15.KAM,U₄.15.KAM,[],['CANONICAL ➝ Divination ➝ Celestial'],,
8,"1881,0204.317",4,0,AKKADIAN,DIŠ,DIŠ,[],['CANONICAL ➝ Divination ➝ Celestial'],,
9,"1881,0204.317",4,1,AKKADIAN,ina,ina,['ina I'],['CANONICAL ➝ Divination ➝ Celestial'],,
10,"1881,0204.317",4,2,AKKADIAN,{iti}ZIZ₂,{iti}ZIZ₂,['Šabāṭu I'],['CANONICAL ➝ Divination ➝ Celestial'],,
11,"1881,0204.317",5,0,AKKADIAN,DIŠ,DIŠ,[],['CANONICAL ➝ Divination ➝ Celestial'],,
12,"1881,0204.317",5,1,AKKADIAN,ina,ina,['ina I'],['CANONICAL ➝ Divination ➝ Celestial'],,
13,"1881,0204.317",5,2,AKKADIAN,{iti}ŠE,{iti}ŠE,['Adaru I'],['CANONICAL ➝ Divination ➝ Celestial'],,
14,"1881,0204.317",7,0,AKKADIAN,DIŠ,DIŠ,[],['CANONICAL ➝ Divination ➝ Celestial'],,
15,"1881,0204.317",7,1,AKKADIAN,ina,ina,['ina I'],['CANONICAL ➝ Divination ➝ Celestial'],,
16,"1881,0204.317",7,2,AKKADIAN,{iti}BARA₂,{iti}BARA₂,['nisanu I'],['CANONICAL ➝ Divination ➝ Celestial'],,
17,"1881,0204.317",7,3,AKKADIAN,a₇-ku₆-ku₆-tu₄,a₇-ku₆-ku₆-tu₄,['akukūtu I'],['CANONICAL ➝ Divination ➝ Celestial'],,
18,"1881,0204.317",7,4,AKKADIAN,KUR-ha,KUR-ha,['napāhu I'],['CANONICAL ➝ Divination ➝ Celestial'],,
19,"1881,0204.317",7,6,AKKADIAN,LUGAL,LUGAL,['šarru I'],['CANONICAL ➝ Divination ➝ Celestial'],,
20,"1881,0204.317",8,0,AKKADIAN,DIŠ,DIŠ,[],['CANONICAL ➝ Divination ➝ Celestial'],,
21,"1881,0204.317",8,1,AKKADIAN,ina,ina,['ina I'],['CANONICAL ➝ Divination ➝ Celestial'],,
22,"1881,0204.317",8,2,AKKADIAN,{iti}GU₄,{iti}GU₄,['Ayyāru I'],['CANONICAL ➝ Divination ➝ Celestial'],,
23,"1881,0204.317",8,4,AKKADIAN,KUR-(su),KUR-su,['mātu I'],['CANONICAL ➝ Divination ➝ Celestial'],,
24,"1881,0204.317",9,0,AKKADIAN,DIŠ,DIŠ,[],['CANONICAL ➝ Divination ➝ Celestial'],,
25,"1881,0204.317",9,1,AKKADIAN,ina,ina,['ina I'],['CANONICAL ➝ Divination ➝ Celestial'],,
26,"1881,0204.317",9,2,AKKADIAN,{iti}SIG₄,{iti}SIG₄,['Simānu II'],['CANONICAL ➝ Divination ➝ Celestial'],,
27,"1881,0204.317",9,3,AKKADIAN,{munus}KUR₂,{munus}KUR₂,['nukurtu I'],['CANONICAL ➝ Divination ➝ Celestial'],,
28,"1881,0204.317",9,5,AKKADIAN,KUR,KUR,['mātu I'],['CANONICAL ➝ Divination ➝ Celestial'],,
29,"1881,0204.317",11,0,AKKADIAN,DIŠ,DIŠ,[],['CANONICAL ➝ Divination ➝ Celestial'],,
30,"1881,0204.317",11,1,AKKADIAN,ina,ina,['ina I'],['CANONICAL ➝ Divination ➝ Celestial'],,
31,"1881,0204.317",11,2,AKKADIAN,{iti}ŠU,{iti}ŠU,"[""Du'ūzu I""]",['CANONICAL ➝ Divination ➝ Celestial'],,
32,"1881,0204.317",11,3,AKKADIAN,KUR,KUR,['mātu I'],['CANONICAL ➝ Divination ➝ Celestial'],,
33,"1881,0204.317",12,0,AKKADIAN,DIŠ,DIŠ,[],['CANONICAL ➝ Divination ➝ Celestial'],,
34,"1881,0204.317",12,1,AKKADIAN,ina,ina,['ina I'],['CANONICAL ➝ Divination ➝ Celestial'],,
35,"1881,0204.317",12,2,AKKADIAN,{iti}NE,{iti}NE,['Abu II'],['CANONICAL ➝ Divination ➝ Celestial'],,
36,"1881,0204.317",12,4,AKKADIAN,LUGAL,LUGAL,['šarru I'],['CANONICAL ➝ Divination ➝ Celestial'],,
37,"1881,0204.317",13,0,AKKADIAN,DIŠ,DIŠ,[],['CANONICAL ➝ Divination ➝ Celestial'],,
38,"1881,0204.317",13,1,AKKADIAN,ina,ina,['ina I'],['CANONICAL ➝ Divination ➝ Celestial'],,
39,"1881,0204.317",13,2,AKKADIAN,{iti}KIN,{iti}KIN,['Elūnu I'],['CANONICAL ➝ Divination ➝ Celestial'],,
40,"1881,0204.317",14,1,AKKADIAN,ina,ina,['ina I'],['CANONICAL ➝ Divination ➝ Celestial'],,
41,"1881,0204.317",17,0,AKKADIAN,DIŠ,DIŠ,[],['CANONICAL ➝ Divination ➝ Celestial'],,
42,"1881,0204.317",18,0,AKKADIAN,DIŠ,DIŠ,[],['CANONICAL ➝ Divination ➝ Celestial'],,
43,"1881,0204.317",18,1,AKKADIAN,ina,ina,['ina I'],['CANONICAL ➝ Divination ➝ Celestial'],,
44,"1881,0204.317",19,0,AKKADIAN,DIŠ,DIŠ,[],['CANONICAL ➝ Divination ➝ Celestial'],,
45,"1881,0204.317",19,1,AKKADIAN,ina,ina,['ina I'],['CANONICAL ➝ Divination ➝ Celestial'],,
46,"1881,0204.317",20,0,AKKADIAN,DIŠ,DIŠ,[],['CANONICAL ➝ Divination ➝ Celestial'],,
47,"1881,0204.317",20,1,AKKADIAN,ina,ina,['ina I'],['CANONICAL ➝ Divination ➝ Celestial'],,
48,"1881,0204.317",21,0,AKKADIAN,DIŠ,DIŠ,[],['CANONICAL ➝ Divination ➝ Celestial'],,
49,"1881,0204.317",21,1,AKKADIAN,ina,ina,['ina I'],['CANONICAL ➝ Divination ➝ Celestial'],,
50,"1881,0204.317",22,0,AKKADIAN,DIŠ,DIŠ,[],['CANONICAL ➝ Divination ➝ Celestial'],,
51,"1881,0204.317",22,1,AKKADIAN,ina,ina,['ina I'],['CANONICAL ➝ Divination ➝ Celestial'],,
52,"1881,0204.317",23,0,AKKADIAN,DIŠ,DIŠ,[],['CANONICAL ➝ Divination ➝ Celestial'],,
53,"1881,0204.317",23,1,AKKADIAN,ina,ina,['ina I'],['CANONICAL ➝ Divination ➝ Celestial'],,
54,"1881,0204.317",24,0,AKKADIAN,DIŠ,DIŠ,[],['CANONICAL ➝ Divination ➝ Celestial'],,
55,"1881,0204.317",24,1,AKKADIAN,ina,ina,['ina I'],['CANONICAL ➝ Divination ➝ Celestial'],,
56,"1881,0204.317",25,0,AKKADIAN,DIŠ,DIŠ,[],['CANONICAL ➝ Divination ➝ Celestial'],,
57,"1881,0204.317",25,1,AKKADIAN,ina,ina,['ina I'],['CANONICAL ➝ Divination ➝ Celestial'],,
58,"1881,0204.317",26,0,AKKADIAN,DIŠ,DIŠ,[],['CANONICAL ➝ Divination ➝ Celestial'],,
