,fragment_id,fragment_line_num,index_in_line,word_language,value,clean_value,lemma,domain,place_discovery,place_composition
0,"1880,0719.279",0,2,EMESAL,eš₃-mah,eš₃-mah,[],['CANONICAL ➝ Literature ➝ Lamentations'],,
1,"1880,0719.279",0,5,EMESAL,ša₃-zu,ša₃-zu,[],['CANONICAL ➝ Literature ➝ Lamentations'],,
2,"1880,0719.279",1,2,EMESAL,umun,umun,[],['CANONICAL ➝ Literature ➝ Lamentations'],,
3,"1880,0719.279",1,5,EMESAL,bar-zu,bar-zu,[],['CANONICAL ➝ Literature ➝ Lamentations'],,
4,"1880,0719.279",2,2,EMESAL,ki-ag₂-zu,ki-ag₂-zu,[],['CANONICAL ➝ Literature ➝ Lamentations'],,
5,"1880,0719.279",2,5,EMESAL,ša₃-zu,ša₃-zu,[],['CANONICAL ➝ Literature ➝ Lamentations'],,
6,"1880,0719.279",3,2,EMESAL,zi,zi,[],['CANONICAL ➝ Literature ➝ Lamentations'],,
7,"1880,0719.279",3,5,EMESAL,bar-zu,bar-zu,[],['CANONICAL ➝ Literature ➝ Lamentations'],,
8,"1880,0719.279",4,2,EMESAL,dumu-sag,dumu-sag,[],['CANONICAL ➝ Literature ➝ Lamentations'],,
9,"1880,0719.279",4,5,EMESAL,ša₃-zu,ša₃-zu,[],['CANONICAL ➝ Literature ➝ Lamentations'],,
10,"1880,0719.279",5,2,EMESAL,zi-da,zi-da,[],['CANONICAL ➝ Literature ➝ Lamentations'],,
11,"1880,0719.279",5,3,EMESAL,gašan-gu₁₀,gašan-gu₁₀,[],['CANONICAL ➝ Literature ➝ Lamentations'],,
12,"1880,0719.279",5,6,EMESAL,bar-zu,bar-zu,[],['CANONICAL ➝ Literature ➝ Lamentations'],,
