,fragment_id,fragment_line_num,index_in_line,word_language,value,clean_value,lemma,domain,place_discovery,place_composition
0,"1881,0204.178",1,3,AKKADIAN,ina,ina,[],['MONUMENTAL ➝ Building'],,
1,"1881,0204.178",1,4,AKKADIAN,ki-sal,ki-sal,[],['MONUMENTAL ➝ Building'],,
2,"1881,0204.178",1,5,AKKADIAN,e₂-maš-maš,e₂-maš-maš,[],['MONUMENTAL ➝ Building'],,
3,"1881,0204.178",3,2,AKKADIAN,ša,ša,[],['MONUMENTAL ➝ Building'],,
4,"1881,0204.178",3,3,AKKADIAN,SIPA-su-nu,SIPA-su-nu,[],['MONUMENTAL ➝ Building'],,
5,"1881,0204.178",3,4,AKKADIAN,GAL-tu₂,GAL-tu₂,[],['MONUMENTAL ➝ Building'],,
6,"1881,0204.178",5,1,AKKADIAN,DINGIR-MEŠ,DINGIR-MEŠ,[],['MONUMENTAL ➝ Building'],,
7,"1881,0204.178",7,2,AKKADIAN,be-lu-ti-šu₂-nu,be-lu-ti-šu₂-nu,[],['MONUMENTAL ➝ Building'],,
8,"1881,0204.178",7,3,AKKADIAN,GAL-ti,GAL-ti,[],['MONUMENTAL ➝ Building'],,
9,"1881,0204.178",9,2,AKKADIAN,ERIN₂,ERIN₂,[],['MONUMENTAL ➝ Building'],,
10,"1881,0204.178",9,3,AKKADIAN,KUR,KUR,[],['MONUMENTAL ➝ Building'],,
