,fragment_id,fragment_line_num,index_in_line,word_language,value,clean_value,lemma,domain,place_discovery,place_composition
0,"1880,0617.2337",1,0,AKKADIAN,ša₂,ša₂,[],see genres.json file,,
1,"1880,0617.2337",4,0,AKKADIAN,EN₂,EN₂,[],see genres.json file,,
2,"1880,0617.2337",4,2,AKKADIAN,3-šu₂,3-šu₂,[],see genres.json file,,
3,"1880,0617.2337",4,3,AKKADIAN,ana,ana,[],see genres.json file,,
4,"1880,0617.2337",4,4,AKKADIAN,ŠA₃,ŠA₃,[],see genres.json file,,
5,"1880,0617.2337",5,0,AKKADIAN,sip-pi₂,sip-pi₂,[],see genres.json file,,
6,"1880,0617.2337",5,2,AKKADIAN,E₂,E₂,[],see genres.json file,,
7,"1880,0617.2337",5,3,AKKADIAN,LU₂/NA,LU₂/NA,[],see genres.json file,,
8,"1880,0617.2337",5,4,AKKADIAN,(BI),BI,[],see genres.json file,,
9,"1880,0617.2337",5,5,AKKADIAN,IM.GU₂,IM.GU₂,[],see genres.json file,,
10,"1880,0617.2337",5,6,AKKADIAN,ta-ša₂-hat,ta-ša₂-hat,[],see genres.json file,,
11,"1880,0617.2337",5,7,AKKADIAN,EGIR-BI/šu₂,EGIR-BI/šu₂,[],see genres.json file,,
12,"1880,0617.2337",5,8,AKKADIAN,DIDA,DIDA,[],see genres.json file,,
13,"1880,0617.2337",5,9,AKKADIAN,(ša₂),ša₂,[],see genres.json file,,
14,"1880,0617.2337",7,0,AKKADIAN,ina,ina,[],see genres.json file,,
15,"1880,0617.2337",7,1,AKKADIAN,su-u₂-ni,su-u₂-ni,[],see genres.json file,,
16,"1880,0617.2337",7,3,AKKADIAN,(UGU,UGU,[],see genres.json file,,
17,"1880,0617.2337",7,4,AKKADIAN,IM.GU₂),IM.GU₂,[],see genres.json file,,
18,"1880,0617.2337",7,5,AKKADIAN,ta-ša₂-hat-(ma),ta-ša₂-hat-ma,[],see genres.json file,,
19,"1880,0617.2337",7,6,AKKADIAN,SILIM/ša₂-lim,SILIM/ša₂-lim,[],see genres.json file,,
20,"1880,0617.2337",10,0,AKKADIAN,ana,ana,[],see genres.json file,,
21,"1880,0617.2337",10,1,AKKADIAN,kiš-pi,kiš-pi,[],see genres.json file,,
22,"1880,0617.2337",10,3,AKKADIAN,LU₂/NA,LU₂/NA,[],see genres.json file,,
23,"1880,0617.2337",10,4,AKKADIAN,u,u,[],see genres.json file,,
24,"1880,0617.2337",10,5,AKKADIAN,E₂-BI/šu₂,E₂-BI/šu₂,[],see genres.json file,,
25,"1880,0617.2337",10,6,AKKADIAN,NU,NU,[],see genres.json file,,
26,"1880,0617.2337",10,7,AKKADIAN,TE-e,TE-e,[],see genres.json file,,
27,"1880,0617.2337",10,8,AKKADIAN,{u₂}IN.NU.UŠ,{u₂}IN.NU.UŠ,[],see genres.json file,,
28,"1880,0617.2337",12,0,AKKADIAN,DIDA,DIDA,[],see genres.json file,,
29,"1880,0617.2337",14,0,AKKADIAN,ina,ina,[],see genres.json file,,
30,"1880,0617.2337",14,3,AKKADIAN,KA₂,KA₂,[],see genres.json file,,
31,"1880,0617.2337",14,4,AKKADIAN,TILLA₄,TILLA₄,[],see genres.json file,,
32,"1880,0617.2337",14,5,AKKADIAN,u,u,[],see genres.json file,,
33,"1880,0617.2337",14,7,AKKADIAN,{giš}IG,{giš}IG,[],see genres.json file,,
34,"1880,0617.2337",16,1,AKKADIAN,i-hal-li-qu,i-hal-li-qu,[],see genres.json file,,
35,"1880,0617.2337",16,3,AKKADIAN,LU₂/NA,LU₂/NA,[],see genres.json file,,
36,"1880,0617.2337",16,4,AKKADIAN,u,u,[],see genres.json file,,
37,"1880,0617.2337",16,5,AKKADIAN,E₂-šu₂,E₂-šu₂,[],see genres.json file,,
38,"1880,0617.2337",16,6,AKKADIAN,NU,NU,[],see genres.json file,,
39,"1880,0617.2337",25,0,AKKADIAN,KA₂,KA₂,[],see genres.json file,,
