,fragment_id,fragment_line_num,index_in_line,word_language,value,clean_value,lemma,domain,place_discovery,place_composition
0,"1880,0617.2446",1,2,AKKADIAN,KAN₅,KAN₅,[],"[['CANONICAL', 'Divination', 'Celestial']]",,
1,"1880,0617.2446",2,2,AKKADIAN,{d}IŠKUR,{d}IŠKUR,[],"[['CANONICAL', 'Divination', 'Celestial']]",,
2,"1880,0617.2446",2,3,AKKADIAN,RA-iṣ,RA-iṣ,[],"[['CANONICAL', 'Divination', 'Celestial']]",,
3,"1880,0617.2446",3,2,AKKADIAN,24,24,[],"[['CANONICAL', 'Divination', 'Celestial']]",,
4,"1880,0617.2446",3,3,AKKADIAN,ina,ina,[],"[['CANONICAL', 'Divination', 'Celestial']]",,
5,"1880,0617.2446",3,4,AKKADIAN,IGI,IGI,[],"[['CANONICAL', 'Divination', 'Celestial']]",,
