,fragment_id,fragment_line_num,index_in_line,word_language,value,clean_value,lemma,domain,place_discovery,place_composition
0,"1879,0708.175",17,1,EMESAL,ša₃,ša₃,[],['CANONICAL ➝ Literature ➝ Lamentations'],,
1,"1879,0708.175",19,1,EMESAL,u₃-u₈-a,u₃-u₈-a,[],['CANONICAL ➝ Literature ➝ Lamentations'],,
2,"1879,0708.175",20,1,EMESAL,egi₂,egi₂,[],['CANONICAL ➝ Literature ➝ Lamentations'],,
3,"1879,0708.175",20,2,EMESAL,gašan,gašan,[],['CANONICAL ➝ Literature ➝ Lamentations'],,
4,"1879,0708.175",21,1,EMESAL,sukkal,sukkal,[],['CANONICAL ➝ Literature ➝ Lamentations'],,
5,"1879,0708.175",22,1,EMESAL,sukkal,sukkal,[],['CANONICAL ➝ Literature ➝ Lamentations'],,
