,fragment_id,fragment_line_num,index_in_line,word_language,value,clean_value,lemma,domain,place_discovery,place_composition
0,"1881,0204.151",1,0,AKKADIAN,5,5,[],['ARCHIVAL ➝ Legal'],,
1,"1881,0204.151",1,1,AKKADIAN,ANŠE,ANŠE,[],['ARCHIVAL ➝ Legal'],,
2,"1881,0204.151",1,2,AKKADIAN,GEŠTIN-MEŠ,GEŠTIN-MEŠ,[],['ARCHIVAL ➝ Legal'],,
3,"1881,0204.151",2,0,AKKADIAN,ina,ina,[],['ARCHIVAL ➝ Legal'],,
4,"1881,0204.151",2,1,AKKADIAN,1,1,[],['ARCHIVAL ➝ Legal'],,
5,"1881,0204.151",2,2,AKKADIAN,qa,qa,[],['ARCHIVAL ➝ Legal'],,
6,"1881,0204.151",2,3,AKKADIAN,ša,ša,[],['ARCHIVAL ➝ Legal'],,
7,"1881,0204.151",2,4,AKKADIAN,MAN,MAN,[],['ARCHIVAL ➝ Legal'],,
8,"1881,0204.151",2,5,AKKADIAN,ša,ša,[],['ARCHIVAL ➝ Legal'],,
9,"1881,0204.151",2,6,AKKADIAN,{m}si-lim-aš-šur,{m}si-lim-aš-šur,[],['ARCHIVAL ➝ Legal'],,
10,"1881,0204.151",3,0,AKKADIAN,ina,ina,[],['ARCHIVAL ➝ Legal'],,
11,"1881,0204.151",3,1,AKKADIAN,IGI,IGI,[],['ARCHIVAL ➝ Legal'],,
12,"1881,0204.151",3,2,AKKADIAN,{m}SUHUŠ-URU-KASKAL,{m}SUHUŠ-URU-KASKAL,[],['ARCHIVAL ➝ Legal'],,
13,"1881,0204.151",4,0,AKKADIAN,ina,ina,[],['ARCHIVAL ➝ Legal'],,
14,"1881,0204.151",4,1,AKKADIAN,UD-1-KAM,UD-1-KAM,[],['ARCHIVAL ➝ Legal'],,
15,"1881,0204.151",4,2,AKKADIAN,ša₂,ša₂,[],['ARCHIVAL ➝ Legal'],,
16,"1881,0204.151",4,3,AKKADIAN,ITI.BARAG,ITI.BARAG,[],['ARCHIVAL ➝ Legal'],,
17,"1881,0204.151",5,0,AKKADIAN,i-dan,i-dan,[],['ARCHIVAL ➝ Legal'],,
18,"1881,0204.151",5,1,AKKADIAN,BE-ma,BE-ma,[],['ARCHIVAL ➝ Legal'],,
19,"1881,0204.151",5,2,AKKADIAN,la,la,[],['ARCHIVAL ➝ Legal'],,
20,"1881,0204.151",5,3,AKKADIAN,i-din,i-din,[],['ARCHIVAL ➝ Legal'],,
21,"1881,0204.151",6,0,AKKADIAN,GEŠTIN-MEŠ,GEŠTIN-MEŠ,[],['ARCHIVAL ➝ Legal'],,
22,"1881,0204.151",6,1,AKKADIAN,a-ki,a-ki,[],['ARCHIVAL ➝ Legal'],,
23,"1881,0204.151",6,2,AKKADIAN,ma-hi-ri,ma-hi-ri,[],['ARCHIVAL ➝ Legal'],,
24,"1881,0204.151",7,0,AKKADIAN,ša,ša,[],['ARCHIVAL ➝ Legal'],,
25,"1881,0204.151",7,1,AKKADIAN,URU.NINA{KI},URU.NINA{KI},[],['ARCHIVAL ➝ Legal'],,
26,"1881,0204.151",7,2,AKKADIAN,SUM-an,SUM-an,[],['ARCHIVAL ➝ Legal'],,
27,"1881,0204.151",10,0,AKKADIAN,IGI,IGI,[],['ARCHIVAL ➝ Legal'],,
28,"1881,0204.151",10,1,AKKADIAN,{m}{d}PA.TUG₂-DINGIR-a-a,{m}{d}PA.TUG₂-DINGIR-a-a,[],['ARCHIVAL ➝ Legal'],,
29,"1881,0204.151",11,0,AKKADIAN,IGI,IGI,[],['ARCHIVAL ➝ Legal'],,
30,"1881,0204.151",11,1,AKKADIAN,{m}gur-ra-a-a,{m}gur-ra-a-a,[],['ARCHIVAL ➝ Legal'],,
31,"1881,0204.151",12,0,AKKADIAN,IGI,IGI,[],['ARCHIVAL ➝ Legal'],,
32,"1881,0204.151",12,1,AKKADIAN,{m}{d}PA-MAN-PAB,{m}{d}PA-MAN-PAB,[],['ARCHIVAL ➝ Legal'],,
33,"1881,0204.151",13,0,AKKADIAN,IGI,IGI,[],['ARCHIVAL ➝ Legal'],,
34,"1881,0204.151",13,1,AKKADIAN,{m}PAB-BAD₃,{m}PAB-BAD₃,[],['ARCHIVAL ➝ Legal'],,
35,"1881,0204.151",14,0,AKKADIAN,IGI,IGI,[],['ARCHIVAL ➝ Legal'],,
36,"1881,0204.151",14,1,AKKADIAN,{m}u₂-bu-ru-u-te,{m}u₂-bu-ru-u-te,[],['ARCHIVAL ➝ Legal'],,
37,"1881,0204.151",15,0,AKKADIAN,ITI.ŠE,ITI.ŠE,[],['ARCHIVAL ➝ Legal'],,
38,"1881,0204.151",15,1,AKKADIAN,UD-5-KAM,UD-5-KAM,[],['ARCHIVAL ➝ Legal'],,
39,"1881,0204.151",16,0,AKKADIAN,lim-mu,lim-mu,[],['ARCHIVAL ➝ Legal'],,
40,"1881,0204.151",16,1,AKKADIAN,{m}{d}PA-PAB-MEŠ-AŠ,{m}{d}PA-PAB-MEŠ-AŠ,[],['ARCHIVAL ➝ Legal'],,
