,fragment_id,fragment_line_num,index_in_line,word_language,value,clean_value,lemma,domain,place_discovery,place_composition
0,"1880,0719.341",1,1,AKKADIAN,ša₂,ša₂,['ša I'],[],,
1,"1880,0719.341",1,2,AKKADIAN,LUGAL,LUGAL,['šarru I'],[],,
2,"1880,0719.341",3,1,AKKADIAN,lib₃-bi-šu₂-nu,lib₃-bi-šu₂-nu,"['libbu I', '-šunu I']",[],,
3,"1880,0719.341",5,1,AKKADIAN,ina,ina,['ina I'],[],,
4,"1880,0719.341",5,2,AKKADIAN,lib₃-bi,lib₃-bi,['libbu I'],[],,
5,"1880,0719.341",7,2,AKKADIAN,lib₃-bi,lib₃-bi,['libbu I'],[],,
6,"1880,0719.341",7,3,AKKADIAN,URU,URU,['ālu I'],[],,
