,fragment_id,fragment_line_num,index_in_line,word_language,value,clean_value,lemma,domain,place_discovery,place_composition
0,"1880,1112.2187",1,3,AKKADIAN,ša₂,ša₂,['ša I'],[],,
1,"1880,1112.2187",1,4,AKKADIAN,i-ni,i-ni,['īnu I'],[],,
2,"1880,1112.2187",1,5,AKKADIAN,la,la,['lā I'],[],,
3,"1880,1112.2187",3,3,AKKADIAN,la,la,['lā I'],[],,
4,"1880,1112.2187",5,3,AKKADIAN,šu-ut,šu-ut,['šūt I'],[],,
5,"1880,1112.2187",5,4,AKKADIAN,{d}50,{d}50,['Ellil I'],[],,
6,"1880,1112.2187",7,1,AKKADIAN,{d}e₂-a,{d}e₂-a,['Ea I'],[],,
7,"1880,1112.2187",7,2,AKKADIAN,gi-mir-ku-nu,gi-mir-ku-nu,['gimru I'],[],,
8,"1880,1112.2187",9,2,AKKADIAN,pi-i,pi-i,['pû I'],[],,
