,fragment_id,fragment_line_num,index_in_line,word_language,value,clean_value,lemma,domain,place_discovery,place_composition
0,"1876,1117.2636",1,2,AKKADIAN,hi/40,hi/40,[],[],,
1,"1876,1117.2636",1,6,AKKADIAN,a,a,[],[],,
2,"1876,1117.2636",2,2,AKKADIAN,KUŠ₂,KUŠ₂,[],[],,
3,"1876,1117.2636",2,3,AKKADIAN,GI₆,GI₆,[],[],,
4,"1876,1117.2636",2,4,AKKADIAN,18,18,[],[],,
5,"1876,1117.2636",3,3,AKKADIAN,te,te,[],[],,
6,"1876,1117.2636",3,4,AKKADIAN,ši,ši,[],[],,
7,"1876,1117.2636",4,1,AKKADIAN,28,28,[],[],,
