,fragment_id,fragment_line_num,index_in_line,word_language,value,clean_value,lemma,domain,place_discovery,place_composition
0,"1880,0719.159",1,1,AKKADIAN,ina,ina,['ina I'],['CANONICAL ➝ Divination ➝ Extispicy'],,
1,"1880,0719.159",1,2,AKKADIAN,IGI,IGI,['mehretu I'],['CANONICAL ➝ Divination ➝ Extispicy'],,
2,"1880,0719.159",2,1,AKKADIAN,ina,ina,['ina I'],['CANONICAL ➝ Divination ➝ Extispicy'],,
3,"1880,0719.159",2,2,AKKADIAN,MAŠ.GAN₂-šu₂,MAŠ.GAN₂-šu₂,"['maškanu I', '-šu I']",['CANONICAL ➝ Divination ➝ Extispicy'],,
4,"1880,0719.159",2,5,AKKADIAN,SAL.LA,SAL.LA,['ruqqu II'],['CANONICAL ➝ Divination ➝ Extispicy'],,
5,"1880,0719.159",2,6,AKKADIAN,ša₂,ša₂,['ša I'],['CANONICAL ➝ Divination ➝ Extispicy'],,
6,"1880,0719.159",2,7,AKKADIAN,15,15,['imittu I'],['CANONICAL ➝ Divination ➝ Extispicy'],,
7,"1880,0719.159",2,8,AKKADIAN,GIR₂,GIR₂,[],['CANONICAL ➝ Divination ➝ Extispicy'],,
8,"1880,0719.159",2,9,AKKADIAN,E₁₁-ma,E₁₁-ma,['elû III'],['CANONICAL ➝ Divination ➝ Extispicy'],,
9,"1880,0719.159",2,10,AKKADIAN,AN.TA,AN.TA,['eliš I'],['CANONICAL ➝ Divination ➝ Extispicy'],,
10,"1880,0719.159",3,1,AKKADIAN,ina,ina,['ina I'],['CANONICAL ➝ Divination ➝ Extispicy'],,
11,"1880,0719.159",3,2,AKKADIAN,MAŠ.GAN₂-šu₂,MAŠ.GAN₂-šu₂,['maškanu I'],['CANONICAL ➝ Divination ➝ Extispicy'],,
12,"1880,0719.159",3,4,AKKADIAN,GAR-at,GAR-at,['šakānu I'],['CANONICAL ➝ Divination ➝ Extispicy'],,
13,"1880,0719.159",3,5,AKKADIAN,{d}IŠKUR,{d}IŠKUR,[],['CANONICAL ➝ Divination ➝ Extispicy'],,
14,"1880,0719.159",3,6,AKKADIAN,ina,ina,['ina I'],['CANONICAL ➝ Divination ➝ Extispicy'],,
15,"1880,0719.159",3,7,AKKADIAN,KUR,KUR,['mātu I'],['CANONICAL ➝ Divination ➝ Extispicy'],,
16,"1880,0719.159",3,8,AKKADIAN,NUN,NUN,['rubû I'],['CANONICAL ➝ Divination ➝ Extispicy'],,
17,"1880,0719.159",3,9,AKKADIAN,RA,RA,['rahāṣu I'],['CANONICAL ➝ Divination ➝ Extispicy'],,
18,"1880,0719.159",3,11,AKKADIAN,BE,BE,['šumma I'],['CANONICAL ➝ Divination ➝ Extispicy'],,
19,"1880,0719.159",3,12,AKKADIAN,ina,ina,['ina I'],['CANONICAL ➝ Divination ➝ Extispicy'],,
20,"1880,0719.159",3,13,AKKADIAN,MAŠ.GAN₂-šu₂,MAŠ.GAN₂-šu₂,['maškanu I'],['CANONICAL ➝ Divination ➝ Extispicy'],,
21,"1880,0719.159",3,14,AKKADIAN,BUR₃,BUR₃,[],['CANONICAL ➝ Divination ➝ Extispicy'],,
22,"1880,0719.159",5,1,AKKADIAN,ina,ina,['ina I'],['CANONICAL ➝ Divination ➝ Extispicy'],,
23,"1880,0719.159",5,2,AKKADIAN,MAŠ.GAN₂-šu₂,MAŠ.GAN₂-šu₂,['maškanu I'],['CANONICAL ➝ Divination ➝ Extispicy'],,
24,"1880,0719.159",5,5,AKKADIAN,DAG,DAG,['šubtu I'],['CANONICAL ➝ Divination ➝ Extispicy'],,
25,"1880,0719.159",5,6,AKKADIAN,15,15,['imittu I'],['CANONICAL ➝ Divination ➝ Extispicy'],,
26,"1880,0719.159",5,7,AKKADIAN,GIR₂,GIR₂,['padānu I'],['CANONICAL ➝ Divination ➝ Extispicy'],,
27,"1880,0719.159",5,8,AKKADIAN,E₁₁-ma,E₁₁-ma,['elû III'],['CANONICAL ➝ Divination ➝ Extispicy'],,
28,"1880,0719.159",5,9,AKKADIAN,DAG,DAG,['šubtu I'],['CANONICAL ➝ Divination ➝ Extispicy'],,
29,"1880,0719.159",5,10,AKKADIAN,150,150,['šumēlu I'],['CANONICAL ➝ Divination ➝ Extispicy'],,
30,"1880,0719.159",6,1,AKKADIAN,ina,ina,['ina I'],['CANONICAL ➝ Divination ➝ Extispicy'],,
31,"1880,0719.159",6,3,AKKADIAN,GIR₃,GIR₃,['šēpu I'],['CANONICAL ➝ Divination ➝ Extispicy'],,
32,"1880,0719.159",6,4,AKKADIAN,GAR-at,GAR-at,['šakānu I'],['CANONICAL ➝ Divination ➝ Extispicy'],,
33,"1880,0719.159",6,5,AKKADIAN,ZI,ZI,['tību I'],['CANONICAL ➝ Divination ➝ Extispicy'],,
34,"1880,0719.159",6,6,AKKADIAN,ERIN₂-MU,ERIN₂-MU,"['ummānu I', '-ya I']",['CANONICAL ➝ Divination ➝ Extispicy'],,
35,"1880,0719.159",6,7,AKKADIAN,ana,ana,['ana I'],['CANONICAL ➝ Divination ➝ Extispicy'],,
36,"1880,0719.159",6,8,AKKADIAN,KUR₂,KUR₂,['nakru I'],['CANONICAL ➝ Divination ➝ Extispicy'],,
37,"1880,0719.159",6,10,AKKADIAN,BE,BE,['šumma I'],['CANONICAL ➝ Divination ➝ Extispicy'],,
38,"1880,0719.159",6,11,AKKADIAN,ina,ina,['ina I'],['CANONICAL ➝ Divination ➝ Extispicy'],,
39,"1880,0719.159",6,12,AKKADIAN,MAŠ.GAN₂-šu₂,MAŠ.GAN₂-šu₂,['maškanu I'],['CANONICAL ➝ Divination ➝ Extispicy'],,
40,"1880,0719.159",6,13,AKKADIAN,UGU/u,UGU/u,[],['CANONICAL ➝ Divination ➝ Extispicy'],,
41,"1880,0719.159",7,2,AKKADIAN,KI,KI,['ašru III'],['CANONICAL ➝ Divination ➝ Extispicy'],,
42,"1880,0719.159",7,3,AKKADIAN,DAL.BA.AN.NA,DAL.BA.AN.NA,['birītu I'],['CANONICAL ➝ Divination ➝ Extispicy'],,
43,"1880,0719.159",7,4,AKKADIAN,E₁₁-ma,E₁₁-ma,['elû III'],['CANONICAL ➝ Divination ➝ Extispicy'],,
44,"1880,0719.159",8,1,AKKADIAN,ina,ina,['ina I'],['CANONICAL ➝ Divination ➝ Extispicy'],,
45,"1880,0719.159",8,3,AKKADIAN,GIR₃,GIR₃,['šēpu I'],['CANONICAL ➝ Divination ➝ Extispicy'],,
46,"1880,0719.159",8,4,AKKADIAN,GAR-at,GAR-at,['šakānu I'],['CANONICAL ➝ Divination ➝ Extispicy'],,
47,"1880,0719.159",8,5,AKKADIAN,KEŠ₂-MEŠ-MU,KEŠ₂-MEŠ-MU,['kiṣru I'],['CANONICAL ➝ Divination ➝ Extispicy'],,
48,"1880,0719.159",9,1,AKKADIAN,ina,ina,['ina I'],['CANONICAL ➝ Divination ➝ Extispicy'],,
49,"1880,0719.159",9,3,AKKADIAN,BUR₃,BUR₃,[],['CANONICAL ➝ Divination ➝ Extispicy'],,
50,"1880,0719.159",9,4,AKKADIAN,ŠUB,ŠUB,['maqātu I'],['CANONICAL ➝ Divination ➝ Extispicy'],,
51,"1880,0719.159",9,5,AKKADIAN,ERIN₂-ni,ERIN₂-ni,['ummānu I'],['CANONICAL ➝ Divination ➝ Extispicy'],,
52,"1880,0719.159",9,6,AKKADIAN,ina,ina,['ina I'],['CANONICAL ➝ Divination ➝ Extispicy'],,
53,"1880,0719.159",9,7,AKKADIAN,BAD₄,BAD₄,['dannatu I'],['CANONICAL ➝ Divination ➝ Extispicy'],,
54,"1880,0719.159",9,8,AKKADIAN,ša₂-na-tu₂,ša₂-na-tu₂,['šattu I'],['CANONICAL ➝ Divination ➝ Extispicy'],,
55,"1880,0719.159",9,10,AKKADIAN,BE,BE,['šumma I'],['CANONICAL ➝ Divination ➝ Extispicy'],,
56,"1880,0719.159",9,11,AKKADIAN,ina,ina,['ina I'],['CANONICAL ➝ Divination ➝ Extispicy'],,
57,"1880,0719.159",11,1,AKKADIAN,ina,ina,['ina I'],['CANONICAL ➝ Divination ➝ Extispicy'],,
58,"1880,0719.159",11,2,AKKADIAN,MAŠ.GAN₂-šu₂,MAŠ.GAN₂-šu₂,['maškanu I'],['CANONICAL ➝ Divination ➝ Extispicy'],,
59,"1880,0719.159",11,4,AKKADIAN,SUHUŠ,SUHUŠ,['išdu I'],['CANONICAL ➝ Divination ➝ Extispicy'],,
60,"1880,0719.159",11,5,AKKADIAN,ZI,ZI,['tību I'],['CANONICAL ➝ Divination ➝ Extispicy'],,
61,"1880,0719.159",11,6,AKKADIAN,IM,IM,['šāru I'],['CANONICAL ➝ Divination ➝ Extispicy'],,
62,"1880,0719.159",11,7,AKKADIAN,E₁₁-ma,E₁₁-ma,['elû III'],['CANONICAL ➝ Divination ➝ Extispicy'],,
63,"1880,0719.159",11,8,AKKADIAN,SUHUŠ,SUHUŠ,['išdu I'],['CANONICAL ➝ Divination ➝ Extispicy'],,
64,"1880,0719.159",12,2,AKKADIAN,GIR₃,GIR₃,['šēpu I'],['CANONICAL ➝ Divination ➝ Extispicy'],,
65,"1880,0719.159",12,3,AKKADIAN,GAR,GAR,['šakānu I'],['CANONICAL ➝ Divination ➝ Extispicy'],,
66,"1880,0719.159",12,4,AKKADIAN,GIR₃,GIR₃,['šēpu I'],['CANONICAL ➝ Divination ➝ Extispicy'],,
67,"1880,0719.159",12,5,AKKADIAN,ILLAT-MEŠ-MU,ILLAT-MEŠ-MU,['tillatu I'],['CANONICAL ➝ Divination ➝ Extispicy'],,
68,"1880,0719.159",12,6,AKKADIAN,ana,ana,['ana I'],['CANONICAL ➝ Divination ➝ Extispicy'],,
69,"1880,0719.159",12,7,AKKADIAN,MUNUS.SIG₅,MUNUS.SIG₅,['damqu I'],['CANONICAL ➝ Divination ➝ Extispicy'],,
70,"1880,0719.159",12,9,AKKADIAN,BE,BE,['šumma I'],['CANONICAL ➝ Divination ➝ Extispicy'],,
71,"1880,0719.159",12,10,AKKADIAN,ina,ina,['ina I'],['CANONICAL ➝ Divination ➝ Extispicy'],,
72,"1880,0719.159",13,2,AKKADIAN,DU₈.DU₈,DU₈.DU₈,['paṭāru I'],['CANONICAL ➝ Divination ➝ Extispicy'],,
73,"1880,0719.159",13,3,AKKADIAN,i-sil-ti,i-sil-ti,['isiltu I'],['CANONICAL ➝ Divination ➝ Extispicy'],,
74,"1880,0719.159",13,4,AKKADIAN,ERIN₂-MU,ERIN₂-MU,"['ummānu I', '-ya I']",['CANONICAL ➝ Divination ➝ Extispicy'],,
75,"1880,0719.159",13,5,AKKADIAN,DU₈-ar₂,DU₈-ar₂,['paṭāru I'],['CANONICAL ➝ Divination ➝ Extispicy'],,
76,"1880,0719.159",15,1,AKKADIAN,ina,ina,['ina I'],['CANONICAL ➝ Divination ➝ Extispicy'],,
77,"1880,0719.159",15,2,AKKADIAN,MAŠ.GAN-šu₂,MAŠ.GAN-šu₂,[],['CANONICAL ➝ Divination ➝ Extispicy'],,
78,"1880,0719.159",15,5,AKKADIAN,MURUB₄,MURUB₄,['qablu I'],['CANONICAL ➝ Divination ➝ Extispicy'],,
79,"1880,0719.159",15,6,AKKADIAN,ZI,ZI,['tību I'],['CANONICAL ➝ Divination ➝ Extispicy'],,
80,"1880,0719.159",15,7,AKKADIAN,IM,IM,['šāru I'],['CANONICAL ➝ Divination ➝ Extispicy'],,
81,"1880,0719.159",16,1,AKKADIAN,ZI-ib,ZI-ib,['tību I'],['CANONICAL ➝ Divination ➝ Extispicy'],,
82,"1880,0719.159",19,3,AKKADIAN,ti,ti,[],['CANONICAL ➝ Divination ➝ Extispicy'],,
83,"1880,0719.159",20,2,AKKADIAN,DU₈,DU₈,['paṭāru I'],['CANONICAL ➝ Divination ➝ Extispicy'],,
84,"1880,0719.159",20,3,AKKADIAN,ma-lak,ma-lak,[],['CANONICAL ➝ Divination ➝ Extispicy'],,
85,"1880,0719.159",20,4,AKKADIAN,ERIN₂,ERIN₂,['ummānu I'],['CANONICAL ➝ Divination ➝ Extispicy'],,
86,"1880,0719.159",22,2,AKKADIAN,DI-hu,DI-hu,['dīhu I'],['CANONICAL ➝ Divination ➝ Extispicy'],,
87,"1880,0719.159",22,4,AKKADIAN,u,u,['u I'],['CANONICAL ➝ Divination ➝ Extispicy'],,
88,"1880,0719.159",23,2,AKKADIAN,GIR₃,GIR₃,['šēpu I'],['CANONICAL ➝ Divination ➝ Extispicy'],,
89,"1880,0719.159",23,3,AKKADIAN,HI.GAR,HI.GAR,['bārtu I'],['CANONICAL ➝ Divination ➝ Extispicy'],,
90,"1880,0719.159",23,4,AKKADIAN,DUMU,DUMU,['māru I'],['CANONICAL ➝ Divination ➝ Extispicy'],,
91,"1880,0719.159",23,5,AKKADIAN,LUGAL,LUGAL,['šarru I'],['CANONICAL ➝ Divination ➝ Extispicy'],,
92,"1880,0719.159",24,2,AKKADIAN,GAR-an,GAR-an,['šakānu I'],['CANONICAL ➝ Divination ➝ Extispicy'],,
93,"1880,0719.159",24,3,AKKADIAN,{d}IŠKUR,{d}IŠKUR,[],['CANONICAL ➝ Divination ➝ Extispicy'],,
94,"1880,0719.159",24,4,AKKADIAN,RA,RA,['rahāṣu I'],['CANONICAL ➝ Divination ➝ Extispicy'],,
95,"1880,0719.159",25,2,AKKADIAN,DU₈,DU₈,['paṭāru I'],['CANONICAL ➝ Divination ➝ Extispicy'],,
96,"1880,0719.159",25,3,AKKADIAN,e,e,[],['CANONICAL ➝ Divination ➝ Extispicy'],,
97,"1880,0719.159",26,1,AKKADIAN,ina,ina,[],['CANONICAL ➝ Divination ➝ Extispicy'],,
98,"1880,0719.159",26,2,AKKADIAN,KASKAL,KASKAL,[],['CANONICAL ➝ Divination ➝ Extispicy'],,
99,"1880,0719.159",26,4,AKKADIAN,SU₃-sa₃,SU₃-sa₃,[],['CANONICAL ➝ Divination ➝ Extispicy'],,
100,"1880,0719.159",26,5,AKKADIAN,GUR-ra,GUR-ra,['târu I'],['CANONICAL ➝ Divination ➝ Extispicy'],,
