,fragment_id,fragment_line_num,index_in_line,word_language,value,clean_value,lemma,domain,place_discovery,place_composition
0,"1879,0708.224",1,4,AKKADIAN,DU₃-ka,DU₃-ka,[],"['CANONICAL ➝ Divination ➝ Extispicy ➝ Bārûtu ➝ 3. Manzāzu', 'CANONICAL ➝ Technical ➝ Commentary']",,
1,"1879,0708.224",2,2,AKKADIAN,DIB,DIB,[],"['CANONICAL ➝ Divination ➝ Extispicy ➝ Bārûtu ➝ 3. Manzāzu', 'CANONICAL ➝ Technical ➝ Commentary']",,
2,"1879,0708.224",2,3,AKKADIAN,KUR₂,KUR₂,[],"['CANONICAL ➝ Divination ➝ Extispicy ➝ Bārûtu ➝ 3. Manzāzu', 'CANONICAL ➝ Technical ➝ Commentary']",,
3,"1879,0708.224",3,3,AKKADIAN,DU-ka,DU-ka,[],"['CANONICAL ➝ Divination ➝ Extispicy ➝ Bārûtu ➝ 3. Manzāzu', 'CANONICAL ➝ Technical ➝ Commentary']",,
4,"1879,0708.224",4,3,AKKADIAN,NU,NU,[],"['CANONICAL ➝ Divination ➝ Extispicy ➝ Bārûtu ➝ 3. Manzāzu', 'CANONICAL ➝ Technical ➝ Commentary']",,
5,"1879,0708.224",4,4,AKKADIAN,DU-ka,DU-ka,[],"['CANONICAL ➝ Divination ➝ Extispicy ➝ Bārûtu ➝ 3. Manzāzu', 'CANONICAL ➝ Technical ➝ Commentary']",,
6,"1879,0708.224",5,3,AKKADIAN,lu,lu,[],"['CANONICAL ➝ Divination ➝ Extispicy ➝ Bārûtu ➝ 3. Manzāzu', 'CANONICAL ➝ Technical ➝ Commentary']",,
7,"1879,0708.224",5,4,AKKADIAN,{lu₂}SANGA,{lu₂}SANGA,[],"['CANONICAL ➝ Divination ➝ Extispicy ➝ Bārûtu ➝ 3. Manzāzu', 'CANONICAL ➝ Technical ➝ Commentary']",,
8,"1879,0708.224",6,3,AKKADIAN,GAR-an,GAR-an,[],"['CANONICAL ➝ Divination ➝ Extispicy ➝ Bārûtu ➝ 3. Manzāzu', 'CANONICAL ➝ Technical ➝ Commentary']",,
9,"1879,0708.224",7,2,AKKADIAN,SILIM-ti,SILIM-ti,[],"['CANONICAL ➝ Divination ➝ Extispicy ➝ Bārûtu ➝ 3. Manzāzu', 'CANONICAL ➝ Technical ➝ Commentary']",,
