,fragment_id,fragment_line_num,index_in_line,word_language,value,clean_value,lemma,domain,place_discovery,place_composition
0,"1880,0719.167",1,2,AKKADIAN,pab,pab,[],['CANONICAL ➝ Technical ➝ Ritual texts'],,
1,"1880,0719.167",1,3,AKKADIAN,ga₂,ga₂,[],['CANONICAL ➝ Technical ➝ Ritual texts'],,
2,"1880,0719.167",1,4,AKKADIAN,ana,ana,['ana I'],['CANONICAL ➝ Technical ➝ Ritual texts'],,
3,"1880,0719.167",4,2,AKKADIAN,7-šu₂,7-šu₂,['sebîšu I'],['CANONICAL ➝ Technical ➝ Ritual texts'],,
4,"1880,0719.167",4,3,AKKADIAN,an,an,[],['CANONICAL ➝ Technical ➝ Ritual texts'],,
5,"1880,0719.167",5,2,AKKADIAN,a/lal₂,a/lal₂,[],['CANONICAL ➝ Technical ➝ Ritual texts'],,
6,"1880,0719.167",8,1,AKKADIAN,ana,ana,['ana I'],['CANONICAL ➝ Technical ➝ Ritual texts'],,
7,"1880,0719.167",8,2,AKKADIAN,GU₂,GU₂,['kišādu I'],['CANONICAL ➝ Technical ➝ Ritual texts'],,
8,"1880,0719.167",8,3,AKKADIAN,ID₂,ID₂,['nāru I'],['CANONICAL ➝ Technical ➝ Ritual texts'],,
9,"1880,0719.167",9,0,AKKADIAN,{dug}LA.HA.AN,{dug}LA.HA.AN,['lahannu I'],['CANONICAL ➝ Technical ➝ Ritual texts'],,
10,"1880,0719.167",10,0,AKKADIAN,{d}e₂-a,{d}e₂-a,[],['CANONICAL ➝ Technical ➝ Ritual texts'],,
11,"1880,0719.167",12,0,AKKADIAN,{d}e₂-a,{d}e₂-a,[],['CANONICAL ➝ Technical ➝ Ritual texts'],,
12,"1880,0719.167",14,1,AKKADIAN,E₂,E₂,['bītu I'],['CANONICAL ➝ Technical ➝ Ritual texts'],,
13,"1880,0719.167",15,2,AKKADIAN,ka,ka,[],['CANONICAL ➝ Technical ➝ Ritual texts'],,
14,"1880,0719.167",16,1,AKKADIAN,kar,kar,[],['CANONICAL ➝ Technical ➝ Ritual texts'],,
15,"1880,0719.167",16,2,AKKADIAN,a,a,[],['CANONICAL ➝ Technical ➝ Ritual texts'],,
16,"1880,0719.167",17,1,AKKADIAN,kur/KAM@v,kur/KAM@v,[],['CANONICAL ➝ Technical ➝ Ritual texts'],,
17,"1880,0719.167",18,0,AKKADIAN,an-nam,an-nam,['annû I'],['CANONICAL ➝ Technical ➝ Ritual texts'],,
18,"1880,0719.167",18,1,AKKADIAN,7-šu₂,7-šu₂,['sebîšu I'],['CANONICAL ➝ Technical ➝ Ritual texts'],,
19,"1880,0719.167",19,0,AKKADIAN,TUG₂-su,TUG₂-su,['ṣubātu I'],['CANONICAL ➝ Technical ➝ Ritual texts'],,
20,"1880,0719.167",19,1,AKKADIAN,DADAG,DADAG,[],['CANONICAL ➝ Technical ➝ Ritual texts'],,
21,"1880,0719.167",21,0,AKKADIAN,ana,ana,['ana I'],['CANONICAL ➝ Technical ➝ Ritual texts'],,
22,"1880,0719.167",21,3,AKKADIAN,ana,ana,['ana I'],['CANONICAL ➝ Technical ➝ Ritual texts'],,
23,"1880,0719.167",21,4,AKKADIAN,IGI,IGI,[],['CANONICAL ➝ Technical ➝ Ritual texts'],,
