,fragment_id,fragment_line_num,index_in_line,word_language,value,clean_value,lemma,domain,place_discovery,place_composition
0,"1880,0719.369",1,1,AKKADIAN,SILIM-at₂,SILIM-at₂,[],['CANONICAL ➝ Divination ➝ Extispicy'],,
1,"1880,0719.369",2,1,AKKADIAN,SILIM-at₂,SILIM-at₂,[],['CANONICAL ➝ Divination ➝ Extispicy'],,
2,"1880,0719.369",3,1,AKKADIAN,SILIM-at₂,SILIM-at₂,[],['CANONICAL ➝ Divination ➝ Extispicy'],,
3,"1880,0719.369",5,1,AKKADIAN,SILIM-at₂,SILIM-at₂,[],['CANONICAL ➝ Divination ➝ Extispicy'],,
4,"1880,0719.369",6,2,AKKADIAN,IGI,IGI,[],['CANONICAL ➝ Divination ➝ Extispicy'],,
5,"1880,0719.369",6,3,AKKADIAN,ERIN₂-ni,ERIN₂-ni,[],['CANONICAL ➝ Divination ➝ Extispicy'],,
6,"1880,0719.369",7,2,AKKADIAN,A-MEŠ,A-MEŠ,[],['CANONICAL ➝ Divination ➝ Extispicy'],,
7,"1880,0719.369",7,3,AKKADIAN,TUM₃,TUM₃,[],['CANONICAL ➝ Divination ➝ Extispicy'],,
8,"1880,0719.369",12,4,AKKADIAN,an,an,[],['CANONICAL ➝ Divination ➝ Extispicy'],,
9,"1880,0719.369",13,2,AKKADIAN,SILIM-at₂,SILIM-at₂,[],['CANONICAL ➝ Divination ➝ Extispicy'],,
10,"1880,0719.369",14,1,AKKADIAN,GIR₂,GIR₂,[],['CANONICAL ➝ Divination ➝ Extispicy'],,
11,"1880,0719.369",14,2,AKKADIAN,TUK-šu,TUK-šu,[],['CANONICAL ➝ Divination ➝ Extispicy'],,
12,"1880,0719.369",15,1,AKKADIAN,SILIM-at₂,SILIM-at₂,[],['CANONICAL ➝ Divination ➝ Extispicy'],,
13,"1880,0719.369",16,2,AKKADIAN,SILIM-at₂,SILIM-at₂,[],['CANONICAL ➝ Divination ➝ Extispicy'],,
14,"1880,0719.369",17,3,AKKADIAN,(NU),NU,[],['CANONICAL ➝ Divination ➝ Extispicy'],,
