,fragment_id,fragment_line_num,index_in_line,word_language,value,clean_value,lemma,domain,place_discovery,place_composition
0,"1881,0204.189",1,3,AKKADIAN,ša₂,ša₂,['ša I'],['ARCHIVAL ➝ Letter ➝ Extispicy Query'],,
1,"1881,0204.189",1,4,AKKADIAN,a-šal-lu-ka,a-šal-lu-ka,['šâlu I'],['ARCHIVAL ➝ Letter ➝ Extispicy Query'],,
2,"1881,0204.189",1,6,AKKADIAN,GI.NA,GI.NA,['kīnu I'],['ARCHIVAL ➝ Letter ➝ Extispicy Query'],,
3,"1881,0204.189",2,1,AKKADIAN,ša₂,ša₂,['ša I'],['ARCHIVAL ➝ Letter ➝ Extispicy Query'],,
4,"1881,0204.189",2,2,AKKADIAN,i-na,i-na,['ina I'],['ARCHIVAL ➝ Letter ➝ Extispicy Query'],,
5,"1881,0204.189",2,3,AKKADIAN,ŠA₃,ŠA₃,['libbu I'],['ARCHIVAL ➝ Letter ➝ Extispicy Query'],,
6,"1881,0204.189",2,4,AKKADIAN,ni-a-ri,ni-a-ri,['niāru I'],['ARCHIVAL ➝ Letter ➝ Extispicy Query'],,
7,"1881,0204.189",3,0,AKKADIAN,i-na,i-na,['ina I'],['ARCHIVAL ➝ Letter ➝ Extispicy Query'],,
8,"1881,0204.189",3,1,AKKADIAN,IGI,IGI,['pānu I'],['ARCHIVAL ➝ Letter ➝ Extispicy Query'],,
9,"1881,0204.189",3,2,AKKADIAN,DINGIR-ti-ka,DINGIR-ti-ka,['ilūtu I'],['ARCHIVAL ➝ Letter ➝ Extispicy Query'],,
10,"1881,0204.189",3,3,AKKADIAN,GAL-ti,GAL-ti,['rabû I'],['ARCHIVAL ➝ Letter ➝ Extispicy Query'],,
11,"1881,0204.189",4,0,AKKADIAN,in-ne-ep-pu-u₂-šu₂,in-ne-ep-pu-u₂-šu₂,['epēšu II'],['ARCHIVAL ➝ Letter ➝ Extispicy Query'],,
12,"1881,0204.189",4,1,AKKADIAN,i-šal-li-i-mi₃,i-šal-li-i-mi₃,['šalāmu II'],['ARCHIVAL ➝ Letter ➝ Extispicy Query'],,
13,"1881,0204.189",5,0,AKKADIAN,DINGIR-ut-ka,DINGIR-ut-ka,['ilūtu I'],['ARCHIVAL ➝ Letter ➝ Extispicy Query'],,
14,"1881,0204.189",5,1,AKKADIAN,GAL-ti,GAL-ti,['rabû I'],['ARCHIVAL ➝ Letter ➝ Extispicy Query'],,
15,"1881,0204.189",5,2,AKKADIAN,ZU-e,ZU-e,['edû II'],['ARCHIVAL ➝ Letter ➝ Extispicy Query'],,
16,"1881,0204.189",6,0,AKKADIAN,i-na,i-na,['ina I'],['ARCHIVAL ➝ Letter ➝ Extispicy Query'],,
17,"1881,0204.189",6,1,AKKADIAN,SILIM-ti₃,SILIM-ti₃,['šalimtu I'],['ARCHIVAL ➝ Letter ➝ Extispicy Query'],,
18,"1881,0204.189",6,2,AKKADIAN,i-na,i-na,['ina I'],['ARCHIVAL ➝ Letter ➝ Extispicy Query'],,
19,"1881,0204.189",6,3,AKKADIAN,KA,KA,['pû I'],['ARCHIVAL ➝ Letter ➝ Extispicy Query'],,
20,"1881,0204.189",6,4,AKKADIAN,DINGIR-ti-ka,DINGIR-ti-ka,['ilūtu I'],['ARCHIVAL ➝ Letter ➝ Extispicy Query'],,
21,"1881,0204.189",6,5,AKKADIAN,GAL-ti,GAL-ti,['rabû I'],['ARCHIVAL ➝ Letter ➝ Extispicy Query'],,
22,"1881,0204.189",7,0,AKKADIAN,{d}UTU,{d}UTU,['Šamaš I'],['ARCHIVAL ➝ Letter ➝ Extispicy Query'],,
23,"1881,0204.189",7,1,AKKADIAN,EN,EN,['bēlu I'],['ARCHIVAL ➝ Letter ➝ Extispicy Query'],,
24,"1881,0204.189",7,2,AKKADIAN,GAL-u₂,GAL-u₂,['rabû I'],['ARCHIVAL ➝ Letter ➝ Extispicy Query'],,
25,"1881,0204.189",7,3,AKKADIAN,qa-bi-i,qa-bi-i,['qabû II'],['ARCHIVAL ➝ Letter ➝ Extispicy Query'],,
26,"1881,0204.189",7,4,AKKADIAN,ku-un-u₂,ku-un-u₂,['kânu I'],['ARCHIVAL ➝ Letter ➝ Extispicy Query'],,
27,"1881,0204.189",8,0,AKKADIAN,IGI-ru,IGI-ru,['āmeru I'],['ARCHIVAL ➝ Letter ➝ Extispicy Query'],,
28,"1881,0204.189",8,1,AKKADIAN,IGI-ra,IGI-ra,['amāru I'],['ARCHIVAL ➝ Letter ➝ Extispicy Query'],,
29,"1881,0204.189",10,1,AKKADIAN,ša₂,ša₂,['ša I'],['ARCHIVAL ➝ Letter ➝ Extispicy Query'],,
30,"1881,0204.189",10,3,AKKADIAN,u₄-me,u₄-me,[],['ARCHIVAL ➝ Letter ➝ Extispicy Query'],,
31,"1881,0204.189",10,4,AKKADIAN,an-ni-e,an-ni-e,['annû I'],['ARCHIVAL ➝ Letter ➝ Extispicy Query'],,
32,"1881,0204.189",10,5,AKKADIAN,GIM,GIM,['kīma I'],['ARCHIVAL ➝ Letter ➝ Extispicy Query'],,
33,"1881,0204.189",10,7,AKKADIAN,GIM,GIM,['kīma I'],['ARCHIVAL ➝ Letter ➝ Extispicy Query'],,
34,"1881,0204.189",12,1,AKKADIAN,ša₂,ša₂,['ša I'],['ARCHIVAL ➝ Letter ➝ Extispicy Query'],,
35,"1881,0204.189",12,4,AKKADIAN,SISKUR₂,SISKUR₂,['nīqu I'],['ARCHIVAL ➝ Letter ➝ Extispicy Query'],,
36,"1881,0204.189",12,5,AKKADIAN,TAG-MEŠ,TAG-MEŠ,['lapātu I'],['ARCHIVAL ➝ Letter ➝ Extispicy Query'],,
37,"1881,0204.189",12,8,AKKADIAN,IGI,IGI,['pānu I'],['ARCHIVAL ➝ Letter ➝ Extispicy Query'],,
38,"1881,0204.189",12,9,AKKADIAN,SISKUR₂,SISKUR₂,['nīqu I'],['ARCHIVAL ➝ Letter ➝ Extispicy Query'],,
39,"1881,0204.189",13,1,AKKADIAN,ša₂,ša₂,['ša I'],['ARCHIVAL ➝ Letter ➝ Extispicy Query'],,
40,"1881,0204.189",13,4,AKKADIAN,an-ni-e,an-ni-e,['annû I'],['ARCHIVAL ➝ Letter ➝ Extispicy Query'],,
41,"1881,0204.189",13,5,AKKADIAN,lu-ʾu-u₂,lu-ʾu-u₂,"[""lu''û I""]",['ARCHIVAL ➝ Letter ➝ Extispicy Query'],,
42,"1881,0204.189",14,1,AKKADIAN,ša₂,ša₂,['ša I'],['ARCHIVAL ➝ Letter ➝ Extispicy Query'],,
43,"1881,0204.189",14,4,AKKADIAN,ša₂,ša₂,['ša I'],['ARCHIVAL ➝ Letter ➝ Extispicy Query'],,
44,"1881,0204.189",14,6,AKKADIAN,MAŠ₂,MAŠ₂,['bīru I'],['ARCHIVAL ➝ Letter ➝ Extispicy Query'],,
45,"1881,0204.189",14,8,AKKADIAN,LAL-u₂,LAL-u₂,['maṭû I'],['ARCHIVAL ➝ Letter ➝ Extispicy Query'],,
46,"1881,0204.189",15,1,AKKADIAN,ša₂,ša₂,['ša I'],['ARCHIVAL ➝ Letter ➝ Extispicy Query'],,
47,"1881,0204.189",15,3,AKKADIAN,SAG.KI,SAG.KI,['pūtu I'],['ARCHIVAL ➝ Letter ➝ Extispicy Query'],,
48,"1881,0204.189",15,4,AKKADIAN,UDU.NITA₂,UDU.NITA₂,['immeru I'],['ARCHIVAL ➝ Letter ➝ Extispicy Query'],,
49,"1881,0204.189",15,5,AKKADIAN,TUG₂,TUG₂,['ṣubātu I'],['ARCHIVAL ➝ Letter ➝ Extispicy Query'],,
50,"1881,0204.189",15,6,AKKADIAN,gi-ne₂-e-šu₂,gi-ne₂-e-šu₂,['ginû I'],['ARCHIVAL ➝ Letter ➝ Extispicy Query'],,
51,"1881,0204.189",15,8,AKKADIAN,lab-šu₂,lab-šu₂,['labāšu I'],['ARCHIVAL ➝ Letter ➝ Extispicy Query'],,
52,"1881,0204.189",15,9,AKKADIAN,mim-ma,mim-ma,['mimma I'],['ARCHIVAL ➝ Letter ➝ Extispicy Query'],,
53,"1881,0204.189",15,10,AKKADIAN,lu-ʾu-u₂,lu-ʾu-u₂,"[""lu''û I""]",['ARCHIVAL ➝ Letter ➝ Extispicy Query'],,
54,"1881,0204.189",15,11,AKKADIAN,GU₇,GU₇,['akālu I'],['ARCHIVAL ➝ Letter ➝ Extispicy Query'],,
55,"1881,0204.189",15,12,AKKADIAN,NAG-u₂,NAG-u₂,['šatû II'],['ARCHIVAL ➝ Letter ➝ Extispicy Query'],,
56,"1881,0204.189",16,1,AKKADIAN,ša₂,ša₂,['ša I'],['ARCHIVAL ➝ Letter ➝ Extispicy Query'],,
57,"1881,0204.189",16,3,AKKADIAN,DUMU,DUMU,['māru I'],['ARCHIVAL ➝ Letter ➝ Extispicy Query'],,
58,"1881,0204.189",16,4,AKKADIAN,LU₂.HAL,LU₂.HAL,['bārû I'],['ARCHIVAL ➝ Letter ➝ Extispicy Query'],,
59,"1881,0204.189",16,5,AKKADIAN,ARAD-ka,ARAD-ka,['ardu I'],['ARCHIVAL ➝ Letter ➝ Extispicy Query'],,
60,"1881,0204.189",16,6,AKKADIAN,ta-mit,ta-mit,['tamītu I'],['ARCHIVAL ➝ Letter ➝ Extispicy Query'],,
61,"1881,0204.189",16,8,AKKADIAN,KA-ia,KA-ia,['pû I'],['ARCHIVAL ➝ Letter ➝ Extispicy Query'],,
62,"1881,0204.189",17,1,AKKADIAN,ŠU+MIN,ŠU+MIN,['qātu I'],['ARCHIVAL ➝ Letter ➝ Extispicy Query'],,
63,"1881,0204.189",17,2,AKKADIAN,BAL-u₂,BAL-u₂,['enû III'],['ARCHIVAL ➝ Letter ➝ Extispicy Query'],,
64,"1881,0204.189",17,3,AKKADIAN,uš-pe-lu,uš-pe-lu,['šupêlu I'],['ARCHIVAL ➝ Letter ➝ Extispicy Query'],,
65,"1881,0204.189",17,4,AKKADIAN,lu-u₂,lu-u₂,['lū I'],['ARCHIVAL ➝ Letter ➝ Extispicy Query'],,
66,"1881,0204.189",17,6,AKKADIAN,lu-u₂,lu-u₂,['lū I'],['ARCHIVAL ➝ Letter ➝ Extispicy Query'],,
67,"1881,0204.189",18,1,AKKADIAN,{d}UTU,{d}UTU,['Šamaš I'],['ARCHIVAL ➝ Letter ➝ Extispicy Query'],,
68,"1881,0204.189",18,2,AKKADIAN,EN,EN,['bēlu I'],['ARCHIVAL ➝ Letter ➝ Extispicy Query'],,
69,"1881,0204.189",18,3,AKKADIAN,GAL-u₂,GAL-u₂,['rabû I'],['ARCHIVAL ➝ Letter ➝ Extispicy Query'],,
70,"1881,0204.189",18,4,AKKADIAN,ki-i,ki-i,['kī I'],['ARCHIVAL ➝ Letter ➝ Extispicy Query'],,
71,"1881,0204.189",18,5,AKKADIAN,mim-ma,mim-ma,['mimma I'],['ARCHIVAL ➝ Letter ➝ Extispicy Query'],,
72,"1881,0204.189",18,7,AKKADIAN,i-na,i-na,['ina I'],['ARCHIVAL ➝ Letter ➝ Extispicy Query'],,
73,"1881,0204.189",18,8,AKKADIAN,ni-a-ri,ni-a-ri,['niāru I'],['ARCHIVAL ➝ Letter ➝ Extispicy Query'],,
74,"1881,0204.189",18,9,AKKADIAN,an-ni-e,an-ni-e,['annû I'],['ARCHIVAL ➝ Letter ➝ Extispicy Query'],,
75,"1881,0204.189",19,1,AKKADIAN,IGI,IGI,['pānu I'],['ARCHIVAL ➝ Letter ➝ Extispicy Query'],,
76,"1881,0204.189",19,2,AKKADIAN,DINGIR-ti-ka,DINGIR-ti-ka,['ilūtu I'],['ARCHIVAL ➝ Letter ➝ Extispicy Query'],,
77,"1881,0204.189",21,1,AKKADIAN,ŠA₃,ŠA₃,['libbu I'],['ARCHIVAL ➝ Letter ➝ Extispicy Query'],,
78,"1881,0204.189",21,3,AKKADIAN,an-ni-e,an-ni-e,['annû I'],['ARCHIVAL ➝ Letter ➝ Extispicy Query'],,
79,"1881,0204.189",21,5,AKKADIAN,an-na,an-na,['anna I'],['ARCHIVAL ➝ Letter ➝ Extispicy Query'],,
80,"1881,0204.189",21,6,AKKADIAN,GI.NA,GI.NA,['kīnu I'],['ARCHIVAL ➝ Letter ➝ Extispicy Query'],,
81,"1881,0204.189",21,7,AKKADIAN,GIŠ.HUR-MEŠ,GIŠ.HUR-MEŠ,['uṣurtu I'],['ARCHIVAL ➝ Letter ➝ Extispicy Query'],,
82,"1881,0204.189",22,1,AKKADIAN,ta-mit,ta-mit,['tamītu I'],['ARCHIVAL ➝ Letter ➝ Extispicy Query'],,
83,"1881,0204.189",22,3,AKKADIAN,SILIM-MEŠ,SILIM-MEŠ,['šalmu I'],['ARCHIVAL ➝ Letter ➝ Extispicy Query'],,
84,"1881,0204.189",22,4,AKKADIAN,ša₂,ša₂,['ša I'],['ARCHIVAL ➝ Letter ➝ Extispicy Query'],,
85,"1881,0204.189",22,6,AKKADIAN,ša₂,ša₂,['ša I'],['ARCHIVAL ➝ Letter ➝ Extispicy Query'],,
86,"1881,0204.189",22,7,AKKADIAN,KA,KA,['pû I'],['ARCHIVAL ➝ Letter ➝ Extispicy Query'],,
87,"1881,0204.189",22,8,AKKADIAN,DINGIR-ti-ka,DINGIR-ti-ka,['ilūtu I'],['ARCHIVAL ➝ Letter ➝ Extispicy Query'],,
88,"1881,0204.189",22,9,AKKADIAN,GAL-ti,GAL-ti,['rabû I'],['ARCHIVAL ➝ Letter ➝ Extispicy Query'],,
89,"1881,0204.189",22,10,AKKADIAN,šuk-nam-ma,šuk-nam-ma,['šakānu I'],['ARCHIVAL ➝ Letter ➝ Extispicy Query'],,
90,"1881,0204.189",23,2,AKKADIAN,GAL-ti,GAL-ti,['rabû I'],['ARCHIVAL ➝ Letter ➝ Extispicy Query'],,
91,"1881,0204.189",23,3,AKKADIAN,{d}UTU,{d}UTU,['Šamaš I'],['ARCHIVAL ➝ Letter ➝ Extispicy Query'],,
92,"1881,0204.189",23,4,AKKADIAN,EN,EN,['bēlu I'],['ARCHIVAL ➝ Letter ➝ Extispicy Query'],,
93,"1881,0204.189",23,5,AKKADIAN,GAL-u₂,GAL-u₂,['rabû I'],['ARCHIVAL ➝ Letter ➝ Extispicy Query'],,
94,"1881,0204.189",23,7,AKKADIAN,KIN,KIN,['têrtu I'],['ARCHIVAL ➝ Letter ➝ Extispicy Query'],,
