,fragment_id,fragment_line_num,index_in_line,word_language,value,clean_value,lemma,domain,place_discovery,place_composition
0,"1879,0708.194",4,1,AKKADIAN,TA@v,TA@v,['ištu I'],['CANONICAL ➝ Literature ➝ Narrative'],,
1,"1879,0708.194",4,2,AKKADIAN,{giš}TIR,{giš}TIR,['qištu I'],['CANONICAL ➝ Literature ➝ Narrative'],,
2,"1879,0708.194",5,1,AKKADIAN,i-na-zir,i-na-zir,[],['CANONICAL ➝ Literature ➝ Narrative'],,
3,"1879,0708.194",5,2,AKKADIAN,{giš}TIR,{giš}TIR,['qištu I'],['CANONICAL ➝ Literature ➝ Narrative'],,
4,"1879,0708.194",6,2,AKKADIAN,me-dil-ki,me-dil-ki,['mēdelu I'],['CANONICAL ➝ Literature ➝ Narrative'],,
5,"1879,0708.194",7,2,AKKADIAN,la-ri-ki,la-ri-ki,['larû I'],['CANONICAL ➝ Literature ➝ Narrative'],,
6,"1879,0708.194",8,2,AKKADIAN,šu-ru-uš-ki,šu-ru-uš-ki,['šuršu I'],['CANONICAL ➝ Literature ➝ Narrative'],,
7,"1879,0708.194",9,2,AKKADIAN,{d}a-la-la,{d}a-la-la,['alālu I'],['CANONICAL ➝ Literature ➝ Narrative'],,
8,"1879,0708.194",10,2,AKKADIAN,a-a,a-a,['ai I'],['CANONICAL ➝ Literature ➝ Narrative'],,
9,"1879,0708.194",10,3,AKKADIAN,i-qiš,i-qiš,['qiāšu I'],['CANONICAL ➝ Literature ➝ Narrative'],,
10,"1879,0708.194",11,2,AKKADIAN,ina,ina,['ina I'],['CANONICAL ➝ Literature ➝ Narrative'],,
11,"1879,0708.194",11,3,AKKADIAN,lib₃-bi-ki,lib₃-bi-ki,['libbu I'],['CANONICAL ➝ Literature ➝ Narrative'],,
12,"1879,0708.194",12,1,AKKADIAN,a-a,a-a,['ai I'],['CANONICAL ➝ Literature ➝ Narrative'],,
13,"1879,0708.194",12,3,AKKADIAN,qin-ni,qin-ni,['qinnu I'],['CANONICAL ➝ Literature ➝ Narrative'],,
14,"1879,0708.194",13,2,AKKADIAN,bu-luh-ki,bu-luh-ki,['baluhhu I'],['CANONICAL ➝ Literature ➝ Narrative'],,
15,"1879,0708.194",14,2,AKKADIAN,EDIN-ia,EDIN-ia,['ṣēru I'],['CANONICAL ➝ Literature ➝ Narrative'],,
16,"1879,0708.194",18,0,AKKADIAN,ana,ana,['ana I'],['CANONICAL ➝ Literature ➝ Narrative'],,
