,fragment_id,fragment_line_num,index_in_line,word_language,value,clean_value,lemma,domain,place_discovery,place_composition
0,"1879,0708.79",0,1,EMESAL,ur-sag,ur-sag,[],['CANONICAL ➝ Literature ➝ Lamentations'],,
1,"1879,0708.79",0,2,EMESAL,še-er-ma-al-la,še-er-ma-al-la,[],['CANONICAL ➝ Literature ➝ Lamentations'],,
2,"1879,0708.79",1,1,EMESAL,u₃-mu-un,u₃-mu-un,[],['CANONICAL ➝ Literature ➝ Lamentations'],,
3,"1879,0708.79",1,3,EMESAL,GIN₂,GIN₂,[],['CANONICAL ➝ Literature ➝ Lamentations'],,
4,"1879,0708.79",2,1,EMESAL,uz₃-sag,uz₃-sag,[],['CANONICAL ➝ Literature ➝ Lamentations'],,
5,"1879,0708.79",2,2,EMESAL,an,an,[],['CANONICAL ➝ Literature ➝ Lamentations'],,
6,"1879,0708.79",2,3,EMESAL,ki-a,ki-a,[],['CANONICAL ➝ Literature ➝ Lamentations'],,
7,"1879,0708.79",3,1,EMESAL,muš₂-bi,muš₂-bi,[],['CANONICAL ➝ Literature ➝ Lamentations'],,
8,"1879,0708.79",3,2,EMESAL,huš-am₃,huš-am₃,[],['CANONICAL ➝ Literature ➝ Lamentations'],,
9,"1879,0708.79",4,1,EMESAL,še-er-zi,še-er-zi,[],['CANONICAL ➝ Literature ➝ Lamentations'],,
10,"1879,0708.79",4,2,EMESAL,kur-kur-ra,kur-kur-ra,[],['CANONICAL ➝ Literature ➝ Lamentations'],,
11,"1879,0708.79",5,1,EMESAL,mu-lu,mu-lu,[],['CANONICAL ➝ Literature ➝ Lamentations'],,
