,fragment_id,fragment_line_num,index_in_line,word_language,value,clean_value,lemma,domain,place_discovery,place_composition
0,"1879,0708.37",2,1,SUMERIAN,a₂-zi-da,a₂-zi-da,[],['CANONICAL ➝ Lexicography ➝ Vocabularies ➝ Šarru (?)'],,
1,"1879,0708.37",3,1,SUMERIAN,gu₂-gal,gu₂-gal,[],['CANONICAL ➝ Lexicography ➝ Vocabularies ➝ Šarru (?)'],,
2,"1879,0708.37",4,1,SUMERIAN,en-zi,en-zi,[],['CANONICAL ➝ Lexicography ➝ Vocabularies ➝ Šarru (?)'],,
3,"1879,0708.37",5,1,SUMERIAN,a-ga-zi,a-ga-zi,[],['CANONICAL ➝ Lexicography ➝ Vocabularies ➝ Šarru (?)'],,
4,"1879,0708.37",6,1,SUMERIAN,gub₃-zi,gub₃-zi,[],['CANONICAL ➝ Lexicography ➝ Vocabularies ➝ Šarru (?)'],,
5,"1879,0708.37",7,1,SUMERIAN,maš₂-sag,maš₂-sag,[],['CANONICAL ➝ Lexicography ➝ Vocabularies ➝ Šarru (?)'],,
