,fragment_id,fragment_line_num,index_in_line,word_language,value,clean_value,lemma,domain,place_discovery,place_composition
0,"1879,0708.353",5,0,AKKADIAN,DIŠ,DIŠ,[],['CANONICAL ➝ Divination'],,
1,"1879,0708.353",6,0,AKKADIAN,DIŠ,DIŠ,[],['CANONICAL ➝ Divination'],,
2,"1879,0708.353",6,1,AKKADIAN,i-mu-ut-ma,i-mu-ut-ma,[],['CANONICAL ➝ Divination'],,
3,"1879,0708.353",8,0,AKKADIAN,DIŠ,DIŠ,[],['CANONICAL ➝ Divination'],,
4,"1879,0708.353",8,1,AKKADIAN,i-mu-ut-ma,i-mu-ut-ma,[],['CANONICAL ➝ Divination'],,
5,"1879,0708.353",9,1,AKKADIAN,a-na,a-na,[],['CANONICAL ➝ Divination'],,
6,"1879,0708.353",11,2,AKKADIAN,IGI-ša₂,IGI-ša₂,[],['CANONICAL ➝ Divination'],,
7,"1879,0708.353",11,3,AKKADIAN,KUR,KUR,[],['CANONICAL ➝ Divination'],,
