,fragment_id,fragment_line_num,index_in_line,word_language,value,clean_value,lemma,domain,place_discovery,place_composition
0,"1879,0708.86",2,2,AKKADIAN,ra,ra,[],['CANONICAL ➝ Technical ➝ Medicine ➝ Therapeutic'],,
1,"1879,0708.86",2,3,AKKADIAN,HENBUR₂,HENBUR₂,['habbūru I'],['CANONICAL ➝ Technical ➝ Medicine ➝ Therapeutic'],,
2,"1879,0708.86",3,1,AKKADIAN,ina,ina,['ina I'],['CANONICAL ➝ Technical ➝ Medicine ➝ Therapeutic'],,
3,"1879,0708.86",3,2,AKKADIAN,A,A,[],['CANONICAL ➝ Technical ➝ Medicine ➝ Therapeutic'],,
4,"1879,0708.86",3,3,AKKADIAN,ID₂,ID₂,['nāru I'],['CANONICAL ➝ Technical ➝ Medicine ➝ Therapeutic'],,
5,"1879,0708.86",3,4,AKKADIAN,ina,ina,['ina I'],['CANONICAL ➝ Technical ➝ Medicine ➝ Therapeutic'],,
6,"1879,0708.86",3,5,AKKADIAN,NINDU,NINDU,['tinūru I'],['CANONICAL ➝ Technical ➝ Medicine ➝ Therapeutic'],,
7,"1879,0708.86",3,6,AKKADIAN,UŠ₂-er,UŠ₂-er,['sekēru II'],['CANONICAL ➝ Technical ➝ Medicine ➝ Therapeutic'],,
8,"1879,0708.86",6,1,AKKADIAN,,,[],['CANONICAL ➝ Technical ➝ Medicine ➝ Therapeutic'],,
9,"1879,0708.86",6,5,AKKADIAN,kun,kun,[],['CANONICAL ➝ Technical ➝ Medicine ➝ Therapeutic'],,
10,"1879,0708.86",6,6,AKKADIAN,UZU-MEŠ-šu₂,UZU-MEŠ-šu₂,"['šīru I', '-šu I']",['CANONICAL ➝ Technical ➝ Medicine ➝ Therapeutic'],,
11,"1879,0708.86",6,7,AKKADIAN,šim-ma-ta₅,šim-ma-ta₅,[],['CANONICAL ➝ Technical ➝ Medicine ➝ Therapeutic'],,
12,"1879,0708.86",6,8,AKKADIAN,u,u,['u I'],['CANONICAL ➝ Technical ➝ Medicine ➝ Therapeutic'],,
13,"1879,0708.86",6,9,AKKADIAN,ri-mu-ta₅,ri-mu-ta₅,[],['CANONICAL ➝ Technical ➝ Medicine ➝ Therapeutic'],,
14,"1879,0708.86",6,10,AKKADIAN,TUKU-MEŠ,TUKU-MEŠ,['rašû I'],['CANONICAL ➝ Technical ➝ Medicine ➝ Therapeutic'],,
15,"1879,0708.86",6,11,AKKADIAN,u,u,['u I'],['CANONICAL ➝ Technical ➝ Medicine ➝ Therapeutic'],,
16,"1879,0708.86",6,12,AKKADIAN,ši-hat,ši-hat,['šihhatu I'],['CANONICAL ➝ Technical ➝ Medicine ➝ Therapeutic'],,
17,"1879,0708.86",6,13,AKKADIAN,UZU-MEŠ,UZU-MEŠ,['šīru I'],['CANONICAL ➝ Technical ➝ Medicine ➝ Therapeutic'],,
18,"1879,0708.86",8,4,AKKADIAN,ana,ana,['ana I'],['CANONICAL ➝ Technical ➝ Medicine ➝ Therapeutic'],,
19,"1879,0708.86",8,6,AKKADIAN,{giš}si-ha,{giš}si-ha,['sīhu II'],['CANONICAL ➝ Technical ➝ Medicine ➝ Therapeutic'],,
20,"1879,0708.86",8,7,AKKADIAN,{giš}ar-gan-na,{giš}ar-gan-na,['argānu I'],['CANONICAL ➝ Technical ➝ Medicine ➝ Therapeutic'],,
21,"1879,0708.86",8,8,AKKADIAN,{u₂}ba-ri-ra-tu₂,{u₂}ba-ri-ra-tu₂,['barīrātu I'],['CANONICAL ➝ Technical ➝ Medicine ➝ Therapeutic'],,
22,"1879,0708.86",8,9,AKKADIAN,{u₂}AB₂.DUH,{u₂}AB₂.DUH,['kamantu I'],['CANONICAL ➝ Technical ➝ Medicine ➝ Therapeutic'],,
23,"1879,0708.86",9,3,AKKADIAN,{u₂}KUR.KUR,{u₂}KUR.KUR,[],['CANONICAL ➝ Technical ➝ Medicine ➝ Therapeutic'],,
24,"1879,0708.86",9,4,AKKADIAN,{giš}ERIN,{giš}ERIN,['erēnu I'],['CANONICAL ➝ Technical ➝ Medicine ➝ Therapeutic'],,
25,"1879,0708.86",9,5,AKKADIAN,{giš}ŠUR.MIN₃,{giš}ŠUR.MIN₃,['šurmēnu I'],['CANONICAL ➝ Technical ➝ Medicine ➝ Therapeutic'],,
26,"1879,0708.86",9,6,AKKADIAN,{giš}dap₂-ra-nu,{giš}dap₂-ra-nu,['daprānu I'],['CANONICAL ➝ Technical ➝ Medicine ➝ Therapeutic'],,
27,"1879,0708.86",9,7,AKKADIAN,GI,GI,['qanû I'],['CANONICAL ➝ Technical ➝ Medicine ➝ Therapeutic'],,
28,"1879,0708.86",9,8,AKKADIAN,DU₁₀.GA,DU₁₀.GA,[],['CANONICAL ➝ Technical ➝ Medicine ➝ Therapeutic'],,
29,"1879,0708.86",9,9,AKKADIAN,{šim}IM.DI,{šim}IM.DI,[],['CANONICAL ➝ Technical ➝ Medicine ➝ Therapeutic'],,
30,"1879,0708.86",10,4,AKKADIAN,ŠIM.ŠAL,ŠIM.ŠAL,['šimiššalû I'],['CANONICAL ➝ Technical ➝ Medicine ➝ Therapeutic'],,
31,"1879,0708.86",10,5,AKKADIAN,{šim}GUR₂.GUR₂,{šim}GUR₂.GUR₂,['kukuru I'],['CANONICAL ➝ Technical ➝ Medicine ➝ Therapeutic'],,
32,"1879,0708.86",10,6,AKKADIAN,{šim}LI,{šim}LI,['burāšu I'],['CANONICAL ➝ Technical ➝ Medicine ➝ Therapeutic'],,
33,"1879,0708.86",10,7,AKKADIAN,{šim}GAM.MA,{šim}GAM.MA,['ṣumlalû I'],['CANONICAL ➝ Technical ➝ Medicine ➝ Therapeutic'],,
34,"1879,0708.86",10,8,AKKADIAN,{šim}GIR₂,{šim}GIR₂,['asu I'],['CANONICAL ➝ Technical ➝ Medicine ➝ Therapeutic'],,
35,"1879,0708.86",10,9,AKKADIAN,{giš}ŠINIG,{giš}ŠINIG,['bīnu II'],['CANONICAL ➝ Technical ➝ Medicine ➝ Therapeutic'],,
36,"1879,0708.86",11,4,AKKADIAN,GI.ŠUL.HI,GI.ŠUL.HI,[],['CANONICAL ➝ Technical ➝ Medicine ➝ Therapeutic'],,
37,"1879,0708.86",11,5,AKKADIAN,{u₂}IN₆.UŠ₂,{u₂}IN₆.UŠ₂,['maštakal I'],['CANONICAL ➝ Technical ➝ Medicine ➝ Therapeutic'],,
38,"1879,0708.86",11,6,AKKADIAN,tal-tal,tal-tal,[],['CANONICAL ➝ Technical ➝ Medicine ➝ Therapeutic'],,
39,"1879,0708.86",11,7,AKKADIAN,{giš}GIŠIMMAR,{giš}GIŠIMMAR,['gišimmaru I'],['CANONICAL ➝ Technical ➝ Medicine ➝ Therapeutic'],,
40,"1879,0708.86",11,8,AKKADIAN,PA,PA,['aru I'],['CANONICAL ➝ Technical ➝ Medicine ➝ Therapeutic'],,
41,"1879,0708.86",11,9,AKKADIAN,{giš}ILDAG₂,{giš}ILDAG₂,['ildakku I'],['CANONICAL ➝ Technical ➝ Medicine ➝ Therapeutic'],,
42,"1879,0708.86",11,10,AKKADIAN,PA,PA,['aru I'],['CANONICAL ➝ Technical ➝ Medicine ➝ Therapeutic'],,
43,"1879,0708.86",11,11,AKKADIAN,{giš}dul-bi,{giš}dul-bi,['dulbu I'],['CANONICAL ➝ Technical ➝ Medicine ➝ Therapeutic'],,
44,"1879,0708.86",13,3,AKKADIAN,PA,PA,[],['CANONICAL ➝ Technical ➝ Medicine ➝ Therapeutic'],,
45,"1879,0708.86",13,5,AKKADIAN,PA,PA,['aru I'],['CANONICAL ➝ Technical ➝ Medicine ➝ Therapeutic'],,
46,"1879,0708.86",13,6,AKKADIAN,{giš}HAŠHUR,{giš}HAŠHUR,['hašhūru I'],['CANONICAL ➝ Technical ➝ Medicine ➝ Therapeutic'],,
47,"1879,0708.86",13,7,AKKADIAN,PA,PA,['aru I'],['CANONICAL ➝ Technical ➝ Medicine ➝ Therapeutic'],,
48,"1879,0708.86",13,8,AKKADIAN,{giš}ŠENNUR,{giš}ŠENNUR,['šallūru I'],['CANONICAL ➝ Technical ➝ Medicine ➝ Therapeutic'],,
49,"1879,0708.86",13,9,AKKADIAN,PA,PA,['aru I'],['CANONICAL ➝ Technical ➝ Medicine ➝ Therapeutic'],,
50,"1879,0708.86",13,10,AKKADIAN,{giš}til-la-at,{giš}til-la-at,['tillatu II'],['CANONICAL ➝ Technical ➝ Medicine ➝ Therapeutic'],,
51,"1879,0708.86",13,11,AKKADIAN,GEŠTIN,GEŠTIN,['karānu I'],['CANONICAL ➝ Technical ➝ Medicine ➝ Therapeutic'],,
52,"1879,0708.86",13,12,AKKADIAN,PA,PA,['aru I'],['CANONICAL ➝ Technical ➝ Medicine ➝ Therapeutic'],,
53,"1879,0708.86",13,13,AKKADIAN,{giš}a-šu-hi,{giš}a-šu-hi,['ašūhu I'],['CANONICAL ➝ Technical ➝ Medicine ➝ Therapeutic'],,
54,"1879,0708.86",15,5,AKKADIAN,GURUN,GURUN,['inbu I'],['CANONICAL ➝ Technical ➝ Medicine ➝ Therapeutic'],,
55,"1879,0708.86",15,6,AKKADIAN,{giš}KIRI₆,{giš}KIRI₆,['kirû I'],['CANONICAL ➝ Technical ➝ Medicine ➝ Therapeutic'],,
56,"1879,0708.86",15,7,AKKADIAN,DU₃.A.BI,DU₃.A.BI,['kalāma I'],['CANONICAL ➝ Technical ➝ Medicine ➝ Therapeutic'],,
57,"1879,0708.86",15,8,AKKADIAN,U₂-HI.A,U₂-HI.A,['šammu I'],['CANONICAL ➝ Technical ➝ Medicine ➝ Therapeutic'],,
58,"1879,0708.86",15,9,AKKADIAN,DU₃.A.BI,DU₃.A.BI,['kalāma I'],['CANONICAL ➝ Technical ➝ Medicine ➝ Therapeutic'],,
59,"1879,0708.86",15,10,AKKADIAN,ŠIM-HI.A,ŠIM-HI.A,[],['CANONICAL ➝ Technical ➝ Medicine ➝ Therapeutic'],,
60,"1879,0708.86",15,11,AKKADIAN,DU₃.A.BI,DU₃.A.BI,['kalāma I'],['CANONICAL ➝ Technical ➝ Medicine ➝ Therapeutic'],,
61,"1879,0708.86",16,6,AKKADIAN,ina,ina,['ina I'],['CANONICAL ➝ Technical ➝ Medicine ➝ Therapeutic'],,
62,"1879,0708.86",16,7,AKKADIAN,{uruda}ŠEN.TUR,{uruda}ŠEN.TUR,['tangussu I'],['CANONICAL ➝ Technical ➝ Medicine ➝ Therapeutic'],,
63,"1879,0708.86",16,8,AKKADIAN,ŠEG₆-šal,ŠEG₆-šal,['bašālu I'],['CANONICAL ➝ Technical ➝ Medicine ➝ Therapeutic'],,
64,"1879,0708.86",16,9,AKKADIAN,ina,ina,['ina I'],['CANONICAL ➝ Technical ➝ Medicine ➝ Therapeutic'],,
65,"1879,0708.86",16,10,AKKADIAN,ŠA₃,ŠA₃,['libbu I'],['CANONICAL ➝ Technical ➝ Medicine ➝ Therapeutic'],,
66,"1879,0708.86",16,11,AKKADIAN,RA-su,RA-su,['rahāṣu I'],['CANONICAL ➝ Technical ➝ Medicine ➝ Therapeutic'],,
67,"1879,0708.86",19,1,AKKADIAN,KIMIN,KIMIN,[],['CANONICAL ➝ Technical ➝ Medicine ➝ Therapeutic'],,
68,"1879,0708.86",19,5,AKKADIAN,ina,ina,[],['CANONICAL ➝ Technical ➝ Medicine ➝ Therapeutic'],,
69,"1879,0708.86",19,7,AKKADIAN,{giš}ERIN,{giš}ERIN,['erēnu I'],['CANONICAL ➝ Technical ➝ Medicine ➝ Therapeutic'],,
70,"1879,0708.86",19,8,AKKADIAN,ŠEŠ₂,ŠEŠ₂,['pašāšu I'],['CANONICAL ➝ Technical ➝ Medicine ➝ Therapeutic'],,
71,"1879,0708.86",19,10,AKKADIAN,DIŠ,DIŠ,['šumma I'],['CANONICAL ➝ Technical ➝ Medicine ➝ Therapeutic'],,
72,"1879,0708.86",19,11,AKKADIAN,KIMIN,KIMIN,"['ašru III', 'šanû I']",['CANONICAL ➝ Technical ➝ Medicine ➝ Therapeutic'],,
73,"1879,0708.86",19,12,AKKADIAN,{u₂}IGI.NIŠ,{u₂}IGI.NIŠ,[],['CANONICAL ➝ Technical ➝ Medicine ➝ Therapeutic'],,
74,"1879,0708.86",19,13,AKKADIAN,ina,ina,['ina I'],['CANONICAL ➝ Technical ➝ Medicine ➝ Therapeutic'],,
75,"1879,0708.86",19,14,AKKADIAN,I₃.NUN,I₃.NUN,['himētu I'],['CANONICAL ➝ Technical ➝ Medicine ➝ Therapeutic'],,
76,"1879,0708.86",19,15,AKKADIAN,ŠEŠ₂,ŠEŠ₂,['pašāšu I'],['CANONICAL ➝ Technical ➝ Medicine ➝ Therapeutic'],,
77,"1879,0708.86",22,1,AKKADIAN,KIMIN,KIMIN,[],['CANONICAL ➝ Technical ➝ Medicine ➝ Therapeutic'],,
78,"1879,0708.86",22,6,AKKADIAN,{u₂}GAMUN.GE₆,{u₂}GAMUN.GE₆,['zību III'],['CANONICAL ➝ Technical ➝ Medicine ➝ Therapeutic'],,
79,"1879,0708.86",22,7,AKKADIAN,ina,ina,['ina I'],['CANONICAL ➝ Technical ➝ Medicine ➝ Therapeutic'],,
80,"1879,0708.86",22,8,AKKADIAN,I₃.NUN,I₃.NUN,['himētu I'],['CANONICAL ➝ Technical ➝ Medicine ➝ Therapeutic'],,
81,"1879,0708.86",22,9,AKKADIAN,MUD₂,MUD₂,['dāmu I'],['CANONICAL ➝ Technical ➝ Medicine ➝ Therapeutic'],,
82,"1879,0708.86",22,10,AKKADIAN,{giš}ERIN,{giš}ERIN,['erēnu I'],['CANONICAL ➝ Technical ➝ Medicine ➝ Therapeutic'],,
83,"1879,0708.86",22,11,AKKADIAN,ŠEŠ₂,ŠEŠ₂,['pašāšu I'],['CANONICAL ➝ Technical ➝ Medicine ➝ Therapeutic'],,
84,"1879,0708.86",25,10,AKKADIAN,šu-up-šu-hi,šu-up-šu-hi,['pašāhu I'],['CANONICAL ➝ Technical ➝ Medicine ➝ Therapeutic'],,
85,"1879,0708.86",25,11,AKKADIAN,TI.LA,TI.LA,['balāṭu II'],['CANONICAL ➝ Technical ➝ Medicine ➝ Therapeutic'],,
86,"1879,0708.86",25,12,AKKADIAN,PA,PA,['aru I'],['CANONICAL ➝ Technical ➝ Medicine ➝ Therapeutic'],,
87,"1879,0708.86",25,13,AKKADIAN,{giš}šu-ši,{giš}šu-ši,['šūšu I'],['CANONICAL ➝ Technical ➝ Medicine ➝ Therapeutic'],,
88,"1879,0708.86",25,14,AKKADIAN,PA,PA,['aru I'],['CANONICAL ➝ Technical ➝ Medicine ➝ Therapeutic'],,
89,"1879,0708.86",25,15,AKKADIAN,{giš}ŠE.NU,{giš}ŠE.NU,['šunû II'],['CANONICAL ➝ Technical ➝ Medicine ➝ Therapeutic'],,
90,"1879,0708.86",27,8,AKKADIAN,NUMUN,NUMUN,['zēru II'],['CANONICAL ➝ Technical ➝ Medicine ➝ Therapeutic'],,
91,"1879,0708.86",27,9,AKKADIAN,{giš}MA.NU,{giš}MA.NU,['ēru II'],['CANONICAL ➝ Technical ➝ Medicine ➝ Therapeutic'],,
92,"1879,0708.86",27,10,AKKADIAN,NUMUN,NUMUN,['zēru II'],['CANONICAL ➝ Technical ➝ Medicine ➝ Therapeutic'],,
93,"1879,0708.86",27,11,AKKADIAN,{u₂}UKUŠ₂.TI.GIL₂.LA,{u₂}UKUŠ₂.TI.GIL₂.LA,[],['CANONICAL ➝ Technical ➝ Medicine ➝ Therapeutic'],,
94,"1879,0708.86",27,12,AKKADIAN,{u₂}HAR.HAR,{u₂}HAR.HAR,['hašû III'],['CANONICAL ➝ Technical ➝ Medicine ➝ Therapeutic'],,
95,"1879,0708.86",27,13,AKKADIAN,{u₂}u₅-ra-nu,{u₂}u₅-ra-nu,['uriyānu I'],['CANONICAL ➝ Technical ➝ Medicine ➝ Therapeutic'],,
96,"1879,0708.86",28,8,AKKADIAN,U₂-HI.A,U₂-HI.A,[],['CANONICAL ➝ Technical ➝ Medicine ➝ Therapeutic'],,
97,"1879,0708.86",28,9,AKKADIAN,an-nu-ti,an-nu-ti,['annû I'],['CANONICAL ➝ Technical ➝ Medicine ➝ Therapeutic'],,
98,"1879,0708.86",28,10,AKKADIAN,tuš-te-mid,tuš-te-mid,['emēdu I'],['CANONICAL ➝ Technical ➝ Medicine ➝ Therapeutic'],,
99,"1879,0708.86",28,11,AKKADIAN,ina,ina,['ina I'],['CANONICAL ➝ Technical ➝ Medicine ➝ Therapeutic'],,
100,"1879,0708.86",28,12,AKKADIAN,{dug}UTUL₂,{dug}UTUL₂,['diqāru I'],['CANONICAL ➝ Technical ➝ Medicine ➝ Therapeutic'],,
101,"1879,0708.86",29,6,AKKADIAN,I₃.GIŠ,I₃.GIŠ,['šamnu I'],['CANONICAL ➝ Technical ➝ Medicine ➝ Therapeutic'],,
102,"1879,0708.86",29,7,AKKADIAN,u,u,['u I'],['CANONICAL ➝ Technical ➝ Medicine ➝ Therapeutic'],,
103,"1879,0708.86",29,8,AKKADIAN,KAŠ,KAŠ,[],['CANONICAL ➝ Technical ➝ Medicine ➝ Therapeutic'],,
104,"1879,0708.86",29,9,AKKADIAN,SAG,SAG,[],['CANONICAL ➝ Technical ➝ Medicine ➝ Therapeutic'],,
105,"1879,0708.86",29,10,AKKADIAN,ŠEG₆-šal,ŠEG₆-šal,['bašālu I'],['CANONICAL ➝ Technical ➝ Medicine ➝ Therapeutic'],,
106,"1879,0708.86",29,11,AKKADIAN,LAL.LAL-ma,LAL.LAL-ma,[],['CANONICAL ➝ Technical ➝ Medicine ➝ Therapeutic'],,
107,"1879,0708.86",29,12,AKKADIAN,TI,TI,['balāṭu II'],['CANONICAL ➝ Technical ➝ Medicine ➝ Therapeutic'],,
108,"1879,0708.86",32,3,AKKADIAN,{giš}MAŠ.HUŠ,{giš}MAŠ.HUŠ,['kalbānu I'],['CANONICAL ➝ Technical ➝ Medicine ➝ Therapeutic'],,
109,"1879,0708.86",33,1,AKKADIAN,GEŠTIN,GEŠTIN,['karānu I'],['CANONICAL ➝ Technical ➝ Medicine ➝ Therapeutic'],,
110,"1879,0708.86",52,1,AKKADIAN,EN₂,EN₂,['šiptu I'],['CANONICAL ➝ Technical ➝ Medicine ➝ Therapeutic'],,
111,"1879,0708.86",55,1,AKKADIAN,tum,tum,[],['CANONICAL ➝ Technical ➝ Medicine ➝ Therapeutic'],,
112,"1879,0708.86",58,1,AKKADIAN,ak,ak,[],['CANONICAL ➝ Technical ➝ Medicine ➝ Therapeutic'],,
113,"1879,0708.86",59,1,AKKADIAN,ʾa,ʾa,[],['CANONICAL ➝ Technical ➝ Medicine ➝ Therapeutic'],,
114,"1879,0708.86",60,1,AKKADIAN,li,li,[],['CANONICAL ➝ Technical ➝ Medicine ➝ Therapeutic'],,
