,fragment_id,fragment_line_num,index_in_line,word_language,value,clean_value,lemma,domain,place_discovery,place_composition
0,"1876,1117.2749",1,1,AKKADIAN,ul/gu₄,ul/gu₄,[],see genres.json file,,
1,"1876,1117.2749",2,1,AKKADIAN,an,an,[],see genres.json file,,
2,"1876,1117.2749",2,2,AKKADIAN,ku/šu,ku/šu,[],see genres.json file,,
3,"1876,1117.2749",3,1,AKKADIAN,an,an,[],see genres.json file,,
4,"1876,1117.2749",3,2,AKKADIAN,la,la,[],see genres.json file,,
5,"1876,1117.2749",4,1,AKKADIAN,ša₂/a,ša₂/a,[],see genres.json file,,
6,"1876,1117.2749",4,2,AKKADIAN,ša₂,ša₂,[],see genres.json file,,
