,fragment_id,fragment_line_num,index_in_line,word_language,value,clean_value,lemma,domain,place_discovery,place_composition
0,"1879,0708.347",1,2,AKKADIAN,PA,PA,[],['CANONICAL ➝ Divination ➝ Extispicy'],,
1,"1879,0708.347",2,2,AKKADIAN,GIR₂,GIR₂,[],['CANONICAL ➝ Divination ➝ Extispicy'],,
2,"1879,0708.347",2,3,AKKADIAN,PA,PA,[],['CANONICAL ➝ Divination ➝ Extispicy'],,
3,"1879,0708.347",3,1,AKKADIAN,15,15,[],['CANONICAL ➝ Divination ➝ Extispicy'],,
4,"1879,0708.347",3,2,AKKADIAN,MAŠ₂,MAŠ₂,[],['CANONICAL ➝ Divination ➝ Extispicy'],,
5,"1879,0708.347",4,1,AKKADIAN,u,u,[],['CANONICAL ➝ Divination ➝ Extispicy'],,
6,"1879,0708.347",4,3,AKKADIAN,1.TA.AM₃,1.TA.AM₃,[],['CANONICAL ➝ Divination ➝ Extispicy'],,
7,"1879,0708.347",5,1,AKKADIAN,16,16,[],['CANONICAL ➝ Divination ➝ Extispicy'],,
8,"1879,0708.347",5,2,AKKADIAN,ŠA₃.NIGIN,ŠA₃.NIGIN,[],['CANONICAL ➝ Divination ➝ Extispicy'],,
9,"1879,0708.347",5,3,AKKADIAN,GAG.TI,GAG.TI,[],['CANONICAL ➝ Divination ➝ Extispicy'],,
10,"1879,0708.347",5,4,AKKADIAN,ša₂,ša₂,[],['CANONICAL ➝ Divination ➝ Extispicy'],,
11,"1879,0708.347",6,1,AKKADIAN,u,u,[],['CANONICAL ➝ Divination ➝ Extispicy'],,
12,"1879,0708.347",6,2,AKKADIAN,ZE₂,ZE₂,[],['CANONICAL ➝ Divination ➝ Extispicy'],,
