,fragment_id,fragment_line_num,index_in_line,word_language,value,clean_value,lemma,domain,place_discovery,place_composition
0,"1879,0708.349",0,1,AKKADIAN,30,30,[],['CANONICAL ➝ Divination ➝ Celestial ➝ Enūma Anu Enlil ➝ Sîn (EAE 1–22)'],,
1,"1879,0708.349",0,2,AKKADIAN,ina,ina,[],['CANONICAL ➝ Divination ➝ Celestial ➝ Enūma Anu Enlil ➝ Sîn (EAE 1–22)'],,
2,"1879,0708.349",0,4,AKKADIAN,U₄.1.KAM@v,U₄.1.KAM@v,[],['CANONICAL ➝ Divination ➝ Celestial ➝ Enūma Anu Enlil ➝ Sîn (EAE 1–22)'],,
3,"1879,0708.349",0,5,AKKADIAN,ina,ina,[],['CANONICAL ➝ Divination ➝ Celestial ➝ Enūma Anu Enlil ➝ Sîn (EAE 1–22)'],,
4,"1879,0708.349",0,7,AKKADIAN,ina,ina,[],['CANONICAL ➝ Divination ➝ Celestial ➝ Enūma Anu Enlil ➝ Sîn (EAE 1–22)'],,
5,"1879,0708.349",0,8,AKKADIAN,SI,SI,[],['CANONICAL ➝ Divination ➝ Celestial ➝ Enūma Anu Enlil ➝ Sîn (EAE 1–22)'],,
6,"1879,0708.349",0,9,AKKADIAN,ZAG-šu₂,ZAG-šu₂,[],['CANONICAL ➝ Divination ➝ Celestial ➝ Enūma Anu Enlil ➝ Sîn (EAE 1–22)'],,
7,"1879,0708.349",0,10,AKKADIAN,{mul}BIR,{mul}BIR,[],['CANONICAL ➝ Divination ➝ Celestial ➝ Enūma Anu Enlil ➝ Sîn (EAE 1–22)'],,
8,"1879,0708.349",0,11,AKKADIAN,GUB,GUB,[],['CANONICAL ➝ Divination ➝ Celestial ➝ Enūma Anu Enlil ➝ Sîn (EAE 1–22)'],,
9,"1879,0708.349",0,12,AKKADIAN,ina,ina,[],['CANONICAL ➝ Divination ➝ Celestial ➝ Enūma Anu Enlil ➝ Sîn (EAE 1–22)'],,
10,"1879,0708.349",0,13,AKKADIAN,{iti}APIN,{iti}APIN,[],['CANONICAL ➝ Divination ➝ Celestial ➝ Enūma Anu Enlil ➝ Sîn (EAE 1–22)'],,
11,"1879,0708.349",0,15,AKKADIAN,AN.GI₆,AN.GI₆,[],['CANONICAL ➝ Divination ➝ Celestial ➝ Enūma Anu Enlil ➝ Sîn (EAE 1–22)'],,
12,"1879,0708.349",1,3,AKKADIAN,ILLU-MEŠ,ILLU-MEŠ,['mīlu I'],['CANONICAL ➝ Divination ➝ Celestial ➝ Enūma Anu Enlil ➝ Sîn (EAE 1–22)'],,
13,"1879,0708.349",1,5,AKKADIAN,GIŠ-HI.A,GIŠ-HI.A,[],['CANONICAL ➝ Divination ➝ Celestial ➝ Enūma Anu Enlil ➝ Sîn (EAE 1–22)'],,
14,"1879,0708.349",2,1,AKKADIAN,ina,ina,[],['CANONICAL ➝ Divination ➝ Celestial ➝ Enūma Anu Enlil ➝ Sîn (EAE 1–22)'],,
15,"1879,0708.349",2,2,AKKADIAN,SI,SI,[],['CANONICAL ➝ Divination ➝ Celestial ➝ Enūma Anu Enlil ➝ Sîn (EAE 1–22)'],,
16,"1879,0708.349",2,3,AKKADIAN,ZAG-šu₂,ZAG-šu₂,[],['CANONICAL ➝ Divination ➝ Celestial ➝ Enūma Anu Enlil ➝ Sîn (EAE 1–22)'],,
17,"1879,0708.349",2,5,AKKADIAN,GUB,GUB,['izuzzu I'],['CANONICAL ➝ Divination ➝ Celestial ➝ Enūma Anu Enlil ➝ Sîn (EAE 1–22)'],,
18,"1879,0708.349",2,7,AKKADIAN,{iti}APIN,{iti}APIN,[],['CANONICAL ➝ Divination ➝ Celestial ➝ Enūma Anu Enlil ➝ Sîn (EAE 1–22)'],,
19,"1879,0708.349",2,8,AKKADIAN,U₄.14.KAM@v,U₄.14.KAM@v,[],['CANONICAL ➝ Divination ➝ Celestial ➝ Enūma Anu Enlil ➝ Sîn (EAE 1–22)'],,
20,"1879,0708.349",2,9,AKKADIAN,AN.GI₆,AN.GI₆,[],['CANONICAL ➝ Divination ➝ Celestial ➝ Enūma Anu Enlil ➝ Sîn (EAE 1–22)'],,
21,"1879,0708.349",3,3,AKKADIAN,hi-ṣib-ša₂,hi-ṣib-ša₂,['hiṣbu I'],['CANONICAL ➝ Divination ➝ Celestial ➝ Enūma Anu Enlil ➝ Sîn (EAE 1–22)'],,
22,"1879,0708.349",3,5,AKKADIAN,me-her,me-her,[],['CANONICAL ➝ Divination ➝ Celestial ➝ Enūma Anu Enlil ➝ Sîn (EAE 1–22)'],,
23,"1879,0708.349",3,9,AKKADIAN,NU,NU,[],['CANONICAL ➝ Divination ➝ Celestial ➝ Enūma Anu Enlil ➝ Sîn (EAE 1–22)'],,
24,"1879,0708.349",4,1,AKKADIAN,SI,SI,[],['CANONICAL ➝ Divination ➝ Celestial ➝ Enūma Anu Enlil ➝ Sîn (EAE 1–22)'],,
25,"1879,0708.349",4,2,AKKADIAN,ZAG-šu₂,ZAG-šu₂,[],['CANONICAL ➝ Divination ➝ Celestial ➝ Enūma Anu Enlil ➝ Sîn (EAE 1–22)'],,
26,"1879,0708.349",4,3,AKKADIAN,SA₅,SA₅,[],['CANONICAL ➝ Divination ➝ Celestial ➝ Enūma Anu Enlil ➝ Sîn (EAE 1–22)'],,
27,"1879,0708.349",4,4,AKKADIAN,ina,ina,[],['CANONICAL ➝ Divination ➝ Celestial ➝ Enūma Anu Enlil ➝ Sîn (EAE 1–22)'],,
28,"1879,0708.349",4,6,AKKADIAN,U₄.16.KAM@v,U₄.16.KAM@v,[],['CANONICAL ➝ Divination ➝ Celestial ➝ Enūma Anu Enlil ➝ Sîn (EAE 1–22)'],,
29,"1879,0708.349",4,7,AKKADIAN,AN.GI₆,AN.GI₆,['antalû I'],['CANONICAL ➝ Divination ➝ Celestial ➝ Enūma Anu Enlil ➝ Sîn (EAE 1–22)'],,
30,"1879,0708.349",4,9,AKKADIAN,HUL-ti₃,HUL-ti₃,[],['CANONICAL ➝ Divination ➝ Celestial ➝ Enūma Anu Enlil ➝ Sîn (EAE 1–22)'],,
31,"1879,0708.349",4,10,AKKADIAN,URI₂{ki},URI₂{ki},[],['CANONICAL ➝ Divination ➝ Celestial ➝ Enūma Anu Enlil ➝ Sîn (EAE 1–22)'],,
32,"1879,0708.349",4,11,AKKADIAN,u₂-lu,u₂-lu,[],['CANONICAL ➝ Divination ➝ Celestial ➝ Enūma Anu Enlil ➝ Sîn (EAE 1–22)'],,
33,"1879,0708.349",4,12,AKKADIAN,E₂,E₂,[],['CANONICAL ➝ Divination ➝ Celestial ➝ Enūma Anu Enlil ➝ Sîn (EAE 1–22)'],,
34,"1879,0708.349",4,13,AKKADIAN,DINGIR,DINGIR,[],['CANONICAL ➝ Divination ➝ Celestial ➝ Enūma Anu Enlil ➝ Sîn (EAE 1–22)'],,
35,"1879,0708.349",4,14,AKKADIAN,SIG,SIG,[],['CANONICAL ➝ Divination ➝ Celestial ➝ Enūma Anu Enlil ➝ Sîn (EAE 1–22)'],,
36,"1879,0708.349",4,15,AKKADIAN,IZI,IZI,[],['CANONICAL ➝ Divination ➝ Celestial ➝ Enūma Anu Enlil ➝ Sîn (EAE 1–22)'],,
37,"1879,0708.349",5,1,AKKADIAN,SI,SI,[],['CANONICAL ➝ Divination ➝ Celestial ➝ Enūma Anu Enlil ➝ Sîn (EAE 1–22)'],,
38,"1879,0708.349",5,2,AKKADIAN,ZAG-šu₂,ZAG-šu₂,[],['CANONICAL ➝ Divination ➝ Celestial ➝ Enūma Anu Enlil ➝ Sîn (EAE 1–22)'],,
39,"1879,0708.349",5,3,AKKADIAN,GI₆,GI₆,[],['CANONICAL ➝ Divination ➝ Celestial ➝ Enūma Anu Enlil ➝ Sîn (EAE 1–22)'],,
40,"1879,0708.349",5,4,AKKADIAN,ina,ina,[],['CANONICAL ➝ Divination ➝ Celestial ➝ Enūma Anu Enlil ➝ Sîn (EAE 1–22)'],,
41,"1879,0708.349",5,6,AKKADIAN,U₄.20.KAM₂,U₄.20.KAM₂,[],['CANONICAL ➝ Divination ➝ Celestial ➝ Enūma Anu Enlil ➝ Sîn (EAE 1–22)'],,
42,"1879,0708.349",5,7,AKKADIAN,AN.GI₆,AN.GI₆,['antalû I'],['CANONICAL ➝ Divination ➝ Celestial ➝ Enūma Anu Enlil ➝ Sîn (EAE 1–22)'],,
43,"1879,0708.349",5,9,AKKADIAN,BAL,BAL,[],['CANONICAL ➝ Divination ➝ Celestial ➝ Enūma Anu Enlil ➝ Sîn (EAE 1–22)'],,
44,"1879,0708.349",5,11,AKKADIAN,TIL,TIL,[],['CANONICAL ➝ Divination ➝ Celestial ➝ Enūma Anu Enlil ➝ Sîn (EAE 1–22)'],,
45,"1879,0708.349",5,12,AKKADIAN,EGIR,EGIR,[],['CANONICAL ➝ Divination ➝ Celestial ➝ Enūma Anu Enlil ➝ Sîn (EAE 1–22)'],,
46,"1879,0708.349",5,13,AKKADIAN,MU,MU,[],['CANONICAL ➝ Divination ➝ Celestial ➝ Enūma Anu Enlil ➝ Sîn (EAE 1–22)'],,
47,"1879,0708.349",5,14,AKKADIAN,ŠEG₃-MEŠ,ŠEG₃-MEŠ,[],['CANONICAL ➝ Divination ➝ Celestial ➝ Enūma Anu Enlil ➝ Sîn (EAE 1–22)'],,
48,"1879,0708.349",6,3,AKKADIAN,GU₃-šu₂,GU₃-šu₂,[],['CANONICAL ➝ Divination ➝ Celestial ➝ Enūma Anu Enlil ➝ Sîn (EAE 1–22)'],,
49,"1879,0708.349",6,5,AKKADIAN,ZI,ZI,[],['CANONICAL ➝ Divination ➝ Celestial ➝ Enūma Anu Enlil ➝ Sîn (EAE 1–22)'],,
50,"1879,0708.349",6,6,AKKADIAN,me-he-e,me-he-e,[],['CANONICAL ➝ Divination ➝ Celestial ➝ Enūma Anu Enlil ➝ Sîn (EAE 1–22)'],,
51,"1879,0708.349",6,7,AKKADIAN,BURU₅-HI.A,BURU₅-HI.A,[],['CANONICAL ➝ Divination ➝ Celestial ➝ Enūma Anu Enlil ➝ Sîn (EAE 1–22)'],,
52,"1879,0708.349",7,1,AKKADIAN,SI,SI,[],['CANONICAL ➝ Divination ➝ Celestial ➝ Enūma Anu Enlil ➝ Sîn (EAE 1–22)'],,
53,"1879,0708.349",7,2,AKKADIAN,ZAG-šu₂,ZAG-šu₂,[],['CANONICAL ➝ Divination ➝ Celestial ➝ Enūma Anu Enlil ➝ Sîn (EAE 1–22)'],,
54,"1879,0708.349",7,6,AKKADIAN,ina,ina,['ina I'],['CANONICAL ➝ Divination ➝ Celestial ➝ Enūma Anu Enlil ➝ Sîn (EAE 1–22)'],,
55,"1879,0708.349",7,10,AKKADIAN,AN.GI₆,AN.GI₆,[],['CANONICAL ➝ Divination ➝ Celestial ➝ Enūma Anu Enlil ➝ Sîn (EAE 1–22)'],,
56,"1879,0708.349",7,11,AKKADIAN,GAR-ma,GAR-ma,[],['CANONICAL ➝ Divination ➝ Celestial ➝ Enūma Anu Enlil ➝ Sîn (EAE 1–22)'],,
57,"1879,0708.349",7,12,AKKADIAN,LUGAL,LUGAL,[],['CANONICAL ➝ Divination ➝ Celestial ➝ Enūma Anu Enlil ➝ Sîn (EAE 1–22)'],,
58,"1879,0708.349",9,5,AKKADIAN,LU₃-MEŠ,LU₃-MEŠ,[],['CANONICAL ➝ Divination ➝ Celestial ➝ Enūma Anu Enlil ➝ Sîn (EAE 1–22)'],,
