,fragment_id,fragment_line_num,index_in_line,word_language,value,clean_value,lemma,domain,place_discovery,place_composition
0,"1879,0708.129",1,0,AKKADIAN,BE,BE,['šumma I'],['CANONICAL ➝ Divination ➝ Extispicy ➝ Bārûtu ➝ 6. Martu'],,
1,"1879,0708.129",1,1,AKKADIAN,ZE₂,ZE₂,['martu I'],['CANONICAL ➝ Divination ➝ Extispicy ➝ Bārûtu ➝ 6. Martu'],,
2,"1879,0708.129",1,2,AKKADIAN,SUHUŠ-MEŠ-ša₂,SUHUŠ-MEŠ-ša₂,"['išdu I', '-ša I']",['CANONICAL ➝ Divination ➝ Extispicy ➝ Bārûtu ➝ 6. Martu'],,
3,"1879,0708.129",1,3,AKKADIAN,15,15,[],['CANONICAL ➝ Divination ➝ Extispicy ➝ Bārûtu ➝ 6. Martu'],,
4,"1879,0708.129",1,4,AKKADIAN,GI.NA-MEŠ,GI.NA-MEŠ,['kânu I'],['CANONICAL ➝ Divination ➝ Extispicy ➝ Bārûtu ➝ 6. Martu'],,
5,"1879,0708.129",2,0,AKKADIAN,BE,BE,[],['CANONICAL ➝ Divination ➝ Extispicy ➝ Bārûtu ➝ 6. Martu'],,
6,"1879,0708.129",2,1,AKKADIAN,ZE₂,ZE₂,[],['CANONICAL ➝ Divination ➝ Extispicy ➝ Bārûtu ➝ 6. Martu'],,
7,"1879,0708.129",2,2,AKKADIAN,SUHUŠ-MEŠ-ša₂,SUHUŠ-MEŠ-ša₂,[],['CANONICAL ➝ Divination ➝ Extispicy ➝ Bārûtu ➝ 6. Martu'],,
8,"1879,0708.129",2,3,AKKADIAN,150,150,[],['CANONICAL ➝ Divination ➝ Extispicy ➝ Bārûtu ➝ 6. Martu'],,
9,"1879,0708.129",2,4,AKKADIAN,GI.NA-MEŠ,GI.NA-MEŠ,[],['CANONICAL ➝ Divination ➝ Extispicy ➝ Bārûtu ➝ 6. Martu'],,
10,"1879,0708.129",3,0,AKKADIAN,BE,BE,['šumma I'],['CANONICAL ➝ Divination ➝ Extispicy ➝ Bārûtu ➝ 6. Martu'],,
11,"1879,0708.129",3,1,AKKADIAN,ZE₂,ZE₂,['martu I'],['CANONICAL ➝ Divination ➝ Extispicy ➝ Bārûtu ➝ 6. Martu'],,
12,"1879,0708.129",3,2,AKKADIAN,SUHUŠ-MEŠ-ša₂,SUHUŠ-MEŠ-ša₂,"['išdu I', '-ša I']",['CANONICAL ➝ Divination ➝ Extispicy ➝ Bārûtu ➝ 6. Martu'],,
13,"1879,0708.129",3,3,AKKADIAN,15,15,['imitta I'],['CANONICAL ➝ Divination ➝ Extispicy ➝ Bārûtu ➝ 6. Martu'],,
14,"1879,0708.129",3,4,AKKADIAN,GI.NA-MEŠ-ma,GI.NA-MEŠ-ma,['kânu I'],['CANONICAL ➝ Divination ➝ Extispicy ➝ Bārûtu ➝ 6. Martu'],,
15,"1879,0708.129",3,5,AKKADIAN,SAG,SAG,['rēšu I'],['CANONICAL ➝ Divination ➝ Extispicy ➝ Bārûtu ➝ 6. Martu'],,
16,"1879,0708.129",3,6,AKKADIAN,ZE₂,ZE₂,['martu I'],['CANONICAL ➝ Divination ➝ Extispicy ➝ Bārûtu ➝ 6. Martu'],,
17,"1879,0708.129",3,7,AKKADIAN,15,15,['imitta I'],['CANONICAL ➝ Divination ➝ Extispicy ➝ Bārûtu ➝ 6. Martu'],,
18,"1879,0708.129",3,14,AKKADIAN,ERIN₂-ni,ERIN₂-ni,['ummānu I'],['CANONICAL ➝ Divination ➝ Extispicy ➝ Bārûtu ➝ 6. Martu'],,
19,"1879,0708.129",4,0,AKKADIAN,BE,BE,['šumma I'],['CANONICAL ➝ Divination ➝ Extispicy ➝ Bārûtu ➝ 6. Martu'],,
20,"1879,0708.129",4,1,AKKADIAN,ZE₂,ZE₂,['martu I'],['CANONICAL ➝ Divination ➝ Extispicy ➝ Bārûtu ➝ 6. Martu'],,
21,"1879,0708.129",4,2,AKKADIAN,SUHUŠ-MEŠ-ša₂,SUHUŠ-MEŠ-ša₂,"['išdu I', '-ša I']",['CANONICAL ➝ Divination ➝ Extispicy ➝ Bārûtu ➝ 6. Martu'],,
22,"1879,0708.129",4,3,AKKADIAN,15,15,['imitta I'],['CANONICAL ➝ Divination ➝ Extispicy ➝ Bārûtu ➝ 6. Martu'],,
23,"1879,0708.129",4,4,AKKADIAN,GI.NA-MEŠ-ma,GI.NA-MEŠ-ma,['kânu I'],['CANONICAL ➝ Divination ➝ Extispicy ➝ Bārûtu ➝ 6. Martu'],,
24,"1879,0708.129",4,5,AKKADIAN,MURUB₄,MURUB₄,['qablītu I'],['CANONICAL ➝ Divination ➝ Extispicy ➝ Bārûtu ➝ 6. Martu'],,
25,"1879,0708.129",4,6,AKKADIAN,ZE₂,ZE₂,['martu I'],['CANONICAL ➝ Divination ➝ Extispicy ➝ Bārûtu ➝ 6. Martu'],,
26,"1879,0708.129",4,7,AKKADIAN,15,15,['imitta I'],['CANONICAL ➝ Divination ➝ Extispicy ➝ Bārûtu ➝ 6. Martu'],,
27,"1879,0708.129",4,14,AKKADIAN,ša₂,ša₂,['ša I'],['CANONICAL ➝ Divination ➝ Extispicy ➝ Bārûtu ➝ 6. Martu'],,
28,"1879,0708.129",4,15,AKKADIAN,NUN,NUN,['rubû I'],['CANONICAL ➝ Divination ➝ Extispicy ➝ Bārûtu ➝ 6. Martu'],,
29,"1879,0708.129",5,0,AKKADIAN,BE,BE,['šumma I'],['CANONICAL ➝ Divination ➝ Extispicy ➝ Bārûtu ➝ 6. Martu'],,
30,"1879,0708.129",5,1,AKKADIAN,ZE₂,ZE₂,['martu I'],['CANONICAL ➝ Divination ➝ Extispicy ➝ Bārûtu ➝ 6. Martu'],,
31,"1879,0708.129",5,2,AKKADIAN,SUHUŠ-MEŠ-ša₂,SUHUŠ-MEŠ-ša₂,"['išdu I', '-ša I']",['CANONICAL ➝ Divination ➝ Extispicy ➝ Bārûtu ➝ 6. Martu'],,
32,"1879,0708.129",5,3,AKKADIAN,15,15,['imitta I'],['CANONICAL ➝ Divination ➝ Extispicy ➝ Bārûtu ➝ 6. Martu'],,
33,"1879,0708.129",5,4,AKKADIAN,GI.NA-MEŠ-ma,GI.NA-MEŠ-ma,['kânu I'],['CANONICAL ➝ Divination ➝ Extispicy ➝ Bārûtu ➝ 6. Martu'],,
34,"1879,0708.129",5,5,AKKADIAN,SIG,SIG,['šaplu II'],['CANONICAL ➝ Divination ➝ Extispicy ➝ Bārûtu ➝ 6. Martu'],,
35,"1879,0708.129",5,6,AKKADIAN,ZE₂,ZE₂,['martu I'],['CANONICAL ➝ Divination ➝ Extispicy ➝ Bārûtu ➝ 6. Martu'],,
36,"1879,0708.129",5,7,AKKADIAN,15,15,['imitta I'],['CANONICAL ➝ Divination ➝ Extispicy ➝ Bārûtu ➝ 6. Martu'],,
37,"1879,0708.129",5,8,AKKADIAN,ZI-ih,ZI-ih,['nasāhu I'],['CANONICAL ➝ Divination ➝ Extispicy ➝ Bārûtu ➝ 6. Martu'],,
38,"1879,0708.129",6,0,AKKADIAN,BE,BE,['šumma I'],['CANONICAL ➝ Divination ➝ Extispicy ➝ Bārûtu ➝ 6. Martu'],,
39,"1879,0708.129",6,1,AKKADIAN,ZE₂,ZE₂,['martu I'],['CANONICAL ➝ Divination ➝ Extispicy ➝ Bārûtu ➝ 6. Martu'],,
40,"1879,0708.129",6,2,AKKADIAN,SAG-sa₃,SAG-sa₃,['rēšu I'],['CANONICAL ➝ Divination ➝ Extispicy ➝ Bārûtu ➝ 6. Martu'],,
41,"1879,0708.129",6,3,AKKADIAN,u₃,u₃,['u I'],['CANONICAL ➝ Divination ➝ Extispicy ➝ Bārûtu ➝ 6. Martu'],,
42,"1879,0708.129",6,4,AKKADIAN,SIG-ša₂,SIG-ša₂,"['šaplu II', '-ša I']",['CANONICAL ➝ Divination ➝ Extispicy ➝ Bārûtu ➝ 6. Martu'],,
43,"1879,0708.129",6,5,AKKADIAN,15,15,['imittu I'],['CANONICAL ➝ Divination ➝ Extispicy ➝ Bārûtu ➝ 6. Martu'],,
44,"1879,0708.129",6,6,AKKADIAN,GI.NA-MEŠ-ma,GI.NA-MEŠ-ma,['kânu I'],['CANONICAL ➝ Divination ➝ Extispicy ➝ Bārûtu ➝ 6. Martu'],,
45,"1879,0708.129",6,7,AKKADIAN,MURUB₄,MURUB₄,['qablītu I'],['CANONICAL ➝ Divination ➝ Extispicy ➝ Bārûtu ➝ 6. Martu'],,
46,"1879,0708.129",6,8,AKKADIAN,ZE₂,ZE₂,['martu I'],['CANONICAL ➝ Divination ➝ Extispicy ➝ Bārûtu ➝ 6. Martu'],,
47,"1879,0708.129",6,9,AKKADIAN,15,15,['imittu I'],['CANONICAL ➝ Divination ➝ Extispicy ➝ Bārûtu ➝ 6. Martu'],,
48,"1879,0708.129",6,10,AKKADIAN,ZI-ih,ZI-ih,['nasāhu I'],['CANONICAL ➝ Divination ➝ Extispicy ➝ Bārûtu ➝ 6. Martu'],,
49,"1879,0708.129",6,11,AKKADIAN,GALGA,GALGA,['milku I'],['CANONICAL ➝ Divination ➝ Extispicy ➝ Bārûtu ➝ 6. Martu'],,
50,"1879,0708.129",7,0,AKKADIAN,BE,BE,['šumma I'],['CANONICAL ➝ Divination ➝ Extispicy ➝ Bārûtu ➝ 6. Martu'],,
51,"1879,0708.129",7,1,AKKADIAN,ZE₂,ZE₂,['martu I'],['CANONICAL ➝ Divination ➝ Extispicy ➝ Bārûtu ➝ 6. Martu'],,
52,"1879,0708.129",7,2,AKKADIAN,SAG-sa₃,SAG-sa₃,['rēšu I'],['CANONICAL ➝ Divination ➝ Extispicy ➝ Bārûtu ➝ 6. Martu'],,
53,"1879,0708.129",7,3,AKKADIAN,u₃,u₃,['u I'],['CANONICAL ➝ Divination ➝ Extispicy ➝ Bārûtu ➝ 6. Martu'],,
54,"1879,0708.129",7,4,AKKADIAN,SIG-ša₂,SIG-ša₂,"['šaplû I', '-ša I']",['CANONICAL ➝ Divination ➝ Extispicy ➝ Bārûtu ➝ 6. Martu'],,
55,"1879,0708.129",7,5,AKKADIAN,15,15,[],['CANONICAL ➝ Divination ➝ Extispicy ➝ Bārûtu ➝ 6. Martu'],,
56,"1879,0708.129",7,6,AKKADIAN,GI.NA-MEŠ-ma,GI.NA-MEŠ-ma,['kânu I'],['CANONICAL ➝ Divination ➝ Extispicy ➝ Bārûtu ➝ 6. Martu'],,
57,"1879,0708.129",7,7,AKKADIAN,MURUB₄,MURUB₄,[],['CANONICAL ➝ Divination ➝ Extispicy ➝ Bārûtu ➝ 6. Martu'],,
58,"1879,0708.129",7,8,AKKADIAN,ZE₂,ZE₂,['martu I'],['CANONICAL ➝ Divination ➝ Extispicy ➝ Bārûtu ➝ 6. Martu'],,
59,"1879,0708.129",7,9,AKKADIAN,150,150,['šumēlu I'],['CANONICAL ➝ Divination ➝ Extispicy ➝ Bārûtu ➝ 6. Martu'],,
60,"1879,0708.129",7,10,AKKADIAN,ZI-ih,ZI-ih,['nasāhu I'],['CANONICAL ➝ Divination ➝ Extispicy ➝ Bārûtu ➝ 6. Martu'],,
61,"1879,0708.129",7,11,AKKADIAN,GALGA,GALGA,['milku I'],['CANONICAL ➝ Divination ➝ Extispicy ➝ Bārûtu ➝ 6. Martu'],,
62,"1879,0708.129",8,0,AKKADIAN,BE,BE,['šumma I'],['CANONICAL ➝ Divination ➝ Extispicy ➝ Bārûtu ➝ 6. Martu'],,
63,"1879,0708.129",8,1,AKKADIAN,ZE₂,ZE₂,['martu I'],['CANONICAL ➝ Divination ➝ Extispicy ➝ Bārûtu ➝ 6. Martu'],,
64,"1879,0708.129",8,2,AKKADIAN,SAG-sa₃,SAG-sa₃,['rēšu I'],['CANONICAL ➝ Divination ➝ Extispicy ➝ Bārûtu ➝ 6. Martu'],,
65,"1879,0708.129",8,3,AKKADIAN,u₃,u₃,['u I'],['CANONICAL ➝ Divination ➝ Extispicy ➝ Bārûtu ➝ 6. Martu'],,
66,"1879,0708.129",8,4,AKKADIAN,SIG-ša₂,SIG-ša₂,[],['CANONICAL ➝ Divination ➝ Extispicy ➝ Bārûtu ➝ 6. Martu'],,
67,"1879,0708.129",8,5,AKKADIAN,15,15,['imitta I'],['CANONICAL ➝ Divination ➝ Extispicy ➝ Bārûtu ➝ 6. Martu'],,
68,"1879,0708.129",8,6,AKKADIAN,GI.NA-MEŠ-ma,GI.NA-MEŠ-ma,['kânu I'],['CANONICAL ➝ Divination ➝ Extispicy ➝ Bārûtu ➝ 6. Martu'],,
69,"1879,0708.129",8,7,AKKADIAN,KAL,KAL,['danānu I'],['CANONICAL ➝ Divination ➝ Extispicy ➝ Bārûtu ➝ 6. Martu'],,
70,"1879,0708.129",8,8,AKKADIAN,ZE₂,ZE₂,['martu I'],['CANONICAL ➝ Divination ➝ Extispicy ➝ Bārûtu ➝ 6. Martu'],,
71,"1879,0708.129",8,9,AKKADIAN,15,15,['imitta I'],['CANONICAL ➝ Divination ➝ Extispicy ➝ Bārûtu ➝ 6. Martu'],,
72,"1879,0708.129",8,10,AKKADIAN,u,u,['u I'],['CANONICAL ➝ Divination ➝ Extispicy ➝ Bārûtu ➝ 6. Martu'],,
73,"1879,0708.129",8,11,AKKADIAN,150,150,['šumēla I'],['CANONICAL ➝ Divination ➝ Extispicy ➝ Bārûtu ➝ 6. Martu'],,
74,"1879,0708.129",8,12,AKKADIAN,ZI-ih,ZI-ih,['nasāhu I'],['CANONICAL ➝ Divination ➝ Extispicy ➝ Bārûtu ➝ 6. Martu'],,
75,"1879,0708.129",8,13,AKKADIAN,GALGA,GALGA,['milku I'],['CANONICAL ➝ Divination ➝ Extispicy ➝ Bārûtu ➝ 6. Martu'],,
76,"1879,0708.129",8,14,AKKADIAN,KUR,KUR,[],['CANONICAL ➝ Divination ➝ Extispicy ➝ Bārûtu ➝ 6. Martu'],,
77,"1879,0708.129",8,15,AKKADIAN,ur,ur,[],['CANONICAL ➝ Divination ➝ Extispicy ➝ Bārûtu ➝ 6. Martu'],,
78,"1879,0708.129",9,0,AKKADIAN,BE,BE,['šumma I'],['CANONICAL ➝ Divination ➝ Extispicy ➝ Bārûtu ➝ 6. Martu'],,
79,"1879,0708.129",9,1,AKKADIAN,ZE₂,ZE₂,['martu I'],['CANONICAL ➝ Divination ➝ Extispicy ➝ Bārûtu ➝ 6. Martu'],,
80,"1879,0708.129",9,2,AKKADIAN,SUHUŠ-MEŠ-ša₂,SUHUŠ-MEŠ-ša₂,"['išdu I', '-ša I']",['CANONICAL ➝ Divination ➝ Extispicy ➝ Bārûtu ➝ 6. Martu'],,
81,"1879,0708.129",9,3,AKKADIAN,15,15,[],['CANONICAL ➝ Divination ➝ Extispicy ➝ Bārûtu ➝ 6. Martu'],,
82,"1879,0708.129",9,4,AKKADIAN,u,u,['u I'],['CANONICAL ➝ Divination ➝ Extispicy ➝ Bārûtu ➝ 6. Martu'],,
83,"1879,0708.129",9,5,AKKADIAN,150,150,['šumēlu I'],['CANONICAL ➝ Divination ➝ Extispicy ➝ Bārûtu ➝ 6. Martu'],,
84,"1879,0708.129",9,6,AKKADIAN,GI.NA-MEŠ-ma,GI.NA-MEŠ-ma,['kânu I'],['CANONICAL ➝ Divination ➝ Extispicy ➝ Bārûtu ➝ 6. Martu'],,
85,"1879,0708.129",9,7,AKKADIAN,SAG,SAG,['rēšu I'],['CANONICAL ➝ Divination ➝ Extispicy ➝ Bārûtu ➝ 6. Martu'],,
86,"1879,0708.129",9,8,AKKADIAN,ZE₂,ZE₂,['martu I'],['CANONICAL ➝ Divination ➝ Extispicy ➝ Bārûtu ➝ 6. Martu'],,
87,"1879,0708.129",9,9,AKKADIAN,15,15,['imitta I'],['CANONICAL ➝ Divination ➝ Extispicy ➝ Bārûtu ➝ 6. Martu'],,
88,"1879,0708.129",9,10,AKKADIAN,ZI-ih,ZI-ih,['nasāhu I'],['CANONICAL ➝ Divination ➝ Extispicy ➝ Bārûtu ➝ 6. Martu'],,
89,"1879,0708.129",9,11,AKKADIAN,KUR₂,KUR₂,['nakru I'],['CANONICAL ➝ Divination ➝ Extispicy ➝ Bārûtu ➝ 6. Martu'],,
90,"1879,0708.129",9,12,AKKADIAN,15,15,['imitta I'],['CANONICAL ➝ Divination ➝ Extispicy ➝ Bārûtu ➝ 6. Martu'],,
91,"1879,0708.129",10,0,AKKADIAN,BE,BE,['šumma I'],['CANONICAL ➝ Divination ➝ Extispicy ➝ Bārûtu ➝ 6. Martu'],,
92,"1879,0708.129",10,1,AKKADIAN,ZE₂,ZE₂,['martu I'],['CANONICAL ➝ Divination ➝ Extispicy ➝ Bārûtu ➝ 6. Martu'],,
93,"1879,0708.129",10,2,AKKADIAN,SUHUŠ-MEŠ-ša₂,SUHUŠ-MEŠ-ša₂,"['išdu I', '-ša I']",['CANONICAL ➝ Divination ➝ Extispicy ➝ Bārûtu ➝ 6. Martu'],,
94,"1879,0708.129",10,3,AKKADIAN,15,15,['imitta I'],['CANONICAL ➝ Divination ➝ Extispicy ➝ Bārûtu ➝ 6. Martu'],,
95,"1879,0708.129",10,4,AKKADIAN,u,u,['u I'],['CANONICAL ➝ Divination ➝ Extispicy ➝ Bārûtu ➝ 6. Martu'],,
96,"1879,0708.129",10,5,AKKADIAN,150,150,['šumēla I'],['CANONICAL ➝ Divination ➝ Extispicy ➝ Bārûtu ➝ 6. Martu'],,
97,"1879,0708.129",10,6,AKKADIAN,GI.NA-MEŠ-ma,GI.NA-MEŠ-ma,['kânu I'],['CANONICAL ➝ Divination ➝ Extispicy ➝ Bārûtu ➝ 6. Martu'],,
98,"1879,0708.129",10,7,AKKADIAN,MURUB₄,MURUB₄,['qablītu I'],['CANONICAL ➝ Divination ➝ Extispicy ➝ Bārûtu ➝ 6. Martu'],,
99,"1879,0708.129",10,8,AKKADIAN,ZE₂,ZE₂,['martu I'],['CANONICAL ➝ Divination ➝ Extispicy ➝ Bārûtu ➝ 6. Martu'],,
100,"1879,0708.129",10,9,AKKADIAN,15,15,['imitta I'],['CANONICAL ➝ Divination ➝ Extispicy ➝ Bārûtu ➝ 6. Martu'],,
101,"1879,0708.129",10,10,AKKADIAN,ZI-ih,ZI-ih,['nasāhu I'],['CANONICAL ➝ Divination ➝ Extispicy ➝ Bārûtu ➝ 6. Martu'],,
102,"1879,0708.129",10,11,AKKADIAN,KUR₂,KUR₂,['nakru I'],['CANONICAL ➝ Divination ➝ Extispicy ➝ Bārûtu ➝ 6. Martu'],,
103,"1879,0708.129",10,12,AKKADIAN,li,li,[],['CANONICAL ➝ Divination ➝ Extispicy ➝ Bārûtu ➝ 6. Martu'],,
104,"1879,0708.129",11,1,AKKADIAN,ZE₂,ZE₂,[],['CANONICAL ➝ Divination ➝ Extispicy ➝ Bārûtu ➝ 6. Martu'],,
105,"1879,0708.129",11,2,AKKADIAN,SUHUŠ-MEŠ-ša₂,SUHUŠ-MEŠ-ša₂,[],['CANONICAL ➝ Divination ➝ Extispicy ➝ Bārûtu ➝ 6. Martu'],,
106,"1879,0708.129",11,3,AKKADIAN,15,15,[],['CANONICAL ➝ Divination ➝ Extispicy ➝ Bārûtu ➝ 6. Martu'],,
107,"1879,0708.129",11,4,AKKADIAN,u,u,[],['CANONICAL ➝ Divination ➝ Extispicy ➝ Bārûtu ➝ 6. Martu'],,
108,"1879,0708.129",11,5,AKKADIAN,150,150,[],['CANONICAL ➝ Divination ➝ Extispicy ➝ Bārûtu ➝ 6. Martu'],,
109,"1879,0708.129",11,6,AKKADIAN,GI.NA-MEŠ-ma,GI.NA-MEŠ-ma,[],['CANONICAL ➝ Divination ➝ Extispicy ➝ Bārûtu ➝ 6. Martu'],,
110,"1879,0708.129",11,7,AKKADIAN,SIG,SIG,[],['CANONICAL ➝ Divination ➝ Extispicy ➝ Bārûtu ➝ 6. Martu'],,
111,"1879,0708.129",11,8,AKKADIAN,ZE₂,ZE₂,[],['CANONICAL ➝ Divination ➝ Extispicy ➝ Bārûtu ➝ 6. Martu'],,
112,"1879,0708.129",11,9,AKKADIAN,15,15,[],['CANONICAL ➝ Divination ➝ Extispicy ➝ Bārûtu ➝ 6. Martu'],,
113,"1879,0708.129",11,10,AKKADIAN,ZI-ih,ZI-ih,[],['CANONICAL ➝ Divination ➝ Extispicy ➝ Bārûtu ➝ 6. Martu'],,
114,"1879,0708.129",11,11,AKKADIAN,KUR₂,KUR₂,[],['CANONICAL ➝ Divination ➝ Extispicy ➝ Bārûtu ➝ 6. Martu'],,
115,"1879,0708.129",11,12,AKKADIAN,150,150,[],['CANONICAL ➝ Divination ➝ Extispicy ➝ Bārûtu ➝ 6. Martu'],,
116,"1879,0708.129",12,2,AKKADIAN,SUHUŠ-MEŠ-ša₂,SUHUŠ-MEŠ-ša₂,[],['CANONICAL ➝ Divination ➝ Extispicy ➝ Bārûtu ➝ 6. Martu'],,
117,"1879,0708.129",12,3,AKKADIAN,15,15,[],['CANONICAL ➝ Divination ➝ Extispicy ➝ Bārûtu ➝ 6. Martu'],,
118,"1879,0708.129",12,4,AKKADIAN,u,u,[],['CANONICAL ➝ Divination ➝ Extispicy ➝ Bārûtu ➝ 6. Martu'],,
119,"1879,0708.129",12,5,AKKADIAN,150,150,[],['CANONICAL ➝ Divination ➝ Extispicy ➝ Bārûtu ➝ 6. Martu'],,
120,"1879,0708.129",12,13,AKKADIAN,15,15,[],['CANONICAL ➝ Divination ➝ Extispicy ➝ Bārûtu ➝ 6. Martu'],,
121,"1879,0708.129",12,15,AKKADIAN,ta-kip,ta-kip,[],['CANONICAL ➝ Divination ➝ Extispicy ➝ Bārûtu ➝ 6. Martu'],,
122,"1879,0708.129",12,16,AKKADIAN,ZI-ut,ZI-ut,[],['CANONICAL ➝ Divination ➝ Extispicy ➝ Bārûtu ➝ 6. Martu'],,
123,"1879,0708.129",12,17,AKKADIAN,ERIN₂-MU,ERIN₂-MU,[],['CANONICAL ➝ Divination ➝ Extispicy ➝ Bārûtu ➝ 6. Martu'],,
124,"1879,0708.129",12,18,AKKADIAN,ana,ana,[],['CANONICAL ➝ Divination ➝ Extispicy ➝ Bārûtu ➝ 6. Martu'],,
125,"1879,0708.129",12,19,AKKADIAN,KUR,KUR,[],['CANONICAL ➝ Divination ➝ Extispicy ➝ Bārûtu ➝ 6. Martu'],,
126,"1879,0708.129",12,20,AKKADIAN,KUR₂,KUR₂,[],['CANONICAL ➝ Divination ➝ Extispicy ➝ Bārûtu ➝ 6. Martu'],,
127,"1879,0708.129",13,1,AKKADIAN,ZE₂,ZE₂,[],['CANONICAL ➝ Divination ➝ Extispicy ➝ Bārûtu ➝ 6. Martu'],,
128,"1879,0708.129",13,15,AKKADIAN,ta-kip,ta-kip,[],['CANONICAL ➝ Divination ➝ Extispicy ➝ Bārûtu ➝ 6. Martu'],,
129,"1879,0708.129",13,16,AKKADIAN,ZI-ut,ZI-ut,[],['CANONICAL ➝ Divination ➝ Extispicy ➝ Bārûtu ➝ 6. Martu'],,
130,"1879,0708.129",13,17,AKKADIAN,ERIN₂,ERIN₂,[],['CANONICAL ➝ Divination ➝ Extispicy ➝ Bārûtu ➝ 6. Martu'],,
131,"1879,0708.129",13,18,AKKADIAN,KUR₂,KUR₂,[],['CANONICAL ➝ Divination ➝ Extispicy ➝ Bārûtu ➝ 6. Martu'],,
132,"1879,0708.129",13,19,AKKADIAN,ana,ana,[],['CANONICAL ➝ Divination ➝ Extispicy ➝ Bārûtu ➝ 6. Martu'],,
133,"1879,0708.129",19,0,AKKADIAN,DUB.1.KAM₂,DUB.1.KAM₂,[],['CANONICAL ➝ Divination ➝ Extispicy ➝ Bārûtu ➝ 6. Martu'],,
134,"1879,0708.129",19,1,AKKADIAN,EŠ₂.GAR₃,EŠ₂.GAR₃,['iškāru I'],['CANONICAL ➝ Divination ➝ Extispicy ➝ Bārûtu ➝ 6. Martu'],,
135,"1879,0708.129",19,2,AKKADIAN,ZE₂,ZE₂,['martu I'],['CANONICAL ➝ Divination ➝ Extispicy ➝ Bārûtu ➝ 6. Martu'],,
136,"1879,0708.129",20,0,AKKADIAN,E₂.GAL,E₂.GAL,['ēkallu I'],['CANONICAL ➝ Divination ➝ Extispicy ➝ Bārûtu ➝ 6. Martu'],,
137,"1879,0708.129",20,1,AKKADIAN,{m}AN.ŠAR₂-DU₃-A,{m}AN.ŠAR₂-DU₃-A,[],['CANONICAL ➝ Divination ➝ Extispicy ➝ Bārûtu ➝ 6. Martu'],,
138,"1879,0708.129",20,2,AKKADIAN,LUGAL,LUGAL,['šarru I'],['CANONICAL ➝ Divination ➝ Extispicy ➝ Bārûtu ➝ 6. Martu'],,
139,"1879,0708.129",20,3,AKKADIAN,GAL,GAL,['rabû I'],['CANONICAL ➝ Divination ➝ Extispicy ➝ Bārûtu ➝ 6. Martu'],,
140,"1879,0708.129",20,4,AKKADIAN,LUGAL,LUGAL,['šarru I'],['CANONICAL ➝ Divination ➝ Extispicy ➝ Bārûtu ➝ 6. Martu'],,
141,"1879,0708.129",20,5,AKKADIAN,dan-nu,dan-nu,['dannu I'],['CANONICAL ➝ Divination ➝ Extispicy ➝ Bārûtu ➝ 6. Martu'],,
142,"1879,0708.129",20,6,AKKADIAN,LUGAL,LUGAL,['šarru I'],['CANONICAL ➝ Divination ➝ Extispicy ➝ Bārûtu ➝ 6. Martu'],,
143,"1879,0708.129",20,7,AKKADIAN,ŠU₂,ŠU₂,[],['CANONICAL ➝ Divination ➝ Extispicy ➝ Bārûtu ➝ 6. Martu'],,
144,"1879,0708.129",20,8,AKKADIAN,LUGAL,LUGAL,['šarru I'],['CANONICAL ➝ Divination ➝ Extispicy ➝ Bārûtu ➝ 6. Martu'],,
145,"1879,0708.129",20,9,AKKADIAN,KUR,KUR,['mātu I'],['CANONICAL ➝ Divination ➝ Extispicy ➝ Bārûtu ➝ 6. Martu'],,
146,"1879,0708.129",20,10,AKKADIAN,AN.ŠAR₂{ki},AN.ŠAR₂{ki},[],['CANONICAL ➝ Divination ➝ Extispicy ➝ Bārûtu ➝ 6. Martu'],,
147,"1879,0708.129",21,0,AKKADIAN,na-ram,na-ram,['narāmu I'],['CANONICAL ➝ Divination ➝ Extispicy ➝ Bārûtu ➝ 6. Martu'],,
148,"1879,0708.129",21,1,AKKADIAN,DINGIR-MEŠ,DINGIR-MEŠ,['ilu I'],['CANONICAL ➝ Divination ➝ Extispicy ➝ Bārûtu ➝ 6. Martu'],,
149,"1879,0708.129",21,2,AKKADIAN,GAL-MEŠ,GAL-MEŠ,['rabû I'],['CANONICAL ➝ Divination ➝ Extispicy ➝ Bārûtu ➝ 6. Martu'],,
150,"1879,0708.129",21,3,AKKADIAN,ša,ša,['ša I'],['CANONICAL ➝ Divination ➝ Extispicy ➝ Bārûtu ➝ 6. Martu'],,
151,"1879,0708.129",21,4,AKKADIAN,{d}IŠKUR,{d}IŠKUR,[],['CANONICAL ➝ Divination ➝ Extispicy ➝ Bārûtu ➝ 6. Martu'],,
152,"1879,0708.129",21,6,AKKADIAN,{d}UTU,{d}UTU,['šamšu I'],['CANONICAL ➝ Divination ➝ Extispicy ➝ Bārûtu ➝ 6. Martu'],,
153,"1879,0708.129",21,7,AKKADIAN,GEŠTU,GEŠTU,['uznu I'],['CANONICAL ➝ Divination ➝ Extispicy ➝ Bārûtu ➝ 6. Martu'],,
154,"1879,0708.129",21,8,AKKADIAN,DAGAL-tu₄,DAGAL-tu₄,['rapšu I'],['CANONICAL ➝ Divination ➝ Extispicy ➝ Bārûtu ➝ 6. Martu'],,
155,"1879,0708.129",21,9,AKKADIAN,u₂-ša₂-hi-zu-šu₂-ma,u₂-ša₂-hi-zu-šu₂-ma,['ahāzu I'],['CANONICAL ➝ Divination ➝ Extispicy ➝ Bārûtu ➝ 6. Martu'],,
156,"1879,0708.129",22,0,AKKADIAN,NAM.AZU,NAM.AZU,['bārûtu I'],['CANONICAL ➝ Divination ➝ Extispicy ➝ Bārûtu ➝ 6. Martu'],,
157,"1879,0708.129",22,1,AKKADIAN,AD.HAL,AD.HAL,['pirištu I'],['CANONICAL ➝ Divination ➝ Extispicy ➝ Bārûtu ➝ 6. Martu'],,
158,"1879,0708.129",22,2,AKKADIAN,AN-e,AN-e,['šamû I'],['CANONICAL ➝ Divination ➝ Extispicy ➝ Bārûtu ➝ 6. Martu'],,
159,"1879,0708.129",22,3,AKKADIAN,u,u,['u I'],['CANONICAL ➝ Divination ➝ Extispicy ➝ Bārûtu ➝ 6. Martu'],,
160,"1879,0708.129",22,4,AKKADIAN,KI-ti,KI-ti,['erṣetu I'],['CANONICAL ➝ Divination ➝ Extispicy ➝ Bārûtu ➝ 6. Martu'],,
161,"1879,0708.129",22,5,AKKADIAN,ne₂-me-qi₂,ne₂-me-qi₂,['nēmequ I'],['CANONICAL ➝ Divination ➝ Extispicy ➝ Bārûtu ➝ 6. Martu'],,
162,"1879,0708.129",22,6,AKKADIAN,{d}UTU,{d}UTU,['šamšu I'],['CANONICAL ➝ Divination ➝ Extispicy ➝ Bārûtu ➝ 6. Martu'],,
163,"1879,0708.129",22,7,AKKADIAN,u₃,u₃,['u I'],['CANONICAL ➝ Divination ➝ Extispicy ➝ Bārûtu ➝ 6. Martu'],,
164,"1879,0708.129",22,8,AKKADIAN,{d}IŠKUR,{d}IŠKUR,[],['CANONICAL ➝ Divination ➝ Extispicy ➝ Bārûtu ➝ 6. Martu'],,
165,"1879,0708.129",23,0,AKKADIAN,i-hu-zu-ma,i-hu-zu-ma,['ahāzu I'],['CANONICAL ➝ Divination ➝ Extispicy ➝ Bārûtu ➝ 6. Martu'],,
166,"1879,0708.129",23,2,AKKADIAN,ka-ras-su,ka-ras-su,['karšu I'],['CANONICAL ➝ Divination ➝ Extispicy ➝ Bārûtu ➝ 6. Martu'],,
167,"1879,0708.129",24,0,AKKADIAN,DUB,DUB,['ṭuppu I'],['CANONICAL ➝ Divination ➝ Extispicy ➝ Bārûtu ➝ 6. Martu'],,
168,"1879,0708.129",24,2,AKKADIAN,iš-ṭur,iš-ṭur,['šaṭāru II'],['CANONICAL ➝ Divination ➝ Extispicy ➝ Bārûtu ➝ 6. Martu'],,
169,"1879,0708.129",24,3,AKKADIAN,is-niq,is-niq,['sanāqu I'],['CANONICAL ➝ Divination ➝ Extispicy ➝ Bārûtu ➝ 6. Martu'],,
170,"1879,0708.129",24,5,AKKADIAN,qe₂-reb,qe₂-reb,['qerbu II'],['CANONICAL ➝ Divination ➝ Extispicy ➝ Bārûtu ➝ 6. Martu'],,
171,"1879,0708.129",24,6,AKKADIAN,E₂.GAL-šu₂,E₂.GAL-šu₂,['ēkallu I'],['CANONICAL ➝ Divination ➝ Extispicy ➝ Bārûtu ➝ 6. Martu'],,
172,"1879,0708.129",24,7,AKKADIAN,u₂-kin,u₂-kin,['kânu I'],['CANONICAL ➝ Divination ➝ Extispicy ➝ Bārûtu ➝ 6. Martu'],,
