,fragment_id,fragment_line_num,index_in_line,word_language,value,clean_value,lemma,domain,place_discovery,place_composition
0,"1881,0204.281",0,0,AKKADIAN,DIŠ,DIŠ,[],['CANONICAL ➝ Divination ➝ Celestial'],,
1,"1881,0204.281",1,0,AKKADIAN,DIŠ,DIŠ,[],['CANONICAL ➝ Divination ➝ Celestial'],,
2,"1881,0204.281",2,0,AKKADIAN,DIŠ,DIŠ,[],['CANONICAL ➝ Divination ➝ Celestial'],,
3,"1881,0204.281",2,1,AKKADIAN,AN,AN,[],['CANONICAL ➝ Divination ➝ Celestial'],,
4,"1881,0204.281",2,2,AKKADIAN,ša-pi-ik,ša-pi-ik,['šapāku I'],['CANONICAL ➝ Divination ➝ Celestial'],,
5,"1881,0204.281",4,0,AKKADIAN,DIŠ,DIŠ,[],['CANONICAL ➝ Divination ➝ Celestial'],,
6,"1881,0204.281",4,1,AKKADIAN,AN,AN,[],['CANONICAL ➝ Divination ➝ Celestial'],,
7,"1881,0204.281",4,2,AKKADIAN,BAR-ma,BAR-ma,[],['CANONICAL ➝ Divination ➝ Celestial'],,
8,"1881,0204.281",4,3,AKKADIAN,IGI,IGI,[],['CANONICAL ➝ Divination ➝ Celestial'],,
9,"1881,0204.281",4,4,AKKADIAN,HUL,HUL,[],['CANONICAL ➝ Divination ➝ Celestial'],,
10,"1881,0204.281",5,0,AKKADIAN,DIŠ,DIŠ,[],['CANONICAL ➝ Divination ➝ Celestial'],,
11,"1881,0204.281",5,1,AKKADIAN,u₂-šam-šam-ma,u₂-šam-šam-ma,[],['CANONICAL ➝ Divination ➝ Celestial'],,
12,"1881,0204.281",5,2,AKKADIAN,KIMIN,KIMIN,[],['CANONICAL ➝ Divination ➝ Celestial'],,
13,"1881,0204.281",7,0,AKKADIAN,DIŠ,DIŠ,[],['CANONICAL ➝ Divination ➝ Celestial'],,
14,"1881,0204.281",7,1,AKKADIAN,30,30,[],['CANONICAL ➝ Divination ➝ Celestial'],,
15,"1881,0204.281",7,2,AKKADIAN,ina,ina,['ina I'],['CANONICAL ➝ Divination ➝ Celestial'],,
16,"1881,0204.281",7,3,AKKADIAN,IGI.LA₂-šu₂,IGI.LA₂-šu₂,[],['CANONICAL ➝ Divination ➝ Celestial'],,
17,"1881,0204.281",7,4,AKKADIAN,KUR,KUR,[],['CANONICAL ➝ Divination ➝ Celestial'],,
18,"1881,0204.281",7,5,AKKADIAN,RI,RI,[],['CANONICAL ➝ Divination ➝ Celestial'],,
19,"1881,0204.281",7,6,AKKADIAN,KUR,KUR,[],['CANONICAL ➝ Divination ➝ Celestial'],,
20,"1881,0204.281",8,1,AKKADIAN,KIMIN,KIMIN,[],['CANONICAL ➝ Divination ➝ Celestial'],,
21,"1881,0204.281",8,3,SUMERIAN,ba-an-gul,ba-an-gul,[],['CANONICAL ➝ Divination ➝ Celestial'],,
22,"1881,0204.281",8,4,SUMERIAN,ki-sikil,ki-sikil,[],['CANONICAL ➝ Divination ➝ Celestial'],,
23,"1881,0204.281",9,1,AKKADIAN,LA,LA,['hiṣibtu I'],['CANONICAL ➝ Divination ➝ Celestial'],,
24,"1881,0204.281",9,2,AKKADIAN,RI,RI,['rehû I'],['CANONICAL ➝ Divination ➝ Celestial'],,
25,"1881,0204.281",9,3,AKKADIAN,KUR-su,KUR-su,[],['CANONICAL ➝ Divination ➝ Celestial'],,
26,"1881,0204.281",9,4,AKKADIAN,KA,KA,[],['CANONICAL ➝ Divination ➝ Celestial'],,
27,"1881,0204.281",9,5,AKKADIAN,{munus}SIG₅,{munus}SIG₅,['damqu I'],['CANONICAL ➝ Divination ➝ Celestial'],,
28,"1881,0204.281",9,7,AKKADIAN,KUR,KUR,[],['CANONICAL ➝ Divination ➝ Celestial'],,
29,"1881,0204.281",10,1,AKKADIAN,30,30,['Sîn I'],['CANONICAL ➝ Divination ➝ Celestial'],,
30,"1881,0204.281",10,3,AKKADIAN,IGI,IGI,[],['CANONICAL ➝ Divination ➝ Celestial'],,
31,"1881,0204.281",10,4,AKKADIAN,KUR₂,KUR₂,['nakru I'],['CANONICAL ➝ Divination ➝ Celestial'],,
32,"1881,0204.281",10,5,AKKADIAN,ina,ina,['ina I'],['CANONICAL ➝ Divination ➝ Celestial'],,
33,"1881,0204.281",10,6,AKKADIAN,KUR,KUR,['mātu I'],['CANONICAL ➝ Divination ➝ Celestial'],,
34,"1881,0204.281",11,1,AKKADIAN,ina,ina,[],['CANONICAL ➝ Divination ➝ Celestial'],,
35,"1881,0204.281",11,3,AKKADIAN,IGI,IGI,[],['CANONICAL ➝ Divination ➝ Celestial'],,
36,"1881,0204.281",11,4,AKKADIAN,DIGIR-MEŠ,DIGIR-MEŠ,['ilu I'],['CANONICAL ➝ Divination ➝ Celestial'],,
37,"1881,0204.281",11,5,AKKADIAN,GALGA,GALGA,['milku I'],['CANONICAL ➝ Divination ➝ Celestial'],,
38,"1881,0204.281",11,6,AKKADIAN,KUR,KUR,['mātu I'],['CANONICAL ➝ Divination ➝ Celestial'],,
39,"1881,0204.281",11,7,AKKADIAN,ana,ana,['ana I'],['CANONICAL ➝ Divination ➝ Celestial'],,
40,"1881,0204.281",11,9,AKKADIAN,GALGA-MEŠ,GALGA-MEŠ,['malāku II'],['CANONICAL ➝ Divination ➝ Celestial'],,
41,"1881,0204.281",13,2,AKKADIAN,GAL,GAL,['rabû II'],['CANONICAL ➝ Divination ➝ Celestial'],,
42,"1881,0204.281",13,3,AKKADIAN,AN.GE₆,AN.GE₆,['antalû I'],['CANONICAL ➝ Divination ➝ Celestial'],,
43,"1881,0204.281",13,4,AKKADIAN,GAR,GAR,[],['CANONICAL ➝ Divination ➝ Celestial'],,
44,"1881,0204.281",13,5,AKKADIAN,KIMIN,KIMIN,[],['CANONICAL ➝ Divination ➝ Celestial'],,
45,"1881,0204.281",13,6,AKKADIAN,KUR.KUR,KUR.KUR,['mātu I'],['CANONICAL ➝ Divination ➝ Celestial'],,
46,"1881,0204.281",13,7,AKKADIAN,HUL,HUL,[],['CANONICAL ➝ Divination ➝ Celestial'],,
47,"1881,0204.281",14,2,AKKADIAN,TUR,TUR,['ṣehēru I'],['CANONICAL ➝ Divination ➝ Celestial'],,
48,"1881,0204.281",14,3,AKKADIAN,SU.GU₇,SU.GU₇,['bubūtu I'],['CANONICAL ➝ Divination ➝ Celestial'],,
49,"1881,0204.281",14,4,AKKADIAN,ŠE,ŠE,[],['CANONICAL ➝ Divination ➝ Celestial'],,
50,"1881,0204.281",14,5,AKKADIAN,GAL₂,GAL₂,['bašû I'],['CANONICAL ➝ Divination ➝ Celestial'],,
51,"1881,0204.281",14,6,AKKADIAN,KIMIN,KIMIN,[],['CANONICAL ➝ Divination ➝ Celestial'],,
52,"1881,0204.281",14,8,AKKADIAN,KIMIN,KIMIN,[],['CANONICAL ➝ Divination ➝ Celestial'],,
53,"1881,0204.281",16,2,AKKADIAN,SIG,SIG,['šapālu I'],['CANONICAL ➝ Divination ➝ Celestial'],,
54,"1881,0204.281",16,3,AKKADIAN,KUR,KUR,['mātu I'],['CANONICAL ➝ Divination ➝ Celestial'],,
55,"1881,0204.281",16,4,AKKADIAN,HUL-pat,HUL-pat,['lapātu I'],['CANONICAL ➝ Divination ➝ Celestial'],,
56,"1881,0204.281",16,5,AKKADIAN,KIMIN,KIMIN,[],['CANONICAL ➝ Divination ➝ Celestial'],,
57,"1881,0204.281",16,6,AKKADIAN,KUR,KUR,[],['CANONICAL ➝ Divination ➝ Celestial'],,
58,"1881,0204.281",16,7,AKKADIAN,SILIM,SILIM,[],['CANONICAL ➝ Divination ➝ Celestial'],,
59,"1881,0204.281",18,1,AKKADIAN,30,30,[],['CANONICAL ➝ Divination ➝ Celestial'],,
60,"1881,0204.281",18,3,AKKADIAN,IGI.LA₂-šu₂,IGI.LA₂-šu₂,['tāmartu I'],['CANONICAL ➝ Divination ➝ Celestial'],,
61,"1881,0204.281",18,4,AKKADIAN,ana,ana,['ana I'],['CANONICAL ➝ Divination ➝ Celestial'],,
62,"1881,0204.281",18,5,AKKADIAN,ZAG.GA,ZAG.GA,[],['CANONICAL ➝ Divination ➝ Celestial'],,
63,"1881,0204.281",18,6,AKKADIAN,ŠU₂-ma,ŠU₂-ma,[],['CANONICAL ➝ Divination ➝ Celestial'],,
64,"1881,0204.281",20,1,AKKADIAN,ana,ana,['ana I'],['CANONICAL ➝ Divination ➝ Celestial'],,
65,"1881,0204.281",20,3,AKKADIAN,ŠU₂-ma,ŠU₂-ma,[],['CANONICAL ➝ Divination ➝ Celestial'],,
66,"1881,0204.281",20,5,AKKADIAN,MUL,MUL,['kakkabu I'],['CANONICAL ➝ Divination ➝ Celestial'],,
67,"1881,0204.281",20,6,AKKADIAN,ina,ina,['ina I'],['CANONICAL ➝ Divination ➝ Celestial'],,
68,"1881,0204.281",21,1,AKKADIAN,ana,ana,['ana I'],['CANONICAL ➝ Divination ➝ Celestial'],,
69,"1881,0204.281",21,3,AKKADIAN,ŠU₂-ma,ŠU₂-ma,[],['CANONICAL ➝ Divination ➝ Celestial'],,
70,"1881,0204.281",21,4,AKKADIAN,TEŠ₂-BI,TEŠ₂-BI,['ištēniš I'],['CANONICAL ➝ Divination ➝ Celestial'],,
71,"1881,0204.281",22,1,AKKADIAN,ana,ana,['ana I'],['CANONICAL ➝ Divination ➝ Celestial'],,
72,"1881,0204.281",22,3,AKKADIAN,ŠU₂-ma,ŠU₂-ma,[],['CANONICAL ➝ Divination ➝ Celestial'],,
73,"1881,0204.281",22,4,AKKADIAN,GE₆,GE₆,[],['CANONICAL ➝ Divination ➝ Celestial'],,
74,"1881,0204.281",22,5,AKKADIAN,KUR,KUR,[],['CANONICAL ➝ Divination ➝ Celestial'],,
75,"1881,0204.281",22,6,AKKADIAN,ina,ina,['ina I'],['CANONICAL ➝ Divination ➝ Celestial'],,
76,"1881,0204.281",23,2,AKKADIAN,GAR,GAR,[],['CANONICAL ➝ Divination ➝ Celestial'],,
77,"1881,0204.281",23,3,AKKADIAN,IGI,IGI,[],['CANONICAL ➝ Divination ➝ Celestial'],,
