,fragment_id,fragment_line_num,index_in_line,word_language,value,clean_value,lemma,domain,place_discovery,place_composition
0,"1879,0708.331",5,2,AKKADIAN,ina,ina,['ina I'],"['CANONICAL ➝ Literature ➝ Lamentations ➝ Šuʾila (Emesal)', 'CANONICAL ➝ Technical ➝ Ritual texts']",,
1,"1879,0708.331",5,3,AKKADIAN,ZI₃.MAD.GA₂,ZI₃.MAD.GA₂,['maṣhatu I'],"['CANONICAL ➝ Literature ➝ Lamentations ➝ Šuʾila (Emesal)', 'CANONICAL ➝ Technical ➝ Ritual texts']",,
2,"1879,0708.331",6,2,AKKADIAN,qat-su,qat-su,['qātu I'],"['CANONICAL ➝ Literature ➝ Lamentations ➝ Šuʾila (Emesal)', 'CANONICAL ➝ Technical ➝ Ritual texts']",,
3,"1879,0708.331",6,3,AKKADIAN,IL₂,IL₂,[],"['CANONICAL ➝ Literature ➝ Lamentations ➝ Šuʾila (Emesal)', 'CANONICAL ➝ Technical ➝ Ritual texts']",,
4,"1879,0708.331",7,2,AKKADIAN,SIG₅-MEŠ,SIG₅-MEŠ,[],"['CANONICAL ➝ Literature ➝ Lamentations ➝ Šuʾila (Emesal)', 'CANONICAL ➝ Technical ➝ Ritual texts']",,
5,"1879,0708.331",10,2,AKKADIAN,na,na,[],"['CANONICAL ➝ Literature ➝ Lamentations ➝ Šuʾila (Emesal)', 'CANONICAL ➝ Technical ➝ Ritual texts']",,
