,fragment_id,fragment_line_num,index_in_line,word_language,value,clean_value,lemma,domain,place_discovery,place_composition
0,"1868,0523.1",1,1,AKKADIAN,A.MEŠ,A.MEŠ,[],['CANONICAL ➝ Divination ➝ Terrestrial ➝ Šumma ālu'],,
1,"1868,0523.1",1,2,AKKADIAN,i-na,i-na,[],['CANONICAL ➝ Divination ➝ Terrestrial ➝ Šumma ālu'],,
2,"1868,0523.1",1,3,AKKADIAN,KA₂,KA₂,[],['CANONICAL ➝ Divination ➝ Terrestrial ➝ Šumma ālu'],,
3,"1868,0523.1",1,4,AKKADIAN,E₂,E₂,[],['CANONICAL ➝ Divination ➝ Terrestrial ➝ Šumma ālu'],,
4,"1868,0523.1",1,5,AKKADIAN,LU₂,LU₂,[],['CANONICAL ➝ Divination ➝ Terrestrial ➝ Šumma ālu'],,
5,"1868,0523.1",1,6,AKKADIAN,tab-ku-ma,tab-ku-ma,[],['CANONICAL ➝ Divination ➝ Terrestrial ➝ Šumma ālu'],,
6,"1868,0523.1",1,7,AKKADIAN,GIM,GIM,[],['CANONICAL ➝ Divination ➝ Terrestrial ➝ Šumma ālu'],,
7,"1868,0523.1",1,8,AKKADIAN,MUŠ,MUŠ,[],['CANONICAL ➝ Divination ➝ Terrestrial ➝ Šumma ālu'],,
8,"1868,0523.1",1,9,AKKADIAN,GABA.MEŠ,GABA.MEŠ,[],['CANONICAL ➝ Divination ➝ Terrestrial ➝ Šumma ālu'],,
9,"1868,0523.1",1,10,AKKADIAN,ir-ši,ir-ši,[],['CANONICAL ➝ Divination ➝ Terrestrial ➝ Šumma ālu'],,
10,"1868,0523.1",3,1,AKKADIAN,KIMIN-ma,KIMIN-ma,[],['CANONICAL ➝ Divination ➝ Terrestrial ➝ Šumma ālu'],,
11,"1868,0523.1",3,2,AKKADIAN,GIM,GIM,[],['CANONICAL ➝ Divination ➝ Terrestrial ➝ Šumma ālu'],,
12,"1868,0523.1",3,3,AKKADIAN,e-ri-i,e-ri-i,[],['CANONICAL ➝ Divination ➝ Terrestrial ➝ Šumma ālu'],,
13,"1868,0523.1",3,4,AKKADIAN,GENNA,GENNA,[],['CANONICAL ➝ Divination ➝ Terrestrial ➝ Šumma ālu'],,
14,"1868,0523.1",3,5,AKKADIAN,,,[],['CANONICAL ➝ Divination ➝ Terrestrial ➝ Šumma ālu'],,
15,"1868,0523.1",3,6,AKKADIAN,SAG.KAL-ta₅,SAG.KAL-ta₅,[],['CANONICAL ➝ Divination ➝ Terrestrial ➝ Šumma ālu'],,
16,"1868,0523.1",5,1,AKKADIAN,KIMIN-ma,KIMIN-ma,[],['CANONICAL ➝ Divination ➝ Terrestrial ➝ Šumma ālu'],,
17,"1868,0523.1",5,2,AKKADIAN,GIM,GIM,[],['CANONICAL ➝ Divination ➝ Terrestrial ➝ Šumma ālu'],,
18,"1868,0523.1",5,3,AKKADIAN,UR.MAH,UR.MAH,[],['CANONICAL ➝ Divination ➝ Terrestrial ➝ Šumma ālu'],,
19,"1868,0523.1",5,4,AKKADIAN,LUGAL,LUGAL,[],['CANONICAL ➝ Divination ➝ Terrestrial ➝ Šumma ālu'],,
20,"1868,0523.1",5,5,AKKADIAN,GABA.RI,GABA.RI,[],['CANONICAL ➝ Divination ➝ Terrestrial ➝ Šumma ālu'],,
21,"1868,0523.1",5,6,AKKADIAN,NU,NU,[],['CANONICAL ➝ Divination ➝ Terrestrial ➝ Šumma ālu'],,
22,"1868,0523.1",7,0,AKKADIAN,DIŠ,DIŠ,[],['CANONICAL ➝ Divination ➝ Terrestrial ➝ Šumma ālu'],,
23,"1868,0523.1",7,1,AKKADIAN,KIMIN-ma,KIMIN-ma,[],['CANONICAL ➝ Divination ➝ Terrestrial ➝ Šumma ālu'],,
24,"1868,0523.1",7,2,AKKADIAN,GIM,GIM,[],['CANONICAL ➝ Divination ➝ Terrestrial ➝ Šumma ālu'],,
25,"1868,0523.1",7,3,AKKADIAN,AM,AM,[],['CANONICAL ➝ Divination ➝ Terrestrial ➝ Šumma ālu'],,
26,"1868,0523.1",7,4,AKKADIAN,LU₂,LU₂,[],['CANONICAL ➝ Divination ➝ Terrestrial ➝ Šumma ālu'],,
27,"1868,0523.1",7,5,AKKADIAN,SAL.KALAG.GA,SAL.KALAG.GA,[],['CANONICAL ➝ Divination ➝ Terrestrial ➝ Šumma ālu'],,
28,"1868,0523.1",9,0,AKKADIAN,DIŠ,DIŠ,[],['CANONICAL ➝ Divination ➝ Terrestrial ➝ Šumma ālu'],,
29,"1868,0523.1",9,1,AKKADIAN,KIMIN-ma,KIMIN-ma,[],['CANONICAL ➝ Divination ➝ Terrestrial ➝ Šumma ālu'],,
30,"1868,0523.1",9,2,AKKADIAN,GIM,GIM,[],['CANONICAL ➝ Divination ➝ Terrestrial ➝ Šumma ālu'],,
31,"1868,0523.1",9,3,AKKADIAN,LU₂,LU₂,[],['CANONICAL ➝ Divination ➝ Terrestrial ➝ Šumma ālu'],,
32,"1868,0523.1",9,4,AKKADIAN,LU₂,LU₂,[],['CANONICAL ➝ Divination ➝ Terrestrial ➝ Šumma ālu'],,
33,"1868,0523.1",9,5,AKKADIAN,BI,BI,[],['CANONICAL ➝ Divination ➝ Terrestrial ➝ Šumma ālu'],,
34,"1868,0523.1",9,6,AKKADIAN,SAG.KAL-ta₅,SAG.KAL-ta₅,[],['CANONICAL ➝ Divination ➝ Terrestrial ➝ Šumma ālu'],,
35,"1868,0523.1",9,7,AKKADIAN,DU-ak,DU-ak,[],['CANONICAL ➝ Divination ➝ Terrestrial ➝ Šumma ālu'],,
36,"1868,0523.1",11,0,AKKADIAN,DIŠ,DIŠ,[],['CANONICAL ➝ Divination ➝ Terrestrial ➝ Šumma ālu'],,
37,"1868,0523.1",11,1,AKKADIAN,KIMIN-ma,KIMIN-ma,[],['CANONICAL ➝ Divination ➝ Terrestrial ➝ Šumma ālu'],,
38,"1868,0523.1",11,2,AKKADIAN,GIM,GIM,[],['CANONICAL ➝ Divination ➝ Terrestrial ➝ Šumma ālu'],,
39,"1868,0523.1",11,3,AKKADIAN,KA₅.A,KA₅.A,[],['CANONICAL ➝ Divination ➝ Terrestrial ➝ Šumma ālu'],,
40,"1868,0523.1",11,4,AKKADIAN,LU₂,LU₂,[],['CANONICAL ➝ Divination ➝ Terrestrial ➝ Šumma ālu'],,
41,"1868,0523.1",11,5,AKKADIAN,ŠUB,ŠUB,[],['CANONICAL ➝ Divination ➝ Terrestrial ➝ Šumma ālu'],,
42,"1868,0523.1",11,6,AKKADIAN,KA,KA,[],['CANONICAL ➝ Divination ➝ Terrestrial ➝ Šumma ālu'],,
43,"1868,0523.1",11,7,AKKADIAN,TUK-ši,TUK-ši,[],['CANONICAL ➝ Divination ➝ Terrestrial ➝ Šumma ālu'],,
44,"1868,0523.1",13,0,AKKADIAN,DIŠ,DIŠ,[],['CANONICAL ➝ Divination ➝ Terrestrial ➝ Šumma ālu'],,
45,"1868,0523.1",13,1,AKKADIAN,KIMIN-ma,KIMIN-ma,[],['CANONICAL ➝ Divination ➝ Terrestrial ➝ Šumma ālu'],,
46,"1868,0523.1",13,2,AKKADIAN,GIM,GIM,[],['CANONICAL ➝ Divination ➝ Terrestrial ➝ Šumma ālu'],,
47,"1868,0523.1",13,3,AKKADIAN,a-tu-di,a-tu-di,[],['CANONICAL ➝ Divination ➝ Terrestrial ➝ Šumma ālu'],,
48,"1868,0523.1",13,4,AKKADIAN,ŠUB-di,ŠUB-di,[],['CANONICAL ➝ Divination ➝ Terrestrial ➝ Šumma ālu'],,
49,"1868,0523.1",13,5,AKKADIAN,šub-ti,šub-ti,[],['CANONICAL ➝ Divination ➝ Terrestrial ➝ Šumma ālu'],,
50,"1868,0523.1",13,6,AKKADIAN,e-di-i,e-di-i,[],['CANONICAL ➝ Divination ➝ Terrestrial ➝ Šumma ālu'],,
51,"1868,0523.1",13,7,AKKADIAN,KI.HUL,KI.HUL,[],['CANONICAL ➝ Divination ➝ Terrestrial ➝ Šumma ālu'],,
52,"1868,0523.1",13,8,AKKADIAN,ina,ina,[],['CANONICAL ➝ Divination ➝ Terrestrial ➝ Šumma ālu'],,
53,"1868,0523.1",13,9,AKKADIAN,E₂,E₂,[],['CANONICAL ➝ Divination ➝ Terrestrial ➝ Šumma ālu'],,
54,"1868,0523.1",13,10,AKKADIAN,,,[],['CANONICAL ➝ Divination ➝ Terrestrial ➝ Šumma ālu'],,
55,"1868,0523.1",15,0,AKKADIAN,DIŠ,DIŠ,[],['CANONICAL ➝ Divination ➝ Terrestrial ➝ Šumma ālu'],,
56,"1868,0523.1",15,1,AKKADIAN,KIMIN-ma,KIMIN-ma,[],['CANONICAL ➝ Divination ➝ Terrestrial ➝ Šumma ālu'],,
57,"1868,0523.1",15,2,AKKADIAN,MIN,MIN,[],['CANONICAL ➝ Divination ➝ Terrestrial ➝ Šumma ālu'],,
58,"1868,0523.1",15,3,AKKADIAN,GIR₂,GIR₂,[],['CANONICAL ➝ Divination ➝ Terrestrial ➝ Šumma ālu'],,
59,"1868,0523.1",15,4,AKKADIAN,ra-ki-is,ra-ki-is,[],['CANONICAL ➝ Divination ➝ Terrestrial ➝ Šumma ālu'],,
60,"1868,0523.1",15,5,AKKADIAN,KI.GUB,KI.GUB,[],['CANONICAL ➝ Divination ➝ Terrestrial ➝ Šumma ālu'],,
61,"1868,0523.1",15,6,AKKADIAN,{d}GIR₃.UNU.GAL,{d}GIR₃.UNU.GAL,[],['CANONICAL ➝ Divination ➝ Terrestrial ➝ Šumma ālu'],,
62,"1868,0523.1",15,7,AKKADIAN,ana,ana,[],['CANONICAL ➝ Divination ➝ Terrestrial ➝ Šumma ālu'],,
63,"1868,0523.1",15,8,AKKADIAN,E₂,E₂,[],['CANONICAL ➝ Divination ➝ Terrestrial ➝ Šumma ālu'],,
64,"1868,0523.1",15,9,AKKADIAN,,,[],['CANONICAL ➝ Divination ➝ Terrestrial ➝ Šumma ālu'],,
65,"1868,0523.1",17,0,AKKADIAN,DIŠ,DIŠ,[],['CANONICAL ➝ Divination ➝ Terrestrial ➝ Šumma ālu'],,
66,"1868,0523.1",17,1,AKKADIAN,KIMIN-ma,KIMIN-ma,[],['CANONICAL ➝ Divination ➝ Terrestrial ➝ Šumma ālu'],,
67,"1868,0523.1",17,2,AKKADIAN,MIN,MIN,[],['CANONICAL ➝ Divination ➝ Terrestrial ➝ Šumma ālu'],,
68,"1868,0523.1",17,3,AKKADIAN,{giš}PAN,{giš}PAN,[],['CANONICAL ➝ Divination ➝ Terrestrial ➝ Šumma ālu'],,
69,"1868,0523.1",17,4,AKKADIAN,na-ši,na-ši,[],['CANONICAL ➝ Divination ➝ Terrestrial ➝ Šumma ālu'],,
70,"1868,0523.1",17,5,AKKADIAN,KI.GUB,KI.GUB,[],['CANONICAL ➝ Divination ➝ Terrestrial ➝ Šumma ālu'],,
71,"1868,0523.1",17,6,AKKADIAN,{d}IGI.DU,{d}IGI.DU,[],['CANONICAL ➝ Divination ➝ Terrestrial ➝ Šumma ālu'],,
72,"1868,0523.1",19,0,AKKADIAN,DIŠ,DIŠ,[],['CANONICAL ➝ Divination ➝ Terrestrial ➝ Šumma ālu'],,
73,"1868,0523.1",19,1,AKKADIAN,KIMIN-ma,KIMIN-ma,[],['CANONICAL ➝ Divination ➝ Terrestrial ➝ Šumma ālu'],,
74,"1868,0523.1",19,2,AKKADIAN,MIN,MIN,[],['CANONICAL ➝ Divination ➝ Terrestrial ➝ Šumma ālu'],,
75,"1868,0523.1",19,3,AKKADIAN,{giš}ŠUB,{giš}ŠUB,[],['CANONICAL ➝ Divination ➝ Terrestrial ➝ Šumma ālu'],,
76,"1868,0523.1",19,4,AKKADIAN,na-ši,na-ši,[],['CANONICAL ➝ Divination ➝ Terrestrial ➝ Šumma ālu'],,
77,"1868,0523.1",19,5,AKKADIAN,KI.GUB,KI.GUB,[],['CANONICAL ➝ Divination ➝ Terrestrial ➝ Šumma ālu'],,
78,"1868,0523.1",19,6,AKKADIAN,{d}IGI.DU,{d}IGI.DU,[],['CANONICAL ➝ Divination ➝ Terrestrial ➝ Šumma ālu'],,
79,"1868,0523.1",21,0,AKKADIAN,DIŠ,DIŠ,[],['CANONICAL ➝ Divination ➝ Terrestrial ➝ Šumma ālu'],,
80,"1868,0523.1",21,1,AKKADIAN,KIMIN-ma,KIMIN-ma,[],['CANONICAL ➝ Divination ➝ Terrestrial ➝ Šumma ālu'],,
81,"1868,0523.1",21,2,AKKADIAN,MIN,MIN,[],['CANONICAL ➝ Divination ➝ Terrestrial ➝ Šumma ālu'],,
82,"1868,0523.1",21,3,AKKADIAN,ha-ṣi-in-nam,ha-ṣi-in-nam,[],['CANONICAL ➝ Divination ➝ Terrestrial ➝ Šumma ālu'],,
83,"1868,0523.1",21,4,AKKADIAN,na-ši,na-ši,[],['CANONICAL ➝ Divination ➝ Terrestrial ➝ Šumma ālu'],,
84,"1868,0523.1",21,5,AKKADIAN,KI.GUB,KI.GUB,[],['CANONICAL ➝ Divination ➝ Terrestrial ➝ Šumma ālu'],,
85,"1868,0523.1",23,1,AKKADIAN,KIMIN-ma,KIMIN-ma,[],['CANONICAL ➝ Divination ➝ Terrestrial ➝ Šumma ālu'],,
86,"1868,0523.1",23,2,AKKADIAN,MIN,MIN,[],['CANONICAL ➝ Divination ➝ Terrestrial ➝ Šumma ālu'],,
87,"1868,0523.1",23,3,AKKADIAN,pa-aš-ta₅,pa-aš-ta₅,[],['CANONICAL ➝ Divination ➝ Terrestrial ➝ Šumma ālu'],,
88,"1868,0523.1",23,4,AKKADIAN,na-ši,na-ši,[],['CANONICAL ➝ Divination ➝ Terrestrial ➝ Šumma ālu'],,
89,"1868,0523.1",23,5,AKKADIAN,KI.GUB,KI.GUB,[],['CANONICAL ➝ Divination ➝ Terrestrial ➝ Šumma ālu'],,
90,"1868,0523.1",25,0,AKKADIAN,DIŠ,DIŠ,[],['CANONICAL ➝ Divination ➝ Terrestrial ➝ Šumma ālu'],,
91,"1868,0523.1",25,1,AKKADIAN,KIMIN-ma,KIMIN-ma,[],['CANONICAL ➝ Divination ➝ Terrestrial ➝ Šumma ālu'],,
92,"1868,0523.1",25,2,AKKADIAN,MIN,MIN,[],['CANONICAL ➝ Divination ➝ Terrestrial ➝ Šumma ālu'],,
93,"1868,0523.1",25,3,AKKADIAN,li-ti-šu₂,li-ti-šu₂,[],['CANONICAL ➝ Divination ➝ Terrestrial ➝ Šumma ālu'],,
94,"1868,0523.1",25,4,AKKADIAN,ha-ṭi-im,ha-ṭi-im,[],['CANONICAL ➝ Divination ➝ Terrestrial ➝ Šumma ālu'],,
95,"1868,0523.1",25,5,AKKADIAN,KIMIN,KIMIN,[],['CANONICAL ➝ Divination ➝ Terrestrial ➝ Šumma ālu'],,
96,"1868,0523.1",25,6,AKKADIAN,,,[],['CANONICAL ➝ Divination ➝ Terrestrial ➝ Šumma ālu'],,
97,"1868,0523.1",25,7,AKKADIAN,BI,BI,[],['CANONICAL ➝ Divination ➝ Terrestrial ➝ Šumma ālu'],,
98,"1868,0523.1",25,8,AKKADIAN,ut-ta-aš₂-ša,ut-ta-aš₂-ša,[],['CANONICAL ➝ Divination ➝ Terrestrial ➝ Šumma ālu'],,
99,"1868,0523.1",27,0,AKKADIAN,DIŠ,DIŠ,[],['CANONICAL ➝ Divination ➝ Terrestrial ➝ Šumma ālu'],,
100,"1868,0523.1",27,1,AKKADIAN,KIMIN-ma,KIMIN-ma,[],['CANONICAL ➝ Divination ➝ Terrestrial ➝ Šumma ālu'],,
101,"1868,0523.1",27,2,AKKADIAN,MIN,MIN,[],['CANONICAL ➝ Divination ➝ Terrestrial ➝ Šumma ālu'],,
102,"1868,0523.1",27,3,AKKADIAN,li-is-su,li-is-su,[],['CANONICAL ➝ Divination ➝ Terrestrial ➝ Šumma ālu'],,
103,"1868,0523.1",27,4,AKKADIAN,ṣa-bit,ṣa-bit,[],['CANONICAL ➝ Divination ➝ Terrestrial ➝ Šumma ālu'],,
104,"1868,0523.1",27,5,AKKADIAN,LU₂,LU₂,[],['CANONICAL ➝ Divination ➝ Terrestrial ➝ Šumma ālu'],,
105,"1868,0523.1",27,6,AKKADIAN,DUR₂,DUR₂,[],['CANONICAL ➝ Divination ➝ Terrestrial ➝ Šumma ālu'],,
106,"1868,0523.1",27,7,AKKADIAN,la,la,[],['CANONICAL ➝ Divination ➝ Terrestrial ➝ Šumma ālu'],,
107,"1868,0523.1",27,8,AKKADIAN,šu-a-tu₄,šu-a-tu₄,[],['CANONICAL ➝ Divination ➝ Terrestrial ➝ Šumma ālu'],,
108,"1868,0523.1",29,0,AKKADIAN,DIŠ,DIŠ,[],['CANONICAL ➝ Divination ➝ Terrestrial ➝ Šumma ālu'],,
109,"1868,0523.1",29,1,AKKADIAN,KIMIN-ma,KIMIN-ma,[],['CANONICAL ➝ Divination ➝ Terrestrial ➝ Šumma ālu'],,
110,"1868,0523.1",29,2,AKKADIAN,MIN,MIN,[],['CANONICAL ➝ Divination ➝ Terrestrial ➝ Šumma ālu'],,
111,"1868,0523.1",29,3,AKKADIAN,ŠU-su,ŠU-su,[],['CANONICAL ➝ Divination ➝ Terrestrial ➝ Šumma ālu'],,
112,"1868,0523.1",29,4,AKKADIAN,ina,ina,[],['CANONICAL ➝ Divination ➝ Terrestrial ➝ Šumma ālu'],,
113,"1868,0523.1",29,5,AKKADIAN,KA-šu₂,KA-šu₂,[],['CANONICAL ➝ Divination ➝ Terrestrial ➝ Šumma ālu'],,
114,"1868,0523.1",29,6,AKKADIAN,par-ka-at,par-ka-at,[],['CANONICAL ➝ Divination ➝ Terrestrial ➝ Šumma ālu'],,
115,"1868,0523.1",29,7,AKKADIAN,LU₂,LU₂,[],['CANONICAL ➝ Divination ➝ Terrestrial ➝ Šumma ālu'],,
116,"1868,0523.1",29,8,AKKADIAN,BI,BI,[],['CANONICAL ➝ Divination ➝ Terrestrial ➝ Šumma ālu'],,
117,"1868,0523.1",29,9,AKKADIAN,I.BI₂.ZA,I.BI₂.ZA,[],['CANONICAL ➝ Divination ➝ Terrestrial ➝ Šumma ālu'],,
118,"1868,0523.1",31,0,AKKADIAN,DIŠ,DIŠ,[],['CANONICAL ➝ Divination ➝ Terrestrial ➝ Šumma ālu'],,
119,"1868,0523.1",31,1,AKKADIAN,KIMIN-ma,KIMIN-ma,[],['CANONICAL ➝ Divination ➝ Terrestrial ➝ Šumma ālu'],,
120,"1868,0523.1",31,2,AKKADIAN,MIN,MIN,[],['CANONICAL ➝ Divination ➝ Terrestrial ➝ Šumma ālu'],,
121,"1868,0523.1",31,3,AKKADIAN,ŠA₃-šu₂,ŠA₃-šu₂,[],['CANONICAL ➝ Divination ➝ Terrestrial ➝ Šumma ālu'],,
122,"1868,0523.1",31,4,AKKADIAN,ṣa-bit,ṣa-bit,[],['CANONICAL ➝ Divination ➝ Terrestrial ➝ Šumma ālu'],,
123,"1868,0523.1",31,5,AKKADIAN,ṣu-ru-up,ṣu-ru-up,[],['CANONICAL ➝ Divination ➝ Terrestrial ➝ Šumma ālu'],,
124,"1868,0523.1",31,6,AKKADIAN,lib₃-bi,lib₃-bi,[],['CANONICAL ➝ Divination ➝ Terrestrial ➝ Šumma ālu'],,
125,"1868,0523.1",33,0,AKKADIAN,DIŠ,DIŠ,[],['CANONICAL ➝ Divination ➝ Terrestrial ➝ Šumma ālu'],,
126,"1868,0523.1",33,1,AKKADIAN,KIMIN-ma,KIMIN-ma,[],['CANONICAL ➝ Divination ➝ Terrestrial ➝ Šumma ālu'],,
127,"1868,0523.1",33,2,AKKADIAN,MIN,MIN,[],['CANONICAL ➝ Divination ➝ Terrestrial ➝ Šumma ālu'],,
128,"1868,0523.1",33,3,AKKADIAN,pa-a-ad,pa-a-ad,[],['CANONICAL ➝ Divination ➝ Terrestrial ➝ Šumma ālu'],,
129,"1868,0523.1",33,4,AKKADIAN,LU₂,LU₂,[],['CANONICAL ➝ Divination ➝ Terrestrial ➝ Šumma ālu'],,
130,"1868,0523.1",33,5,AKKADIAN,BI,BI,[],['CANONICAL ➝ Divination ➝ Terrestrial ➝ Šumma ālu'],,
131,"1868,0523.1",33,6,AKKADIAN,ma-aq-la-a,ma-aq-la-a,[],['CANONICAL ➝ Divination ➝ Terrestrial ➝ Šumma ālu'],,
132,"1868,0523.1",35,0,AKKADIAN,DIŠ,DIŠ,[],['CANONICAL ➝ Divination ➝ Terrestrial ➝ Šumma ālu'],,
133,"1868,0523.1",35,1,AKKADIAN,KIMIN-ma,KIMIN-ma,[],['CANONICAL ➝ Divination ➝ Terrestrial ➝ Šumma ālu'],,
134,"1868,0523.1",35,2,AKKADIAN,MIN,MIN,[],['CANONICAL ➝ Divination ➝ Terrestrial ➝ Šumma ālu'],,
135,"1868,0523.1",35,3,AKKADIAN,ni-mi-it-ta,ni-mi-it-ta,[],['CANONICAL ➝ Divination ➝ Terrestrial ➝ Šumma ālu'],,
136,"1868,0523.1",35,4,AKKADIAN,na-ši,na-ši,[],['CANONICAL ➝ Divination ➝ Terrestrial ➝ Šumma ālu'],,
137,"1868,0523.1",35,5,AKKADIAN,LU₂,LU₂,[],['CANONICAL ➝ Divination ➝ Terrestrial ➝ Šumma ālu'],,
138,"1868,0523.1",35,6,AKKADIAN,BI,BI,[],['CANONICAL ➝ Divination ➝ Terrestrial ➝ Šumma ālu'],,
139,"1868,0523.1",35,7,AKKADIAN,DUMU-šu₂,DUMU-šu₂,[],['CANONICAL ➝ Divination ➝ Terrestrial ➝ Šumma ālu'],,
140,"1868,0523.1",35,8,AKKADIAN,ana,ana,[],['CANONICAL ➝ Divination ➝ Terrestrial ➝ Šumma ālu'],,
141,"1868,0523.1",37,0,AKKADIAN,DIŠ,DIŠ,[],['CANONICAL ➝ Divination ➝ Terrestrial ➝ Šumma ālu'],,
142,"1868,0523.1",37,1,AKKADIAN,KIMIN-ma,KIMIN-ma,[],['CANONICAL ➝ Divination ➝ Terrestrial ➝ Šumma ālu'],,
143,"1868,0523.1",37,2,AKKADIAN,MIN,MIN,[],['CANONICAL ➝ Divination ➝ Terrestrial ➝ Šumma ālu'],,
144,"1868,0523.1",37,3,AKKADIAN,i-da-šu₂,i-da-šu₂,[],['CANONICAL ➝ Divination ➝ Terrestrial ➝ Šumma ālu'],,
145,"1868,0523.1",37,4,AKKADIAN,tar-ṣa,tar-ṣa,[],['CANONICAL ➝ Divination ➝ Terrestrial ➝ Šumma ālu'],,
146,"1868,0523.1",37,5,AKKADIAN,LU₂,LU₂,[],['CANONICAL ➝ Divination ➝ Terrestrial ➝ Šumma ālu'],,
147,"1868,0523.1",37,6,AKKADIAN,BI,BI,[],['CANONICAL ➝ Divination ➝ Terrestrial ➝ Šumma ālu'],,
148,"1868,0523.1",37,7,AKKADIAN,ina,ina,[],['CANONICAL ➝ Divination ➝ Terrestrial ➝ Šumma ālu'],,
149,"1868,0523.1",37,8,AKKADIAN,SILA,SILA,[],['CANONICAL ➝ Divination ➝ Terrestrial ➝ Šumma ālu'],,
150,"1868,0523.1",37,9,AKKADIAN,URU-šu₂,URU-šu₂,[],['CANONICAL ➝ Divination ➝ Terrestrial ➝ Šumma ālu'],,
151,"1868,0523.1",39,0,AKKADIAN,DIŠ,DIŠ,[],['CANONICAL ➝ Divination ➝ Terrestrial ➝ Šumma ālu'],,
152,"1868,0523.1",39,1,AKKADIAN,KIMIN-ma,KIMIN-ma,[],['CANONICAL ➝ Divination ➝ Terrestrial ➝ Šumma ālu'],,
153,"1868,0523.1",39,2,AKKADIAN,MIN,MIN,[],['CANONICAL ➝ Divination ➝ Terrestrial ➝ Šumma ālu'],,
154,"1868,0523.1",39,3,AKKADIAN,SAG.KI-su,SAG.KI-su,[],['CANONICAL ➝ Divination ➝ Terrestrial ➝ Šumma ālu'],,
155,"1868,0523.1",39,5,AKKADIAN,ši-ni-it,ši-ni-it,[],['CANONICAL ➝ Divination ➝ Terrestrial ➝ Šumma ālu'],,
156,"1868,0523.1",43,0,AKKADIAN,DIŠ,DIŠ,[],['CANONICAL ➝ Divination ➝ Terrestrial ➝ Šumma ālu'],,
157,"1868,0523.1",43,1,AKKADIAN,ki-ma,ki-ma,[],['CANONICAL ➝ Divination ➝ Terrestrial ➝ Šumma ālu'],,
158,"1868,0523.1",43,2,AKKADIAN,GIR₂.TAB,GIR₂.TAB,[],['CANONICAL ➝ Divination ➝ Terrestrial ➝ Šumma ālu'],,
159,"1868,0523.1",45,0,AKKADIAN,DIŠ,DIŠ,[],['CANONICAL ➝ Divination ➝ Terrestrial ➝ Šumma ālu'],,
160,"1868,0523.1",45,1,AKKADIAN,ki-ma,ki-ma,[],['CANONICAL ➝ Divination ➝ Terrestrial ➝ Šumma ālu'],,
161,"1868,0523.1",45,2,AKKADIAN,SAG.DU,SAG.DU,[],['CANONICAL ➝ Divination ➝ Terrestrial ➝ Šumma ālu'],,
162,"1868,0523.1",45,3,AKKADIAN,UR.MAH,UR.MAH,[],['CANONICAL ➝ Divination ➝ Terrestrial ➝ Šumma ālu'],,
163,"1868,0523.1",47,0,AKKADIAN,DIŠ,DIŠ,[],['CANONICAL ➝ Divination ➝ Terrestrial ➝ Šumma ālu'],,
164,"1868,0523.1",47,1,AKKADIAN,ki-ma,ki-ma,[],['CANONICAL ➝ Divination ➝ Terrestrial ➝ Šumma ālu'],,
165,"1868,0523.1",47,2,AKKADIAN,SAG.DU,SAG.DU,[],['CANONICAL ➝ Divination ➝ Terrestrial ➝ Šumma ālu'],,
166,"1868,0523.1",47,3,AKKADIAN,AM,AM,[],['CANONICAL ➝ Divination ➝ Terrestrial ➝ Šumma ālu'],,
167,"1868,0523.1",47,4,AKKADIAN,NUN,NUN,[],['CANONICAL ➝ Divination ➝ Terrestrial ➝ Šumma ālu'],,
168,"1868,0523.1",49,0,AKKADIAN,DIŠ,DIŠ,[],['CANONICAL ➝ Divination ➝ Terrestrial ➝ Šumma ālu'],,
169,"1868,0523.1",49,1,AKKADIAN,ki-ma,ki-ma,[],['CANONICAL ➝ Divination ➝ Terrestrial ➝ Šumma ālu'],,
170,"1868,0523.1",49,2,AKKADIAN,SAG.DU,SAG.DU,[],['CANONICAL ➝ Divination ➝ Terrestrial ➝ Šumma ālu'],,
171,"1868,0523.1",49,3,AKKADIAN,LU₂,LU₂,[],['CANONICAL ➝ Divination ➝ Terrestrial ➝ Šumma ālu'],,
172,"1868,0523.1",49,4,AKKADIAN,LU₂,LU₂,[],['CANONICAL ➝ Divination ➝ Terrestrial ➝ Šumma ālu'],,
173,"1868,0523.1",49,5,AKKADIAN,BI,BI,[],['CANONICAL ➝ Divination ➝ Terrestrial ➝ Šumma ālu'],,
174,"1868,0523.1",49,6,AKKADIAN,ne₂-el-me-en-šu₂,ne₂-el-me-en-šu₂,[],['CANONICAL ➝ Divination ➝ Terrestrial ➝ Šumma ālu'],,
175,"1868,0523.1",49,7,AKKADIAN,IGI-mar,IGI-mar,[],['CANONICAL ➝ Divination ➝ Terrestrial ➝ Šumma ālu'],,
176,"1868,0523.1",51,0,AKKADIAN,DIŠ,DIŠ,[],['CANONICAL ➝ Divination ➝ Terrestrial ➝ Šumma ālu'],,
177,"1868,0523.1",51,1,AKKADIAN,ki-ma,ki-ma,[],['CANONICAL ➝ Divination ➝ Terrestrial ➝ Šumma ālu'],,
178,"1868,0523.1",51,2,AKKADIAN,SAG.DU,SAG.DU,[],['CANONICAL ➝ Divination ➝ Terrestrial ➝ Šumma ālu'],,
179,"1868,0523.1",51,3,AKKADIAN,UR.GI₇,UR.GI₇,[],['CANONICAL ➝ Divination ➝ Terrestrial ➝ Šumma ālu'],,
180,"1868,0523.1",51,4,AKKADIAN,LU₂,LU₂,[],['CANONICAL ➝ Divination ➝ Terrestrial ➝ Šumma ālu'],,
181,"1868,0523.1",51,5,AKKADIAN,BI,BI,[],['CANONICAL ➝ Divination ➝ Terrestrial ➝ Šumma ālu'],,
182,"1868,0523.1",51,6,AKKADIAN,kal-ba-niš,kal-ba-niš,[],['CANONICAL ➝ Divination ➝ Terrestrial ➝ Šumma ālu'],,
183,"1868,0523.1",53,0,AKKADIAN,DIŠ,DIŠ,[],['CANONICAL ➝ Divination ➝ Terrestrial ➝ Šumma ālu'],,
184,"1868,0523.1",53,1,AKKADIAN,ki-ma,ki-ma,[],['CANONICAL ➝ Divination ➝ Terrestrial ➝ Šumma ālu'],,
185,"1868,0523.1",53,2,AKKADIAN,SAG.DU,SAG.DU,[],['CANONICAL ➝ Divination ➝ Terrestrial ➝ Šumma ālu'],,
186,"1868,0523.1",53,3,AKKADIAN,KA₅.A,KA₅.A,[],['CANONICAL ➝ Divination ➝ Terrestrial ➝ Šumma ālu'],,
187,"1868,0523.1",53,4,AKKADIAN,LU₂,LU₂,[],['CANONICAL ➝ Divination ➝ Terrestrial ➝ Šumma ālu'],,
188,"1868,0523.1",53,5,AKKADIAN,BI,BI,[],['CANONICAL ➝ Divination ➝ Terrestrial ➝ Šumma ālu'],,
189,"1868,0523.1",53,6,AKKADIAN,di-ib-bat,di-ib-bat,[],['CANONICAL ➝ Divination ➝ Terrestrial ➝ Šumma ālu'],,
190,"1868,0523.1",53,7,AKKADIAN,la,la,[],['CANONICAL ➝ Divination ➝ Terrestrial ➝ Šumma ālu'],,
191,"1868,0523.1",55,1,AKKADIAN,KI,KI,[],['CANONICAL ➝ Divination ➝ Terrestrial ➝ Šumma ālu'],,
192,"1868,0523.1",55,2,AKKADIAN,qir-bi-šu₂,qir-bi-šu₂,[],['CANONICAL ➝ Divination ➝ Terrestrial ➝ Šumma ālu'],,
193,"1868,0523.1",55,3,AKKADIAN,i-dab-bu-ub,i-dab-bu-ub,[],['CANONICAL ➝ Divination ➝ Terrestrial ➝ Šumma ālu'],,
194,"1868,0523.1",57,0,AKKADIAN,DIŠ,DIŠ,[],['CANONICAL ➝ Divination ➝ Terrestrial ➝ Šumma ālu'],,
195,"1868,0523.1",57,1,AKKADIAN,ki-ma,ki-ma,[],['CANONICAL ➝ Divination ➝ Terrestrial ➝ Šumma ālu'],,
196,"1868,0523.1",57,2,AKKADIAN,qa-di-i{mušen},qa-di-i{mušen},[],['CANONICAL ➝ Divination ➝ Terrestrial ➝ Šumma ālu'],,
197,"1868,0523.1",57,3,AKKADIAN,ZI,ZI,[],['CANONICAL ➝ Divination ➝ Terrestrial ➝ Šumma ālu'],,
198,"1868,0523.1",57,4,AKKADIAN,SAL.HUL,SAL.HUL,[],['CANONICAL ➝ Divination ➝ Terrestrial ➝ Šumma ālu'],,
199,"1868,0523.1",57,5,AKKADIAN,ana,ana,[],['CANONICAL ➝ Divination ➝ Terrestrial ➝ Šumma ālu'],,
200,"1868,0523.1",57,6,AKKADIAN,LU₂,LU₂,[],['CANONICAL ➝ Divination ➝ Terrestrial ➝ Šumma ālu'],,
201,"1868,0523.1",57,7,AKKADIAN,ZI.GA,ZI.GA,[],['CANONICAL ➝ Divination ➝ Terrestrial ➝ Šumma ālu'],,
202,"1868,0523.1",59,0,AKKADIAN,DIŠ,DIŠ,[],['CANONICAL ➝ Divination ➝ Terrestrial ➝ Šumma ālu'],,
203,"1868,0523.1",59,1,AKKADIAN,ki-ma,ki-ma,[],['CANONICAL ➝ Divination ➝ Terrestrial ➝ Šumma ālu'],,
204,"1868,0523.1",59,2,AKKADIAN,u₂-ri-ṣi,u₂-ri-ṣi,[],['CANONICAL ➝ Divination ➝ Terrestrial ➝ Šumma ālu'],,
205,"1868,0523.1",59,3,AKKADIAN,ṣi-bi-it-ti,ṣi-bi-it-ti,[],['CANONICAL ➝ Divination ➝ Terrestrial ➝ Šumma ālu'],,
206,"1868,0523.1",59,4,AKKADIAN,ra-bi-ṣi,ra-bi-ṣi,[],['CANONICAL ➝ Divination ➝ Terrestrial ➝ Šumma ālu'],,
207,"1868,0523.1",59,5,AKKADIAN,ina,ina,[],['CANONICAL ➝ Divination ➝ Terrestrial ➝ Šumma ālu'],,
208,"1868,0523.1",59,6,AKKADIAN,UGU,UGU,[],['CANONICAL ➝ Divination ➝ Terrestrial ➝ Šumma ālu'],,
209,"1868,0523.1",59,7,AKKADIAN,LU₂,LU₂,[],['CANONICAL ➝ Divination ➝ Terrestrial ➝ Šumma ālu'],,
210,"1868,0523.1",62,0,AKKADIAN,DIŠ,DIŠ,[],['CANONICAL ➝ Divination ➝ Terrestrial ➝ Šumma ālu'],,
211,"1868,0523.1",62,1,AKKADIAN,,,[],['CANONICAL ➝ Divination ➝ Terrestrial ➝ Šumma ālu'],,
212,"1868,0523.1",62,2,AKKADIAN,KI.MAH,KI.MAH,[],['CANONICAL ➝ Divination ➝ Terrestrial ➝ Šumma ālu'],,
213,"1868,0523.1",62,4,AKKADIAN,ina,ina,[],['CANONICAL ➝ Divination ➝ Terrestrial ➝ Šumma ālu'],,
214,"1868,0523.1",62,5,AKKADIAN,lib₃-bi-šu₂,lib₃-bi-šu₂,[],['CANONICAL ➝ Divination ➝ Terrestrial ➝ Šumma ālu'],,
215,"1868,0523.1",62,6,AKKADIAN,u₄-mi-šam,u₄-mi-šam,[],['CANONICAL ➝ Divination ➝ Terrestrial ➝ Šumma ālu'],,
216,"1868,0523.1",64,0,AKKADIAN,DUB.15.KAM₂,DUB.15.KAM₂,[],['CANONICAL ➝ Divination ➝ Terrestrial ➝ Šumma ālu'],,
217,"1868,0523.1",64,1,AKKADIAN,DIŠ,DIŠ,[],['CANONICAL ➝ Divination ➝ Terrestrial ➝ Šumma ālu'],,
218,"1868,0523.1",64,2,AKKADIAN,URU,URU,[],['CANONICAL ➝ Divination ➝ Terrestrial ➝ Šumma ālu'],,
219,"1868,0523.1",64,3,AKKADIAN,ina,ina,[],['CANONICAL ➝ Divination ➝ Terrestrial ➝ Šumma ālu'],,
220,"1868,0523.1",64,4,AKKADIAN,me-le-e,me-le-e,[],['CANONICAL ➝ Divination ➝ Terrestrial ➝ Šumma ālu'],,
221,"1868,0523.1",64,5,AKKADIAN,GAR,GAR,[],['CANONICAL ➝ Divination ➝ Terrestrial ➝ Šumma ālu'],,
222,"1868,0523.1",64,6,AKKADIAN,15.AM₃,15.AM₃,[],['CANONICAL ➝ Divination ➝ Terrestrial ➝ Šumma ālu'],,
223,"1868,0523.1",64,7,AKKADIAN,MU.BI.IM,MU.BI.IM,[],['CANONICAL ➝ Divination ➝ Terrestrial ➝ Šumma ālu'],,
224,"1868,0523.1",65,0,AKKADIAN,{m}AN.ŠAR₂-DU₃-A,{m}AN.ŠAR₂-DU₃-A,[],['CANONICAL ➝ Divination ➝ Terrestrial ➝ Šumma ālu'],,
225,"1868,0523.1",65,1,AKKADIAN,LUGAL,LUGAL,[],['CANONICAL ➝ Divination ➝ Terrestrial ➝ Šumma ālu'],,
226,"1868,0523.1",65,2,AKKADIAN,GAL,GAL,[],['CANONICAL ➝ Divination ➝ Terrestrial ➝ Šumma ālu'],,
227,"1868,0523.1",65,3,AKKADIAN,LUGAL,LUGAL,[],['CANONICAL ➝ Divination ➝ Terrestrial ➝ Šumma ālu'],,
228,"1868,0523.1",65,4,AKKADIAN,dan-nu,dan-nu,[],['CANONICAL ➝ Divination ➝ Terrestrial ➝ Šumma ālu'],,
229,"1868,0523.1",65,5,AKKADIAN,LUGAL,LUGAL,[],['CANONICAL ➝ Divination ➝ Terrestrial ➝ Šumma ālu'],,
230,"1868,0523.1",65,6,AKKADIAN,ŠU₂,ŠU₂,[],['CANONICAL ➝ Divination ➝ Terrestrial ➝ Šumma ālu'],,
231,"1868,0523.1",65,7,AKKADIAN,KUR,KUR,[],['CANONICAL ➝ Divination ➝ Terrestrial ➝ Šumma ālu'],,
232,"1868,0523.1",65,8,AKKADIAN,AN.ŠAR₂.KI,AN.ŠAR₂.KI,[],['CANONICAL ➝ Divination ➝ Terrestrial ➝ Šumma ālu'],,
233,"1868,0523.1",66,0,AKKADIAN,DUMU,DUMU,[],['CANONICAL ➝ Divination ➝ Terrestrial ➝ Šumma ālu'],,
234,"1868,0523.1",66,1,AKKADIAN,{m}AN.ŠAR₂-KUR₂-AŠ,{m}AN.ŠAR₂-KUR₂-AŠ,[],['CANONICAL ➝ Divination ➝ Terrestrial ➝ Šumma ālu'],,
235,"1868,0523.1",66,2,AKKADIAN,LUGAL,LUGAL,[],['CANONICAL ➝ Divination ➝ Terrestrial ➝ Šumma ālu'],,
236,"1868,0523.1",66,3,AKKADIAN,KUR,KUR,[],['CANONICAL ➝ Divination ➝ Terrestrial ➝ Šumma ālu'],,
237,"1868,0523.1",66,4,AKKADIAN,AN.ŠAR₂,AN.ŠAR₂,[],['CANONICAL ➝ Divination ➝ Terrestrial ➝ Šumma ālu'],,
238,"1868,0523.1",66,5,AKKADIAN,DUMU,DUMU,[],['CANONICAL ➝ Divination ➝ Terrestrial ➝ Šumma ālu'],,
239,"1868,0523.1",66,6,AKKADIAN,{m}{d}30-KUR₂.MEŠ-SU,{m}{d}30-KUR₂.MEŠ-SU,[],['CANONICAL ➝ Divination ➝ Terrestrial ➝ Šumma ālu'],,
240,"1868,0523.1",66,7,AKKADIAN,LUGAL,LUGAL,[],['CANONICAL ➝ Divination ➝ Terrestrial ➝ Šumma ālu'],,
241,"1868,0523.1",66,8,AKKADIAN,KUR,KUR,[],['CANONICAL ➝ Divination ➝ Terrestrial ➝ Šumma ālu'],,
242,"1868,0523.1",66,9,AKKADIAN,AN.ŠAR₂{ki},AN.ŠAR₂{ki},[],['CANONICAL ➝ Divination ➝ Terrestrial ➝ Šumma ālu'],,
243,"1868,0523.1",67,0,AKKADIAN,ki-i,ki-i,[],['CANONICAL ➝ Divination ➝ Terrestrial ➝ Šumma ālu'],,
244,"1868,0523.1",67,1,AKKADIAN,pi-i,pi-i,[],['CANONICAL ➝ Divination ➝ Terrestrial ➝ Šumma ālu'],,
245,"1868,0523.1",67,2,AKKADIAN,DUB.MEŠ,DUB.MEŠ,[],['CANONICAL ➝ Divination ➝ Terrestrial ➝ Šumma ālu'],,
246,"1868,0523.1",67,3,AKKADIAN,{giš}LI.U₅.UM.MEŠ,{giš}LI.U₅.UM.MEŠ,[],['CANONICAL ➝ Divination ➝ Terrestrial ➝ Šumma ālu'],,
247,"1868,0523.1",67,4,AKKADIAN,GABA.RI,GABA.RI,[],['CANONICAL ➝ Divination ➝ Terrestrial ➝ Šumma ālu'],,
248,"1868,0523.1",67,5,AKKADIAN,KUR,KUR,[],['CANONICAL ➝ Divination ➝ Terrestrial ➝ Šumma ālu'],,
249,"1868,0523.1",67,6,AKKADIAN,AN.ŠAR₂{ki},AN.ŠAR₂{ki},[],['CANONICAL ➝ Divination ➝ Terrestrial ➝ Šumma ālu'],,
250,"1868,0523.1",67,7,AKKADIAN,KUR,KUR,[],['CANONICAL ➝ Divination ➝ Terrestrial ➝ Šumma ālu'],,
251,"1868,0523.1",67,8,AKKADIAN,EME.GI₇,EME.GI₇,[],['CANONICAL ➝ Divination ➝ Terrestrial ➝ Šumma ālu'],,
252,"1868,0523.1",67,9,AKKADIAN,u,u,[],['CANONICAL ➝ Divination ➝ Terrestrial ➝ Šumma ālu'],,
253,"1868,0523.1",68,0,AKKADIAN,ṭup-pu,ṭup-pu,[],['CANONICAL ➝ Divination ➝ Terrestrial ➝ Šumma ālu'],,
254,"1868,0523.1",68,1,AKKADIAN,šu-a-tu,šu-a-tu,[],['CANONICAL ➝ Divination ➝ Terrestrial ➝ Šumma ālu'],,
255,"1868,0523.1",68,2,AKKADIAN,ina,ina,[],['CANONICAL ➝ Divination ➝ Terrestrial ➝ Šumma ālu'],,
256,"1868,0523.1",68,3,AKKADIAN,tap-hur-ti,tap-hur-ti,[],['CANONICAL ➝ Divination ➝ Terrestrial ➝ Šumma ālu'],,
257,"1868,0523.1",68,4,AKKADIAN,um-ma-a-ni,um-ma-a-ni,[],['CANONICAL ➝ Divination ➝ Terrestrial ➝ Šumma ālu'],,
258,"1868,0523.1",68,5,AKKADIAN,aš-ṭur,aš-ṭur,[],['CANONICAL ➝ Divination ➝ Terrestrial ➝ Šumma ālu'],,
259,"1868,0523.1",68,6,AKKADIAN,as-niq,as-niq,[],['CANONICAL ➝ Divination ➝ Terrestrial ➝ Šumma ālu'],,
260,"1868,0523.1",69,0,AKKADIAN,ana,ana,[],['CANONICAL ➝ Divination ➝ Terrestrial ➝ Šumma ālu'],,
261,"1868,0523.1",69,1,AKKADIAN,ta-mar-ti,ta-mar-ti,[],['CANONICAL ➝ Divination ➝ Terrestrial ➝ Šumma ālu'],,
262,"1868,0523.1",69,2,AKKADIAN,LUGAL-ti-ia,LUGAL-ti-ia,[],['CANONICAL ➝ Divination ➝ Terrestrial ➝ Šumma ālu'],,
263,"1868,0523.1",69,3,AKKADIAN,qi₂-rib,qi₂-rib,[],['CANONICAL ➝ Divination ➝ Terrestrial ➝ Šumma ālu'],,
264,"1868,0523.1",70,0,AKKADIAN,ša,ša,[],['CANONICAL ➝ Divination ➝ Terrestrial ➝ Šumma ālu'],,
265,"1868,0523.1",70,1,AKKADIAN,šu-mi₃,šu-mi₃,[],['CANONICAL ➝ Divination ➝ Terrestrial ➝ Šumma ālu'],,
266,"1868,0523.1",70,2,AKKADIAN,šaṭ-ru,šaṭ-ru,[],['CANONICAL ➝ Divination ➝ Terrestrial ➝ Šumma ālu'],,
267,"1868,0523.1",70,3,AKKADIAN,i-pa-aš₂-ši-ṭu,i-pa-aš₂-ši-ṭu,[],['CANONICAL ➝ Divination ➝ Terrestrial ➝ Šumma ālu'],,
268,"1868,0523.1",70,4,AKKADIAN,MU-šu₂,MU-šu₂,[],['CANONICAL ➝ Divination ➝ Terrestrial ➝ Šumma ālu'],,
269,"1868,0523.1",71,1,AKKADIAN,DUB.SAR,DUB.SAR,[],['CANONICAL ➝ Divination ➝ Terrestrial ➝ Šumma ālu'],,
270,"1868,0523.1",71,3,AKKADIAN,MU-šu₂,MU-šu₂,[],['CANONICAL ➝ Divination ➝ Terrestrial ➝ Šumma ālu'],,
