,fragment_id,fragment_line_num,index_in_line,word_language,value,clean_value,lemma,domain,place_discovery,place_composition
0,"1879,0708.209",1,0,AKKADIAN,TA@v,TA@v,['ištu I'],['CANONICAL'],,
1,"1879,0708.209",1,1,AKKADIAN,AN-e,AN-e,['šamû I'],['CANONICAL'],,
2,"1879,0708.209",2,0,AKKADIAN,E₂,E₂,['bītu I'],['CANONICAL'],,
3,"1879,0708.209",3,0,AKKADIAN,kit-tu,kit-tu,['kittu I'],['CANONICAL'],,
4,"1879,0708.209",4,0,AKKADIAN,ša,ša,['ša I'],['CANONICAL'],,
5,"1879,0708.209",4,1,AKKADIAN,a-me-lu-ti,a-me-lu-ti,['awīlūtu I'],['CANONICAL'],,
6,"1879,0708.209",5,0,AKKADIAN,NUNDUN-ka,NUNDUN-ka,['šaptu I'],['CANONICAL'],,
7,"1879,0708.209",5,1,AKKADIAN,a-na,a-na,['ana I'],['CANONICAL'],,
8,"1879,0708.209",5,2,AKKADIAN,kit-ti,kit-ti,[],['CANONICAL'],,
9,"1879,0708.209",6,0,AKKADIAN,a-na,a-na,['ana I'],['CANONICAL'],,
10,"1879,0708.209",6,1,AKKADIAN,bu-un-ni-ka,bu-un-ni-ka,['būnu II'],['CANONICAL'],,
11,"1879,0708.209",8,2,AKKADIAN,ina,ina,['ina I'],['CANONICAL'],,
12,"1879,0708.209",8,3,AKKADIAN,KISAL,KISAL,['šiqlu I'],['CANONICAL'],,
13,"1879,0708.209",8,4,AKKADIAN,pi-it,pi-it,[],['CANONICAL'],,
