,fragment_id,fragment_line_num,index_in_line,word_language,value,clean_value,lemma,domain,place_discovery,place_composition
0,"1879,0708.289",0,3,SUMERIAN,er₂,er₂,[],['CANONICAL ➝ Magic ➝ Exorcistic'],,
1,"1879,0708.289",0,4,SUMERIAN,mu-un-šeš₂-šeš₂,mu-un-šeš₂-šeš₂,[],['CANONICAL ➝ Magic ➝ Exorcistic'],,
2,"1879,0708.289",1,1,AKKADIAN,gal-lu-u₂,gal-lu-u₂,[],['CANONICAL ➝ Magic ➝ Exorcistic'],,
3,"1879,0708.289",1,2,AKKADIAN,i-bak-ki,i-bak-ki,[],['CANONICAL ➝ Magic ➝ Exorcistic'],,
4,"1879,0708.289",3,1,SUMERIAN,ki,ki,[],['CANONICAL ➝ Magic ➝ Exorcistic'],,
5,"1879,0708.289",3,2,SUMERIAN,mun,mun,[],['CANONICAL ➝ Magic ➝ Exorcistic'],,
6,"1879,0708.289",3,3,SUMERIAN,hul-gig-ga,hul-gig-ga,[],['CANONICAL ➝ Magic ➝ Exorcistic'],,
7,"1879,0708.289",4,1,AKKADIAN,a-šar,a-šar,[],['CANONICAL ➝ Magic ➝ Exorcistic'],,
8,"1879,0708.289",4,2,AKKADIAN,ṭa-ab-ti,ṭa-ab-ti,[],['CANONICAL ➝ Magic ➝ Exorcistic'],,
9,"1879,0708.289",6,1,SUMERIAN,gal₅-la₂,gal₅-la₂,[],['CANONICAL ➝ Magic ➝ Exorcistic'],,
10,"1879,0708.289",6,2,SUMERIAN,kur-ra-še₃,kur-ra-še₃,[],['CANONICAL ➝ Magic ➝ Exorcistic'],,
11,"1879,0708.289",6,3,SUMERIAN,e₁₁-ra,e₁₁-ra,[],['CANONICAL ➝ Magic ➝ Exorcistic'],,
12,"1879,0708.289",6,4,SUMERIAN,er₂,er₂,[],['CANONICAL ➝ Magic ➝ Exorcistic'],,
13,"1879,0708.289",7,1,AKKADIAN,gal-lu-u₂,gal-lu-u₂,[],['CANONICAL ➝ Magic ➝ Exorcistic'],,
14,"1879,0708.289",7,2,AKKADIAN,ša₂-da-a,ša₂-da-a,[],['CANONICAL ➝ Magic ➝ Exorcistic'],,
15,"1879,0708.289",7,3,AKKADIAN,ina,ina,[],['CANONICAL ➝ Magic ➝ Exorcistic'],,
16,"1879,0708.289",7,4,AKKADIAN,e-li-šu₂,e-li-šu₂,[],['CANONICAL ➝ Magic ➝ Exorcistic'],,
17,"1879,0708.289",9,1,SUMERIAN,gal₅-la,gal₅-la,[],['CANONICAL ➝ Magic ➝ Exorcistic'],,
18,"1879,0708.289",9,2,SUMERIAN,geštug-la₂,geštug-la₂,[],['CANONICAL ➝ Magic ➝ Exorcistic'],,
19,"1879,0708.289",9,3,SUMERIAN,er₂,er₂,[],['CANONICAL ➝ Magic ➝ Exorcistic'],,
20,"1879,0708.289",10,1,AKKADIAN,gal-lu-u₂,gal-lu-u₂,[],['CANONICAL ➝ Magic ➝ Exorcistic'],,
21,"1879,0708.289",10,2,AKKADIAN,suk-ku-ku,suk-ku-ku,[],['CANONICAL ➝ Magic ➝ Exorcistic'],,
22,"1879,0708.289",12,3,SUMERIAN,eme,eme,[],['CANONICAL ➝ Magic ➝ Exorcistic'],,
23,"1879,0708.289",12,4,SUMERIAN,hul-a-ni-še₃,hul-a-ni-še₃,[],['CANONICAL ➝ Magic ➝ Exorcistic'],,
24,"1879,0708.289",12,7,SUMERIAN,er₂,er₂,[],['CANONICAL ➝ Magic ➝ Exorcistic'],,
25,"1879,0708.289",13,6,AKKADIAN,HUL-ti₃,HUL-ti₃,[],['CANONICAL ➝ Magic ➝ Exorcistic'],,
26,"1879,0708.289",13,7,AKKADIAN,šak-nu,šak-nu,[],['CANONICAL ➝ Magic ➝ Exorcistic'],,
