,fragment_id,fragment_line_num,index_in_line,word_language,value,clean_value,lemma,domain,place_discovery,place_composition
0,"1880,0719.152",1,0,AKKADIAN,ep-šet,ep-šet,['epištu I'],['CANONICAL ➝ Literature ➝ Hymns ➝ Divine'],,
1,"1880,0719.152",1,1,AKKADIAN,im-hu-ra-an-ni,im-hu-ra-an-ni,"['mahāru I', '-am I', '-ni II']",['CANONICAL ➝ Literature ➝ Hymns ➝ Divine'],,
2,"1880,0719.152",1,4,AKKADIAN,u₂-za-kar,u₂-za-kar,['zakāru I'],['CANONICAL ➝ Literature ➝ Hymns ➝ Divine'],,
3,"1880,0719.152",2,0,AKKADIAN,a-na,a-na,[],['CANONICAL ➝ Literature ➝ Hymns ➝ Divine'],,
4,"1880,0719.152",2,1,AKKADIAN,ba-na-at,ba-na-at,[],['CANONICAL ➝ Literature ➝ Hymns ➝ Divine'],,
5,"1880,0719.152",3,0,AKKADIAN,a-na,a-na,['ana I'],['CANONICAL ➝ Literature ➝ Hymns ➝ Divine'],,
6,"1880,0719.152",3,1,AKKADIAN,a-ši-bat,a-ši-bat,[],['CANONICAL ➝ Literature ➝ Hymns ➝ Divine'],,
7,"1880,0719.152",3,2,AKKADIAN,E₂.MAŠ.MAŠ,E₂.MAŠ.MAŠ,[],['CANONICAL ➝ Literature ➝ Hymns ➝ Divine'],,
8,"1880,0719.152",3,5,AKKADIAN,u₂-ša₂-pa,u₂-ša₂-pa,[],['CANONICAL ➝ Literature ➝ Hymns ➝ Divine'],,
9,"1880,0719.152",3,6,AKKADIAN,zik-ri,zik-ri,[],['CANONICAL ➝ Literature ➝ Hymns ➝ Divine'],,
10,"1880,0719.152",4,0,AKKADIAN,a-na,a-na,['ana I'],['CANONICAL ➝ Literature ➝ Hymns ➝ Divine'],,
11,"1880,0719.152",4,1,AKKADIAN,šar-rat,šar-rat,[],['CANONICAL ➝ Literature ➝ Hymns ➝ Divine'],,
12,"1880,0719.152",4,2,AKKADIAN,DINGIR-MEŠ,DINGIR-MEŠ,[],['CANONICAL ➝ Literature ➝ Hymns ➝ Divine'],,
13,"1880,0719.152",4,3,AKKADIAN,ša₂,ša₂,[],['CANONICAL ➝ Literature ➝ Hymns ➝ Divine'],,
14,"1880,0719.152",4,7,AKKADIAN,qa-tuš-ša₂,qa-tuš-ša₂,[],['CANONICAL ➝ Literature ➝ Hymns ➝ Divine'],,
15,"1880,0719.152",5,0,AKKADIAN,a-na,a-na,['ana I'],['CANONICAL ➝ Literature ➝ Hymns ➝ Divine'],,
16,"1880,0719.152",5,1,AKKADIAN,be-let,be-let,[],['CANONICAL ➝ Literature ➝ Hymns ➝ Divine'],,
17,"1880,0719.152",5,2,AKKADIAN,{uru}NINA,{uru}NINA,[],['CANONICAL ➝ Literature ➝ Hymns ➝ Divine'],,
18,"1880,0719.152",5,5,AKKADIAN,ša₂-qu-tu₂,ša₂-qu-tu₂,[],['CANONICAL ➝ Literature ➝ Hymns ➝ Divine'],,
19,"1880,0719.152",6,0,AKKADIAN,a-na,a-na,['ana I'],['CANONICAL ➝ Literature ➝ Hymns ➝ Divine'],,
20,"1880,0719.152",6,1,AKKADIAN,DUMU.MUNUS,DUMU.MUNUS,[],['CANONICAL ➝ Literature ➝ Hymns ➝ Divine'],,
21,"1880,0719.152",6,2,AKKADIAN,{d}30,{d}30,[],['CANONICAL ➝ Literature ➝ Hymns ➝ Divine'],,
22,"1880,0719.152",6,3,AKKADIAN,ta-li-mat,ta-li-mat,[],['CANONICAL ➝ Literature ➝ Hymns ➝ Divine'],,
23,"1880,0719.152",6,6,AKKADIAN,LUGAL-ti,LUGAL-ti,[],['CANONICAL ➝ Literature ➝ Hymns ➝ Divine'],,
24,"1880,0719.152",6,7,AKKADIAN,ta-be-el,ta-be-el,[],['CANONICAL ➝ Literature ➝ Hymns ➝ Divine'],,
25,"1880,0719.152",7,0,AKKADIAN,a-na,a-na,['ana I'],['CANONICAL ➝ Literature ➝ Hymns ➝ Divine'],,
26,"1880,0719.152",7,1,AKKADIAN,pa-ri-sa-at,pa-ri-sa-at,[],['CANONICAL ➝ Literature ➝ Hymns ➝ Divine'],,
27,"1880,0719.152",7,2,AKKADIAN,EŠ.BAR,EŠ.BAR,[],['CANONICAL ➝ Literature ➝ Hymns ➝ Divine'],,
28,"1880,0719.152",7,3,AKKADIAN,DINGIR-at,DINGIR-at,[],['CANONICAL ➝ Literature ➝ Hymns ➝ Divine'],,
29,"1880,0719.152",7,4,AKKADIAN,kal,kal,[],['CANONICAL ➝ Literature ➝ Hymns ➝ Divine'],,
30,"1880,0719.152",7,5,AKKADIAN,gim-ri,gim-ri,[],['CANONICAL ➝ Literature ➝ Hymns ➝ Divine'],,
31,"1880,0719.152",8,0,AKKADIAN,a-na,a-na,['ana I'],['CANONICAL ➝ Literature ➝ Hymns ➝ Divine'],,
32,"1880,0719.152",8,1,AKKADIAN,be-let,be-let,[],['CANONICAL ➝ Literature ➝ Hymns ➝ Divine'],,
33,"1880,0719.152",8,2,AKKADIAN,AN-e,AN-e,[],['CANONICAL ➝ Literature ➝ Hymns ➝ Divine'],,
34,"1880,0719.152",8,3,AKKADIAN,u,u,[],['CANONICAL ➝ Literature ➝ Hymns ➝ Divine'],,
35,"1880,0719.152",8,4,AKKADIAN,KI-ti₃,KI-ti₃,[],['CANONICAL ➝ Literature ➝ Hymns ➝ Divine'],,
36,"1880,0719.152",8,5,AKKADIAN,ma-hi-rat,ma-hi-rat,[],['CANONICAL ➝ Literature ➝ Hymns ➝ Divine'],,
37,"1880,0719.152",8,6,AKKADIAN,taṣ-li-ti,taṣ-li-ti,[],['CANONICAL ➝ Literature ➝ Hymns ➝ Divine'],,
38,"1880,0719.152",9,0,AKKADIAN,a-na,a-na,['ana I'],['CANONICAL ➝ Literature ➝ Hymns ➝ Divine'],,
39,"1880,0719.152",9,1,AKKADIAN,še-ma-at,še-ma-at,['šemû I'],['CANONICAL ➝ Literature ➝ Hymns ➝ Divine'],,
40,"1880,0719.152",9,2,AKKADIAN,ik-ri-bi,ik-ri-bi,['ikribu I'],['CANONICAL ➝ Literature ➝ Hymns ➝ Divine'],,
41,"1880,0719.152",9,3,AKKADIAN,le-qa-at,le-qa-at,['leqû II'],['CANONICAL ➝ Literature ➝ Hymns ➝ Divine'],,
42,"1880,0719.152",9,4,AKKADIAN,un-ni-ni,un-ni-ni,['unnīnu I'],['CANONICAL ➝ Literature ➝ Hymns ➝ Divine'],,
43,"1880,0719.152",10,0,AKKADIAN,a-na,a-na,['ana I'],['CANONICAL ➝ Literature ➝ Hymns ➝ Divine'],,
44,"1880,0719.152",10,1,AKKADIAN,DINGIR-ti₃,DINGIR-ti₃,[],['CANONICAL ➝ Literature ➝ Hymns ➝ Divine'],,
45,"1880,0719.152",10,2,AKKADIAN,reme₂-ni-ti,reme₂-ni-ti,[],['CANONICAL ➝ Literature ➝ Hymns ➝ Divine'],,
46,"1880,0719.152",10,3,AKKADIAN,ša₂,ša₂,[],['CANONICAL ➝ Literature ➝ Hymns ➝ Divine'],,
47,"1880,0719.152",10,4,AKKADIAN,me-ša₂-ra,me-ša₂-ra,[],['CANONICAL ➝ Literature ➝ Hymns ➝ Divine'],,
48,"1880,0719.152",10,5,AKKADIAN,i-ra-am-mu,i-ra-am-mu,[],['CANONICAL ➝ Literature ➝ Hymns ➝ Divine'],,
49,"1880,0719.152",11,0,AKKADIAN,{d}iš-tar,{d}iš-tar,['Ištar I'],['CANONICAL ➝ Literature ➝ Hymns ➝ Divine'],,
50,"1880,0719.152",11,1,AKKADIAN,NIN,NIN,['bēltu I'],['CANONICAL ➝ Literature ➝ Hymns ➝ Divine'],,
51,"1880,0719.152",11,2,AKKADIAN,ša₂,ša₂,['ša I'],['CANONICAL ➝ Literature ➝ Hymns ➝ Divine'],,
52,"1880,0719.152",11,3,AKKADIAN,bul-lu-lu,bul-lu-lu,['balālu I'],['CANONICAL ➝ Literature ➝ Hymns ➝ Divine'],,
53,"1880,0719.152",11,4,AKKADIAN,i-si-iq-ša₂,i-si-iq-ša₂,['isqu I'],['CANONICAL ➝ Literature ➝ Hymns ➝ Divine'],,
54,"1880,0719.152",12,0,AKKADIAN,da-al-pa-a-te,da-al-pa-a-te,['dalpu I'],['CANONICAL ➝ Literature ➝ Hymns ➝ Divine'],,
55,"1880,0719.152",12,1,AKKADIAN,mal,mal,['mala I'],['CANONICAL ➝ Literature ➝ Hymns ➝ Divine'],,
56,"1880,0719.152",12,2,AKKADIAN,a-tam-ma-ru,a-tam-ma-ru,['amāru I'],['CANONICAL ➝ Literature ➝ Hymns ➝ Divine'],,
57,"1880,0719.152",12,3,AKKADIAN,mah-ra-ki,mah-ra-ki,['mahra I'],['CANONICAL ➝ Literature ➝ Hymns ➝ Divine'],,
58,"1880,0719.152",14,0,AKKADIAN,a-na,a-na,['ana I'],['CANONICAL ➝ Literature ➝ Hymns ➝ Divine'],,
59,"1880,0719.152",14,1,AKKADIAN,at-mu-u-a,at-mu-u-a,[],['CANONICAL ➝ Literature ➝ Hymns ➝ Divine'],,
60,"1880,0719.152",14,2,AKKADIAN,šu-nu-hi,šu-nu-hi,['šūnuhu I'],['CANONICAL ➝ Literature ➝ Hymns ➝ Divine'],,
61,"1880,0719.152",14,3,AKKADIAN,lib-ša₂-a,lib-ša₂-a,['bašû I'],['CANONICAL ➝ Literature ➝ Hymns ➝ Divine'],,
62,"1880,0719.152",14,4,AKKADIAN,u₂-zu-un-ki,u₂-zu-un-ki,['uznu I'],['CANONICAL ➝ Literature ➝ Hymns ➝ Divine'],,
63,"1880,0719.152",15,0,AKKADIAN,a-na,a-na,['ana I'],['CANONICAL ➝ Literature ➝ Hymns ➝ Divine'],,
64,"1880,0719.152",15,1,AKKADIAN,siq-ri-ia,siq-ri-ia,['zikru I'],['CANONICAL ➝ Literature ➝ Hymns ➝ Divine'],,
65,"1880,0719.152",15,2,AKKADIAN,šum₂-ru-ṣi,šum₂-ru-ṣi,['šumruṣu I'],['CANONICAL ➝ Literature ➝ Hymns ➝ Divine'],,
66,"1880,0719.152",15,3,AKKADIAN,ka-bat-ta-ki,ka-bat-ta-ki,['kabattu I'],['CANONICAL ➝ Literature ➝ Hymns ➝ Divine'],,
67,"1880,0719.152",15,4,AKKADIAN,lip-pa-šer,lip-pa-šer,['pašāru I'],['CANONICAL ➝ Literature ➝ Hymns ➝ Divine'],,
68,"1880,0719.152",16,0,AKKADIAN,am-ri-in-ni,am-ri-in-ni,['amāru I'],['CANONICAL ➝ Literature ➝ Hymns ➝ Divine'],,
69,"1880,0719.152",16,1,AKKADIAN,NIN,NIN,['bēltu I'],['CANONICAL ➝ Literature ➝ Hymns ➝ Divine'],,
70,"1880,0719.152",16,2,AKKADIAN,ki-i,ki-i,['kī I'],['CANONICAL ➝ Literature ➝ Hymns ➝ Divine'],,
71,"1880,0719.152",16,3,AKKADIAN,su-uh-hu-ra-ku,su-uh-hu-ra-ku,['sahāru I'],['CANONICAL ➝ Literature ➝ Hymns ➝ Divine'],,
72,"1880,0719.152",16,4,AKKADIAN,lib₃-ba-ki,lib₃-ba-ki,['libbu I'],['CANONICAL ➝ Literature ➝ Hymns ➝ Divine'],,
73,"1880,0719.152",16,5,AKKADIAN,lim-ra-aṣ,lim-ra-aṣ,['marāṣu I'],['CANONICAL ➝ Literature ➝ Hymns ➝ Divine'],,
74,"1880,0719.152",18,0,AKKADIAN,{m}aš-šur-PAP-ir-A,{m}aš-šur-PAP-ir-A,[],['CANONICAL ➝ Literature ➝ Hymns ➝ Divine'],,
75,"1880,0719.152",18,1,AKKADIAN,ana-ku,ana-ku,['anāku I'],['CANONICAL ➝ Literature ➝ Hymns ➝ Divine'],,
76,"1880,0719.152",18,2,AKKADIAN,šum₂-ru-ṣu,šum₂-ru-ṣu,['šumruṣu I'],['CANONICAL ➝ Literature ➝ Hymns ➝ Divine'],,
77,"1880,0719.152",18,3,AKKADIAN,ARAD-ki,ARAD-ki,[],['CANONICAL ➝ Literature ➝ Hymns ➝ Divine'],,
78,"1880,0719.152",19,0,AKKADIAN,šah-tu,šah-tu,['šahtu I'],['CANONICAL ➝ Literature ➝ Hymns ➝ Divine'],,
79,"1880,0719.152",19,1,AKKADIAN,pa-lih,pa-lih,['palāhu I'],['CANONICAL ➝ Literature ➝ Hymns ➝ Divine'],,
80,"1880,0719.152",19,2,AKKADIAN,DINGIR-ti-ki,DINGIR-ti-ki,[],['CANONICAL ➝ Literature ➝ Hymns ➝ Divine'],,
81,"1880,0719.152",19,3,AKKADIAN,pit-qu-du,pit-qu-du,['pitqudu I'],['CANONICAL ➝ Literature ➝ Hymns ➝ Divine'],,
82,"1880,0719.152",19,4,AKKADIAN,na-ram-ki,na-ram-ki,['narāmu I'],['CANONICAL ➝ Literature ➝ Hymns ➝ Divine'],,
83,"1880,0719.152",20,0,AKKADIAN,mu-kin₂,mu-kin₂,['kânu I'],['CANONICAL ➝ Literature ➝ Hymns ➝ Divine'],,
84,"1880,0719.152",20,1,AKKADIAN,PAD.{d}+INANA-MEŠ-ki,PAD.{d}+INANA-MEŠ-ki,['kurummatu I'],['CANONICAL ➝ Literature ➝ Hymns ➝ Divine'],,
85,"1880,0719.152",20,2,AKKADIAN,la,la,['lā I'],['CANONICAL ➝ Literature ➝ Hymns ➝ Divine'],,
86,"1880,0719.152",20,3,AKKADIAN,mu-par-ku-u,mu-par-ku-u,['naparkû II'],['CANONICAL ➝ Literature ➝ Hymns ➝ Divine'],,
87,"1880,0719.152",20,4,AKKADIAN,na-di-nu,na-di-nu,['nādinu I'],['CANONICAL ➝ Literature ➝ Hymns ➝ Divine'],,
88,"1880,0719.152",20,5,AKKADIAN,zi-bi-ki,zi-bi-ki,['zību I'],['CANONICAL ➝ Literature ➝ Hymns ➝ Divine'],,
89,"1880,0719.152",21,0,AKKADIAN,ha-ši-ih,ha-ši-ih,['hašāhu I'],['CANONICAL ➝ Literature ➝ Hymns ➝ Divine'],,
90,"1880,0719.152",21,1,AKKADIAN,i-si-na-te-ki,i-si-na-te-ki,['isinnu I'],['CANONICAL ➝ Literature ➝ Hymns ➝ Divine'],,
91,"1880,0719.152",21,2,AKKADIAN,mu-ša₂-az-ni-nu,mu-ša₂-az-ni-nu,['zanānu II'],['CANONICAL ➝ Literature ➝ Hymns ➝ Divine'],,
92,"1880,0719.152",21,3,AKKADIAN,BARA₂-ki,BARA₂-ki,['parakku I'],['CANONICAL ➝ Literature ➝ Hymns ➝ Divine'],,
93,"1880,0719.152",22,0,AKKADIAN,mu-ṭa-hi-id,mu-ṭa-hi-id,['ṭahādu I'],['CANONICAL ➝ Literature ➝ Hymns ➝ Divine'],,
94,"1880,0719.152",22,1,AKKADIAN,KAŠ.TIN.NAM,KAŠ.TIN.NAM,['kurunu I'],['CANONICAL ➝ Literature ➝ Hymns ➝ Divine'],,
95,"1880,0719.152",22,2,AKKADIAN,bi-bil,bi-bil,['biblu I'],['CANONICAL ➝ Literature ➝ Hymns ➝ Divine'],,
96,"1880,0719.152",22,3,AKKADIAN,lib₃-bi-ki,lib₃-bi-ki,['libbu I'],['CANONICAL ➝ Literature ➝ Hymns ➝ Divine'],,
97,"1880,0719.152",22,4,AKKADIAN,ša,ša,['ša I'],['CANONICAL ➝ Literature ➝ Hymns ➝ Divine'],,
98,"1880,0719.152",22,5,AKKADIAN,ta-ra-mi,ta-ra-mi,['râmu I'],['CANONICAL ➝ Literature ➝ Hymns ➝ Divine'],,
99,"1880,0719.152",23,0,AKKADIAN,DUMU,DUMU,['māru I'],['CANONICAL ➝ Literature ➝ Hymns ➝ Divine'],,
100,"1880,0719.152",23,1,AKKADIAN,{m}šam-ši-{d}IŠKUR,{m}šam-ši-{d}IŠKUR,[],['CANONICAL ➝ Literature ➝ Hymns ➝ Divine'],,
101,"1880,0719.152",23,2,AKKADIAN,MAN,MAN,['šarru I'],['CANONICAL ➝ Literature ➝ Hymns ➝ Divine'],,
102,"1880,0719.152",23,3,AKKADIAN,pa-lih,pa-lih,['palāhu I'],['CANONICAL ➝ Literature ➝ Hymns ➝ Divine'],,
103,"1880,0719.152",23,4,AKKADIAN,DINGIR-MEŠ,DINGIR-MEŠ,['ilu I'],['CANONICAL ➝ Literature ➝ Hymns ➝ Divine'],,
104,"1880,0719.152",23,5,AKKADIAN,GAL-MEŠ,GAL-MEŠ,['rabû I'],['CANONICAL ➝ Literature ➝ Hymns ➝ Divine'],,
105,"1880,0719.152",24,0,AKKADIAN,ab-ba-ni-ma,ab-ba-ni-ma,['banû IV'],['CANONICAL ➝ Literature ➝ Hymns ➝ Divine'],,
106,"1880,0719.152",24,1,AKKADIAN,ina,ina,['ina I'],['CANONICAL ➝ Literature ➝ Hymns ➝ Divine'],,
107,"1880,0719.152",24,2,AKKADIAN,qe₂-reb,qe₂-reb,['qerbu II'],['CANONICAL ➝ Literature ➝ Hymns ➝ Divine'],,
108,"1880,0719.152",24,3,AKKADIAN,KUR-i,KUR-i,[],['CANONICAL ➝ Literature ➝ Hymns ➝ Divine'],,
109,"1880,0719.152",24,4,AKKADIAN,ša₂,ša₂,['ša I'],['CANONICAL ➝ Literature ➝ Hymns ➝ Divine'],,
110,"1880,0719.152",24,5,AKKADIAN,NU,NU,['lā I'],['CANONICAL ➝ Literature ➝ Hymns ➝ Divine'],,
111,"1880,0719.152",24,6,AKKADIAN,ZU-šu₂-nu,ZU-šu₂-nu,['edû II'],['CANONICAL ➝ Literature ➝ Hymns ➝ Divine'],,
112,"1880,0719.152",24,7,AKKADIAN,mam₂-ma,mam₂-ma,[],['CANONICAL ➝ Literature ➝ Hymns ➝ Divine'],,
113,"1880,0719.152",25,0,AKKADIAN,ul,ul,['ul I'],['CANONICAL ➝ Literature ➝ Hymns ➝ Divine'],,
114,"1880,0719.152",25,1,AKKADIAN,ha-sa-ku-ma,ha-sa-ku-ma,['hasāsu I'],['CANONICAL ➝ Literature ➝ Hymns ➝ Divine'],,
115,"1880,0719.152",25,2,AKKADIAN,be-lut-ki,be-lut-ki,['bēlūtu I'],['CANONICAL ➝ Literature ➝ Hymns ➝ Divine'],,
116,"1880,0719.152",25,3,AKKADIAN,ul,ul,['ul I'],['CANONICAL ➝ Literature ➝ Hymns ➝ Divine'],,
117,"1880,0719.152",25,4,AKKADIAN,u₂-sap-pa-a,u₂-sap-pa-a,['suppû II'],['CANONICAL ➝ Literature ➝ Hymns ➝ Divine'],,
118,"1880,0719.152",25,5,AKKADIAN,ka-a-a-an,ka-a-a-an,['kayyānu I'],['CANONICAL ➝ Literature ➝ Hymns ➝ Divine'],,
119,"1880,0719.152",26,0,AKKADIAN,UN-MEŠ,UN-MEŠ,['nišu I'],['CANONICAL ➝ Literature ➝ Hymns ➝ Divine'],,
120,"1880,0719.152",26,1,AKKADIAN,KUR,KUR,['mātu I'],['CANONICAL ➝ Literature ➝ Hymns ➝ Divine'],,
121,"1880,0719.152",26,2,AKKADIAN,aš-šur{ki},aš-šur{ki},['Aššur I'],['CANONICAL ➝ Literature ➝ Hymns ➝ Divine'],,
122,"1880,0719.152",26,3,AKKADIAN,ul,ul,['ul I'],['CANONICAL ➝ Literature ➝ Hymns ➝ Divine'],,
123,"1880,0719.152",26,4,AKKADIAN,i-da-ni-ma,i-da-ni-ma,"['edû II', '-ni II']",['CANONICAL ➝ Literature ➝ Hymns ➝ Divine'],,
124,"1880,0719.152",26,5,AKKADIAN,ul,ul,['ul I'],['CANONICAL ➝ Literature ➝ Hymns ➝ Divine'],,
125,"1880,0719.152",26,6,AKKADIAN,im-da-ha-ra,im-da-ha-ra,['mahāru I'],['CANONICAL ➝ Literature ➝ Hymns ➝ Divine'],,
126,"1880,0719.152",26,7,AKKADIAN,DINGIR-ut-ki,DINGIR-ut-ki,[],['CANONICAL ➝ Literature ➝ Hymns ➝ Divine'],,
127,"1880,0719.152",27,0,AKKADIAN,at-ti-ma,at-ti-ma,['attī I'],['CANONICAL ➝ Literature ➝ Hymns ➝ Divine'],,
128,"1880,0719.152",27,1,AKKADIAN,{d}iš-tar,{d}iš-tar,['Ištar I'],['CANONICAL ➝ Literature ➝ Hymns ➝ Divine'],,
129,"1880,0719.152",27,2,AKKADIAN,u₂-šum₂-gal-lat,u₂-šum₂-gal-lat,['ušumgallu I'],['CANONICAL ➝ Literature ➝ Hymns ➝ Divine'],,
130,"1880,0719.152",27,3,AKKADIAN,DINGIR-MEŠ,DINGIR-MEŠ,['ilu I'],['CANONICAL ➝ Literature ➝ Hymns ➝ Divine'],,
131,"1880,0719.152",27,4,AKKADIAN,ra-šub-ti,ra-šub-ti,['rašubbu I'],['CANONICAL ➝ Literature ➝ Hymns ➝ Divine'],,
132,"1880,0719.152",28,0,AKKADIAN,i-na,i-na,['ina I'],['CANONICAL ➝ Literature ➝ Hymns ➝ Divine'],,
133,"1880,0719.152",28,1,AKKADIAN,ni-iš,ni-iš,['nīšu I'],['CANONICAL ➝ Literature ➝ Hymns ➝ Divine'],,
134,"1880,0719.152",28,2,AKKADIAN,IGI-MIN-ki,IGI-MIN-ki,['īnu I'],['CANONICAL ➝ Literature ➝ Hymns ➝ Divine'],,
135,"1880,0719.152",28,3,AKKADIAN,tu-di-ni-ma,tu-di-ni-ma,"['wadû I', '-ni II']",['CANONICAL ➝ Literature ➝ Hymns ➝ Divine'],,
136,"1880,0719.152",28,4,AKKADIAN,tah-šu-hi,tah-šu-hi,['hašāhu I'],['CANONICAL ➝ Literature ➝ Hymns ➝ Divine'],,
137,"1880,0719.152",28,5,AKKADIAN,EN-u₂-ti,EN-u₂-ti,[],['CANONICAL ➝ Literature ➝ Hymns ➝ Divine'],,
138,"1880,0719.152",29,0,AKKADIAN,tal-qi₂-ni-ma,tal-qi₂-ni-ma,"['leqû II', '-ni II']",['CANONICAL ➝ Literature ➝ Hymns ➝ Divine'],,
139,"1880,0719.152",29,1,AKKADIAN,ul-tu,ul-tu,['ištu I'],['CANONICAL ➝ Literature ➝ Hymns ➝ Divine'],,
140,"1880,0719.152",29,2,AKKADIAN,qe₂-reb,qe₂-reb,['qerbu II'],['CANONICAL ➝ Literature ➝ Hymns ➝ Divine'],,
141,"1880,0719.152",29,3,AKKADIAN,KUR-i,KUR-i,[],['CANONICAL ➝ Literature ➝ Hymns ➝ Divine'],,
142,"1880,0719.152",29,4,AKKADIAN,a-na,a-na,['ana I'],['CANONICAL ➝ Literature ➝ Hymns ➝ Divine'],,
143,"1880,0719.152",29,5,AKKADIAN,SIPA-tu₂,SIPA-tu₂,[],['CANONICAL ➝ Literature ➝ Hymns ➝ Divine'],,
144,"1880,0719.152",29,6,AKKADIAN,ina,ina,['ina I'],['CANONICAL ➝ Literature ➝ Hymns ➝ Divine'],,
145,"1880,0719.152",29,7,AKKADIAN,UN-MEŠ,UN-MEŠ,['nišu I'],['CANONICAL ➝ Literature ➝ Hymns ➝ Divine'],,
146,"1880,0719.152",29,8,AKKADIAN,tab-bi-in-ni,tab-bi-in-ni,"['nabû II', '-am I', '-ni II']",['CANONICAL ➝ Literature ➝ Hymns ➝ Divine'],,
147,"1880,0719.152",30,0,AKKADIAN,tu-ki-in-ni,tu-ki-in-ni,['kânu I'],['CANONICAL ➝ Literature ➝ Hymns ➝ Divine'],,
148,"1880,0719.152",30,1,AKKADIAN,GIŠ.PA,GIŠ.PA,['haṭṭu II'],['CANONICAL ➝ Literature ➝ Hymns ➝ Divine'],,
149,"1880,0719.152",30,2,AKKADIAN,eš-re-e-ti,eš-re-e-ti,['išaru I'],['CANONICAL ➝ Literature ➝ Hymns ➝ Divine'],,
150,"1880,0719.152",30,3,AKKADIAN,a-na,a-na,['ana I'],['CANONICAL ➝ Literature ➝ Hymns ➝ Divine'],,
151,"1880,0719.152",30,4,AKKADIAN,li-tab-bur,li-tab-bur,['labāru I'],['CANONICAL ➝ Literature ➝ Hymns ➝ Divine'],,
152,"1880,0719.152",30,5,AKKADIAN,da-ad₂-mi,da-ad₂-mi,['dadmū I'],['CANONICAL ➝ Literature ➝ Hymns ➝ Divine'],,
153,"1880,0719.152",31,0,AKKADIAN,at-ti-ma,at-ti-ma,['attī I'],['CANONICAL ➝ Literature ➝ Hymns ➝ Divine'],,
154,"1880,0719.152",31,1,AKKADIAN,{d}iš-tar,{d}iš-tar,['Ištar I'],['CANONICAL ➝ Literature ➝ Hymns ➝ Divine'],,
155,"1880,0719.152",31,2,AKKADIAN,tu-ša₂-aš₂-ri-hi,tu-ša₂-aš₂-ri-hi,['šarāhu I'],['CANONICAL ➝ Literature ➝ Hymns ➝ Divine'],,
156,"1880,0719.152",31,3,AKKADIAN,zik-ri,zik-ri,['zikru I'],['CANONICAL ➝ Literature ➝ Hymns ➝ Divine'],,
157,"1880,0719.152",32,0,AKKADIAN,ta-qi₂-ši-ma,ta-qi₂-ši-ma,['qiāšu I'],['CANONICAL ➝ Literature ➝ Hymns ➝ Divine'],,
158,"1880,0719.152",32,1,AKKADIAN,ki-nu-te,ki-nu-te,['kīnu I'],['CANONICAL ➝ Literature ➝ Hymns ➝ Divine'],,
159,"1880,0719.152",32,2,AKKADIAN,šu-zu-ba,šu-zu-ba,['ezēbu I'],['CANONICAL ➝ Literature ➝ Hymns ➝ Divine'],,
160,"1880,0719.152",32,3,AKKADIAN,ga-ma-lu,ga-ma-lu,['gamālu I'],['CANONICAL ➝ Literature ➝ Hymns ➝ Divine'],,
161,"1880,0719.152",33,0,AKKADIAN,ina,ina,['ina I'],['CANONICAL ➝ Literature ➝ Hymns ➝ Divine'],,
162,"1880,0719.152",33,1,AKKADIAN,pi-i-ki,pi-i-ki,['pû I'],['CANONICAL ➝ Literature ➝ Hymns ➝ Divine'],,
163,"1880,0719.152",33,2,AKKADIAN,u₂-ṣa-a,u₂-ṣa-a,[],['CANONICAL ➝ Literature ➝ Hymns ➝ Divine'],,
164,"1880,0719.152",33,3,AKKADIAN,ud-du-uš,ud-du-uš,['edēšu I'],['CANONICAL ➝ Literature ➝ Hymns ➝ Divine'],,
165,"1880,0719.152",33,4,AKKADIAN,DINGIR-MEŠ,DINGIR-MEŠ,['ilu I'],['CANONICAL ➝ Literature ➝ Hymns ➝ Divine'],,
166,"1880,0719.152",33,5,AKKADIAN,na-ak-mu-ti,na-ak-mu-ti,['nakmu I'],['CANONICAL ➝ Literature ➝ Hymns ➝ Divine'],,
167,"1880,0719.152",34,0,AKKADIAN,E₂.KUR-MEŠ,E₂.KUR-MEŠ,['ēkurru I'],['CANONICAL ➝ Literature ➝ Hymns ➝ Divine'],,
168,"1880,0719.152",34,1,AKKADIAN,šu-uh-ha-a-te,šu-uh-ha-a-te,['šuhhû I'],['CANONICAL ➝ Literature ➝ Hymns ➝ Divine'],,
169,"1880,0719.152",34,2,AKKADIAN,u₂-di-ša₂,u₂-di-ša₂,['edēšu I'],['CANONICAL ➝ Literature ➝ Hymns ➝ Divine'],,
170,"1880,0719.152",34,3,AKKADIAN,a-na-ku,a-na-ku,['anāku I'],['CANONICAL ➝ Literature ➝ Hymns ➝ Divine'],,
171,"1880,0719.152",35,0,AKKADIAN,DINGIR-MEŠ,DINGIR-MEŠ,['ilu I'],['CANONICAL ➝ Literature ➝ Hymns ➝ Divine'],,
172,"1880,0719.152",35,1,AKKADIAN,šul-pu-tu-ti,šul-pu-tu-ti,['šulputu I'],['CANONICAL ➝ Literature ➝ Hymns ➝ Divine'],,
173,"1880,0719.152",35,2,AKKADIAN,ab-ni,ab-ni,['abnu I'],['CANONICAL ➝ Literature ➝ Hymns ➝ Divine'],,
174,"1880,0719.152",35,3,AKKADIAN,a-šar-šu₂-nu,a-šar-šu₂-nu,['ašru III'],['CANONICAL ➝ Literature ➝ Hymns ➝ Divine'],,
175,"1880,0719.152",35,4,AKKADIAN,ut-ter,ut-ter,['târu I'],['CANONICAL ➝ Literature ➝ Hymns ➝ Divine'],,
176,"1880,0719.152",36,0,AKKADIAN,iš-qu,iš-qu,['isqu I'],['CANONICAL ➝ Literature ➝ Hymns ➝ Divine'],,
177,"1880,0719.152",36,1,AKKADIAN,u,u,['u I'],['CANONICAL ➝ Literature ➝ Hymns ➝ Divine'],,
178,"1880,0719.152",36,2,AKKADIAN,PAD.{d}+INANA-MEŠ,PAD.{d}+INANA-MEŠ,[],['CANONICAL ➝ Literature ➝ Hymns ➝ Divine'],,
179,"1880,0719.152",36,3,AKKADIAN,u₂-kin-šu₂-nu,u₂-kin-šu₂-nu,['kânu I'],['CANONICAL ➝ Literature ➝ Hymns ➝ Divine'],,
180,"1880,0719.152",36,4,AKKADIAN,a-na,a-na,['ana I'],['CANONICAL ➝ Literature ➝ Hymns ➝ Divine'],,
181,"1880,0719.152",36,5,AKKADIAN,ṣa-a-ti,ṣa-a-ti,[],['CANONICAL ➝ Literature ➝ Hymns ➝ Divine'],,
182,"1880,0719.152",37,0,AKKADIAN,u₂-še-piš-ma,u₂-še-piš-ma,['epēšu II'],['CANONICAL ➝ Literature ➝ Hymns ➝ Divine'],,
183,"1880,0719.152",37,1,AKKADIAN,GIŠ.NU₂,GIŠ.NU₂,['eršu IV'],['CANONICAL ➝ Literature ➝ Hymns ➝ Divine'],,
184,"1880,0719.152",37,2,AKKADIAN,GIŠ.KU,GIŠ.KU,['taskarinnu I'],['CANONICAL ➝ Literature ➝ Hymns ➝ Divine'],,
185,"1880,0719.152",37,3,AKKADIAN,KI.NU₂,KI.NU₂,['mayyālu I'],['CANONICAL ➝ Literature ➝ Hymns ➝ Divine'],,
186,"1880,0719.152",37,4,AKKADIAN,tak-ne₂-e,tak-ne₂-e,['teknû I'],['CANONICAL ➝ Literature ➝ Hymns ➝ Divine'],,
187,"1880,0719.152",37,5,AKKADIAN,mu-šap-ši-ih,mu-šap-ši-ih,['mušapšihu I'],['CANONICAL ➝ Literature ➝ Hymns ➝ Divine'],,
188,"1880,0719.152",37,6,AKKADIAN,DINGIR-ti-ki,DINGIR-ti-ki,[],['CANONICAL ➝ Literature ➝ Hymns ➝ Divine'],,
189,"1880,0719.152",38,0,AKKADIAN,ša,ša,['ša I'],['CANONICAL ➝ Literature ➝ Hymns ➝ Divine'],,
190,"1880,0719.152",38,1,AKKADIAN,ina,ina,['ina I'],['CANONICAL ➝ Literature ➝ Hymns ➝ Divine'],,
191,"1880,0719.152",38,2,AKKADIAN,KU₃.GI,KU₃.GI,['hurāṣu I'],['CANONICAL ➝ Literature ➝ Hymns ➝ Divine'],,
192,"1880,0719.152",38,3,AKKADIAN,liq-ti,liq-ti,['liqtu I'],['CANONICAL ➝ Literature ➝ Hymns ➝ Divine'],,
193,"1880,0719.152",38,4,AKKADIAN,šu-su-me,šu-su-me,['šūsumu I'],['CANONICAL ➝ Literature ➝ Hymns ➝ Divine'],,
194,"1880,0719.152",38,5,AKKADIAN,e-ri-mu,e-ri-mu,['erimmu I'],['CANONICAL ➝ Literature ➝ Hymns ➝ Divine'],,
195,"1880,0719.152",38,6,AKKADIAN,qe₂-reb-ša₂,qe₂-reb-ša₂,['qerbu II'],['CANONICAL ➝ Literature ➝ Hymns ➝ Divine'],,
196,"1880,0719.152",39,0,AKKADIAN,ni-siq-ti,ni-siq-ti,['nisiqtu I'],['CANONICAL ➝ Literature ➝ Hymns ➝ Divine'],,
197,"1880,0719.152",39,1,AKKADIAN,NA₄-MEŠ,NA₄-MEŠ,[],['CANONICAL ➝ Literature ➝ Hymns ➝ Divine'],,
198,"1880,0719.152",39,2,AKKADIAN,KUR-e,KUR-e,[],['CANONICAL ➝ Literature ➝ Hymns ➝ Divine'],,
199,"1880,0719.152",39,3,AKKADIAN,šu-qu-ru-ti,šu-qu-ru-ti,['šūquru I'],['CANONICAL ➝ Literature ➝ Hymns ➝ Divine'],,
200,"1880,0719.152",39,4,AKKADIAN,u₂-za-ʾ-in-ši,u₂-za-ʾ-in-ši,"[""za'ānu I""]",['CANONICAL ➝ Literature ➝ Hymns ➝ Divine'],,
201,"1880,0719.152",39,5,AKKADIAN,ki-i,ki-i,['kī I'],['CANONICAL ➝ Literature ➝ Hymns ➝ Divine'],,
202,"1880,0719.152",39,6,AKKADIAN,AB,AB,[],['CANONICAL ➝ Literature ➝ Hymns ➝ Divine'],,
203,"1880,0719.152",39,7,AKKADIAN,ILIMMU₄+U,ILIMMU₄+U,[],['CANONICAL ➝ Literature ➝ Hymns ➝ Divine'],,
204,"1880,0719.152",40,0,AKKADIAN,u₂-lil-ši,u₂-lil-ši,['elēlu II'],['CANONICAL ➝ Literature ➝ Hymns ➝ Divine'],,
205,"1880,0719.152",40,1,AKKADIAN,a-na,a-na,['ana I'],['CANONICAL ➝ Literature ➝ Hymns ➝ Divine'],,
206,"1880,0719.152",40,2,AKKADIAN,ṣu-ub-be₂-e,ṣu-ub-be₂-e,['ṣubbû I'],['CANONICAL ➝ Literature ➝ Hymns ➝ Divine'],,
207,"1880,0719.152",40,3,AKKADIAN,u₂-mal-li-ši,u₂-mal-li-ši,['malû IV'],['CANONICAL ➝ Literature ➝ Hymns ➝ Divine'],,
208,"1880,0719.152",42,0,AKKADIAN,u₂-nam-mir-ši,u₂-nam-mir-ši,[],['CANONICAL ➝ Literature ➝ Hymns ➝ Divine'],,
209,"1880,0719.152",42,1,AKKADIAN,GIM,GIM,['kīma I'],['CANONICAL ➝ Literature ➝ Hymns ➝ Divine'],,
210,"1880,0719.152",42,2,AKKADIAN,ŠE.ER.ZI,ŠE.ER.ZI,['šarūru I'],['CANONICAL ➝ Literature ➝ Hymns ➝ Divine'],,
211,"1880,0719.152",42,3,AKKADIAN,{d}šam-ši,{d}šam-ši,['šamšu I'],['CANONICAL ➝ Literature ➝ Hymns ➝ Divine'],,
212,"1880,0719.152",42,4,AKKADIAN,a-na,a-na,['ana I'],['CANONICAL ➝ Literature ➝ Hymns ➝ Divine'],,
213,"1880,0719.152",42,6,AKKADIAN,as-mat,as-mat,['asmu I'],['CANONICAL ➝ Literature ➝ Hymns ➝ Divine'],,
214,"1880,0719.152",43,0,AKKADIAN,u₂-šar-ši-si,u₂-šar-ši-si,['rašādu I'],['CANONICAL ➝ Literature ➝ Hymns ➝ Divine'],,
215,"1880,0719.152",43,1,AKKADIAN,ina,ina,['ina I'],['CANONICAL ➝ Literature ➝ Hymns ➝ Divine'],,
216,"1880,0719.152",43,2,AKKADIAN,E₂.MAŠ.MAŠ,E₂.MAŠ.MAŠ,[],['CANONICAL ➝ Literature ➝ Hymns ➝ Divine'],,
217,"1880,0719.152",43,3,AKKADIAN,šu-bat,šu-bat,['šubtu I'],['CANONICAL ➝ Literature ➝ Hymns ➝ Divine'],,
218,"1880,0719.152",43,6,AKKADIAN,ša,ša,['ša I'],['CANONICAL ➝ Literature ➝ Hymns ➝ Divine'],,
219,"1880,0719.152",43,7,AKKADIAN,ta-ra-mi₃,ta-ra-mi₃,['râmu I'],['CANONICAL ➝ Literature ➝ Hymns ➝ Divine'],,
220,"1880,0719.152",45,1,AKKADIAN,mi-ne₂-e,mi-ne₂-e,['mīnu I'],['CANONICAL ➝ Literature ➝ Hymns ➝ Divine'],,
221,"1880,0719.152",45,2,AKKADIAN,u₂-qal-lil!-ki-ma,u₂-qal-lil-ki-ma,['qalālu I'],['CANONICAL ➝ Literature ➝ Hymns ➝ Divine'],,
222,"1880,0719.152",45,5,AKKADIAN,ILIMMU₄+U,ILIMMU₄+U,[],['CANONICAL ➝ Literature ➝ Hymns ➝ Divine'],,
223,"1880,0719.152",47,1,AKKADIAN,GIG,GIG,['murṣu I'],['CANONICAL ➝ Literature ➝ Hymns ➝ Divine'],,
224,"1880,0719.152",47,4,AKKADIAN,tak-tu-ru,tak-tu-ru,['karû II'],['CANONICAL ➝ Literature ➝ Hymns ➝ Divine'],,
225,"1880,0719.152",48,1,AKKADIAN,UZU.SA-MEŠ-MU,UZU.SA-MEŠ-MU,"[""šer'ānu I""]",['CANONICAL ➝ Literature ➝ Hymns ➝ Divine'],,
226,"1880,0719.152",48,2,AKKADIAN,u₂-ʾa-bat,u₂-ʾa-bat,[],['CANONICAL ➝ Literature ➝ Hymns ➝ Divine'],,
227,"1880,0719.152",48,3,AKKADIAN,la-a-ni,la-a-ni,['lānu I'],['CANONICAL ➝ Literature ➝ Hymns ➝ Divine'],,
228,"1880,0719.152",49,1,AKKADIAN,pi-rit-tu,pi-rit-tu,['pirittu I'],['CANONICAL ➝ Literature ➝ Hymns ➝ Divine'],,
229,"1880,0719.152",49,5,AKKADIAN,ZI-ti,ZI-ti,[],['CANONICAL ➝ Literature ➝ Hymns ➝ Divine'],,
230,"1880,0719.152",50,3,AKKADIAN,u₂-rat-ta,u₂-rat-ta,[],['CANONICAL ➝ Literature ➝ Hymns ➝ Divine'],,
231,"1880,0719.152",51,2,AKKADIAN,u₂-qat-ta,u₂-qat-ta,['qatû II'],['CANONICAL ➝ Literature ➝ Hymns ➝ Divine'],,
232,"1880,0719.152",62,2,AKKADIAN,ina,ina,['ina I'],['CANONICAL ➝ Literature ➝ Hymns ➝ Divine'],,
233,"1880,0719.152",63,1,AKKADIAN,{d}BIL.GI,{d}BIL.GI,['gīru I'],['CANONICAL ➝ Literature ➝ Hymns ➝ Divine'],,
234,"1880,0719.152",65,2,AKKADIAN,a-rad,a-rad,[],['CANONICAL ➝ Literature ➝ Hymns ➝ Divine'],,
235,"1880,0719.152",69,0,AKKADIAN,ina,ina,[],['CANONICAL ➝ Literature ➝ Hymns ➝ Divine'],,
236,"1880,0719.152",69,1,AKKADIAN,ma-har,ma-har,[],['CANONICAL ➝ Literature ➝ Hymns ➝ Divine'],,
237,"1880,0719.152",69,2,AKKADIAN,DINGIR-ti-ki,DINGIR-ti-ki,[],['CANONICAL ➝ Literature ➝ Hymns ➝ Divine'],,
238,"1880,0719.152",70,0,AKKADIAN,ki-i,ki-i,[],['CANONICAL ➝ Literature ➝ Hymns ➝ Divine'],,
239,"1880,0719.152",70,1,AKKADIAN,la,la,[],['CANONICAL ➝ Literature ➝ Hymns ➝ Divine'],,
240,"1880,0719.152",70,2,AKKADIAN,pa-lih,pa-lih,[],['CANONICAL ➝ Literature ➝ Hymns ➝ Divine'],,
241,"1880,0719.152",70,3,AKKADIAN,DINGIR-ti-ki,DINGIR-ti-ki,[],['CANONICAL ➝ Literature ➝ Hymns ➝ Divine'],,
242,"1880,0719.152",70,5,AKKADIAN,an-zu-ul-li,an-zu-ul-li,[],['CANONICAL ➝ Literature ➝ Hymns ➝ Divine'],,
243,"1880,0719.152",72,0,AKKADIAN,ki-i,ki-i,[],['CANONICAL ➝ Literature ➝ Hymns ➝ Divine'],,
244,"1880,0719.152",72,1,AKKADIAN,la,la,[],['CANONICAL ➝ Literature ➝ Hymns ➝ Divine'],,
245,"1880,0719.152",72,2,AKKADIAN,ar-ši,ar-ši,[],['CANONICAL ➝ Literature ➝ Hymns ➝ Divine'],,
246,"1880,0719.152",72,3,AKKADIAN,ar-ni,ar-ni,[],['CANONICAL ➝ Literature ➝ Hymns ➝ Divine'],,
247,"1880,0719.152",72,4,AKKADIAN,u,u,[],['CANONICAL ➝ Literature ➝ Hymns ➝ Divine'],,
248,"1880,0719.152",72,5,AKKADIAN,gil-la-ti,gil-la-ti,[],['CANONICAL ➝ Literature ➝ Hymns ➝ Divine'],,
249,"1880,0719.152",72,6,AKKADIAN,a-ša₂-da-ad,a-ša₂-da-ad,[],['CANONICAL ➝ Literature ➝ Hymns ➝ Divine'],,
250,"1880,0719.152",74,0,AKKADIAN,gi-na-a,gi-na-a,[],['CANONICAL ➝ Literature ➝ Hymns ➝ Divine'],,
251,"1880,0719.152",74,1,AKKADIAN,šu-du-ra-ku,šu-du-ra-ku,[],['CANONICAL ➝ Literature ➝ Hymns ➝ Divine'],,
252,"1880,0719.152",74,2,AKKADIAN,ina,ina,[],['CANONICAL ➝ Literature ➝ Hymns ➝ Divine'],,
253,"1880,0719.152",74,3,AKKADIAN,e-ṭu-ti,e-ṭu-ti,[],['CANONICAL ➝ Literature ➝ Hymns ➝ Divine'],,
254,"1880,0719.152",74,5,AKKADIAN,GAM,GAM,[],['CANONICAL ➝ Literature ➝ Hymns ➝ Divine'],,
255,"1880,0719.152",76,0,AKKADIAN,par-sa-ku-ma,par-sa-ku-ma,[],['CANONICAL ➝ Literature ➝ Hymns ➝ Divine'],,
256,"1880,0719.152",76,1,AKKADIAN,ni-ʾ-lu,ni-ʾ-lu,[],['CANONICAL ➝ Literature ➝ Hymns ➝ Divine'],,
257,"1880,0719.152",76,2,AKKADIAN,ul,ul,[],['CANONICAL ➝ Literature ➝ Hymns ➝ Divine'],,
258,"1880,0719.152",76,3,AKKADIAN,a-mar,a-mar,[],['CANONICAL ➝ Literature ➝ Hymns ➝ Divine'],,
259,"1880,0719.152",76,5,AKKADIAN,GAM,GAM,[],['CANONICAL ➝ Literature ➝ Hymns ➝ Divine'],,
260,"1880,0719.152",78,0,AKKADIAN,ina,ina,[],['CANONICAL ➝ Literature ➝ Hymns ➝ Divine'],,
261,"1880,0719.152",78,1,AKKADIAN,{giš}GU.ZA,{giš}GU.ZA,[],['CANONICAL ➝ Literature ➝ Hymns ➝ Divine'],,
262,"1880,0719.152",78,2,AKKADIAN,LUGAL-ti-ia,LUGAL-ti-ia,[],['CANONICAL ➝ Literature ➝ Hymns ➝ Divine'],,
263,"1880,0719.152",78,3,AKKADIAN,u₂-ze-em-ma,u₂-ze-em-ma,[],['CANONICAL ➝ Literature ➝ Hymns ➝ Divine'],,
264,"1880,0719.152",78,5,AKKADIAN,GAM,GAM,[],['CANONICAL ➝ Literature ➝ Hymns ➝ Divine'],,
265,"1880,0719.152",80,0,AKKADIAN,nap-tan,nap-tan,[],['CANONICAL ➝ Literature ➝ Hymns ➝ Divine'],,
266,"1880,0719.152",80,1,AKKADIAN,a-pa-ta-nu,a-pa-ta-nu,[],['CANONICAL ➝ Literature ➝ Hymns ➝ Divine'],,
267,"1880,0719.152",80,2,AKKADIAN,ul,ul,[],['CANONICAL ➝ Literature ➝ Hymns ➝ Divine'],,
268,"1880,0719.152",80,3,AKKADIAN,e-ṭe-ha-a,e-ṭe-ha-a,[],['CANONICAL ➝ Literature ➝ Hymns ➝ Divine'],,
269,"1880,0719.152",81,0,AKKADIAN,KAŠ.TIN.NAM,KAŠ.TIN.NAM,[],['CANONICAL ➝ Literature ➝ Hymns ➝ Divine'],,
270,"1880,0719.152",81,1,AKKADIAN,ša₂,ša₂,[],['CANONICAL ➝ Literature ➝ Hymns ➝ Divine'],,
271,"1880,0719.152",81,2,AKKADIAN,nab-la-ṭi₂,nab-la-ṭi₂,[],['CANONICAL ➝ Literature ➝ Hymns ➝ Divine'],,
272,"1880,0719.152",81,3,AKKADIAN,a-na,a-na,[],['CANONICAL ➝ Literature ➝ Hymns ➝ Divine'],,
273,"1880,0719.152",81,4,AKKADIAN,da-da-ri,da-da-ri,[],['CANONICAL ➝ Literature ➝ Hymns ➝ Divine'],,
274,"1880,0719.152",83,0,AKKADIAN,pit-nu,pit-nu,[],['CANONICAL ➝ Literature ➝ Hymns ➝ Divine'],,
275,"1880,0719.152",83,1,AKKADIAN,u,u,[],['CANONICAL ➝ Literature ➝ Hymns ➝ Divine'],,
276,"1880,0719.152",83,2,AKKADIAN,rig-ma,rig-ma,[],['CANONICAL ➝ Literature ➝ Hymns ➝ Divine'],,
277,"1880,0719.152",83,3,AKKADIAN,šum₂-su-ka-ku,šum₂-su-ka-ku,[],['CANONICAL ➝ Literature ➝ Hymns ➝ Divine'],,
278,"1880,0719.152",83,4,AKKADIAN,si-mat,si-mat,[],['CANONICAL ➝ Literature ➝ Hymns ➝ Divine'],,
279,"1880,0719.152",85,0,AKKADIAN,u₃,u₃,[],['CANONICAL ➝ Literature ➝ Hymns ➝ Divine'],,
280,"1880,0719.152",85,1,AKKADIAN,ha-da-a,ha-da-a,[],['CANONICAL ➝ Literature ➝ Hymns ➝ Divine'],,
281,"1880,0719.152",85,2,AKKADIAN,ša₂,ša₂,[],['CANONICAL ➝ Literature ➝ Hymns ➝ Divine'],,
282,"1880,0719.152",85,3,AKKADIAN,TI.LA-MEŠ,TI.LA-MEŠ,[],['CANONICAL ➝ Literature ➝ Hymns ➝ Divine'],,
283,"1880,0719.152",85,4,AKKADIAN,zu-um-ma-ku,zu-um-ma-ku,[],['CANONICAL ➝ Literature ➝ Hymns ➝ Divine'],,
284,"1880,0719.152",86,0,AKKADIAN,IGI-MIN-a-a,IGI-MIN-a-a,[],['CANONICAL ➝ Literature ➝ Hymns ➝ Divine'],,
285,"1880,0719.152",86,1,AKKADIAN,bit-ru-ma-ma,bit-ru-ma-ma,[],['CANONICAL ➝ Literature ➝ Hymns ➝ Divine'],,
286,"1880,0719.152",86,2,AKKADIAN,ul,ul,['ul I'],['CANONICAL ➝ Literature ➝ Hymns ➝ Divine'],,
287,"1880,0719.152",86,3,AKKADIAN,u₂-ṣab-ba-a,u₂-ṣab-ba-a,[],['CANONICAL ➝ Literature ➝ Hymns ➝ Divine'],,
288,"1880,0719.152",87,0,AKKADIAN,ul,ul,[],['CANONICAL ➝ Literature ➝ Hymns ➝ Divine'],,
289,"1880,0719.152",87,1,AKKADIAN,u₂-ša₂-qa-a,u₂-ša₂-qa-a,[],['CANONICAL ➝ Literature ➝ Hymns ➝ Divine'],,
290,"1880,0719.152",87,2,AKKADIAN,a-na,a-na,['ana I'],['CANONICAL ➝ Literature ➝ Hymns ➝ Divine'],,
291,"1880,0719.152",87,3,AKKADIAN,e-le-ni,e-le-ni,[],['CANONICAL ➝ Literature ➝ Hymns ➝ Divine'],,
292,"1880,0719.152",87,4,AKKADIAN,pa-an,pa-an,[],['CANONICAL ➝ Literature ➝ Hymns ➝ Divine'],,
293,"1880,0719.152",87,5,AKKADIAN,qaq-qa-ri,qaq-qa-ri,[],['CANONICAL ➝ Literature ➝ Hymns ➝ Divine'],,
294,"1880,0719.152",88,0,AKKADIAN,a-di,a-di,[],['CANONICAL ➝ Literature ➝ Hymns ➝ Divine'],,
295,"1880,0719.152",88,1,AKKADIAN,ma-ti,ma-ti,[],['CANONICAL ➝ Literature ➝ Hymns ➝ Divine'],,
296,"1880,0719.152",88,2,AKKADIAN,NIN,NIN,[],['CANONICAL ➝ Literature ➝ Hymns ➝ Divine'],,
297,"1880,0719.152",88,3,AKKADIAN,GIG,GIG,[],['CANONICAL ➝ Literature ➝ Hymns ➝ Divine'],,
298,"1880,0719.152",88,4,AKKADIAN,la,la,[],['CANONICAL ➝ Literature ➝ Hymns ➝ Divine'],,
299,"1880,0719.152",88,5,AKKADIAN,na-par-ku-u,na-par-ku-u,[],['CANONICAL ➝ Literature ➝ Hymns ➝ Divine'],,
300,"1880,0719.152",88,6,AKKADIAN,tar-ku-si,tar-ku-si,[],['CANONICAL ➝ Literature ➝ Hymns ➝ Divine'],,
301,"1880,0719.152",88,7,AKKADIAN,KI-ia,KI-ia,[],['CANONICAL ➝ Literature ➝ Hymns ➝ Divine'],,
302,"1880,0719.152",90,0,AKKADIAN,ana-ku,ana-ku,[],['CANONICAL ➝ Literature ➝ Hymns ➝ Divine'],,
303,"1880,0719.152",90,1,AKKADIAN,{m}aš-šur-PAP-ir-A,{m}aš-šur-PAP-ir-A,[],['CANONICAL ➝ Literature ➝ Hymns ➝ Divine'],,
304,"1880,0719.152",90,2,AKKADIAN,šu-ud-lu-pu,šu-ud-lu-pu,[],['CANONICAL ➝ Literature ➝ Hymns ➝ Divine'],,
305,"1880,0719.152",90,3,AKKADIAN,pa-lih₃-ki,pa-lih₃-ki,[],['CANONICAL ➝ Literature ➝ Hymns ➝ Divine'],,
306,"1880,0719.152",91,0,AKKADIAN,ṣa-bit,ṣa-bit,[],['CANONICAL ➝ Literature ➝ Hymns ➝ Divine'],,
307,"1880,0719.152",91,1,AKKADIAN,qa-ni,qa-ni,[],['CANONICAL ➝ Literature ➝ Hymns ➝ Divine'],,
308,"1880,0719.152",91,2,AKKADIAN,DINGIR-ti-ki,DINGIR-ti-ki,[],['CANONICAL ➝ Literature ➝ Hymns ➝ Divine'],,
309,"1880,0719.152",91,3,AKKADIAN,mu-sa-pu-u,mu-sa-pu-u,[],['CANONICAL ➝ Literature ➝ Hymns ➝ Divine'],,
310,"1880,0719.152",91,4,AKKADIAN,be-lut-ki,be-lut-ki,[],['CANONICAL ➝ Literature ➝ Hymns ➝ Divine'],,
311,"1880,0719.152",92,0,AKKADIAN,nap-li-si-ni-ma,nap-li-si-ni-ma,[],['CANONICAL ➝ Literature ➝ Hymns ➝ Divine'],,
312,"1880,0719.152",92,1,AKKADIAN,NIN,NIN,[],['CANONICAL ➝ Literature ➝ Hymns ➝ Divine'],,
313,"1880,0719.152",92,2,AKKADIAN,DINGIR.RA-ki,DINGIR.RA-ki,[],['CANONICAL ➝ Literature ➝ Hymns ➝ Divine'],,
314,"1880,0719.152",92,3,AKKADIAN,lu-sa-ap-pi,lu-sa-ap-pi,[],['CANONICAL ➝ Literature ➝ Hymns ➝ Divine'],,
315,"1880,0719.152",93,0,AKKADIAN,ša₂,ša₂,['ša I'],['CANONICAL ➝ Literature ➝ Hymns ➝ Divine'],,
316,"1880,0719.152",93,1,AKKADIAN,ti-zi-zi,ti-zi-zi,['ezēzu I'],['CANONICAL ➝ Literature ➝ Hymns ➝ Divine'],,
317,"1880,0719.152",93,2,AKKADIAN,reme₂-ni-ma,reme₂-ni-ma,"['rêmu I', '-ni II']",['CANONICAL ➝ Literature ➝ Hymns ➝ Divine'],,
318,"1880,0719.152",93,3,AKKADIAN,ka-bat-ta-ki,ka-bat-ta-ki,['kabattu I'],['CANONICAL ➝ Literature ➝ Hymns ➝ Divine'],,
319,"1880,0719.152",93,4,AKKADIAN,lip-pa-šir,lip-pa-šir,['pašāru I'],['CANONICAL ➝ Literature ➝ Hymns ➝ Divine'],,
320,"1880,0719.152",94,0,AKKADIAN,ga-ma-lu,ga-ma-lu,['gammalu I'],['CANONICAL ➝ Literature ➝ Hymns ➝ Divine'],,
321,"1880,0719.152",94,1,AKKADIAN,lib₃-ba-ki,lib₃-ba-ki,['libbu I'],['CANONICAL ➝ Literature ➝ Hymns ➝ Divine'],,
322,"1880,0719.152",94,2,AKKADIAN,UGU-MU,UGU-MU,['eli I'],['CANONICAL ➝ Literature ➝ Hymns ➝ Divine'],,
323,"1880,0719.152",94,3,AKKADIAN,lim-ra-aṣ,lim-ra-aṣ,['marāṣu I'],['CANONICAL ➝ Literature ➝ Hymns ➝ Divine'],,
324,"1880,0719.152",95,0,AKKADIAN,šu-ṣi-i,šu-ṣi-i,['aṣû I'],['CANONICAL ➝ Literature ➝ Hymns ➝ Divine'],,
325,"1880,0719.152",95,1,AKKADIAN,mur-ṣi,mur-ṣi,['murṣu I'],['CANONICAL ➝ Literature ➝ Hymns ➝ Divine'],,
326,"1880,0719.152",95,2,AKKADIAN,šum₂-si-ki,šum₂-si-ki,['masāku I'],['CANONICAL ➝ Literature ➝ Hymns ➝ Divine'],,
327,"1880,0719.152",95,3,AKKADIAN,hi-ṭi-ti,hi-ṭi-ti,['hiṭītu I'],['CANONICAL ➝ Literature ➝ Hymns ➝ Divine'],,
328,"1880,0719.152",96,0,AKKADIAN,ina,ina,['ina I'],['CANONICAL ➝ Literature ➝ Hymns ➝ Divine'],,
329,"1880,0719.152",96,1,AKKADIAN,pi-i-ki,pi-i-ki,['pû I'],['CANONICAL ➝ Literature ➝ Hymns ➝ Divine'],,
330,"1880,0719.152",96,2,AKKADIAN,NIN,NIN,['bēltu I'],['CANONICAL ➝ Literature ➝ Hymns ➝ Divine'],,
331,"1880,0719.152",96,3,AKKADIAN,lim-qu-ta,lim-qu-ta,['maqātu I'],['CANONICAL ➝ Literature ➝ Hymns ➝ Divine'],,
332,"1880,0719.152",96,4,AKKADIAN,pa-ša₂-hi,pa-ša₂-hi,['pašāhu I'],['CANONICAL ➝ Literature ➝ Hymns ➝ Divine'],,
333,"1880,0719.152",97,0,AKKADIAN,ENSI₂,ENSI₂,[],['CANONICAL ➝ Literature ➝ Hymns ➝ Divine'],,
334,"1880,0719.152",97,2,AKKADIAN,ša₂,ša₂,[],['CANONICAL ➝ Literature ➝ Hymns ➝ Divine'],,
335,"1880,0719.152",97,3,AKKADIAN,NU,NU,[],['CANONICAL ➝ Literature ➝ Hymns ➝ Divine'],,
336,"1880,0719.152",97,4,AKKADIAN,BAL-u,BAL-u,[],['CANONICAL ➝ Literature ➝ Hymns ➝ Divine'],,
337,"1880,0719.152",97,5,AKKADIAN,ka-a-a-an,ka-a-a-an,[],['CANONICAL ➝ Literature ➝ Hymns ➝ Divine'],,
338,"1880,0719.152",98,0,AKKADIAN,ri-ši-šu,ri-ši-šu,"['rašû I', '-šum I']",['CANONICAL ➝ Literature ➝ Hymns ➝ Divine'],,
339,"1880,0719.152",98,1,AKKADIAN,re-e-mu,re-e-mu,['rēmu I'],['CANONICAL ➝ Literature ➝ Hymns ➝ Divine'],,
340,"1880,0719.152",98,2,AKKADIAN,da-lip-ta-šu,da-lip-ta-šu,['dalpu I'],['CANONICAL ➝ Literature ➝ Hymns ➝ Divine'],,
341,"1880,0719.152",98,3,AKKADIAN,ṭu-ur-di,ṭu-ur-di,['ṭarādu I'],['CANONICAL ➝ Literature ➝ Hymns ➝ Divine'],,
342,"1880,0719.152",99,0,AKKADIAN,ṣab-ti,ṣab-ti,[],['CANONICAL ➝ Literature ➝ Hymns ➝ Divine'],,
343,"1880,0719.152",99,1,AKKADIAN,a-bu-us-su,a-bu-us-su,[],['CANONICAL ➝ Literature ➝ Hymns ➝ Divine'],,
344,"1880,0719.152",99,2,AKKADIAN,a-na,a-na,[],['CANONICAL ➝ Literature ➝ Hymns ➝ Divine'],,
345,"1880,0719.152",99,3,AKKADIAN,na-ra-mi₃-ki,na-ra-mi₃-ki,[],['CANONICAL ➝ Literature ➝ Hymns ➝ Divine'],,
346,"1880,0719.152",99,4,AKKADIAN,AD,AD,[],['CANONICAL ➝ Literature ➝ Hymns ➝ Divine'],,
347,"1880,0719.152",99,5,AKKADIAN,DINGIR-MEŠ,DINGIR-MEŠ,[],['CANONICAL ➝ Literature ➝ Hymns ➝ Divine'],,
348,"1880,0719.152",99,7,AKKADIAN,{d}aš-šur,{d}aš-šur,[],['CANONICAL ➝ Literature ➝ Hymns ➝ Divine'],,
349,"1880,0719.152",100,0,AKKADIAN,a-na,a-na,[],['CANONICAL ➝ Literature ➝ Hymns ➝ Divine'],,
350,"1880,0719.152",100,1,AKKADIAN,ah-rat,ah-rat,[],['CANONICAL ➝ Literature ➝ Hymns ➝ Divine'],,
351,"1880,0719.152",100,2,AKKADIAN,u₄-me,u₄-me,[],['CANONICAL ➝ Literature ➝ Hymns ➝ Divine'],,
352,"1880,0719.152",100,4,AKKADIAN,DINGIR-ut-ki,DINGIR-ut-ki,[],['CANONICAL ➝ Literature ➝ Hymns ➝ Divine'],,
353,"1880,0719.152",101,1,AKKADIAN,lu-šar-ba-a,lu-šar-ba-a,[],['CANONICAL ➝ Literature ➝ Hymns ➝ Divine'],,
354,"1880,0719.152",101,2,AKKADIAN,ina,ina,[],['CANONICAL ➝ Literature ➝ Hymns ➝ Divine'],,
355,"1880,0719.152",101,5,AKKADIAN,AN,AN,[],['CANONICAL ➝ Literature ➝ Hymns ➝ Divine'],,
356,"1880,0719.152",101,6,AKKADIAN,KI,KI,[],['CANONICAL ➝ Literature ➝ Hymns ➝ Divine'],,
357,"1880,0719.152",104,0,AKKADIAN,E₂.GAL,E₂.GAL,[],['CANONICAL ➝ Literature ➝ Hymns ➝ Divine'],,
358,"1880,0719.152",104,1,AKKADIAN,{m}aš-šur-DU₃-A,{m}aš-šur-DU₃-A,[],['CANONICAL ➝ Literature ➝ Hymns ➝ Divine'],,
359,"1880,0719.152",104,2,AKKADIAN,MAN,MAN,[],['CANONICAL ➝ Literature ➝ Hymns ➝ Divine'],,
360,"1880,0719.152",104,3,AKKADIAN,ŠU₂,ŠU₂,[],['CANONICAL ➝ Literature ➝ Hymns ➝ Divine'],,
361,"1880,0719.152",104,4,AKKADIAN,MAN,MAN,[],['CANONICAL ➝ Literature ➝ Hymns ➝ Divine'],,
362,"1880,0719.152",104,5,AKKADIAN,KUR,KUR,[],['CANONICAL ➝ Literature ➝ Hymns ➝ Divine'],,
363,"1880,0719.152",104,6,AKKADIAN,aš-šur{ki},aš-šur{ki},[],['CANONICAL ➝ Literature ➝ Hymns ➝ Divine'],,
364,"1880,0719.152",104,7,AKKADIAN,ša,ša,[],['CANONICAL ➝ Literature ➝ Hymns ➝ Divine'],,
365,"1880,0719.152",104,8,AKKADIAN,{d}NA₃,{d}NA₃,[],['CANONICAL ➝ Literature ➝ Hymns ➝ Divine'],,
366,"1880,0719.152",104,11,AKKADIAN,GEŠTU-MIN,GEŠTU-MIN,[],['CANONICAL ➝ Literature ➝ Hymns ➝ Divine'],,
367,"1880,0719.152",104,12,AKKADIAN,DAGAL-tu₄,DAGAL-tu₄,[],['CANONICAL ➝ Literature ➝ Hymns ➝ Divine'],,
368,"1880,0719.152",104,13,AKKADIAN,iš-ru-ku-uš,iš-ru-ku-uš,[],['CANONICAL ➝ Literature ➝ Hymns ➝ Divine'],,
369,"1880,0719.152",106,0,AKKADIAN,i-hu-uz-zu,i-hu-uz-zu,[],['CANONICAL ➝ Literature ➝ Hymns ➝ Divine'],,
370,"1880,0719.152",106,1,AKKADIAN,IGI-MIN,IGI-MIN,[],['CANONICAL ➝ Literature ➝ Hymns ➝ Divine'],,
371,"1880,0719.152",106,2,AKKADIAN,na-mir-tu₄,na-mir-tu₄,[],['CANONICAL ➝ Literature ➝ Hymns ➝ Divine'],,
372,"1880,0719.152",106,3,AKKADIAN,ni-siq,ni-siq,[],['CANONICAL ➝ Literature ➝ Hymns ➝ Divine'],,
373,"1880,0719.152",106,4,AKKADIAN,tup-šar-ru-u-ti,tup-šar-ru-u-ti,[],['CANONICAL ➝ Literature ➝ Hymns ➝ Divine'],,
374,"1880,0719.152",108,0,AKKADIAN,ša,ša,['ša I'],['CANONICAL ➝ Literature ➝ Hymns ➝ Divine'],,
375,"1880,0719.152",108,1,AKKADIAN,ina,ina,['ina I'],['CANONICAL ➝ Literature ➝ Hymns ➝ Divine'],,
376,"1880,0719.152",108,2,AKKADIAN,LUGAL-MEŠ,LUGAL-MEŠ,['šarru I'],['CANONICAL ➝ Literature ➝ Hymns ➝ Divine'],,
377,"1880,0719.152",108,3,AKKADIAN,a-lik,a-lik,['āliku I'],['CANONICAL ➝ Literature ➝ Hymns ➝ Divine'],,
378,"1880,0719.152",108,4,AKKADIAN,mah-ri-ia,mah-ri-ia,['mahru II'],['CANONICAL ➝ Literature ➝ Hymns ➝ Divine'],,
379,"1880,0719.152",108,5,AKKADIAN,mam-ma,mam-ma,['mamman I'],['CANONICAL ➝ Literature ➝ Hymns ➝ Divine'],,
380,"1880,0719.152",108,6,AKKADIAN,šip-ru,šip-ru,['šipru I'],['CANONICAL ➝ Literature ➝ Hymns ➝ Divine'],,
381,"1880,0719.152",108,7,AKKADIAN,šu-a-tu,šu-a-tu,['šuāti I'],['CANONICAL ➝ Literature ➝ Hymns ➝ Divine'],,
382,"1880,0719.152",108,8,AKKADIAN,la,la,['lā I'],['CANONICAL ➝ Literature ➝ Hymns ➝ Divine'],,
383,"1880,0719.152",108,9,AKKADIAN,i-hu-zu,i-hu-zu,['ahāzu I'],['CANONICAL ➝ Literature ➝ Hymns ➝ Divine'],,
384,"1880,0719.152",110,0,AKKADIAN,ne₂-me-qi₂,ne₂-me-qi₂,['nēmequ I'],['CANONICAL ➝ Literature ➝ Hymns ➝ Divine'],,
385,"1880,0719.152",110,1,AKKADIAN,{d}+NA₃,{d}+NA₃,['Nabu I'],['CANONICAL ➝ Literature ➝ Hymns ➝ Divine'],,
386,"1880,0719.152",110,2,AKKADIAN,ti-kip,ti-kip,['tikpu I'],['CANONICAL ➝ Literature ➝ Hymns ➝ Divine'],,
387,"1880,0719.152",110,4,AKKADIAN,ma-la,ma-la,['mala I'],['CANONICAL ➝ Literature ➝ Hymns ➝ Divine'],,
388,"1880,0719.152",110,5,AKKADIAN,ba-aš₂-mu,ba-aš₂-mu,['bašāmu II'],['CANONICAL ➝ Literature ➝ Hymns ➝ Divine'],,
389,"1880,0719.152",112,0,AKKADIAN,i-na,i-na,[],['CANONICAL ➝ Literature ➝ Hymns ➝ Divine'],,
390,"1880,0719.152",112,1,AKKADIAN,DUB-MEŠ-ni,DUB-MEŠ-ni,[],['CANONICAL ➝ Literature ➝ Hymns ➝ Divine'],,
391,"1880,0719.152",112,2,AKKADIAN,aš₂-ṭur,aš₂-ṭur,[],['CANONICAL ➝ Literature ➝ Hymns ➝ Divine'],,
392,"1880,0719.152",112,3,AKKADIAN,as-niq,as-niq,[],['CANONICAL ➝ Literature ➝ Hymns ➝ Divine'],,
393,"1880,0719.152",112,4,AKKADIAN,ab-re-e-ma,ab-re-e-ma,[],['CANONICAL ➝ Literature ➝ Hymns ➝ Divine'],,
394,"1880,0719.152",114,0,AKKADIAN,a-na,a-na,['ana I'],['CANONICAL ➝ Literature ➝ Hymns ➝ Divine'],,
395,"1880,0719.152",114,1,AKKADIAN,ta-mar-ti,ta-mar-ti,['tāmartu I'],['CANONICAL ➝ Literature ➝ Hymns ➝ Divine'],,
396,"1880,0719.152",114,2,AKKADIAN,ši-ta-as-si-ia,ši-ta-as-si-ia,['šasû I'],['CANONICAL ➝ Literature ➝ Hymns ➝ Divine'],,
397,"1880,0719.152",114,3,AKKADIAN,qe₂-reb,qe₂-reb,['qerbu II'],['CANONICAL ➝ Literature ➝ Hymns ➝ Divine'],,
398,"1880,0719.152",114,4,AKKADIAN,E₂.GAL-ia,E₂.GAL-ia,['ēkallu I'],['CANONICAL ➝ Literature ➝ Hymns ➝ Divine'],,
399,"1880,0719.152",114,5,AKKADIAN,u₂-kin,u₂-kin,['kânu I'],['CANONICAL ➝ Literature ➝ Hymns ➝ Divine'],,
