,fragment_id,fragment_line_num,index_in_line,word_language,value,clean_value,lemma,domain,place_discovery,place_composition
0,"1879,0708.139",19,0,AKKADIAN,a-ku-u₂,a-ku-u₂,['akû I'],"['CANONICAL ➝ Divination ➝ Extispicy ➝ Bārûtu (?)', 'CANONICAL ➝ Technical ➝ Commentary']",,
1,"1879,0708.139",20,0,AKKADIAN,ša₂-niš,ša₂-niš,['šanîš II'],"['CANONICAL ➝ Divination ➝ Extispicy ➝ Bārûtu (?)', 'CANONICAL ➝ Technical ➝ Commentary']",,
2,"1879,0708.139",21,0,AKKADIAN,ma-šu-u₂,ma-šu-u₂,['mašû I'],"['CANONICAL ➝ Divination ➝ Extispicy ➝ Bārûtu (?)', 'CANONICAL ➝ Technical ➝ Commentary']",,
3,"1879,0708.139",22,0,AKKADIAN,ra-ša₂-šu,ra-ša₂-šu,['rašāšu I'],"['CANONICAL ➝ Divination ➝ Extispicy ➝ Bārûtu (?)', 'CANONICAL ➝ Technical ➝ Commentary']",,
4,"1879,0708.139",24,0,AKKADIAN,la-a-tu₄,la-a-tu₄,['lītu II'],"['CANONICAL ➝ Divination ➝ Extispicy ➝ Bārûtu (?)', 'CANONICAL ➝ Technical ➝ Commentary']",,
5,"1879,0708.139",25,0,AKKADIAN,ina,ina,['ina I'],"['CANONICAL ➝ Divination ➝ Extispicy ➝ Bārûtu (?)', 'CANONICAL ➝ Technical ➝ Commentary']",,
