,fragment_id,fragment_line_num,index_in_line,word_language,value,clean_value,lemma,domain,place_discovery,place_composition
0,"1880,0719.310",1,5,AKKADIAN,bi,bi,[],['CANONICAL ➝ Lexicography'],,
1,"1880,0719.310",1,6,AKKADIAN,kur,kur,[],['CANONICAL ➝ Lexicography'],,
2,"1880,0719.310",2,3,AKKADIAN,par₂-siq-tu₄,par₂-siq-tu₄,[],['CANONICAL ➝ Lexicography'],,
3,"1880,0719.310",2,4,AKKADIAN,MIN,MIN,[],['CANONICAL ➝ Lexicography'],,
4,"1880,0719.310",3,4,AKKADIAN,MIN,MIN,[],['CANONICAL ➝ Lexicography'],,
5,"1880,0719.310",4,4,AKKADIAN,MIN,MIN,[],['CANONICAL ➝ Lexicography'],,
6,"1880,0719.310",5,4,AKKADIAN,ša₂,ša₂,[],['CANONICAL ➝ Lexicography'],,
7,"1880,0719.310",5,5,AKKADIAN,ina,ina,[],['CANONICAL ➝ Lexicography'],,
8,"1880,0719.310",6,4,AKKADIAN,MIN,MIN,[],['CANONICAL ➝ Lexicography'],,
9,"1880,0719.310",8,5,AKKADIAN,MIN,MIN,[],['CANONICAL ➝ Lexicography'],,
10,"1880,0719.310",10,8,AKKADIAN,MIN,MIN,[],['CANONICAL ➝ Lexicography'],,
11,"1880,0719.310",11,7,AKKADIAN,MIN,MIN,[],['CANONICAL ➝ Lexicography'],,
