,fragment_id,fragment_line_num,index_in_line,word_language,value,clean_value,lemma,domain,place_discovery,place_composition
0,"1879,0708.341",1,2,EMESAL,ze₂,ze₂,[],['CANONICAL ➝ Literature ➝ Lamentations ➝ Balaĝ'],,
1,"1879,0708.341",1,4,EMESAL,du₁₁-ga,du₁₁-ga,[],['CANONICAL ➝ Literature ➝ Lamentations ➝ Balaĝ'],,
2,"1879,0708.341",1,5,EMESAL,i-lu,i-lu,[],['CANONICAL ➝ Literature ➝ Lamentations ➝ Balaĝ'],,
3,"1879,0708.341",2,1,AKKADIAN,ana,ana,[],['CANONICAL ➝ Literature ➝ Lamentations ➝ Balaĝ'],,
4,"1879,0708.341",2,2,AKKADIAN,si-i-ri,si-i-ri,[],['CANONICAL ➝ Literature ➝ Lamentations ➝ Balaĝ'],,
5,"1879,0708.341",2,4,AKKADIAN,u₂-a,u₂-a,[],['CANONICAL ➝ Literature ➝ Lamentations ➝ Balaĝ'],,
6,"1879,0708.341",5,1,EMESAL,u₄,u₄,[],['CANONICAL ➝ Literature ➝ Lamentations ➝ Balaĝ'],,
7,"1879,0708.341",5,2,EMESAL,ze₂-eb-ba,ze₂-eb-ba,[],['CANONICAL ➝ Literature ➝ Lamentations ➝ Balaĝ'],,
8,"1879,0708.341",8,0,AKKADIAN,DUB.1.KAM₂,DUB.1.KAM₂,[],['CANONICAL ➝ Literature ➝ Lamentations ➝ Balaĝ'],,
9,"1879,0708.341",8,2,EMESAL,an-na,an-na,[],['CANONICAL ➝ Literature ➝ Lamentations ➝ Balaĝ'],,
10,"1879,0708.341",8,6,AKKADIAN,NU.AL.TIL,NU.AL.TIL,[],['CANONICAL ➝ Literature ➝ Lamentations ➝ Balaĝ'],,
