,fragment_id,fragment_line_num,index_in_line,word_language,value,clean_value,lemma,domain,place_discovery,place_composition
0,"1880,0719.280",2,2,AKKADIAN,SIG₄*,SIG₄,['libittu I'],['CANONICAL'],,
1,"1880,0719.280",2,3,AKKADIAN,LU₂*,LU₂,['awīlu I'],['CANONICAL'],,
2,"1880,0719.280",3,2,AKKADIAN,PU₂,PU₂,['būru I'],['CANONICAL'],,
3,"1880,0719.280",3,3,AKKADIAN,ša₂/ina,ša₂/ina,[],['CANONICAL'],,
4,"1880,0719.280",3,4,AKKADIAN,E₂,E₂,['bītu I'],['CANONICAL'],,
5,"1880,0719.280",3,5,AKKADIAN,{d}AMAR.UTU,{d}AMAR.UTU,['Marduk I'],['CANONICAL'],,
6,"1880,0719.280",3,7,AKKADIAN,DIR-ma,DIR-ma,[],['CANONICAL'],,
7,"1880,0719.280",3,8,AKKADIAN,KU₃.BABBAR,KU₃.BABBAR,['kaspu I'],['CANONICAL'],,
8,"1880,0719.280",3,9,AKKADIAN,KU₃*.GI*,KU₃.GI,[],['CANONICAL'],,
9,"1880,0719.280",4,2,AKKADIAN,UH₂.{d}ID₂,UH₂.{d}ID₂,"[""ru'tītu I""]",['CANONICAL'],,
10,"1880,0719.280",4,4,AKKADIAN,{u₂}IN.NU.UŠ,{u₂}IN.NU.UŠ,['maštakal I'],['CANONICAL'],,
11,"1880,0719.280",4,5,AKKADIAN,{giš}GIŠIMMAR,{giš}GIŠIMMAR,['gišimmaru I'],['CANONICAL'],,
12,"1880,0719.280",4,6,AKKADIAN,TUR.TUR,TUR.TUR,['ṣehēru I'],['CANONICAL'],,
13,"1880,0719.280",4,7,AKKADIAN,{gi}ŠUL.HI,{gi}ŠUL.HI,['qan šalālu I'],['CANONICAL'],,
14,"1880,0719.280",5,2,AKKADIAN,NAGA.SI,NAGA.SI,[],['CANONICAL'],,
15,"1880,0719.280",5,3,AKKADIAN,ana,ana,['ana I'],['CANONICAL'],,
16,"1880,0719.280",5,4,AKKADIAN,ŠA₃,ŠA₃,['libbu I'],['CANONICAL'],,
17,"1880,0719.280",5,5,AKKADIAN,ŠUB-ma,ŠUB-ma,[],['CANONICAL'],,
18,"1880,0719.280",5,8,AKKADIAN,UŠ₂,UŠ₂,[],['CANONICAL'],,
19,"1880,0719.280",5,9,AKKADIAN,ina,ina,['ina I'],['CANONICAL'],,
20,"1880,0719.280",5,10,AKKADIAN,A₂.GU₂.ZI.GA,A₂.GU₂.ZI.GA,['šēru II'],['CANONICAL'],,
21,"1880,0719.280",5,11,AKKADIAN,TU₅-ma,TU₅-ma,"['ramāku I', '-ma I']",['CANONICAL'],,
22,"1880,0719.280",5,12,AKKADIAN,NAM.BUR₂.BI,NAM.BUR₂.BI,['namburbû I'],['CANONICAL'],,
23,"1880,0719.280",7,1,AKKADIAN,MUŠ,MUŠ,['ṣerru I'],['CANONICAL'],,
24,"1880,0719.280",7,2,AKKADIAN,ana,ana,['ana I'],['CANONICAL'],,
25,"1880,0719.280",7,3,AKKADIAN,HABRUD.DA,HABRUD.DA,[],['CANONICAL'],,
26,"1880,0719.280",7,4,AKKADIAN,KU₄,KU₄,[],['CANONICAL'],,
27,"1880,0719.280",7,5,AKKADIAN,lu,lu,[],['CANONICAL'],,
28,"1880,0719.280",7,7,AKKADIAN,GABA.RI,GABA.RI,[],['CANONICAL'],,
29,"1880,0719.280",7,8,AKKADIAN,NU,NU,[],['CANONICAL'],,
30,"1880,0719.280",7,9,AKKADIAN,TUKU-ši,TUKU-ši,['rašû I'],['CANONICAL'],,
31,"1880,0719.280",7,10,AKKADIAN,lu,lu,[],['CANONICAL'],,
32,"1880,0719.280",7,11,AKKADIAN,MAŠ.EN.GAG,MAŠ.EN.GAG,['muškēnu I'],['CANONICAL'],,
33,"1880,0719.280",7,12,AKKADIAN,HUL-šu₂,HUL-šu₂,[],['CANONICAL'],,
34,"1880,0719.280",7,13,AKKADIAN,DU₈,DU₈,[],['CANONICAL'],,
35,"1880,0719.280",9,2,AKKADIAN,na-ši,na-ši,['našû II'],['CANONICAL'],,
36,"1880,0719.280",9,3,AKKADIAN,A.RA.ZU,A.RA.ZU,['unnīnu I'],['CANONICAL'],,
37,"1880,0719.280",9,5,AKKADIAN,qi₂-bit-su,qi₂-bit-su,[],['CANONICAL'],,
38,"1880,0719.280",9,6,AKKADIAN,ma-ag-rat,ma-ag-rat,['magru I'],['CANONICAL'],,
39,"1880,0719.280",11,1,AKKADIAN,ina,ina,['ina I'],['CANONICAL'],,
40,"1880,0719.280",11,2,AKKADIAN,U₄,U₄,[],['CANONICAL'],,
41,"1880,0719.280",11,3,AKKADIAN,ut-nin-nu,ut-nin-nu,['utnēnu I'],['CANONICAL'],,
42,"1880,0719.280",11,5,AKKADIAN,ana,ana,['ana I'],['CANONICAL'],,
43,"1880,0719.280",11,6,AKKADIAN,KI.TA,KI.TA,[],['CANONICAL'],,
44,"1880,0719.280",11,7,AKKADIAN,LU₂,LU₂,['awīlu I'],['CANONICAL'],,
45,"1880,0719.280",11,8,AKKADIAN,ih-lu-um-ma,ih-lu-um-ma,[],['CANONICAL'],,
46,"1880,0719.280",12,3,AKKADIAN,KIMIN,KIMIN,"['ašru III', 'šanû I']",['CANONICAL'],,
47,"1880,0719.280",12,4,AKKADIAN,NIG₂.ŠU-šu,NIG₂.ŠU-šu,[],['CANONICAL'],,
48,"1880,0719.280",12,5,AKKADIAN,TUM₃,TUM₃,['tabālu I'],['CANONICAL'],,
49,"1880,0719.280",12,6,AKKADIAN,KIMIN,KIMIN,"['ašru III', 'šanû I']",['CANONICAL'],,
50,"1880,0719.280",12,7,AKKADIAN,NINDA,NINDA,[],['CANONICAL'],,
51,"1880,0719.280",12,8,AKKADIAN,nap-ša₂,nap-ša₂,['napšu I'],['CANONICAL'],,
52,"1880,0719.280",14,2,AKKADIAN,iš-tin-nu,iš-tin-nu,[],['CANONICAL'],,
53,"1880,0719.280",14,3,AKKADIAN,MUŠ,MUŠ,['ṣerru I'],['CANONICAL'],,
54,"1880,0719.280",14,4,AKKADIAN,ina,ina,['ina I'],['CANONICAL'],,
55,"1880,0719.280",14,5,AKKADIAN,ŠA₃,ŠA₃,['libbu I'],['CANONICAL'],,
56,"1880,0719.280",14,7,AKKADIAN,KA-šu₂,KA-šu₂,[],['CANONICAL'],,
57,"1880,0719.280",18,1,AKKADIAN,MUŠ,MUŠ,['ṣerru I'],['CANONICAL'],,
58,"1880,0719.280",18,2,AKKADIAN,ana,ana,['ana I'],['CANONICAL'],,
59,"1880,0719.280",18,3,AKKADIAN,UGU,UGU,[],['CANONICAL'],,
60,"1880,0719.280",18,4,AKKADIAN,GIR₃,GIR₃,[],['CANONICAL'],,
61,"1880,0719.280",18,5,AKKADIAN,NA/LU₂,NA/LU₂,[],['CANONICAL'],,
62,"1880,0719.280",18,6,AKKADIAN,ŠUB-ut,ŠUB-ut,['maqātu I'],['CANONICAL'],,
63,"1880,0719.280",18,8,AKKADIAN,ARAD,ARAD,['ardu I'],['CANONICAL'],,
64,"1880,0719.280",18,9,AKKADIAN,u,u,['u I'],['CANONICAL'],,
65,"1880,0719.280",18,10,AKKADIAN,GEME₂,GEME₂,['amtu I'],['CANONICAL'],,
66,"1880,0719.280",20,1,AKKADIAN,MUŠ,MUŠ,['ṣerru I'],['CANONICAL'],,
67,"1880,0719.280",20,2,AKKADIAN,ana,ana,['ana I'],['CANONICAL'],,
68,"1880,0719.280",20,3,AKKADIAN,UGU,UGU,[],['CANONICAL'],,
69,"1880,0719.280",20,4,AKKADIAN,SIG₄,SIG₄,['libittu I'],['CANONICAL'],,
70,"1880,0719.280",20,5,AKKADIAN,GIR₃,GIR₃,[],['CANONICAL'],,
71,"1880,0719.280",20,6,AKKADIAN,NA/LU₂,NA/LU₂,[],['CANONICAL'],,
72,"1880,0719.280",20,7,AKKADIAN,ŠUB-ut,ŠUB-ut,['maqātu I'],['CANONICAL'],,
73,"1880,0719.280",22,1,AKKADIAN,MUŠ,MUŠ,['ṣerru I'],['CANONICAL'],,
74,"1880,0719.280",22,2,AKKADIAN,ana,ana,['ana I'],['CANONICAL'],,
75,"1880,0719.280",22,3,AKKADIAN,UGU,UGU,[],['CANONICAL'],,
76,"1880,0719.280",22,4,AKKADIAN,NA/LU₂,NA/LU₂,[],['CANONICAL'],,
77,"1880,0719.280",22,5,AKKADIAN,E₁₁,E₁₁,[],['CANONICAL'],,
78,"1880,0719.280",22,6,AKKADIAN,,,[],['CANONICAL'],,
79,"1880,0719.280",22,7,AKKADIAN,BI,BI,[],['CANONICAL'],,
80,"1880,0719.280",22,9,AKKADIAN,i-šag-gi-is-su,i-šag-gi-is-su,[],['CANONICAL'],,
81,"1880,0719.280",24,1,AKKADIAN,MUŠ,MUŠ,['ṣerru I'],['CANONICAL'],,
82,"1880,0719.280",24,2,AKKADIAN,ana,ana,['ana I'],['CANONICAL'],,
83,"1880,0719.280",24,3,AKKADIAN,UGU,UGU,[],['CANONICAL'],,
84,"1880,0719.280",24,4,AKKADIAN,GIR₃,GIR₃,[],['CANONICAL'],,
85,"1880,0719.280",24,5,AKKADIAN,NA/LU₂,NA/LU₂,[],['CANONICAL'],,
86,"1880,0719.280",24,6,AKKADIAN,E₁₁,E₁₁,[],['CANONICAL'],,
87,"1880,0719.280",24,7,AKKADIAN,TIL,TIL,[],['CANONICAL'],,
88,"1880,0719.280",24,9,AKKADIAN,,,[],['CANONICAL'],,
89,"1880,0719.280",24,10,AKKADIAN,BI,BI,[],['CANONICAL'],,
90,"1880,0719.280",25,2,AKKADIAN,še-am,še-am,"[""še'u I""]",['CANONICAL'],,
91,"1880,0719.280",25,3,AKKADIAN,lut-bu-uk,lut-bu-uk,[],['CANONICAL'],,
92,"1880,0719.280",25,5,AKKADIAN,KU₃.BABBAR,KU₃.BABBAR,['kaspu I'],['CANONICAL'],,
