,fragment_id,fragment_line_num,index_in_line,word_language,value,clean_value,lemma,domain,place_discovery,place_composition
0,"1881,0204.319",1,1,AKKADIAN,ina,ina,[],[],,
1,"1881,0204.319",1,2,AKKADIAN,še-rim,še-rim,['šēru II'],[],,
2,"1881,0204.319",1,3,AKKADIAN,ina,ina,[],[],,
3,"1881,0204.319",3,2,AKKADIAN,ša₂,ša₂,[],[],,
4,"1881,0204.319",3,3,AKKADIAN,DINGIR-MEŠ,DINGIR-MEŠ,['ilu I'],[],,
5,"1881,0204.319",3,4,AKKADIAN,GAL-MEŠ,GAL-MEŠ,[],[],,
6,"1881,0204.319",4,2,AKKADIAN,KI,KI,[],[],,
7,"1881,0204.319",4,3,AKKADIAN,1,1,['ištēn I'],[],,
8,"1881,0204.319",4,4,AKKADIAN,SISKUR,SISKUR,['nīqu I'],[],,
9,"1881,0204.319",4,5,AKKADIAN,1-niš,1-niš,['ištēniš I'],[],,
10,"1881,0204.319",4,6,AKKADIAN,la,la,[],[],,
11,"1881,0204.319",4,7,AKKADIAN,ṭu-uh-hu-u,ṭu-uh-hu-u,[],[],,
12,"1881,0204.319",5,2,AKKADIAN,ki-i,ki-i,['kī I'],[],,
13,"1881,0204.319",5,3,AKKADIAN,ša₂,ša₂,[],[],,
14,"1881,0204.319",5,4,AKKADIAN,mah-ru-ti-ma,mah-ru-ti-ma,['mahrû I'],[],,
15,"1881,0204.319",7,1,AKKADIAN,nis-hu,nis-hu,['nishu I'],[],,
16,"1881,0204.319",7,2,AKKADIAN,ZU₂.BURU₅.DAB.BE₂.DA,ZU₂.BURU₅.DAB.BE₂.DA,[],[],,
17,"1881,0204.319",7,3,AKKADIAN,AL.TIL,AL.TIL,['qatû II'],[],,
18,"1881,0204.319",8,1,AKKADIAN,mu-nu,mu-nu,['mūnu II'],[],,
19,"1881,0204.319",8,3,AKKADIAN,mu-bat-ti-ri,mu-bat-ti-ri,[],[],,
20,"1881,0204.319",8,4,AKKADIAN,ṣa-ṣir,ṣa-ṣir,[],[],,
21,"1881,0204.319",8,5,AKKADIAN,sa-ma-ni,sa-ma-ni,[],[],,
22,"1881,0204.319",15,1,AKKADIAN,ana,ana,[],[],,
23,"1881,0204.319",15,3,AKKADIAN,tara-kas₂,tara-kas₂,[],[],,
24,"1881,0204.319",17,1,AKKADIAN,ana,ana,[],[],,
25,"1881,0204.319",17,3,AKKADIAN,tara-kas₂,tara-kas₂,[],[],,
26,"1881,0204.319",19,1,AKKADIAN,ana,ana,[],[],,
27,"1881,0204.319",19,3,AKKADIAN,tara-kas₂,tara-kas₂,[],[],,
28,"1881,0204.319",20,1,AKKADIAN,ana,ana,[],[],,
29,"1881,0204.319",20,3,AKKADIAN,tara-kas₂,tara-kas₂,[],[],,
30,"1881,0204.319",21,1,AKKADIAN,ana,ana,[],[],,
31,"1881,0204.319",21,3,AKKADIAN,tara-kas₂,tara-kas₂,[],[],,
32,"1881,0204.319",22,1,AKKADIAN,ana,ana,[],[],,
33,"1881,0204.319",22,3,AKKADIAN,tara-kas₂,tara-kas₂,[],[],,
34,"1881,0204.319",24,2,AKKADIAN,tara-kas₂,tara-kas₂,[],[],,
