,fragment_id,fragment_line_num,index_in_line,word_language,value,clean_value,lemma,domain,place_discovery,place_composition
0,"1879,0708.53",0,1,AKKADIAN,par₂-da-a-ti,par₂-da-a-ti,['pardu I'],['CANONICAL ➝ Magic ➝ Varia ➝ Namburbi'],,
1,"1879,0708.53",0,2,AKKADIAN,HUL-MEŠ,HUL-MEŠ,['lemnu I'],['CANONICAL ➝ Magic ➝ Varia ➝ Namburbi'],,
2,"1879,0708.53",0,3,AKKADIAN,NU,NU,['lā I'],['CANONICAL ➝ Magic ➝ Varia ➝ Namburbi'],,
3,"1879,0708.53",1,0,AKKADIAN,ana-ku,ana-ku,['anāku I'],['CANONICAL ➝ Magic ➝ Varia ➝ Namburbi'],,
4,"1879,0708.53",1,1,AKKADIAN,NENNI,NENNI,['annanna I'],['CANONICAL ➝ Magic ➝ Varia ➝ Namburbi'],,
5,"1879,0708.53",1,2,AKKADIAN,DUMU,DUMU,['māru I'],['CANONICAL ➝ Magic ➝ Varia ➝ Namburbi'],,
6,"1879,0708.53",1,3,AKKADIAN,DINGIR-šu₂,DINGIR-šu₂,['ilu I'],['CANONICAL ➝ Magic ➝ Varia ➝ Namburbi'],,
7,"1879,0708.53",2,0,AKKADIAN,ina,ina,['ina I'],['CANONICAL ➝ Magic ➝ Varia ➝ Namburbi'],,
8,"1879,0708.53",2,1,AKKADIAN,HUL,HUL,['lumnu I'],['CANONICAL ➝ Magic ➝ Varia ➝ Namburbi'],,
9,"1879,0708.53",2,3,AKKADIAN,HUL-MEŠ,HUL-MEŠ,[],['CANONICAL ➝ Magic ➝ Varia ➝ Namburbi'],,
10,"1879,0708.53",3,0,AKKADIAN,ina,ina,['ina I'],['CANONICAL ➝ Magic ➝ Varia ➝ Namburbi'],,
11,"1879,0708.53",3,1,AKKADIAN,HUL,HUL,['lumnu I'],['CANONICAL ➝ Magic ➝ Varia ➝ Namburbi'],,
12,"1879,0708.53",3,2,AKKADIAN,di-hu,di-hu,"[""di'u I""]",['CANONICAL ➝ Magic ➝ Varia ➝ Namburbi'],,
13,"1879,0708.53",3,4,AKKADIAN,HUL),HUL,[],['CANONICAL ➝ Magic ➝ Varia ➝ Namburbi'],,
14,"1879,0708.53",4,0,AKKADIAN,ina,ina,['ina I'],['CANONICAL ➝ Magic ➝ Varia ➝ Namburbi'],,
15,"1879,0708.53",4,1,AKKADIAN,HUL,HUL,['lumnu I'],['CANONICAL ➝ Magic ➝ Varia ➝ Namburbi'],,
16,"1879,0708.53",4,2,AKKADIAN,A₂.ZAG₂,A₂.ZAG₂,[],['CANONICAL ➝ Magic ➝ Varia ➝ Namburbi'],,
17,"1879,0708.53",5,0,AKKADIAN,ina,ina,['ina I'],['CANONICAL ➝ Magic ➝ Varia ➝ Namburbi'],,
18,"1879,0708.53",5,1,AKKADIAN,HUL,HUL,['lumnu I'],['CANONICAL ➝ Magic ➝ Varia ➝ Namburbi'],,
19,"1879,0708.53",5,3,AKKADIAN,lib₃-bi,lib₃-bi,['libbu I'],['CANONICAL ➝ Magic ➝ Varia ➝ Namburbi'],,
