,fragment_id,fragment_line_num,index_in_line,word_language,value,clean_value,lemma,domain,place_discovery,place_composition
0,"1879,0708.242",4,2,AKKADIAN,di-ni,di-ni,[],['CANONICAL ➝ Literature ➝ Hymns (?)'],,
1,"1879,0708.242",12,3,AKKADIAN,ana,ana,['ana I'],['CANONICAL ➝ Literature ➝ Hymns (?)'],,
2,"1879,0708.242",12,4,AKKADIAN,AN-e,AN-e,['šamû I'],['CANONICAL ➝ Literature ➝ Hymns (?)'],,
3,"1879,0708.242",15,2,AKKADIAN,ka,ka,[],['CANONICAL ➝ Literature ➝ Hymns (?)'],,
4,"1879,0708.242",15,3,AKKADIAN,du₃,du₃,[],['CANONICAL ➝ Literature ➝ Hymns (?)'],,
