,fragment_id,fragment_line_num,index_in_line,word_language,value,clean_value,lemma,domain,place_discovery,place_composition
0,"1880,0719.158",0,2,AKKADIAN,ha,ha,[],['CANONICAL ➝ Divination ➝ Celestial'],,
1,"1880,0719.158",1,3,AKKADIAN,ha,ha,[],['CANONICAL ➝ Divination ➝ Celestial'],,
2,"1880,0719.158",2,1,AKKADIAN,AGA,AGA,['agû I'],['CANONICAL ➝ Divination ➝ Celestial'],,
3,"1880,0719.158",2,3,AKKADIAN,a-pir,a-pir,['apāru I'],['CANONICAL ➝ Divination ➝ Celestial'],,
4,"1880,0719.158",2,5,AKKADIAN,TUR-MEŠ,TUR-MEŠ,['ṣehēru I'],['CANONICAL ➝ Divination ➝ Celestial'],,
5,"1880,0719.158",3,3,AKKADIAN,a-pir,a-pir,['apāru I'],['CANONICAL ➝ Divination ➝ Celestial'],,
6,"1880,0719.158",3,4,AKKADIAN,KUR,KUR,['mātu I'],['CANONICAL ➝ Divination ➝ Celestial'],,
7,"1880,0719.158",3,6,AKKADIAN,IGI,IGI,[],['CANONICAL ➝ Divination ➝ Celestial'],,
8,"1880,0719.158",3,7,AKKADIAN,GIR₃.BAL,GIR₃.BAL,['rihṣu I'],['CANONICAL ➝ Divination ➝ Celestial'],,
9,"1880,0719.158",3,8,AKKADIAN,GAL₂,GAL₂,['bašû I'],['CANONICAL ➝ Divination ➝ Celestial'],,
10,"1880,0719.158",4,0,AKKADIAN,DIŠ,DIŠ,[],['CANONICAL ➝ Divination ➝ Celestial'],,
11,"1880,0719.158",4,1,AKKADIAN,AGA,AGA,['agû I'],['CANONICAL ➝ Divination ➝ Celestial'],,
12,"1880,0719.158",4,2,AKKADIAN,ša-ga-aš-ti₃,ša-ga-aš-ti₃,['šagaštu I'],['CANONICAL ➝ Divination ➝ Celestial'],,
13,"1880,0719.158",4,3,AKKADIAN,a-pir,a-pir,['apāru I'],['CANONICAL ➝ Divination ➝ Celestial'],,
14,"1880,0719.158",4,4,AKKADIAN,LUGAL,LUGAL,['šarru I'],['CANONICAL ➝ Divination ➝ Celestial'],,
15,"1880,0719.158",4,6,AKKADIAN,ina,ina,['ina I'],['CANONICAL ➝ Divination ➝ Celestial'],,
16,"1880,0719.158",4,7,AKKADIAN,KUR,KUR,[],['CANONICAL ➝ Divination ➝ Celestial'],,
17,"1880,0719.158",4,8,AKKADIAN,GAL₂,GAL₂,['bašû I'],['CANONICAL ➝ Divination ➝ Celestial'],,
18,"1880,0719.158",5,0,AKKADIAN,DIŠ,DIŠ,[],['CANONICAL ➝ Divination ➝ Celestial'],,
19,"1880,0719.158",5,1,AKKADIAN,30,30,['Sîn I'],['CANONICAL ➝ Divination ➝ Celestial'],,
20,"1880,0719.158",5,2,AKKADIAN,AGA,AGA,['agû I'],['CANONICAL ➝ Divination ➝ Celestial'],,
21,"1880,0719.158",5,3,AKKADIAN,ina,ina,['ina I'],['CANONICAL ➝ Divination ➝ Celestial'],,
22,"1880,0719.158",5,4,AKKADIAN,ŠA₃-šu₂,ŠA₃-šu₂,['libbu I'],['CANONICAL ➝ Divination ➝ Celestial'],,
23,"1880,0719.158",5,5,AKKADIAN,ik-ta-la,ik-ta-la,['kalû V'],['CANONICAL ➝ Divination ➝ Celestial'],,
24,"1880,0719.158",5,6,AKKADIAN,NAM.GILIM.MA,NAM.GILIM.MA,['šahluqtu I'],['CANONICAL ➝ Divination ➝ Celestial'],,
25,"1880,0719.158",6,0,AKKADIAN,DIŠ,DIŠ,[],['CANONICAL ➝ Divination ➝ Celestial'],,
26,"1880,0719.158",6,1,AKKADIAN,30,30,['Sîn I'],['CANONICAL ➝ Divination ➝ Celestial'],,
27,"1880,0719.158",6,2,AKKADIAN,ina,ina,['ina I'],['CANONICAL ➝ Divination ➝ Celestial'],,
28,"1880,0719.158",6,3,AKKADIAN,U₄.20.KAM₂,U₄.20.KAM₂,[],['CANONICAL ➝ Divination ➝ Celestial'],,
29,"1880,0719.158",6,4,AKKADIAN,AGA,AGA,['agû I'],['CANONICAL ➝ Divination ➝ Celestial'],,
30,"1880,0719.158",6,5,AKKADIAN,a-pir,a-pir,['apāru I'],['CANONICAL ➝ Divination ➝ Celestial'],,
31,"1880,0719.158",6,6,AKKADIAN,LUGAL,LUGAL,['šarru I'],['CANONICAL ➝ Divination ➝ Celestial'],,
32,"1880,0719.158",6,7,AKKADIAN,KUR,KUR,['mātu I'],['CANONICAL ➝ Divination ➝ Celestial'],,
33,"1880,0719.158",6,8,AKKADIAN,ul-tab-bar,ul-tab-bar,['labāru I'],['CANONICAL ➝ Divination ➝ Celestial'],,
34,"1880,0719.158",6,9,AKKADIAN,KUR₂-šu₂,KUR₂-šu₂,"['nakru I', '-šu I']",['CANONICAL ➝ Divination ➝ Celestial'],,
35,"1880,0719.158",6,10,AKKADIAN,GAM,GAM,[],['CANONICAL ➝ Divination ➝ Celestial'],,
36,"1880,0719.158",7,0,AKKADIAN,DIŠ,DIŠ,[],['CANONICAL ➝ Divination ➝ Celestial'],,
37,"1880,0719.158",7,1,AKKADIAN,AGA,AGA,['agû I'],['CANONICAL ➝ Divination ➝ Celestial'],,
38,"1880,0719.158",7,2,AKKADIAN,{im}U₁₈.LU,{im}U₁₈.LU,['šūtu II'],['CANONICAL ➝ Divination ➝ Celestial'],,
39,"1880,0719.158",7,3,AKKADIAN,a-pir,a-pir,['apāru I'],['CANONICAL ➝ Divination ➝ Celestial'],,
40,"1880,0719.158",7,4,AKKADIAN,ina,ina,['ina I'],['CANONICAL ➝ Divination ➝ Celestial'],,
41,"1880,0719.158",7,5,AKKADIAN,KUR,KUR,['mātu I'],['CANONICAL ➝ Divination ➝ Celestial'],,
42,"1880,0719.158",7,6,AKKADIAN,DU₃.A.BI,DU₃.A.BI,['kalāma I'],['CANONICAL ➝ Divination ➝ Celestial'],,
43,"1880,0719.158",7,8,AKKADIAN,UN-MEŠ,UN-MEŠ,['nišu I'],['CANONICAL ➝ Divination ➝ Celestial'],,
44,"1880,0719.158",8,2,AKKADIAN,ša₂-ga-al-tu,ša₂-ga-al-tu,['šagaštu I'],['CANONICAL ➝ Divination ➝ Celestial'],,
45,"1880,0719.158",8,3,AKKADIAN,a-pir,a-pir,['apāru I'],['CANONICAL ➝ Divination ➝ Celestial'],,
46,"1880,0719.158",8,4,AKKADIAN,be-en-nu,be-en-nu,['bennu I'],['CANONICAL ➝ Divination ➝ Celestial'],,
47,"1880,0719.158",8,5,AKKADIAN,ina,ina,['ina I'],['CANONICAL ➝ Divination ➝ Celestial'],,
48,"1880,0719.158",8,6,AKKADIAN,KUR,KUR,['mātu I'],['CANONICAL ➝ Divination ➝ Celestial'],,
49,"1880,0719.158",10,3,AKKADIAN,a-pir,a-pir,['apāru I'],['CANONICAL ➝ Divination ➝ Celestial'],,
50,"1880,0719.158",10,4,AKKADIAN,KUR,KUR,['mātu I'],['CANONICAL ➝ Divination ➝ Celestial'],,
51,"1880,0719.158",10,6,AKKADIAN,IGI,IGI,[],['CANONICAL ➝ Divination ➝ Celestial'],,
52,"1880,0719.158",12,7,AKKADIAN,ina,ina,['ina I'],['CANONICAL ➝ Divination ➝ Celestial'],,
53,"1880,0719.158",12,8,AKKADIAN,AN.GI₆,AN.GI₆,['antalû I'],['CANONICAL ➝ Divination ➝ Celestial'],,
54,"1880,0719.158",12,9,AKKADIAN,me,me,[],['CANONICAL ➝ Divination ➝ Celestial'],,
