,fragment_id,fragment_line_num,index_in_line,word_language,value,clean_value,lemma,domain,place_discovery,place_composition
0,"1880,1112.2584",2,2,EMESAL,uraš-a,uraš-a,[],"[['CANONICAL', 'Literature', 'Lamentations', 'Balaĝ'], ['CANONICAL', 'Literature', 'Lamentations', 'Eršema (Paired with Balaĝ)']]",,
1,"1880,1112.2584",2,5,AKKADIAN,50,50,[],"[['CANONICAL', 'Literature', 'Lamentations', 'Balaĝ'], ['CANONICAL', 'Literature', 'Lamentations', 'Eršema (Paired with Balaĝ)']]",,
2,"1880,1112.2584",2,6,AKKADIAN,MU-ME,MU-ME,[],"[['CANONICAL', 'Literature', 'Lamentations', 'Balaĝ'], ['CANONICAL', 'Literature', 'Lamentations', 'Eršema (Paired with Balaĝ)']]",,
3,"1880,1112.2584",2,11,EMESAL,ki,ki,[],"[['CANONICAL', 'Literature', 'Lamentations', 'Balaĝ'], ['CANONICAL', 'Literature', 'Lamentations', 'Eršema (Paired with Balaĝ)']]",,
4,"1880,1112.2584",2,12,EMESAL,še,še,[],"[['CANONICAL', 'Literature', 'Lamentations', 'Balaĝ'], ['CANONICAL', 'Literature', 'Lamentations', 'Eršema (Paired with Balaĝ)']]",,
5,"1880,1112.2584",5,2,EMESAL,še-eb,še-eb,[],"[['CANONICAL', 'Literature', 'Lamentations', 'Balaĝ'], ['CANONICAL', 'Literature', 'Lamentations', 'Eršema (Paired with Balaĝ)']]",,
