,fragment_id,fragment_line_num,index_in_line,word_language,value,clean_value,lemma,domain,place_discovery,place_composition
0,"1881,0204.285",0,2,SUMERIAN,{d}en-ki-ke₄,{d}en-ki-ke₄,[],['CANONICAL ➝ Magic ➝ Exorcistic ➝ Saĝba'],,
1,"1881,0204.285",0,3,SUMERIAN,inim-gu₁₀,inim-gu₁₀,[],['CANONICAL ➝ Magic ➝ Exorcistic ➝ Saĝba'],,
2,"1881,0204.285",2,2,AKKADIAN,{d}e₂-a,{d}e₂-a,[],['CANONICAL ➝ Magic ➝ Exorcistic ➝ Saĝba'],,
3,"1881,0204.285",2,3,AKKADIAN,ina,ina,[],['CANONICAL ➝ Magic ➝ Exorcistic ➝ Saĝba'],,
4,"1881,0204.285",2,5,AKKADIAN,i-ba-aš₂-ši,i-ba-aš₂-ši,[],['CANONICAL ➝ Magic ➝ Exorcistic ➝ Saĝba'],,
5,"1881,0204.285",4,2,SUMERIAN,sig₃-ga,sig₃-ga,[],['CANONICAL ➝ Magic ➝ Exorcistic ➝ Saĝba'],,
6,"1881,0204.285",4,3,SUMERIAN,a₂,a₂,[],['CANONICAL ➝ Magic ➝ Exorcistic ➝ Saĝba'],,
7,"1881,0204.285",4,4,SUMERIAN,zi-da-gu₁₀,zi-da-gu₁₀,[],['CANONICAL ➝ Magic ➝ Exorcistic ➝ Saĝba'],,
8,"1881,0204.285",6,2,AKKADIAN,dum-qi₂,dum-qi₂,[],['CANONICAL ➝ Magic ➝ Exorcistic ➝ Saĝba'],,
9,"1881,0204.285",6,3,AKKADIAN,ina,ina,[],['CANONICAL ➝ Magic ➝ Exorcistic ➝ Saĝba'],,
10,"1881,0204.285",6,5,AKKADIAN,a-la-ku,a-la-ku,[],['CANONICAL ➝ Magic ➝ Exorcistic ➝ Saĝba'],,
11,"1881,0204.285",8,2,SUMERIAN,sig₅-ga,sig₅-ga,[],['CANONICAL ➝ Magic ➝ Exorcistic ➝ Saĝba'],,
12,"1881,0204.285",8,3,SUMERIAN,a₂,a₂,[],['CANONICAL ➝ Magic ➝ Exorcistic ➝ Saĝba'],,
13,"1881,0204.285",8,4,SUMERIAN,gub₃-bu-gu₁₀,gub₃-bu-gu₁₀,[],['CANONICAL ➝ Magic ➝ Exorcistic ➝ Saĝba'],,
14,"1881,0204.285",10,2,AKKADIAN,dum-qi₂,dum-qi₂,[],['CANONICAL ➝ Magic ➝ Exorcistic ➝ Saĝba'],,
15,"1881,0204.285",10,3,AKKADIAN,ina,ina,[],['CANONICAL ➝ Magic ➝ Exorcistic ➝ Saĝba'],,
16,"1881,0204.285",10,5,AKKADIAN,a-la-ku,a-la-ku,[],['CANONICAL ➝ Magic ➝ Exorcistic ➝ Saĝba'],,
17,"1881,0204.285",12,2,SUMERIAN,sag-du₃-gu₁₀-še₃,sag-du₃-gu₁₀-še₃,[],['CANONICAL ➝ Magic ➝ Exorcistic ➝ Saĝba'],,
18,"1881,0204.285",12,3,SUMERIAN,ki,ki,[],['CANONICAL ➝ Magic ➝ Exorcistic ➝ Saĝba'],,
19,"1881,0204.285",12,5,SUMERIAN,silim-ma-gu₁₀-še₃,silim-ma-gu₁₀-še₃,[],['CANONICAL ➝ Magic ➝ Exorcistic ➝ Saĝba'],,
20,"1881,0204.285",14,2,AKKADIAN,ba-ni-ia,ba-ni-ia,[],['CANONICAL ➝ Magic ➝ Exorcistic ➝ Saĝba'],,
21,"1881,0204.285",14,3,AKKADIAN,a-šar,a-šar,[],['CANONICAL ➝ Magic ➝ Exorcistic ➝ Saĝba'],,
22,"1881,0204.285",14,5,AKKADIAN,u,u,[],['CANONICAL ➝ Magic ➝ Exorcistic ➝ Saĝba'],,
23,"1881,0204.285",14,6,AKKADIAN,ša₂-la-mi₃-ia,ša₂-la-mi₃-ia,[],['CANONICAL ➝ Magic ➝ Exorcistic ➝ Saĝba'],,
