,fragment_id,fragment_line_num,index_in_line,word_language,value,clean_value,lemma,domain,place_discovery,place_composition
0,"1879,0708.235",3,2,AKKADIAN,la,la,[],['OTHER ➝ Uncertain'],,
1,"1879,0708.235",3,3,AKKADIAN,a,a,[],['OTHER ➝ Uncertain'],,
2,"1879,0708.235",5,2,AKKADIAN,i,i,[],['OTHER ➝ Uncertain'],,
3,"1879,0708.235",5,5,AKKADIAN,kur,kur,[],['OTHER ➝ Uncertain'],,
4,"1879,0708.235",7,2,AKKADIAN,šeš,šeš,[],['OTHER ➝ Uncertain'],,
5,"1879,0708.235",8,1,AKKADIAN,še,še,[],['OTHER ➝ Uncertain'],,
6,"1879,0708.235",16,2,AKKADIAN,bat,bat,[],['OTHER ➝ Uncertain'],,
7,"1879,0708.235",17,1,AKKADIAN,nu,nu,[],['OTHER ➝ Uncertain'],,
8,"1879,0708.235",17,2,AKKADIAN,ni,ni,[],['OTHER ➝ Uncertain'],,
9,"1879,0708.235",19,3,AKKADIAN,nim,nim,[],['OTHER ➝ Uncertain'],,
