,fragment_id,fragment_line_num,index_in_line,word_language,value,clean_value,lemma,domain,place_discovery,place_composition
0,"1879,0708.151",6,4,AKKADIAN,ina,ina,['ina I'],['CANONICAL ➝ Divination ➝ Celestial'],,
1,"1879,0708.151",6,5,AKKADIAN,KAL-MU,KAL-MU,[],['CANONICAL ➝ Divination ➝ Celestial'],,
2,"1879,0708.151",6,6,AKKADIAN,GAZ-ni,GAZ-ni,"['dâku I', '-ni II']",['CANONICAL ➝ Divination ➝ Celestial'],,
3,"1879,0708.151",7,2,AKKADIAN,AN.TA,AN.TA,['eliš I'],['CANONICAL ➝ Divination ➝ Celestial'],,
4,"1879,0708.151",7,3,AKKADIAN,IGI-MEŠ,IGI-MEŠ,['naṭālu I'],['CANONICAL ➝ Divination ➝ Celestial'],,
5,"1879,0708.151",10,3,AKKADIAN,KUR₂,KUR₂,['nakru I'],['CANONICAL ➝ Divination ➝ Celestial'],,
6,"1879,0708.151",10,4,AKKADIAN,ina,ina,['ina I'],['CANONICAL ➝ Divination ➝ Celestial'],,
7,"1879,0708.151",10,5,AKKADIAN,KAL-šu₂,KAL-šu₂,[],['CANONICAL ➝ Divination ➝ Celestial'],,
8,"1879,0708.151",10,6,AKKADIAN,GAZ-šu₂,GAZ-šu₂,['dâku I'],['CANONICAL ➝ Divination ➝ Celestial'],,
9,"1879,0708.151",11,1,AKKADIAN,KI.TA,KI.TA,['šaplu II'],['CANONICAL ➝ Divination ➝ Celestial'],,
10,"1879,0708.151",11,2,AKKADIAN,IGI-MEŠ,IGI-MEŠ,['naṭālu I'],['CANONICAL ➝ Divination ➝ Celestial'],,
