,fragment_id,fragment_line_num,index_in_line,word_language,value,clean_value,lemma,domain,place_discovery,place_composition
0,"1879,0708.191",2,2,AKKADIAN,az,az,[],['CANONICAL ➝ Divination ➝ Terrestrial ➝ Šumma ālu'],,
1,"1879,0708.191",5,1,AKKADIAN,IZI,IZI,[],['CANONICAL ➝ Divination ➝ Terrestrial ➝ Šumma ālu'],,
2,"1879,0708.191",5,2,AKKADIAN,ana,ana,[],['CANONICAL ➝ Divination ➝ Terrestrial ➝ Šumma ālu'],,
3,"1879,0708.191",5,4,AKKADIAN,ŠA₃,ŠA₃,['libbu I'],['CANONICAL ➝ Divination ➝ Terrestrial ➝ Šumma ālu'],,
4,"1879,0708.191",5,5,AKKADIAN,URU,URU,['ālu I'],['CANONICAL ➝ Divination ➝ Terrestrial ➝ Šumma ālu'],,
5,"1879,0708.191",5,6,AKKADIAN,ŠUB,ŠUB,['maqātu I'],['CANONICAL ➝ Divination ➝ Terrestrial ➝ Šumma ālu'],,
6,"1879,0708.191",5,7,AKKADIAN,{d}NISABA,{d}NISABA,['Nisaba I'],['CANONICAL ➝ Divination ➝ Terrestrial ➝ Šumma ālu'],,
7,"1879,0708.191",5,9,AKKADIAN,GURUN,GURUN,[],['CANONICAL ➝ Divination ➝ Terrestrial ➝ Šumma ālu'],,
8,"1879,0708.191",8,1,AKKADIAN,{giš}GIŠIMMAR,{giš}GIŠIMMAR,[],['CANONICAL ➝ Divination ➝ Terrestrial ➝ Šumma ālu'],,
9,"1879,0708.191",8,2,AKKADIAN,2,2,[],['CANONICAL ➝ Divination ➝ Terrestrial ➝ Šumma ālu'],,
10,"1879,0708.191",8,4,AKKADIAN,GAR,GAR,[],['CANONICAL ➝ Divination ➝ Terrestrial ➝ Šumma ālu'],,
11,"1879,0708.191",8,6,AKKADIAN,NAM.KUR₂.MEŠ,NAM.KUR₂.MEŠ,[],['CANONICAL ➝ Divination ➝ Terrestrial ➝ Šumma ālu'],,
12,"1879,0708.191",8,7,AKKADIAN,ina,ina,[],['CANONICAL ➝ Divination ➝ Terrestrial ➝ Šumma ālu'],,
13,"1879,0708.191",8,11,AKKADIAN,GI.NA.ME,GI.NA.ME,[],['CANONICAL ➝ Divination ➝ Terrestrial ➝ Šumma ālu'],,
14,"1879,0708.191",8,12,AKKADIAN,ina,ina,['ina I'],['CANONICAL ➝ Divination ➝ Terrestrial ➝ Šumma ālu'],,
15,"1879,0708.191",8,13,AKKADIAN,KUR,KUR,['mātu I'],['CANONICAL ➝ Divination ➝ Terrestrial ➝ Šumma ālu'],,
16,"1879,0708.191",10,1,AKKADIAN,{giš}GIŠIMMAR,{giš}GIŠIMMAR,[],['CANONICAL ➝ Divination ➝ Terrestrial ➝ Šumma ālu'],,
17,"1879,0708.191",10,2,AKKADIAN,2,2,[],['CANONICAL ➝ Divination ➝ Terrestrial ➝ Šumma ālu'],,
18,"1879,0708.191",10,5,AKKADIAN,KUR₂.KUR₂-ra,KUR₂.KUR₂-ra,[],['CANONICAL ➝ Divination ➝ Terrestrial ➝ Šumma ālu'],,
19,"1879,0708.191",10,6,AKKADIAN,nu-kur₂,nu-kur₂,[],['CANONICAL ➝ Divination ➝ Terrestrial ➝ Šumma ālu'],,
20,"1879,0708.191",10,7,AKKADIAN,GALGA,GALGA,[],['CANONICAL ➝ Divination ➝ Terrestrial ➝ Šumma ālu'],,
21,"1879,0708.191",10,8,AKKADIAN,MAN-e,MAN-e,[],['CANONICAL ➝ Divination ➝ Terrestrial ➝ Šumma ālu'],,
22,"1879,0708.191",10,9,AKKADIAN,UMUŠ,UMUŠ,[],['CANONICAL ➝ Divination ➝ Terrestrial ➝ Šumma ālu'],,
23,"1879,0708.191",10,10,AKKADIAN,E₂,E₂,[],['CANONICAL ➝ Divination ➝ Terrestrial ➝ Šumma ālu'],,
24,"1879,0708.191",10,12,AKKADIAN,KAR-aʾ,KAR-aʾ,[],['CANONICAL ➝ Divination ➝ Terrestrial ➝ Šumma ālu'],,
25,"1879,0708.191",10,14,AKKADIAN,KUR,KUR,[],['CANONICAL ➝ Divination ➝ Terrestrial ➝ Šumma ālu'],,
26,"1879,0708.191",10,15,AKKADIAN,DINGIR.MEŠ-ša₂,DINGIR.MEŠ-ša₂,[],['CANONICAL ➝ Divination ➝ Terrestrial ➝ Šumma ālu'],,
27,"1879,0708.191",12,1,AKKADIAN,{giš}GIŠIMMAR,{giš}GIŠIMMAR,[],['CANONICAL ➝ Divination ➝ Terrestrial ➝ Šumma ālu'],,
28,"1879,0708.191",12,2,AKKADIAN,3,3,[],['CANONICAL ➝ Divination ➝ Terrestrial ➝ Šumma ālu'],,
29,"1879,0708.191",12,4,AKKADIAN,GAR,GAR,[],['CANONICAL ➝ Divination ➝ Terrestrial ➝ Šumma ālu'],,
30,"1879,0708.191",12,5,AKKADIAN,IM.U₁₈.LU,IM.U₁₈.LU,[],['CANONICAL ➝ Divination ➝ Terrestrial ➝ Šumma ālu'],,
31,"1879,0708.191",12,6,AKKADIAN,ZI-ma,ZI-ma,[],['CANONICAL ➝ Divination ➝ Terrestrial ➝ Šumma ālu'],,
32,"1879,0708.191",12,7,AKKADIAN,{giš}ŠINIG,{giš}ŠINIG,[],['CANONICAL ➝ Divination ➝ Terrestrial ➝ Šumma ālu'],,
33,"1879,0708.191",12,8,AKKADIAN,u,u,[],['CANONICAL ➝ Divination ➝ Terrestrial ➝ Šumma ālu'],,
34,"1879,0708.191",12,9,AKKADIAN,{giš}GIŠIMMAR,{giš}GIŠIMMAR,[],['CANONICAL ➝ Divination ➝ Terrestrial ➝ Šumma ālu'],,
35,"1879,0708.191",14,1,AKKADIAN,{giš}GIŠIMMAR,{giš}GIŠIMMAR,[],['CANONICAL ➝ Divination ➝ Terrestrial ➝ Šumma ālu'],,
36,"1879,0708.191",14,2,AKKADIAN,4,4,[],['CANONICAL ➝ Divination ➝ Terrestrial ➝ Šumma ālu'],,
37,"1879,0708.191",14,4,AKKADIAN,GAR,GAR,[],['CANONICAL ➝ Divination ➝ Terrestrial ➝ Šumma ālu'],,
38,"1879,0708.191",14,5,AKKADIAN,EN,EN,[],['CANONICAL ➝ Divination ➝ Terrestrial ➝ Šumma ālu'],,
39,"1879,0708.191",14,6,AKKADIAN,{giš}KIRI₆,{giš}KIRI₆,[],['CANONICAL ➝ Divination ➝ Terrestrial ➝ Šumma ālu'],,
40,"1879,0708.191",14,7,AKKADIAN,MAN-ni,MAN-ni,[],['CANONICAL ➝ Divination ➝ Terrestrial ➝ Šumma ālu'],,
41,"1879,0708.191",14,8,AKKADIAN,DUMU,DUMU,[],['CANONICAL ➝ Divination ➝ Terrestrial ➝ Šumma ālu'],,
42,"1879,0708.191",16,1,AKKADIAN,{giš}GIŠIMMAR,{giš}GIŠIMMAR,[],['CANONICAL ➝ Divination ➝ Terrestrial ➝ Šumma ālu'],,
43,"1879,0708.191",16,3,AKKADIAN,ma-du,ma-du,[],['CANONICAL ➝ Divination ➝ Terrestrial ➝ Šumma ālu'],,
