,fragment_id,fragment_line_num,index_in_line,word_language,value,clean_value,lemma,domain,place_discovery,place_composition
0,"1880,0617.2332",1,2,AKKADIAN,{d}en,{d}en,[],see genres.json file,,
1,"1880,0617.2332",1,3,AKKADIAN,si,si,[],see genres.json file,,
2,"1880,0617.2332",2,2,AKKADIAN,na,na,[],see genres.json file,,
3,"1880,0617.2332",2,3,AKKADIAN,a,a,[],see genres.json file,,
4,"1880,0617.2332",2,4,AKKADIAN,a,a,[],see genres.json file,,
5,"1880,0617.2332",2,5,AKKADIAN,mu,mu,[],see genres.json file,,
6,"1880,0617.2332",4,2,AKKADIAN,a,a,[],see genres.json file,,
7,"1880,0617.2332",4,3,AKKADIAN,sal,sal,[],see genres.json file,,
