,fragment_id,fragment_line_num,index_in_line,word_language,value,clean_value,lemma,domain,place_discovery,place_composition
0,"1881,0204.310",1,2,AKKADIAN,LUGAL,LUGAL,[],['CANONICAL'],,
1,"1881,0204.310",1,3,AKKADIAN,KUR,KUR,[],['CANONICAL'],,
2,"1881,0204.310",2,0,AKKADIAN,ki-i,ki-i,['kī I'],['CANONICAL'],,
3,"1881,0204.310",2,1,AKKADIAN,pi-i,pi-i,['pû I'],['CANONICAL'],,
4,"1881,0204.310",3,0,AKKADIAN,GABA.RI,GABA.RI,['gabarû I'],['CANONICAL'],,
5,"1881,0204.310",3,1,AKKADIAN,KUR,KUR,['mātu I'],['CANONICAL'],,
6,"1881,0204.310",3,2,AKKADIAN,aš-šur{ki},aš-šur{ki},[],['CANONICAL'],,
7,"1881,0204.310",3,3,AKKADIAN,KUR,KUR,['mātu I'],['CANONICAL'],,
8,"1881,0204.310",3,5,AKKADIAN,u,u,[],['CANONICAL'],,
9,"1881,0204.310",4,0,AKKADIAN,tup-pu,tup-pu,['ṭuppu I'],['CANONICAL'],,
10,"1881,0204.310",4,1,AKKADIAN,šu-a-tu,šu-a-tu,['šuāti I'],['CANONICAL'],,
11,"1881,0204.310",4,2,AKKADIAN,ina,ina,['ina I'],['CANONICAL'],,
12,"1881,0204.310",5,0,AKKADIAN,aš₂-ṭur,aš₂-ṭur,['šaṭāru II'],['CANONICAL'],,
13,"1881,0204.310",5,1,AKKADIAN,as-niq,as-niq,['sanāqu I'],['CANONICAL'],,
14,"1881,0204.310",6,0,AKKADIAN,a-na,a-na,['ana I'],['CANONICAL'],,
