,fragment_id,fragment_line_num,index_in_line,word_language,value,clean_value,lemma,domain,place_discovery,place_composition
0,"1880,1112.2191",1,1,AKKADIAN,DA,DA,[],[],,
1,"1880,1112.2191",1,2,AKKADIAN,{lu₂}HAL,{lu₂}HAL,[],[],,
2,"1880,1112.2191",2,2,AKKADIAN,ZI,ZI,[],[],,
3,"1880,1112.2191",2,3,AKKADIAN,u₂,u₂,[],[],,
4,"1880,1112.2191",2,4,AKKADIAN,BE,BE,[],[],,
5,"1880,1112.2191",3,1,AKKADIAN,BE,BE,[],[],,
6,"1880,1112.2191",3,2,AKKADIAN,ma,ma,[],[],,
7,"1880,1112.2191",3,3,AKKADIAN,la-ʾa-šu₂,la-ʾa-šu₂,[],[],,
8,"1880,1112.2191",4,1,AKKADIAN,BE,BE,[],[],,
9,"1880,1112.2191",4,2,AKKADIAN,ma,ma,[],[],,
10,"1880,1112.2191",4,3,AKKADIAN,{d}dele-bat,{d}dele-bat,[],[],,
11,"1880,1112.2191",4,4,AKKADIAN,u,u,[],[],,
