,fragment_id,fragment_line_num,index_in_line,word_language,value,clean_value,lemma,domain,place_discovery,place_composition
0,"1879,0708.35",2,2,AKKADIAN,{munus}KUR₂,{munus}KUR₂,['nukurtu I'],"['CANONICAL ➝ Divination ➝ Celestial', 'CANONICAL ➝ Divination ➝ Celestial ➝ Enūma Anu Enlil ➝ Ištar (EAE 50–68) (?)']",,
1,"1879,0708.35",2,3,AKKADIAN,GAR-MEŠ,GAR-MEŠ,['šakānu I'],"['CANONICAL ➝ Divination ➝ Celestial', 'CANONICAL ➝ Divination ➝ Celestial ➝ Enūma Anu Enlil ➝ Ištar (EAE 50–68) (?)']",,
2,"1879,0708.35",2,4,AKKADIAN,KIMIN,KIMIN,[],"['CANONICAL ➝ Divination ➝ Celestial', 'CANONICAL ➝ Divination ➝ Celestial ➝ Enūma Anu Enlil ➝ Ištar (EAE 50–68) (?)']",,
3,"1879,0708.35",2,5,AKKADIAN,LUGAL-MEŠ,LUGAL-MEŠ,['šarru I'],"['CANONICAL ➝ Divination ➝ Celestial', 'CANONICAL ➝ Divination ➝ Celestial ➝ Enūma Anu Enlil ➝ Ištar (EAE 50–68) (?)']",,
4,"1879,0708.35",2,6,AKKADIAN,ša₂,ša₂,['ša I'],"['CANONICAL ➝ Divination ➝ Celestial', 'CANONICAL ➝ Divination ➝ Celestial ➝ Enūma Anu Enlil ➝ Ištar (EAE 50–68) (?)']",,
5,"1879,0708.35",3,1,AKKADIAN,{mul}zi-ba-ni-tu₄,{mul}zi-ba-ni-tu₄,[],"['CANONICAL ➝ Divination ➝ Celestial', 'CANONICAL ➝ Divination ➝ Celestial ➝ Enūma Anu Enlil ➝ Ištar (EAE 50–68) (?)']",,
6,"1879,0708.35",3,2,AKKADIAN,a-dir,a-dir,[],"['CANONICAL ➝ Divination ➝ Celestial', 'CANONICAL ➝ Divination ➝ Celestial ➝ Enūma Anu Enlil ➝ Ištar (EAE 50–68) (?)']",,
7,"1879,0708.35",3,4,AKKADIAN,BURU₅-HI.A,BURU₅-HI.A,['erbû I'],"['CANONICAL ➝ Divination ➝ Celestial', 'CANONICAL ➝ Divination ➝ Celestial ➝ Enūma Anu Enlil ➝ Ištar (EAE 50–68) (?)']",,
8,"1879,0708.35",3,5,AKKADIAN,ZI-ma,ZI-ma,['tebû I'],"['CANONICAL ➝ Divination ➝ Celestial', 'CANONICAL ➝ Divination ➝ Celestial ➝ Enūma Anu Enlil ➝ Ištar (EAE 50–68) (?)']",,
9,"1879,0708.35",5,1,AKKADIAN,BURU₁₄,BURU₁₄,[],"['CANONICAL ➝ Divination ➝ Celestial', 'CANONICAL ➝ Divination ➝ Celestial ➝ Enūma Anu Enlil ➝ Ištar (EAE 50–68) (?)']",,
10,"1879,0708.35",5,3,AKKADIAN,KUR,KUR,['mātu I'],"['CANONICAL ➝ Divination ➝ Celestial', 'CANONICAL ➝ Divination ➝ Celestial ➝ Enūma Anu Enlil ➝ Ištar (EAE 50–68) (?)']",,
11,"1879,0708.35",5,4,AKKADIAN,GU₇,GU₇,['akālu I'],"['CANONICAL ➝ Divination ➝ Celestial', 'CANONICAL ➝ Divination ➝ Celestial ➝ Enūma Anu Enlil ➝ Ištar (EAE 50–68) (?)']",,
12,"1879,0708.35",5,5,AKKADIAN,KIMIN,KIMIN,[],"['CANONICAL ➝ Divination ➝ Celestial', 'CANONICAL ➝ Divination ➝ Celestial ➝ Enūma Anu Enlil ➝ Ištar (EAE 50–68) (?)']",,
13,"1879,0708.35",7,1,AKKADIAN,MU.5.KAM@v,MU.5.KAM@v,[],"['CANONICAL ➝ Divination ➝ Celestial', 'CANONICAL ➝ Divination ➝ Celestial ➝ Enūma Anu Enlil ➝ Ištar (EAE 50–68) (?)']",,
14,"1879,0708.35",7,2,AKKADIAN,KUR,KUR,[],"['CANONICAL ➝ Divination ➝ Celestial', 'CANONICAL ➝ Divination ➝ Celestial ➝ Enūma Anu Enlil ➝ Ištar (EAE 50–68) (?)']",,
15,"1879,0708.35",7,4,AKKADIAN,ZI-ma,ZI-ma,['tebû I'],"['CANONICAL ➝ Divination ➝ Celestial', 'CANONICAL ➝ Divination ➝ Celestial ➝ Enūma Anu Enlil ➝ Ištar (EAE 50–68) (?)']",,
16,"1879,0708.35",7,5,AKKADIAN,KUR,KUR,['mātu I'],"['CANONICAL ➝ Divination ➝ Celestial', 'CANONICAL ➝ Divination ➝ Celestial ➝ Enūma Anu Enlil ➝ Ištar (EAE 50–68) (?)']",,
17,"1879,0708.35",7,6,AKKADIAN,URI{ki},URI{ki},['akkadû I'],"['CANONICAL ➝ Divination ➝ Celestial', 'CANONICAL ➝ Divination ➝ Celestial ➝ Enūma Anu Enlil ➝ Ištar (EAE 50–68) (?)']",,
18,"1879,0708.35",7,7,AKKADIAN,GU₇,GU₇,['akālu I'],"['CANONICAL ➝ Divination ➝ Celestial', 'CANONICAL ➝ Divination ➝ Celestial ➝ Enūma Anu Enlil ➝ Ištar (EAE 50–68) (?)']",,
19,"1879,0708.35",7,8,AKKADIAN,KIMIN,KIMIN,[],"['CANONICAL ➝ Divination ➝ Celestial', 'CANONICAL ➝ Divination ➝ Celestial ➝ Enūma Anu Enlil ➝ Ištar (EAE 50–68) (?)']",,
20,"1879,0708.35",7,9,AKKADIAN,KUR,KUR,[],"['CANONICAL ➝ Divination ➝ Celestial', 'CANONICAL ➝ Divination ➝ Celestial ➝ Enūma Anu Enlil ➝ Ištar (EAE 50–68) (?)']",,
21,"1879,0708.35",8,1,AKKADIAN,{mul}LU.LIM,{mul}LU.LIM,[],"['CANONICAL ➝ Divination ➝ Celestial', 'CANONICAL ➝ Divination ➝ Celestial ➝ Enūma Anu Enlil ➝ Ištar (EAE 50–68) (?)']",,
22,"1879,0708.35",8,2,AKKADIAN,a-dir,a-dir,[],"['CANONICAL ➝ Divination ➝ Celestial', 'CANONICAL ➝ Divination ➝ Celestial ➝ Enūma Anu Enlil ➝ Ištar (EAE 50–68) (?)']",,
23,"1879,0708.35",8,3,AKKADIAN,MUŠEN,MUŠEN,[],"['CANONICAL ➝ Divination ➝ Celestial', 'CANONICAL ➝ Divination ➝ Celestial ➝ Enūma Anu Enlil ➝ Ištar (EAE 50–68) (?)']",,
24,"1879,0708.35",8,5,AKKADIAN,{d}IŠKUR,{d}IŠKUR,[],"['CANONICAL ➝ Divination ➝ Celestial', 'CANONICAL ➝ Divination ➝ Celestial ➝ Enūma Anu Enlil ➝ Ištar (EAE 50–68) (?)']",,
25,"1879,0708.35",8,6,AKKADIAN,RA-iṣ,RA-iṣ,['rahāṣu I'],"['CANONICAL ➝ Divination ➝ Celestial', 'CANONICAL ➝ Divination ➝ Celestial ➝ Enūma Anu Enlil ➝ Ištar (EAE 50–68) (?)']",,
26,"1879,0708.35",8,7,AKKADIAN,BIL.ZA.ZA,BIL.ZA.ZA,"[""muṣa''irānu I""]","['CANONICAL ➝ Divination ➝ Celestial', 'CANONICAL ➝ Divination ➝ Celestial ➝ Enūma Anu Enlil ➝ Ištar (EAE 50–68) (?)']",,
27,"1879,0708.35",8,8,AKKADIAN,ina,ina,['ina I'],"['CANONICAL ➝ Divination ➝ Celestial', 'CANONICAL ➝ Divination ➝ Celestial ➝ Enūma Anu Enlil ➝ Ištar (EAE 50–68) (?)']",,
28,"1879,0708.35",8,10,AKKADIAN,ZAH₂,ZAH₂,[],"['CANONICAL ➝ Divination ➝ Celestial', 'CANONICAL ➝ Divination ➝ Celestial ➝ Enūma Anu Enlil ➝ Ištar (EAE 50–68) (?)']",,
29,"1879,0708.35",9,1,AKKADIAN,a-dir,a-dir,[],"['CANONICAL ➝ Divination ➝ Celestial', 'CANONICAL ➝ Divination ➝ Celestial ➝ Enūma Anu Enlil ➝ Ištar (EAE 50–68) (?)']",,
30,"1879,0708.35",9,2,AKKADIAN,ILLU,ILLU,[],"['CANONICAL ➝ Divination ➝ Celestial', 'CANONICAL ➝ Divination ➝ Celestial ➝ Enūma Anu Enlil ➝ Ištar (EAE 50–68) (?)']",,
31,"1879,0708.35",9,5,AKKADIAN,BURU₁₄,BURU₁₄,['ebūru I'],"['CANONICAL ➝ Divination ➝ Celestial', 'CANONICAL ➝ Divination ➝ Celestial ➝ Enūma Anu Enlil ➝ Ištar (EAE 50–68) (?)']",,
32,"1879,0708.35",9,6,AKKADIAN,SI.SA₂,SI.SA₂,['ešēru I'],"['CANONICAL ➝ Divination ➝ Celestial', 'CANONICAL ➝ Divination ➝ Celestial ➝ Enūma Anu Enlil ➝ Ištar (EAE 50–68) (?)']",,
33,"1879,0708.35",9,7,AKKADIAN,E₃-it,E₃-it,['ṣītu I'],"['CANONICAL ➝ Divination ➝ Celestial', 'CANONICAL ➝ Divination ➝ Celestial ➝ Enūma Anu Enlil ➝ Ištar (EAE 50–68) (?)']",,
34,"1879,0708.35",9,8,AKKADIAN,URU,URU,['ālu I'],"['CANONICAL ➝ Divination ➝ Celestial', 'CANONICAL ➝ Divination ➝ Celestial ➝ Enūma Anu Enlil ➝ Ištar (EAE 50–68) (?)']",,
35,"1879,0708.35",10,2,AKKADIAN,UN-MEŠ,UN-MEŠ,['nišu I'],"['CANONICAL ➝ Divination ➝ Celestial', 'CANONICAL ➝ Divination ➝ Celestial ➝ Enūma Anu Enlil ➝ Ištar (EAE 50–68) (?)']",,
36,"1879,0708.35",10,3,AKKADIAN,KUR₂,KUR₂,['nakru I'],"['CANONICAL ➝ Divination ➝ Celestial', 'CANONICAL ➝ Divination ➝ Celestial ➝ Enūma Anu Enlil ➝ Ištar (EAE 50–68) (?)']",,
37,"1879,0708.35",10,4,AKKADIAN,ana,ana,['ana I'],"['CANONICAL ➝ Divination ➝ Celestial', 'CANONICAL ➝ Divination ➝ Celestial ➝ Enūma Anu Enlil ➝ Ištar (EAE 50–68) (?)']",,
38,"1879,0708.35",11,2,AKKADIAN,UN-MEŠ,UN-MEŠ,['nišu I'],"['CANONICAL ➝ Divination ➝ Celestial', 'CANONICAL ➝ Divination ➝ Celestial ➝ Enūma Anu Enlil ➝ Ištar (EAE 50–68) (?)']",,
39,"1879,0708.35",12,1,AKKADIAN,a-dir,a-dir,[],"['CANONICAL ➝ Divination ➝ Celestial', 'CANONICAL ➝ Divination ➝ Celestial ➝ Enūma Anu Enlil ➝ Ištar (EAE 50–68) (?)']",,
40,"1879,0708.35",12,3,AKKADIAN,im,im,[],"['CANONICAL ➝ Divination ➝ Celestial', 'CANONICAL ➝ Divination ➝ Celestial ➝ Enūma Anu Enlil ➝ Ištar (EAE 50–68) (?)']",,
