,fragment_id,fragment_line_num,index_in_line,word_language,value,clean_value,lemma,domain,place_discovery,place_composition
0,"1881,0204.307",1,2,AKKADIAN,UGU,UGU,['eli I'],['CANONICAL ➝ Divination ➝ Extispicy'],,
1,"1881,0204.307",1,3,AKKADIAN,SAGŠU,SAGŠU,['kubšu I'],['CANONICAL ➝ Divination ➝ Extispicy'],,
2,"1881,0204.307",1,4,AKKADIAN,U₅-ma,U₅-ma,['rakābu I'],['CANONICAL ➝ Divination ➝ Extispicy'],,
3,"1881,0204.307",1,5,AKKADIAN,sip-pa-ša₂,sip-pa-ša₂,['sippu I'],['CANONICAL ➝ Divination ➝ Extispicy'],,
4,"1881,0204.307",1,6,AKKADIAN,DU₈,DU₈,['paṭāru I'],['CANONICAL ➝ Divination ➝ Extispicy'],,
5,"1881,0204.307",1,7,AKKADIAN,INIM-MEŠ-ka,INIM-MEŠ-ka,['awātu I'],['CANONICAL ➝ Divination ➝ Extispicy'],,
6,"1881,0204.307",1,8,AKKADIAN,ana,ana,['ana I'],['CANONICAL ➝ Divination ➝ Extispicy'],,
7,"1881,0204.307",1,9,AKKADIAN,KUR₂,KUR₂,['nakru I'],['CANONICAL ➝ Divination ➝ Extispicy'],,
8,"1881,0204.307",3,0,AKKADIAN,BE,BE,['šumma I'],['CANONICAL ➝ Divination ➝ Extispicy'],,
9,"1881,0204.307",3,1,AKKADIAN,ina,ina,['ina I'],['CANONICAL ➝ Divination ➝ Extispicy'],,
10,"1881,0204.307",3,2,AKKADIAN,IGI,IGI,[],['CANONICAL ➝ Divination ➝ Extispicy'],,
11,"1881,0204.307",3,3,AKKADIAN,gi-ip-ši,gi-ip-ši,['gipšu I'],['CANONICAL ➝ Divination ➝ Extispicy'],,
12,"1881,0204.307",3,4,AKKADIAN,ša₂,ša₂,['ša I'],['CANONICAL ➝ Divination ➝ Extispicy'],,
13,"1881,0204.307",3,5,AKKADIAN,15,15,['imittu I'],['CANONICAL ➝ Divination ➝ Extispicy'],,
14,"1881,0204.307",3,7,AKKADIAN,ŠUB-di,ŠUB-di,['nadû III'],['CANONICAL ➝ Divination ➝ Extispicy'],,
15,"1881,0204.307",3,8,AKKADIAN,ERIN₂-ka,ERIN₂-ka,['ummānu I'],['CANONICAL ➝ Divination ➝ Extispicy'],,
16,"1881,0204.307",3,9,AKKADIAN,ina,ina,['ina I'],['CANONICAL ➝ Divination ➝ Extispicy'],,
17,"1881,0204.307",3,10,AKKADIAN,A.ŠA₃,A.ŠA₃,['eqlu I'],['CANONICAL ➝ Divination ➝ Extispicy'],,
18,"1881,0204.307",3,11,AKKADIAN,SILIM-mi,SILIM-mi,['šulmu I'],['CANONICAL ➝ Divination ➝ Extispicy'],,
19,"1881,0204.307",3,12,AKKADIAN,ŠUB-ta-ša₂,ŠUB-ta-ša₂,"['miqittu I', '-ša I']",['CANONICAL ➝ Divination ➝ Extispicy'],,
20,"1881,0204.307",4,0,AKKADIAN,BE,BE,['šumma I'],['CANONICAL ➝ Divination ➝ Extispicy'],,
21,"1881,0204.307",4,1,AKKADIAN,ina,ina,['ina I'],['CANONICAL ➝ Divination ➝ Extispicy'],,
22,"1881,0204.307",4,2,AKKADIAN,IGI,IGI,['pānu I'],['CANONICAL ➝ Divination ➝ Extispicy'],,
23,"1881,0204.307",4,3,AKKADIAN,gi-ip-ši,gi-ip-ši,['gipšu I'],['CANONICAL ➝ Divination ➝ Extispicy'],,
24,"1881,0204.307",4,4,AKKADIAN,ša₂,ša₂,['ša I'],['CANONICAL ➝ Divination ➝ Extispicy'],,
25,"1881,0204.307",4,6,AKKADIAN,BUR₃,BUR₃,['šīlu I'],['CANONICAL ➝ Divination ➝ Extispicy'],,
26,"1881,0204.307",4,7,AKKADIAN,ŠUB-di,ŠUB-di,['nadû III'],['CANONICAL ➝ Divination ➝ Extispicy'],,
27,"1881,0204.307",4,8,AKKADIAN,ERIN₂,ERIN₂,['ummānu I'],['CANONICAL ➝ Divination ➝ Extispicy'],,
28,"1881,0204.307",4,9,AKKADIAN,KUR₂,KUR₂,['nakru I'],['CANONICAL ➝ Divination ➝ Extispicy'],,
29,"1881,0204.307",4,11,AKKADIAN,A.ŠA₃,A.ŠA₃,['eqlu I'],['CANONICAL ➝ Divination ➝ Extispicy'],,
30,"1881,0204.307",4,12,AKKADIAN,SILIM-mi,SILIM-mi,['šulmu I'],['CANONICAL ➝ Divination ➝ Extispicy'],,
31,"1881,0204.307",4,13,AKKADIAN,ŠUB-ta-ša₂,ŠUB-ta-ša₂,"['miqittu I', '-ša I']",['CANONICAL ➝ Divination ➝ Extispicy'],,
32,"1881,0204.307",5,0,AKKADIAN,BE,BE,['šumma I'],['CANONICAL ➝ Divination ➝ Extispicy'],,
33,"1881,0204.307",5,1,AKKADIAN,ina,ina,['ina I'],['CANONICAL ➝ Divination ➝ Extispicy'],,
34,"1881,0204.307",5,2,AKKADIAN,IGI,IGI,['pānu I'],['CANONICAL ➝ Divination ➝ Extispicy'],,
35,"1881,0204.307",5,3,AKKADIAN,gi-ip-ši,gi-ip-ši,['gipšu I'],['CANONICAL ➝ Divination ➝ Extispicy'],,
36,"1881,0204.307",5,5,AKKADIAN,15,15,['imittu I'],['CANONICAL ➝ Divination ➝ Extispicy'],,
37,"1881,0204.307",5,6,AKKADIAN,u,u,['u I'],['CANONICAL ➝ Divination ➝ Extispicy'],,
38,"1881,0204.307",5,7,AKKADIAN,150,150,['šumēlu I'],['CANONICAL ➝ Divination ➝ Extispicy'],,
39,"1881,0204.307",5,8,AKKADIAN,BUR₃,BUR₃,['šīlu I'],['CANONICAL ➝ Divination ➝ Extispicy'],,
40,"1881,0204.307",5,9,AKKADIAN,ŠUB-di,ŠUB-di,['nadû III'],['CANONICAL ➝ Divination ➝ Extispicy'],,
41,"1881,0204.307",6,0,AKKADIAN,BE,BE,['šumma I'],['CANONICAL ➝ Divination ➝ Extispicy'],,
42,"1881,0204.307",6,1,AKKADIAN,ina,ina,['ina I'],['CANONICAL ➝ Divination ➝ Extispicy'],,
43,"1881,0204.307",6,2,AKKADIAN,IGI,IGI,['pānu I'],['CANONICAL ➝ Divination ➝ Extispicy'],,
44,"1881,0204.307",6,3,AKKADIAN,gi-ip-ši,gi-ip-ši,['gipšu I'],['CANONICAL ➝ Divination ➝ Extispicy'],,
45,"1881,0204.307",6,5,AKKADIAN,15,15,['imittu I'],['CANONICAL ➝ Divination ➝ Extispicy'],,
46,"1881,0204.307",6,6,AKKADIAN,BUR₃-MEŠ,BUR₃-MEŠ,['šīlu I'],['CANONICAL ➝ Divination ➝ Extispicy'],,
47,"1881,0204.307",6,7,AKKADIAN,2,2,['šina II'],['CANONICAL ➝ Divination ➝ Extispicy'],,
48,"1881,0204.307",6,8,AKKADIAN,ŠUB-MEŠ,ŠUB-MEŠ,['nadû III'],['CANONICAL ➝ Divination ➝ Extispicy'],,
49,"1881,0204.307",6,9,AKKADIAN,ar₂-hiš,ar₂-hiš,['arhiš I'],['CANONICAL ➝ Divination ➝ Extispicy'],,
50,"1881,0204.307",6,11,AKKADIAN,SISKUR₂,SISKUR₂,"['ikribu I', 'nīqu I']",['CANONICAL ➝ Divination ➝ Extispicy'],,
51,"1881,0204.307",7,0,AKKADIAN,BE,BE,['šumma I'],['CANONICAL ➝ Divination ➝ Extispicy'],,
52,"1881,0204.307",7,1,AKKADIAN,ina,ina,['ina I'],['CANONICAL ➝ Divination ➝ Extispicy'],,
53,"1881,0204.307",7,2,AKKADIAN,IGI,IGI,['pānu I'],['CANONICAL ➝ Divination ➝ Extispicy'],,
54,"1881,0204.307",7,3,AKKADIAN,gi-ip-ši,gi-ip-ši,['gipšu I'],['CANONICAL ➝ Divination ➝ Extispicy'],,
55,"1881,0204.307",7,5,AKKADIAN,150,150,['šumēlu I'],['CANONICAL ➝ Divination ➝ Extispicy'],,
56,"1881,0204.307",7,6,AKKADIAN,BUR₃-MEŠ,BUR₃-MEŠ,['šīlu I'],['CANONICAL ➝ Divination ➝ Extispicy'],,
57,"1881,0204.307",7,7,AKKADIAN,2,2,['šina II'],['CANONICAL ➝ Divination ➝ Extispicy'],,
58,"1881,0204.307",7,9,AKKADIAN,ar₂-hiš,ar₂-hiš,['arhiš I'],['CANONICAL ➝ Divination ➝ Extispicy'],,
59,"1881,0204.307",7,11,AKKADIAN,INIM-ka,INIM-ka,['awātu I'],['CANONICAL ➝ Divination ➝ Extispicy'],,
60,"1881,0204.307",8,0,AKKADIAN,BE,BE,['šumma I'],['CANONICAL ➝ Divination ➝ Extispicy'],,
61,"1881,0204.307",8,1,AKKADIAN,ina,ina,['ina I'],['CANONICAL ➝ Divination ➝ Extispicy'],,
62,"1881,0204.307",8,2,AKKADIAN,IGI,IGI,['pānu I'],['CANONICAL ➝ Divination ➝ Extispicy'],,
63,"1881,0204.307",8,3,AKKADIAN,gi-ip-ši,gi-ip-ši,['gipšu I'],['CANONICAL ➝ Divination ➝ Extispicy'],,
64,"1881,0204.307",8,4,AKKADIAN,ša₂,ša₂,['ša I'],['CANONICAL ➝ Divination ➝ Extispicy'],,
65,"1881,0204.307",8,5,AKKADIAN,15,15,[],['CANONICAL ➝ Divination ➝ Extispicy'],,
66,"1881,0204.307",8,6,AKKADIAN,2,2,['šina II'],['CANONICAL ➝ Divination ➝ Extispicy'],,
67,"1881,0204.307",8,7,AKKADIAN,{giš}TUKUL-MEŠ,{giš}TUKUL-MEŠ,['kakku I'],['CANONICAL ➝ Divination ➝ Extispicy'],,
68,"1881,0204.307",8,9,AKKADIAN,GAR-MEŠ,GAR-MEŠ,['šakānu I'],['CANONICAL ➝ Divination ➝ Extispicy'],,
69,"1881,0204.307",8,10,AKKADIAN,per-niq₂-qu,per-niq₂-qu,['perniqqu I'],['CANONICAL ➝ Divination ➝ Extispicy'],,
70,"1881,0204.307",9,1,AKKADIAN,mu-zir-ri,mu-zir-ri,['muzzerrū I'],['CANONICAL ➝ Divination ➝ Extispicy'],,
71,"1881,0204.307",9,3,AKKADIAN,DINGIR,DINGIR,['ilu I'],['CANONICAL ➝ Divination ➝ Extispicy'],,
72,"1881,0204.307",9,4,AKKADIAN,zi-nu-u₂,zi-nu-u₂,['zenû I'],['CANONICAL ➝ Divination ➝ Extispicy'],,
73,"1881,0204.307",9,6,AKKADIAN,LU₂,LU₂,['awīlu I'],['CANONICAL ➝ Divination ➝ Extispicy'],,
74,"1881,0204.307",9,8,AKKADIAN,ina,ina,['ina I'],['CANONICAL ➝ Divination ➝ Extispicy'],,
75,"1881,0204.307",9,9,AKKADIAN,A.ŠA₃,A.ŠA₃,['eqlu I'],['CANONICAL ➝ Divination ➝ Extispicy'],,
76,"1881,0204.307",10,1,AKKADIAN,su-lum-mu-u₂,su-lum-mu-u₂,['sulummû I'],['CANONICAL ➝ Divination ➝ Extispicy'],,
77,"1881,0204.307",10,2,AKKADIAN,GAR-an,GAR-an,['šakānu I'],['CANONICAL ➝ Divination ➝ Extispicy'],,
78,"1881,0204.307",10,3,AKKADIAN,{d}30,{d}30,['Sîn I'],['CANONICAL ➝ Divination ➝ Extispicy'],,
79,"1881,0204.307",10,4,AKKADIAN,u,u,['u I'],['CANONICAL ➝ Divination ➝ Extispicy'],,
80,"1881,0204.307",10,5,AKKADIAN,{d}UTU,{d}UTU,['šamšu I'],['CANONICAL ➝ Divination ➝ Extispicy'],,
81,"1881,0204.307",10,6,AKKADIAN,A₂,A₂,['idu I'],['CANONICAL ➝ Divination ➝ Extispicy'],,
82,"1881,0204.307",10,8,AKKADIAN,GIN-MEŠ-ma,GIN-MEŠ-ma,['alāku I'],['CANONICAL ➝ Divination ➝ Extispicy'],,
83,"1881,0204.307",10,9,AKKADIAN,KUR₂,KUR₂,['nakru I'],['CANONICAL ➝ Divination ➝ Extispicy'],,
84,"1881,0204.307",11,2,AKKADIAN,ana,ana,['ana I'],['CANONICAL ➝ Divination ➝ Extispicy'],,
85,"1881,0204.307",11,3,AKKADIAN,GIG,GIG,['marṣu I'],['CANONICAL ➝ Divination ➝ Extispicy'],,
86,"1881,0204.307",12,2,AKKADIAN,IGI,IGI,['pānu I'],['CANONICAL ➝ Divination ➝ Extispicy'],,
87,"1881,0204.307",12,4,AKKADIAN,ša₂,ša₂,['ša I'],['CANONICAL ➝ Divination ➝ Extispicy'],,
88,"1881,0204.307",12,5,AKKADIAN,150,150,['šumēlu I'],['CANONICAL ➝ Divination ➝ Extispicy'],,
89,"1881,0204.307",12,6,AKKADIAN,2,2,['šina II'],['CANONICAL ➝ Divination ➝ Extispicy'],,
90,"1881,0204.307",12,7,AKKADIAN,{giš}TUKUL-MEŠ,{giš}TUKUL-MEŠ,['kakku I'],['CANONICAL ➝ Divination ➝ Extispicy'],,
91,"1881,0204.307",12,9,AKKADIAN,GAR-MEŠ,GAR-MEŠ,['šakānu I'],['CANONICAL ➝ Divination ➝ Extispicy'],,
92,"1881,0204.307",12,10,AKKADIAN,LUGAL-MEŠ,LUGAL-MEŠ,['šarru I'],['CANONICAL ➝ Divination ➝ Extispicy'],,
93,"1881,0204.307",12,11,AKKADIAN,SILIM-MEŠ,SILIM-MEŠ,['salmu I'],['CANONICAL ➝ Divination ➝ Extispicy'],,
94,"1881,0204.307",13,1,AKKADIAN,{d}30,{d}30,['Sîn I'],['CANONICAL ➝ Divination ➝ Extispicy'],,
95,"1881,0204.307",13,2,AKKADIAN,u,u,['u I'],['CANONICAL ➝ Divination ➝ Extispicy'],,
96,"1881,0204.307",13,3,AKKADIAN,{d}UTU,{d}UTU,['šamšu I'],['CANONICAL ➝ Divination ➝ Extispicy'],,
97,"1881,0204.307",13,4,AKKADIAN,A₂,A₂,['idu I'],['CANONICAL ➝ Divination ➝ Extispicy'],,
98,"1881,0204.307",13,5,AKKADIAN,ERIN₂,ERIN₂,['ummānu I'],['CANONICAL ➝ Divination ➝ Extispicy'],,
99,"1881,0204.307",13,6,AKKADIAN,KUR₂,KUR₂,['nakru I'],['CANONICAL ➝ Divination ➝ Extispicy'],,
100,"1881,0204.307",13,7,AKKADIAN,GIN-MEŠ-ma,GIN-MEŠ-ma,['alāku I'],['CANONICAL ➝ Divination ➝ Extispicy'],,
101,"1881,0204.307",13,8,AKKADIAN,KUR₂,KUR₂,['nakru I'],['CANONICAL ➝ Divination ➝ Extispicy'],,
102,"1881,0204.307",13,10,AKKADIAN,ana,ana,['ana I'],['CANONICAL ➝ Divination ➝ Extispicy'],,
103,"1881,0204.307",13,11,AKKADIAN,GIG,GIG,['marṣu I'],['CANONICAL ➝ Divination ➝ Extispicy'],,
104,"1881,0204.307",13,12,AKKADIAN,GIG-su,GIG-su,"['murṣu I', '-šu I']",['CANONICAL ➝ Divination ➝ Extispicy'],,
105,"1881,0204.307",14,0,AKKADIAN,BE,BE,['šumma I'],['CANONICAL ➝ Divination ➝ Extispicy'],,
106,"1881,0204.307",14,1,AKKADIAN,ina,ina,['ina I'],['CANONICAL ➝ Divination ➝ Extispicy'],,
107,"1881,0204.307",14,2,AKKADIAN,IGI,IGI,['pānu I'],['CANONICAL ➝ Divination ➝ Extispicy'],,
108,"1881,0204.307",14,3,AKKADIAN,gi-ip-ši,gi-ip-ši,['gipšu I'],['CANONICAL ➝ Divination ➝ Extispicy'],,
109,"1881,0204.307",14,4,AKKADIAN,ša₂,ša₂,['ša I'],['CANONICAL ➝ Divination ➝ Extispicy'],,
110,"1881,0204.307",14,5,AKKADIAN,15,15,['imittu I'],['CANONICAL ➝ Divination ➝ Extispicy'],,
111,"1881,0204.307",14,6,AKKADIAN,u,u,['u I'],['CANONICAL ➝ Divination ➝ Extispicy'],,
112,"1881,0204.307",14,7,AKKADIAN,150,150,['šumēlu I'],['CANONICAL ➝ Divination ➝ Extispicy'],,
113,"1881,0204.307",14,8,AKKADIAN,2-TA.AM₃,2-TA.AM₃,[],['CANONICAL ➝ Divination ➝ Extispicy'],,
114,"1881,0204.307",14,10,AKKADIAN,na-an-du-ru-tu₄,na-an-du-ru-tu₄,[],['CANONICAL ➝ Divination ➝ Extispicy'],,
115,"1881,0204.307",15,1,AKKADIAN,DU₈-ar₂,DU₈-ar₂,['paṭāru I'],['CANONICAL ➝ Divination ➝ Extispicy'],,
116,"1881,0204.307",15,2,AKKADIAN,bi-ra-a-ti,bi-ra-a-ti,['birtu I'],['CANONICAL ➝ Divination ➝ Extispicy'],,
117,"1881,0204.307",15,3,AKKADIAN,a-rad,a-rad,['warādu I'],['CANONICAL ➝ Divination ➝ Extispicy'],,
118,"1881,0204.307",15,5,AKKADIAN,taš-mu-u₂,taš-mu-u₂,['tešmû I'],['CANONICAL ➝ Divination ➝ Extispicy'],,
119,"1881,0204.307",15,6,AKKADIAN,u,u,['u I'],['CANONICAL ➝ Divination ➝ Extispicy'],,
120,"1881,0204.307",15,7,AKKADIAN,SILIM-mu,SILIM-mu,['salīmu I'],['CANONICAL ➝ Divination ➝ Extispicy'],,
121,"1881,0204.307",15,8,AKKADIAN,ina,ina,['ina I'],['CANONICAL ➝ Divination ➝ Extispicy'],,
122,"1881,0204.307",15,9,AKKADIAN,KUR,KUR,['mātu I'],['CANONICAL ➝ Divination ➝ Extispicy'],,
123,"1881,0204.307",16,0,AKKADIAN,BE,BE,['šumma I'],['CANONICAL ➝ Divination ➝ Extispicy'],,
124,"1881,0204.307",16,1,AKKADIAN,SAGŠU,SAGŠU,['kubšu I'],['CANONICAL ➝ Divination ➝ Extispicy'],,
125,"1881,0204.307",16,2,AKKADIAN,ŠU.SI,ŠU.SI,['ubānu I'],['CANONICAL ➝ Divination ➝ Extispicy'],,
126,"1881,0204.307",16,3,AKKADIAN,TUR,TUR,['ṣehru I'],['CANONICAL ➝ Divination ➝ Extispicy'],,
127,"1881,0204.307",16,4,AKKADIAN,TI,TI,['leqû II'],['CANONICAL ➝ Divination ➝ Extispicy'],,
128,"1881,0204.307",16,5,AKKADIAN,KI,KI,['ašru III'],['CANONICAL ➝ Divination ➝ Extispicy'],,
129,"1881,0204.307",16,7,AKKADIAN,KUR₂,KUR₂,['nakru I'],['CANONICAL ➝ Divination ➝ Extispicy'],,
130,"1881,0204.307",18,2,AKKADIAN,ina,ina,['ina I'],['CANONICAL ➝ Divination ➝ Extispicy'],,
131,"1881,0204.307",18,3,AKKADIAN,U₄,U₄,['ūmu I'],['CANONICAL ➝ Divination ➝ Extispicy'],,
132,"1881,0204.307",18,4,AKKADIAN,SUD,SUD,['rēqu I'],['CANONICAL ➝ Divination ➝ Extispicy'],,
133,"1881,0204.307",18,6,AKKADIAN,ša₃,ša₃,['ša I'],['CANONICAL ➝ Divination ➝ Extispicy'],,
134,"1881,0204.307",18,7,AKKADIAN,ŠA₃-ša₃,ŠA₃-ša₃,"['libbu I', '-ša I']",['CANONICAL ➝ Divination ➝ Extispicy'],,
135,"1881,0204.307",19,0,AKKADIAN,BE,BE,['šumma I'],['CANONICAL ➝ Divination ➝ Extispicy'],,
136,"1881,0204.307",19,1,AKKADIAN,muš-taš-nin-ti,muš-taš-nin-ti,['muštašnintu I'],['CANONICAL ➝ Divination ➝ Extispicy'],,
137,"1881,0204.307",19,2,AKKADIAN,15,15,['imittu I'],['CANONICAL ➝ Divination ➝ Extispicy'],,
138,"1881,0204.307",19,4,AKKADIAN,GIN-ik,GIN-ik,['alāku I'],['CANONICAL ➝ Divination ➝ Extispicy'],,
139,"1881,0204.307",19,5,AKKADIAN,GIR₃,GIR₃,['šēpu I'],['CANONICAL ➝ Divination ➝ Extispicy'],,
140,"1881,0204.307",20,1,AKKADIAN,um-mat,um-mat,['ummatu I'],['CANONICAL ➝ Divination ➝ Extispicy'],,
141,"1881,0204.307",20,2,AKKADIAN,ša₂-lim-tu₄,ša₂-lim-tu₄,['šalmu I'],['CANONICAL ➝ Divination ➝ Extispicy'],,
142,"1881,0204.307",20,3,AKKADIAN,BE-ma,BE-ma,['šumma I'],['CANONICAL ➝ Divination ➝ Extispicy'],,
143,"1881,0204.307",20,4,AKKADIAN,LU₂,LU₂,['awīlu I'],['CANONICAL ➝ Divination ➝ Extispicy'],,
144,"1881,0204.307",20,6,AKKADIAN,di-nim,di-nim,['dīnu I'],['CANONICAL ➝ Divination ➝ Extispicy'],,
145,"1881,0204.307",20,7,AKKADIAN,UGU,UGU,['eli I'],['CANONICAL ➝ Divination ➝ Extispicy'],,
146,"1881,0204.307",20,8,AKKADIAN,ge-ri-šu₂,ge-ri-šu₂,"['gērû I', '-šu I']",['CANONICAL ➝ Divination ➝ Extispicy'],,
147,"1881,0204.307",24,0,AKKADIAN,BE,BE,['šumma I'],['CANONICAL ➝ Divination ➝ Extispicy'],,
148,"1881,0204.307",27,0,AKKADIAN,BE,BE,['šumma I'],['CANONICAL ➝ Divination ➝ Extispicy'],,
