,fragment_id,fragment_line_num,index_in_line,word_language,value,clean_value,lemma,domain,place_discovery,place_composition
0,"1879,0708.69",0,2,SUMERIAN,lugal,lugal,[],['OTHER ➝ Uncertain'],,
1,"1879,0708.69",1,2,SUMERIAN,am₃-ma-gub-ba,am₃-ma-gub-ba,[],['OTHER ➝ Uncertain'],,
2,"1879,0708.69",2,1,AKKADIAN,ina,ina,[],['OTHER ➝ Uncertain'],,
3,"1879,0708.69",2,2,AKKADIAN,E₂,E₂,[],['OTHER ➝ Uncertain'],,
4,"1879,0708.69",2,3,AKKADIAN,ina,ina,[],['OTHER ➝ Uncertain'],,
5,"1879,0708.69",2,4,AKKADIAN,u₂-zu-uz-zi,u₂-zu-uz-zi,[],['OTHER ➝ Uncertain'],,
6,"1879,0708.69",3,2,SUMERIAN,ka-aš-bar,ka-aš-bar,[],['OTHER ➝ Uncertain'],,
7,"1879,0708.69",3,3,SUMERIAN,gub-ba,gub-ba,[],['OTHER ➝ Uncertain'],,
8,"1879,0708.69",5,3,SUMERIAN,al-le-la,al-le-la,[],['OTHER ➝ Uncertain'],,
9,"1879,0708.69",6,2,AKKADIAN,qu-u₂,qu-u₂,[],['OTHER ➝ Uncertain'],,
10,"1879,0708.69",6,3,AKKADIAN,ina,ina,[],['OTHER ➝ Uncertain'],,
11,"1879,0708.69",8,3,SUMERIAN,kalam-ma-ke₄,kalam-ma-ke₄,[],['OTHER ➝ Uncertain'],,
