,fragment_id,fragment_line_num,index_in_line,word_language,value,clean_value,lemma,domain,place_discovery,place_composition
0,"1880,0719.187",1,2,AKKADIAN,an,an,[],[],,
1,"1880,0719.187",2,2,AKKADIAN,lu-u₂,lu-u₂,['lū I'],[],,
2,"1880,0719.187",2,3,AKKADIAN,na-as₂-ha,na-as₂-ha,['nasāhu I'],[],,
3,"1880,0719.187",2,4,AKKADIAN,lu-u₂,lu-u₂,['lū I'],[],,
4,"1880,0719.187",2,5,AKKADIAN,be₂-ra,be₂-ra,[],[],,
5,"1880,0719.187",5,1,AKKADIAN,ṣe-bu-ti,ṣe-bu-ti,['ṣibûtu I'],[],,
6,"1880,0719.187",7,2,AKKADIAN,U₄-mi,U₄-mi,['ūmu I'],[],,
7,"1880,0719.187",7,3,AKKADIAN,an-ni-i,an-ni-i,['annû I'],[],,
8,"1880,0719.187",7,4,AKKADIAN,ITI,ITI,['warhu I'],[],,
9,"1880,0719.187",7,5,AKKADIAN,an-na-a,an-na-a,['annû I'],[],,
10,"1880,0719.187",8,2,AKKADIAN,ITI,ITI,['warhu I'],[],,
11,"1880,0719.187",8,4,AKKADIAN,e-re-bi,e-re-bi,['erēbu I'],[],,
12,"1880,0719.187",10,1,AKKADIAN,ša₂-lam,ša₂-lam,[],[],,
13,"1880,0719.187",10,2,AKKADIAN,ZI-ti₃,ZI-ti₃,[],[],,
14,"1880,0719.187",10,3,AKKADIAN,SILIM-im,SILIM-im,['salāmu II'],[],,
