,fragment_id,fragment_line_num,index_in_line,word_language,value,clean_value,lemma,domain,place_discovery,place_composition
0,"1880,0617.2371",0,2,AKKADIAN,{d}a-nu,{d}a-nu,[],see genres.json file,,
1,"1880,0617.2371",0,3,AKKADIAN,{d}+en-lil₂,{d}+en-lil₂,[],see genres.json file,,
2,"1880,0617.2371",1,1,AKKADIAN,i-rat-ka,i-rat-ka,[],see genres.json file,,
3,"1880,0617.2371",2,1,AKKADIAN,ana,ana,[],see genres.json file,,
4,"1880,0617.2371",2,2,AKKADIAN,ar₂-ki-ka,ar₂-ki-ka,[],see genres.json file,,
5,"1880,0617.2371",3,1,AKKADIAN,ana,ana,[],see genres.json file,,
6,"1880,0617.2371",3,2,AKKADIAN,E₂,E₂,[],see genres.json file,,
7,"1880,0617.2371",3,3,AKKADIAN,a-a,a-a,[],see genres.json file,,
8,"1880,0617.2371",4,3,AKKADIAN,a-a,a-a,[],see genres.json file,,
