,fragment_id,fragment_line_num,index_in_line,word_language,value,clean_value,lemma,domain,place_discovery,place_composition
0,"1880,0719.346",1,1,AKKADIAN,KIMIN,KIMIN,[],[],,
1,"1880,0719.346",2,1,AKKADIAN,KUR-ad₂,KUR-ad₂,[],[],,
2,"1880,0719.346",3,1,AKKADIAN,KUR-ad₂,KUR-ad₂,[],[],,
3,"1880,0719.346",4,3,AKKADIAN,KUR-ad₂,KUR-ad₂,[],[],,
4,"1880,0719.346",5,1,AKKADIAN,KUR-ad₂,KUR-ad₂,[],[],,
5,"1880,0719.346",6,1,AKKADIAN,GU₇-MEŠ,GU₇-MEŠ,[],[],,
6,"1880,0719.346",8,3,AKKADIAN,meš,meš,[],[],,
7,"1880,0719.346",10,1,AKKADIAN,ah,ah,[],[],,
8,"1880,0719.346",13,0,AKKADIAN,DIŠ,DIŠ,[],[],,
9,"1880,0719.346",13,1,AKKADIAN,MUL,MUL,[],[],,
10,"1880,0719.346",13,2,AKKADIAN,MIN,MIN,[],[],,
11,"1880,0719.346",13,3,AKKADIAN,ana,ana,[],[],,
12,"1880,0719.346",14,1,AKKADIAN,ina,ina,[],[],,
13,"1880,0719.346",14,2,AKKADIAN,KUR,KUR,[],[],,
14,"1880,0719.346",15,0,AKKADIAN,DIŠ,DIŠ,[],[],,
15,"1880,0719.346",15,1,AKKADIAN,MUL,MUL,[],[],,
16,"1880,0719.346",15,2,AKKADIAN,MIN,MIN,[],[],,
17,"1880,0719.346",15,3,AKKADIAN,ana,ana,[],[],,
18,"1880,0719.346",16,0,AKKADIAN,DIŠ,DIŠ,[],[],,
19,"1880,0719.346",16,1,AKKADIAN,MUL,MUL,[],[],,
20,"1880,0719.346",16,2,AKKADIAN,MIN,MIN,[],[],,
21,"1880,0719.346",16,3,AKKADIAN,MUL,MUL,[],[],,
22,"1880,0719.346",18,0,AKKADIAN,DIŠ,DIŠ,[],[],,
23,"1880,0719.346",18,1,AKKADIAN,MUL,MUL,[],[],,
24,"1880,0719.346",18,2,AKKADIAN,MIN,MIN,[],[],,
25,"1880,0719.346",19,0,AKKADIAN,DIŠ,DIŠ,[],[],,
26,"1880,0719.346",19,1,AKKADIAN,MUL,MUL,[],[],,
27,"1880,0719.346",20,0,AKKADIAN,DIŠ,DIŠ,[],[],,
28,"1880,0719.346",21,0,AKKADIAN,DIŠ,DIŠ,[],[],,
