,fragment_id,fragment_line_num,index_in_line,word_language,value,clean_value,lemma,domain,place_discovery,place_composition
0,"1879,0708.328",0,2,AKKADIAN,GU₇,GU₇,[],['CANONICAL ➝ Divination ➝ Extispicy ➝ Bārûtu ➝ 10. Multābiltu'],,
1,"1879,0708.328",2,1,AKKADIAN,ERIN₂,ERIN₂,[],['CANONICAL ➝ Divination ➝ Extispicy ➝ Bārûtu ➝ 10. Multābiltu'],,
2,"1879,0708.328",2,3,AKKADIAN,GAZ-šu₂,GAZ-šu₂,[],['CANONICAL ➝ Divination ➝ Extispicy ➝ Bārûtu ➝ 10. Multābiltu'],,
3,"1879,0708.328",4,2,AKKADIAN,u,u,[],['CANONICAL ➝ Divination ➝ Extispicy ➝ Bārûtu ➝ 10. Multābiltu'],,
4,"1879,0708.328",4,3,AKKADIAN,DIR-ar₂,DIR-ar₂,[],['CANONICAL ➝ Divination ➝ Extispicy ➝ Bārûtu ➝ 10. Multābiltu'],,
5,"1879,0708.328",6,2,AKKADIAN,ERIN₂,ERIN₂,[],['CANONICAL ➝ Divination ➝ Extispicy ➝ Bārûtu ➝ 10. Multābiltu'],,
6,"1879,0708.328",6,3,AKKADIAN,KUR₂,KUR₂,[],['CANONICAL ➝ Divination ➝ Extispicy ➝ Bārûtu ➝ 10. Multābiltu'],,
7,"1879,0708.328",8,2,AKKADIAN,UN,UN,[],['CANONICAL ➝ Divination ➝ Extispicy ➝ Bārûtu ➝ 10. Multābiltu'],,
8,"1879,0708.328",8,3,AKKADIAN,SAR,SAR,[],['CANONICAL ➝ Divination ➝ Extispicy ➝ Bārûtu ➝ 10. Multābiltu'],,
9,"1879,0708.328",8,4,AKKADIAN,AZ,AZ,[],['CANONICAL ➝ Divination ➝ Extispicy ➝ Bārûtu ➝ 10. Multābiltu'],,
10,"1879,0708.328",10,2,AKKADIAN,UŠ-MEŠ-šu₂,UŠ-MEŠ-šu₂,[],['CANONICAL ➝ Divination ➝ Extispicy ➝ Bārûtu ➝ 10. Multābiltu'],,
11,"1879,0708.328",12,3,AKKADIAN,KIN-ka,KIN-ka,[],['CANONICAL ➝ Divination ➝ Extispicy ➝ Bārûtu ➝ 10. Multābiltu'],,
12,"1879,0708.328",14,1,AKKADIAN,ina,ina,[],['CANONICAL ➝ Divination ➝ Extispicy ➝ Bārûtu ➝ 10. Multābiltu'],,
13,"1879,0708.328",14,2,AKKADIAN,SUH₃,SUH₃,[],['CANONICAL ➝ Divination ➝ Extispicy ➝ Bārûtu ➝ 10. Multābiltu'],,
14,"1879,0708.328",14,4,AKKADIAN,ŠUB-ut,ŠUB-ut,[],['CANONICAL ➝ Divination ➝ Extispicy ➝ Bārûtu ➝ 10. Multābiltu'],,
15,"1879,0708.328",16,1,AKKADIAN,la-si-me,la-si-me,[],['CANONICAL ➝ Divination ➝ Extispicy ➝ Bārûtu ➝ 10. Multābiltu'],,
16,"1879,0708.328",16,3,AKKADIAN,ana,ana,[],['CANONICAL ➝ Divination ➝ Extispicy ➝ Bārûtu ➝ 10. Multābiltu'],,
17,"1879,0708.328",17,3,AKKADIAN,GAR-at,GAR-at,[],['CANONICAL ➝ Divination ➝ Extispicy ➝ Bārûtu ➝ 10. Multābiltu'],,
