,fragment_id,fragment_line_num,index_in_line,word_language,value,clean_value,lemma,domain,place_discovery,place_composition
0,"1880,1112.2348",1,1,AKKADIAN,iš,iš,[],"[['CANONICAL', 'Literature', 'Lamentations'], ['CANONICAL', 'Magic']]",,
1,"1880,1112.2348",5,2,EMESAL,an,an,[],"[['CANONICAL', 'Literature', 'Lamentations'], ['CANONICAL', 'Magic']]",,
2,"1880,1112.2348",5,3,EMESAL,ki-a,ki-a,[],"[['CANONICAL', 'Literature', 'Lamentations'], ['CANONICAL', 'Magic']]",,
3,"1880,1112.2348",6,3,AKKADIAN,u,u,[],"[['CANONICAL', 'Literature', 'Lamentations'], ['CANONICAL', 'Magic']]",,
