,fragment_id,fragment_line_num,index_in_line,word_language,value,clean_value,lemma,domain,place_discovery,place_composition
0,"1879,0708.246",0,0,AKKADIAN,DIŠ,DIŠ,[],['CANONICAL ➝ Divination ➝ Celestial ➝ Enūma Anu Enlil ➝ Sîn (EAE 1–22)'],,
1,"1879,0708.246",2,0,AKKADIAN,DIŠ,DIŠ,[],['CANONICAL ➝ Divination ➝ Celestial ➝ Enūma Anu Enlil ➝ Sîn (EAE 1–22)'],,
2,"1879,0708.246",2,1,AKKADIAN,ina,ina,['ina I'],['CANONICAL ➝ Divination ➝ Celestial ➝ Enūma Anu Enlil ➝ Sîn (EAE 1–22)'],,
3,"1879,0708.246",2,2,AKKADIAN,{iti}KIN,{iti}KIN,['Elulu I'],['CANONICAL ➝ Divination ➝ Celestial ➝ Enūma Anu Enlil ➝ Sîn (EAE 1–22)'],,
4,"1879,0708.246",2,4,AKKADIAN,U₄.15.KAM₂,U₄.15.KAM₂,[],['CANONICAL ➝ Divination ➝ Celestial ➝ Enūma Anu Enlil ➝ Sîn (EAE 1–22)'],,
5,"1879,0708.246",2,5,AKKADIAN,U₄.16.KAM₂,U₄.16.KAM₂,[],['CANONICAL ➝ Divination ➝ Celestial ➝ Enūma Anu Enlil ➝ Sîn (EAE 1–22)'],,
6,"1879,0708.246",2,6,AKKADIAN,U₄.20.KAM₂,U₄.20.KAM₂,[],['CANONICAL ➝ Divination ➝ Celestial ➝ Enūma Anu Enlil ➝ Sîn (EAE 1–22)'],,
7,"1879,0708.246",2,7,AKKADIAN,AN.GI₆,AN.GI₆,['antalû I'],['CANONICAL ➝ Divination ➝ Celestial ➝ Enūma Anu Enlil ➝ Sîn (EAE 1–22)'],,
8,"1879,0708.246",2,8,AKKADIAN,30,30,['Sîn I'],['CANONICAL ➝ Divination ➝ Celestial ➝ Enūma Anu Enlil ➝ Sîn (EAE 1–22)'],,
9,"1879,0708.246",2,9,AKKADIAN,GAR-ma,GAR-ma,['šakānu I'],['CANONICAL ➝ Divination ➝ Celestial ➝ Enūma Anu Enlil ➝ Sîn (EAE 1–22)'],,
10,"1879,0708.246",2,10,AKKADIAN,KAN₅-su-ma,KAN₅-su-ma,['adirtu I'],['CANONICAL ➝ Divination ➝ Celestial ➝ Enūma Anu Enlil ➝ Sîn (EAE 1–22)'],,
11,"1879,0708.246",2,11,AKKADIAN,KU₄,KU₄,['erēbu I'],['CANONICAL ➝ Divination ➝ Celestial ➝ Enūma Anu Enlil ➝ Sîn (EAE 1–22)'],,
12,"1879,0708.246",3,1,AKKADIAN,sa-ma-nu,sa-ma-nu,['samānu I'],['CANONICAL ➝ Divination ➝ Celestial ➝ Enūma Anu Enlil ➝ Sîn (EAE 1–22)'],,
13,"1879,0708.246",3,2,AKKADIAN,A.ŠA₃,A.ŠA₃,['eqlu I'],['CANONICAL ➝ Divination ➝ Celestial ➝ Enūma Anu Enlil ➝ Sîn (EAE 1–22)'],,
14,"1879,0708.246",3,3,AKKADIAN,A.GAR₃,A.GAR₃,['ugāru I'],['CANONICAL ➝ Divination ➝ Celestial ➝ Enūma Anu Enlil ➝ Sîn (EAE 1–22)'],,
15,"1879,0708.246",3,5,AKKADIAN,AN.GI₆,AN.GI₆,['antalû I'],['CANONICAL ➝ Divination ➝ Celestial ➝ Enūma Anu Enlil ➝ Sîn (EAE 1–22)'],,
16,"1879,0708.246",3,6,AKKADIAN,KUR/LUGAL,KUR/LUGAL,[],['CANONICAL ➝ Divination ➝ Celestial ➝ Enūma Anu Enlil ➝ Sîn (EAE 1–22)'],,
17,"1879,0708.246",3,7,AKKADIAN,URI{ki},URI{ki},['Akkad I'],['CANONICAL ➝ Divination ➝ Celestial ➝ Enūma Anu Enlil ➝ Sîn (EAE 1–22)'],,
18,"1879,0708.246",3,8,AKKADIAN,LUGAL,LUGAL,['šarru I'],['CANONICAL ➝ Divination ➝ Celestial ➝ Enūma Anu Enlil ➝ Sîn (EAE 1–22)'],,
19,"1879,0708.246",3,9,AKKADIAN,URI{ki},URI{ki},['Akkad I'],['CANONICAL ➝ Divination ➝ Celestial ➝ Enūma Anu Enlil ➝ Sîn (EAE 1–22)'],,
20,"1879,0708.246",3,10,AKKADIAN,UŠ₂,UŠ₂,['mâtu I'],['CANONICAL ➝ Divination ➝ Celestial ➝ Enūma Anu Enlil ➝ Sîn (EAE 1–22)'],,
21,"1879,0708.246",4,0,AKKADIAN,DIŠ,DIŠ,[],['CANONICAL ➝ Divination ➝ Celestial ➝ Enūma Anu Enlil ➝ Sîn (EAE 1–22)'],,
22,"1879,0708.246",4,1,AKKADIAN,ina,ina,['ina I'],['CANONICAL ➝ Divination ➝ Celestial ➝ Enūma Anu Enlil ➝ Sîn (EAE 1–22)'],,
23,"1879,0708.246",4,2,AKKADIAN,{iti}KIN,{iti}KIN,['Elulu I'],['CANONICAL ➝ Divination ➝ Celestial ➝ Enūma Anu Enlil ➝ Sîn (EAE 1–22)'],,
24,"1879,0708.246",4,3,AKKADIAN,U₄.21.KAM₂,U₄.21.KAM₂,[],['CANONICAL ➝ Divination ➝ Celestial ➝ Enūma Anu Enlil ➝ Sîn (EAE 1–22)'],,
25,"1879,0708.246",4,4,AKKADIAN,AN.GI₆,AN.GI₆,['antalû I'],['CANONICAL ➝ Divination ➝ Celestial ➝ Enūma Anu Enlil ➝ Sîn (EAE 1–22)'],,
26,"1879,0708.246",4,5,AKKADIAN,30,30,['Sîn I'],['CANONICAL ➝ Divination ➝ Celestial ➝ Enūma Anu Enlil ➝ Sîn (EAE 1–22)'],,
27,"1879,0708.246",4,7,AKKADIAN,KAN₅-su-ma,KAN₅-su-ma,['adirtu I'],['CANONICAL ➝ Divination ➝ Celestial ➝ Enūma Anu Enlil ➝ Sîn (EAE 1–22)'],,
28,"1879,0708.246",4,8,AKKADIAN,KU₄,KU₄,['erēbu I'],['CANONICAL ➝ Divination ➝ Celestial ➝ Enūma Anu Enlil ➝ Sîn (EAE 1–22)'],,
29,"1879,0708.246",4,9,AKKADIAN,ZI-ut,ZI-ut,['tibûtu I'],['CANONICAL ➝ Divination ➝ Celestial ➝ Enūma Anu Enlil ➝ Sîn (EAE 1–22)'],,
30,"1879,0708.246",4,10,AKKADIAN,a-bu-bi,a-bu-bi,['abūbu I'],['CANONICAL ➝ Divination ➝ Celestial ➝ Enūma Anu Enlil ➝ Sîn (EAE 1–22)'],,
31,"1879,0708.246",4,12,AKKADIAN,NIG₂.HA.LAM.MA,NIG₂.HA.LAM.MA,['šahluqtu I'],['CANONICAL ➝ Divination ➝ Celestial ➝ Enūma Anu Enlil ➝ Sîn (EAE 1–22)'],,
32,"1879,0708.246",6,0,AKKADIAN,DIŠ,DIŠ,[],['CANONICAL ➝ Divination ➝ Celestial ➝ Enūma Anu Enlil ➝ Sîn (EAE 1–22)'],,
33,"1879,0708.246",6,1,AKKADIAN,ina,ina,['ina I'],['CANONICAL ➝ Divination ➝ Celestial ➝ Enūma Anu Enlil ➝ Sîn (EAE 1–22)'],,
34,"1879,0708.246",6,2,AKKADIAN,{iti}DU₆,{iti}DU₆,['Tašritu I'],['CANONICAL ➝ Divination ➝ Celestial ➝ Enūma Anu Enlil ➝ Sîn (EAE 1–22)'],,
35,"1879,0708.246",6,3,AKKADIAN,U₄.14.KAM₂,U₄.14.KAM₂,[],['CANONICAL ➝ Divination ➝ Celestial ➝ Enūma Anu Enlil ➝ Sîn (EAE 1–22)'],,
36,"1879,0708.246",6,4,AKKADIAN,U₄.15.KAM₂,U₄.15.KAM₂,[],['CANONICAL ➝ Divination ➝ Celestial ➝ Enūma Anu Enlil ➝ Sîn (EAE 1–22)'],,
37,"1879,0708.246",6,6,AKKADIAN,U₄.20.KAM₂,U₄.20.KAM₂,[],['CANONICAL ➝ Divination ➝ Celestial ➝ Enūma Anu Enlil ➝ Sîn (EAE 1–22)'],,
38,"1879,0708.246",6,7,AKKADIAN,AN.GI₆,AN.GI₆,['antalû I'],['CANONICAL ➝ Divination ➝ Celestial ➝ Enūma Anu Enlil ➝ Sîn (EAE 1–22)'],,
39,"1879,0708.246",6,8,AKKADIAN,30,30,['Sîn I'],['CANONICAL ➝ Divination ➝ Celestial ➝ Enūma Anu Enlil ➝ Sîn (EAE 1–22)'],,
40,"1879,0708.246",6,9,AKKADIAN,GAR-ma,GAR-ma,['šakānu I'],['CANONICAL ➝ Divination ➝ Celestial ➝ Enūma Anu Enlil ➝ Sîn (EAE 1–22)'],,
41,"1879,0708.246",6,10,AKKADIAN,KAN₅-su-ma,KAN₅-su-ma,['adirtu I'],['CANONICAL ➝ Divination ➝ Celestial ➝ Enūma Anu Enlil ➝ Sîn (EAE 1–22)'],,
42,"1879,0708.246",6,11,AKKADIAN,KU₄,KU₄,['erēbu I'],['CANONICAL ➝ Divination ➝ Celestial ➝ Enūma Anu Enlil ➝ Sîn (EAE 1–22)'],,
43,"1879,0708.246",7,1,AKKADIAN,{d}U.GUR,{d}U.GUR,['Nergal I'],['CANONICAL ➝ Divination ➝ Celestial ➝ Enūma Anu Enlil ➝ Sîn (EAE 1–22)'],,
44,"1879,0708.246",7,2,AKKADIAN,GU₇,GU₇,['akālu I'],['CANONICAL ➝ Divination ➝ Celestial ➝ Enūma Anu Enlil ➝ Sîn (EAE 1–22)'],,
45,"1879,0708.246",8,3,AKKADIAN,U₄.21.KAM₂,U₄.21.KAM₂,[],['CANONICAL ➝ Divination ➝ Celestial ➝ Enūma Anu Enlil ➝ Sîn (EAE 1–22)'],,
46,"1879,0708.246",8,4,AKKADIAN,AN.GI₆,AN.GI₆,['antalû I'],['CANONICAL ➝ Divination ➝ Celestial ➝ Enūma Anu Enlil ➝ Sîn (EAE 1–22)'],,
47,"1879,0708.246",8,5,AKKADIAN,30,30,['Sîn I'],['CANONICAL ➝ Divination ➝ Celestial ➝ Enūma Anu Enlil ➝ Sîn (EAE 1–22)'],,
48,"1879,0708.246",8,6,AKKADIAN,GAR-ma,GAR-ma,['šakānu I'],['CANONICAL ➝ Divination ➝ Celestial ➝ Enūma Anu Enlil ➝ Sîn (EAE 1–22)'],,
49,"1879,0708.246",8,7,AKKADIAN,KAN₅-su-ma,KAN₅-su-ma,['adirtu I'],['CANONICAL ➝ Divination ➝ Celestial ➝ Enūma Anu Enlil ➝ Sîn (EAE 1–22)'],,
50,"1879,0708.246",8,8,AKKADIAN,KU₄,KU₄,[],['CANONICAL ➝ Divination ➝ Celestial ➝ Enūma Anu Enlil ➝ Sîn (EAE 1–22)'],,
