,fragment_id,fragment_line_num,index_in_line,word_language,value,clean_value,lemma,domain,place_discovery,place_composition
0,"1879,0708.319",1,1,AKKADIAN,BARA₂,BARA₂,[],['CANONICAL ➝ Divination ➝ Terrestrial ➝ Šumma ālu'],,
1,"1879,0708.319",2,2,AKKADIAN,TA,TA,[],['CANONICAL ➝ Divination ➝ Terrestrial ➝ Šumma ālu'],,
2,"1879,0708.319",4,2,AKKADIAN,KIMIN,KIMIN,[],['CANONICAL ➝ Divination ➝ Terrestrial ➝ Šumma ālu'],,
3,"1879,0708.319",5,2,AKKADIAN,KIMIN,KIMIN,[],['CANONICAL ➝ Divination ➝ Terrestrial ➝ Šumma ālu'],,
4,"1879,0708.319",5,3,AKKADIAN,MUŠ,MUŠ,[],['CANONICAL ➝ Divination ➝ Terrestrial ➝ Šumma ālu'],,
5,"1879,0708.319",6,2,AKKADIAN,KIMIN,KIMIN,[],['CANONICAL ➝ Divination ➝ Terrestrial ➝ Šumma ālu'],,
6,"1879,0708.319",6,3,AKKADIAN,MUŠ,MUŠ,[],['CANONICAL ➝ Divination ➝ Terrestrial ➝ Šumma ālu'],,
7,"1879,0708.319",6,4,AKKADIAN,ana,ana,[],['CANONICAL ➝ Divination ➝ Terrestrial ➝ Šumma ālu'],,
8,"1879,0708.319",7,2,AKKADIAN,KIMIN,KIMIN,[],['CANONICAL ➝ Divination ➝ Terrestrial ➝ Šumma ālu'],,
9,"1879,0708.319",7,3,AKKADIAN,MUŠ,MUŠ,[],['CANONICAL ➝ Divination ➝ Terrestrial ➝ Šumma ālu'],,
10,"1879,0708.319",7,4,AKKADIAN,ana,ana,[],['CANONICAL ➝ Divination ➝ Terrestrial ➝ Šumma ālu'],,
11,"1879,0708.319",11,1,AKKADIAN,si,si,[],['CANONICAL ➝ Divination ➝ Terrestrial ➝ Šumma ālu'],,
12,"1879,0708.319",12,1,AKKADIAN,ana,ana,[],['CANONICAL ➝ Divination ➝ Terrestrial ➝ Šumma ālu'],,
13,"1879,0708.319",13,2,AKKADIAN,ana,ana,[],['CANONICAL ➝ Divination ➝ Terrestrial ➝ Šumma ālu'],,
