,fragment_id,fragment_line_num,index_in_line,word_language,value,clean_value,lemma,domain,place_discovery,place_composition
0,"1876,1117.2750",2,3,AKKADIAN,kur,kur,[],see genres.json file,,
1,"1876,1117.2750",3,2,AKKADIAN,a,a,[],see genres.json file,,
2,"1876,1117.2750",4,2,AKKADIAN,šid,šid,[],see genres.json file,,
3,"1876,1117.2750",4,3,AKKADIAN,ma/ba,ma/ba,[],see genres.json file,,
4,"1876,1117.2750",5,2,AKKADIAN,ku,ku,[],see genres.json file,,
5,"1876,1117.2750",5,3,AKKADIAN,an,an,[],see genres.json file,,
6,"1876,1117.2750",6,1,AKKADIAN,ig,ig,[],see genres.json file,,
