,fragment_id,fragment_line_num,index_in_line,word_language,value,clean_value,lemma,domain,place_discovery,place_composition
0,"1879,0708.208",5,2,AKKADIAN,mah-ri,mah-ri,[],['CANONICAL'],,
1,"1879,0708.208",6,2,AKKADIAN,di/mur,di/mur,[],['CANONICAL'],,
2,"1879,0708.208",7,2,AKKADIAN,a-bi-ka,a-bi-ka,[],['CANONICAL'],,
3,"1879,0708.208",13,2,AKKADIAN,ši-iq-ra,ši-iq-ra,[],['CANONICAL'],,
4,"1879,0708.208",13,4,AKKADIAN,ut,ut,[],['CANONICAL'],,
5,"1879,0708.208",14,3,AKKADIAN,ina,ina,[],['CANONICAL'],,
6,"1879,0708.208",15,2,AKKADIAN,UZU,UZU,[],['CANONICAL'],,
7,"1879,0708.208",16,2,AKKADIAN,ši,ši,[],['CANONICAL'],,
