,fragment_id,fragment_line_num,index_in_line,word_language,value,clean_value,lemma,domain,place_discovery,place_composition
0,"1880,0719.360",0,3,AKKADIAN,SAG,SAG,[],['CANONICAL ➝ Divination'],,
1,"1880,0719.360",1,3,AKKADIAN,ŠU,ŠU,[],['CANONICAL ➝ Divination'],,
2,"1880,0719.360",3,1,AKKADIAN,ŠUB-ut,ŠUB-ut,[],['CANONICAL ➝ Divination'],,
3,"1880,0719.360",3,3,AKKADIAN,ŠUB,ŠUB,[],['CANONICAL ➝ Divination'],,
4,"1880,0719.360",4,2,AKKADIAN,ŠUB-ut,ŠUB-ut,['maqātu I'],['CANONICAL ➝ Divination'],,
5,"1880,0719.360",4,4,AKKADIAN,UZU,UZU,['šīru I'],['CANONICAL ➝ Divination'],,
6,"1880,0719.360",5,2,AKKADIAN,ŠUB-ut,ŠUB-ut,['maqātu I'],['CANONICAL ➝ Divination'],,
7,"1880,0719.360",6,2,AKKADIAN,ŠUB-ut,ŠUB-ut,['maqātu I'],['CANONICAL ➝ Divination'],,
8,"1880,0719.360",6,4,AKKADIAN,GABA,GABA,[],['CANONICAL ➝ Divination'],,
9,"1880,0719.360",7,1,AKKADIAN,ŠUB-ut,ŠUB-ut,[],['CANONICAL ➝ Divination'],,
10,"1880,0719.360",8,1,AKKADIAN,ŠUB-ut,ŠUB-ut,[],['CANONICAL ➝ Divination'],,
11,"1880,0719.360",8,3,AKKADIAN,ILLU,ILLU,[],['CANONICAL ➝ Divination'],,
12,"1880,0719.360",9,3,AKKADIAN,INIM.GAR,INIM.GAR,[],['CANONICAL ➝ Divination'],,
