,fragment_id,fragment_line_num,index_in_line,word_language,value,clean_value,lemma,domain,place_discovery,place_composition
0,"1880,0719.367",1,2,AKKADIAN,SAG₉.GA,SAG₉.GA,[],['CANONICAL ➝ Divination ➝ Terrestrial ➝ Šumma ālu'],,
1,"1880,0719.367",2,2,AKKADIAN,KA,KA,[],['CANONICAL ➝ Divination ➝ Terrestrial ➝ Šumma ālu'],,
2,"1880,0719.367",2,3,AKKADIAN,a-pa-a-ti,a-pa-a-ti,['apâtu I'],['CANONICAL ➝ Divination ➝ Terrestrial ➝ Šumma ālu'],,
3,"1880,0719.367",3,1,AKKADIAN,a-pa-a-ti,a-pa-a-ti,['apâtu I'],['CANONICAL ➝ Divination ➝ Terrestrial ➝ Šumma ālu'],,
4,"1880,0719.367",4,1,AKKADIAN,a-pa-a-ti,a-pa-a-ti,['apâtu I'],['CANONICAL ➝ Divination ➝ Terrestrial ➝ Šumma ālu'],,
5,"1880,0719.367",5,1,AKKADIAN,GID₂.DA-MEŠ,GID₂.DA-MEŠ,['arāku I'],['CANONICAL ➝ Divination ➝ Terrestrial ➝ Šumma ālu'],,
