,fragment_id,fragment_line_num,index_in_line,word_language,value,clean_value,lemma,domain,place_discovery,place_composition
0,"1879,0708.36",3,2,AKKADIAN,DU₃-su,DU₃-su,[],['CANONICAL ➝ Historiography ➝ Chronicles'],,
1,"1879,0708.36",12,1,AKKADIAN,{lu₂}NU-{giš}KIRI₆,{lu₂}NU-{giš}KIRI₆,[],['CANONICAL ➝ Historiography ➝ Chronicles'],,
2,"1879,0708.36",13,0,AKKADIAN,{d}er₃-ra-i-mit-ti,{d}er₃-ra-i-mit-ti,[],['CANONICAL ➝ Historiography ➝ Chronicles'],,
3,"1879,0708.36",13,1,AKKADIAN,ana,ana,[],['CANONICAL ➝ Historiography ➝ Chronicles'],,
4,"1879,0708.36",14,0,AKKADIAN,ha-as-su,ha-as-su,[],['CANONICAL ➝ Historiography ➝ Chronicles'],,
5,"1879,0708.36",14,1,AKKADIAN,u₃,u₃,[],['CANONICAL ➝ Historiography ➝ Chronicles'],,
6,"1879,0708.36",15,0,AKKADIAN,it-bu-ma,it-bu-ma,[],['CANONICAL ➝ Historiography ➝ Chronicles'],,
7,"1879,0708.36",16,0,AKKADIAN,ina,ina,[],['CANONICAL ➝ Historiography ➝ Chronicles'],,
8,"1879,0708.36",16,1,AKKADIAN,a-mat,a-mat,[],['CANONICAL ➝ Historiography ➝ Chronicles'],,
9,"1879,0708.36",17,0,AKKADIAN,de-ka,de-ka,[],['CANONICAL ➝ Historiography ➝ Chronicles'],,
10,"1879,0708.36",24,0,AKKADIAN,{id₂}IDIGNA,{id₂}IDIGNA,[],['CANONICAL ➝ Historiography ➝ Chronicles'],,
11,"1879,0708.36",25,1,AKKADIAN,DINGIR-ma-DINGIR,DINGIR-ma-DINGIR,[],['CANONICAL ➝ Historiography ➝ Chronicles'],,
12,"1879,0708.36",26,0,AKKADIAN,ina,ina,[],['CANONICAL ➝ Historiography ➝ Chronicles'],,
13,"1879,0708.36",26,1,AKKADIAN,a-mat,a-mat,[],['CANONICAL ➝ Historiography ➝ Chronicles'],,
14,"1879,0708.36",26,2,AKKADIAN,EN,EN,[],['CANONICAL ➝ Historiography ➝ Chronicles'],,
15,"1879,0708.36",26,3,AKKADIAN,GAL,GAL,[],['CANONICAL ➝ Historiography ➝ Chronicles'],,
16,"1879,0708.36",27,1,AKKADIAN,a-na,a-na,[],['CANONICAL ➝ Historiography ➝ Chronicles'],,
17,"1879,0708.36",29,5,AKKADIAN,ri,ri,[],['CANONICAL ➝ Historiography ➝ Chronicles'],,
