,fragment_id,fragment_line_num,index_in_line,word_language,value,clean_value,lemma,domain,place_discovery,place_composition
0,"1881,0204.199",3,2,AKKADIAN,IGI,IGI,[],"['CANONICAL ➝ Divination ➝ Physiognomy', 'CANONICAL ➝ Technical ➝ Commentary']",,
1,"1881,0204.199",4,2,AKKADIAN,IL₂-ši,IL₂-ši,['našû II'],"['CANONICAL ➝ Divination ➝ Physiognomy', 'CANONICAL ➝ Technical ➝ Commentary']",,
2,"1881,0204.199",5,2,AKKADIAN,UG₇,UG₇,['mâtu I'],"['CANONICAL ➝ Divination ➝ Physiognomy', 'CANONICAL ➝ Technical ➝ Commentary']",,
3,"1881,0204.199",6,2,AKKADIAN,UG₇,UG₇,['mâtu I'],"['CANONICAL ➝ Divination ➝ Physiognomy', 'CANONICAL ➝ Technical ➝ Commentary']",,
4,"1881,0204.199",7,1,AKKADIAN,TUKU-ši,TUKU-ši,['rašû I'],"['CANONICAL ➝ Divination ➝ Physiognomy', 'CANONICAL ➝ Technical ➝ Commentary']",,
5,"1881,0204.199",12,1,AKKADIAN,NUNDUM,NUNDUM,['šaptu I'],"['CANONICAL ➝ Divination ➝ Physiognomy', 'CANONICAL ➝ Technical ➝ Commentary']",,
6,"1881,0204.199",12,3,AKKADIAN,GAR,GAR,['šakānu I'],"['CANONICAL ➝ Divination ➝ Physiognomy', 'CANONICAL ➝ Technical ➝ Commentary']",,
7,"1881,0204.199",12,4,AKKADIAN,ṣil-tu,ṣil-tu,['ṣāltu I'],"['CANONICAL ➝ Divination ➝ Physiognomy', 'CANONICAL ➝ Technical ➝ Commentary']",,
8,"1881,0204.199",12,5,AKKADIAN,ul,ul,['ul I'],"['CANONICAL ➝ Divination ➝ Physiognomy', 'CANONICAL ➝ Technical ➝ Commentary']",,
9,"1881,0204.199",13,2,AKKADIAN,u,u,['u I'],"['CANONICAL ➝ Divination ➝ Physiognomy', 'CANONICAL ➝ Technical ➝ Commentary']",,
10,"1881,0204.199",13,3,AKKADIAN,150,150,['šumēlu I'],"['CANONICAL ➝ Divination ➝ Physiognomy', 'CANONICAL ➝ Technical ➝ Commentary']",,
11,"1881,0204.199",13,4,AKKADIAN,GID₂.DA-MEŠ-ma,GID₂.DA-MEŠ-ma,['arāku I'],"['CANONICAL ➝ Divination ➝ Physiognomy', 'CANONICAL ➝ Technical ➝ Commentary']",,
12,"1881,0204.199",13,5,AKKADIAN,ṣap-ra,ṣap-ra,['ṣapru I'],"['CANONICAL ➝ Divination ➝ Physiognomy', 'CANONICAL ➝ Technical ➝ Commentary']",,
13,"1881,0204.199",14,0,AKKADIAN,BE,BE,['šumma I'],"['CANONICAL ➝ Divination ➝ Physiognomy', 'CANONICAL ➝ Technical ➝ Commentary']",,
14,"1881,0204.199",14,1,AKKADIAN,NUNDUM,NUNDUM,['šaptu I'],"['CANONICAL ➝ Divination ➝ Physiognomy', 'CANONICAL ➝ Technical ➝ Commentary']",,
15,"1881,0204.199",14,2,AKKADIAN,ku-li-lu,ku-li-lu,['kulīlu I'],"['CANONICAL ➝ Divination ➝ Physiognomy', 'CANONICAL ➝ Technical ➝ Commentary']",,
16,"1881,0204.199",14,3,AKKADIAN,GAR,GAR,['šakānu I'],"['CANONICAL ➝ Divination ➝ Physiognomy', 'CANONICAL ➝ Technical ➝ Commentary']",,
17,"1881,0204.199",14,4,AKKADIAN,kib-ra,kib-ra,['kibru I'],"['CANONICAL ➝ Divination ➝ Physiognomy', 'CANONICAL ➝ Technical ➝ Commentary']",,
18,"1881,0204.199",14,5,AKKADIAN,TUKU-ši,TUKU-ši,['rašû I'],"['CANONICAL ➝ Divination ➝ Physiognomy', 'CANONICAL ➝ Technical ➝ Commentary']",,
19,"1881,0204.199",15,1,AKKADIAN,15,15,['imittu I'],"['CANONICAL ➝ Divination ➝ Physiognomy', 'CANONICAL ➝ Technical ➝ Commentary']",,
20,"1881,0204.199",15,2,AKKADIAN,u,u,['u I'],"['CANONICAL ➝ Divination ➝ Physiognomy', 'CANONICAL ➝ Technical ➝ Commentary']",,
21,"1881,0204.199",15,3,AKKADIAN,150,150,['šumēlu I'],"['CANONICAL ➝ Divination ➝ Physiognomy', 'CANONICAL ➝ Technical ➝ Commentary']",,
22,"1881,0204.199",15,4,AKKADIAN,GID₂.DA-MEŠ-ma,GID₂.DA-MEŠ-ma,['arāku I'],"['CANONICAL ➝ Divination ➝ Physiognomy', 'CANONICAL ➝ Technical ➝ Commentary']",,
23,"1881,0204.199",16,0,AKKADIAN,BE,BE,['šumma I'],"['CANONICAL ➝ Divination ➝ Physiognomy', 'CANONICAL ➝ Technical ➝ Commentary']",,
24,"1881,0204.199",16,1,AKKADIAN,NUNDUM,NUNDUM,['šaptu I'],"['CANONICAL ➝ Divination ➝ Physiognomy', 'CANONICAL ➝ Technical ➝ Commentary']",,
25,"1881,0204.199",16,2,AKKADIAN,ku-za-zi,ku-za-zi,['kuzāzu I'],"['CANONICAL ➝ Divination ➝ Physiognomy', 'CANONICAL ➝ Technical ➝ Commentary']",,
26,"1881,0204.199",16,3,AKKADIAN,GAR,GAR,['šakānu I'],"['CANONICAL ➝ Divination ➝ Physiognomy', 'CANONICAL ➝ Technical ➝ Commentary']",,
27,"1881,0204.199",16,4,AKKADIAN,UKU₂-in,UKU₂-in,['lapānu I'],"['CANONICAL ➝ Divination ➝ Physiognomy', 'CANONICAL ➝ Technical ➝ Commentary']",,
28,"1881,0204.199",17,2,AKKADIAN,NINDA,NINDA,['akalu I'],"['CANONICAL ➝ Divination ➝ Physiognomy', 'CANONICAL ➝ Technical ➝ Commentary']",,
29,"1881,0204.199",17,3,AKKADIAN,ma-ʾ-da,ma-ʾ-da,"[""ma'dû I""]","['CANONICAL ➝ Divination ➝ Physiognomy', 'CANONICAL ➝ Technical ➝ Commentary']",,
30,"1881,0204.199",17,5,AKKADIAN,NU,NU,['lā I'],"['CANONICAL ➝ Divination ➝ Physiognomy', 'CANONICAL ➝ Technical ➝ Commentary']",,
31,"1881,0204.199",17,6,AKKADIAN,GU₇,GU₇,['akālu I'],"['CANONICAL ➝ Divination ➝ Physiognomy', 'CANONICAL ➝ Technical ➝ Commentary']",,
32,"1881,0204.199",18,0,AKKADIAN,BE,BE,['šumma I'],"['CANONICAL ➝ Divination ➝ Physiognomy', 'CANONICAL ➝ Technical ➝ Commentary']",,
33,"1881,0204.199",18,1,AKKADIAN,NUNDUM,NUNDUM,['šaptu I'],"['CANONICAL ➝ Divination ➝ Physiognomy', 'CANONICAL ➝ Technical ➝ Commentary']",,
34,"1881,0204.199",18,2,AKKADIAN,maš-ti,maš-ti,['maštu I'],"['CANONICAL ➝ Divination ➝ Physiognomy', 'CANONICAL ➝ Technical ➝ Commentary']",,
35,"1881,0204.199",18,3,AKKADIAN,GAR,GAR,['šakānu I'],"['CANONICAL ➝ Divination ➝ Physiognomy', 'CANONICAL ➝ Technical ➝ Commentary']",,
36,"1881,0204.199",18,4,AKKADIAN,ina,ina,['ina I'],"['CANONICAL ➝ Divination ➝ Physiognomy', 'CANONICAL ➝ Technical ➝ Commentary']",,
37,"1881,0204.199",18,5,AKKADIAN,{giš}TUKUL,{giš}TUKUL,['kakku I'],"['CANONICAL ➝ Divination ➝ Physiognomy', 'CANONICAL ➝ Technical ➝ Commentary']",,
38,"1881,0204.199",18,6,AKKADIAN,GAZ,GAZ,['dâku I'],"['CANONICAL ➝ Divination ➝ Physiognomy', 'CANONICAL ➝ Technical ➝ Commentary']",,
39,"1881,0204.199",18,7,AKKADIAN,NUNDUM,NUNDUM,['šaptu I'],"['CANONICAL ➝ Divination ➝ Physiognomy', 'CANONICAL ➝ Technical ➝ Commentary']",,
40,"1881,0204.199",18,8,AKKADIAN,ku-za-zi,ku-za-zi,['kuzāzu I'],"['CANONICAL ➝ Divination ➝ Physiognomy', 'CANONICAL ➝ Technical ➝ Commentary']",,
41,"1881,0204.199",19,0,AKKADIAN,BE,BE,['šumma I'],"['CANONICAL ➝ Divination ➝ Physiognomy', 'CANONICAL ➝ Technical ➝ Commentary']",,
42,"1881,0204.199",19,1,AKKADIAN,NUNDUM,NUNDUM,['šaptu I'],"['CANONICAL ➝ Divination ➝ Physiognomy', 'CANONICAL ➝ Technical ➝ Commentary']",,
43,"1881,0204.199",19,2,AKKADIAN,ṣi-ba-ri,ṣi-ba-ri,['ṣibaru I'],"['CANONICAL ➝ Divination ➝ Physiognomy', 'CANONICAL ➝ Technical ➝ Commentary']",,
44,"1881,0204.199",19,3,AKKADIAN,GAR,GAR,['šakānu I'],"['CANONICAL ➝ Divination ➝ Physiognomy', 'CANONICAL ➝ Technical ➝ Commentary']",,
45,"1881,0204.199",19,4,AKKADIAN,NIG₂.TUKU-ma,NIG₂.TUKU-ma,['šarû II'],"['CANONICAL ➝ Divination ➝ Physiognomy', 'CANONICAL ➝ Technical ➝ Commentary']",,
46,"1881,0204.199",19,5,AKKADIAN,UKU₂,UKU₂,['lapānu I'],"['CANONICAL ➝ Divination ➝ Physiognomy', 'CANONICAL ➝ Technical ➝ Commentary']",,
47,"1881,0204.199",20,1,AKKADIAN,DIŠ-it,DIŠ-it,['ištēn I'],"['CANONICAL ➝ Divination ➝ Physiognomy', 'CANONICAL ➝ Technical ➝ Commentary']",,
48,"1881,0204.199",20,2,AKKADIAN,ša₂,ša₂,['ša I'],"['CANONICAL ➝ Divination ➝ Physiognomy', 'CANONICAL ➝ Technical ➝ Commentary']",,
49,"1881,0204.199",20,3,AKKADIAN,MURUB₄-ti₃,MURUB₄-ti₃,['qablītu I'],"['CANONICAL ➝ Divination ➝ Physiognomy', 'CANONICAL ➝ Technical ➝ Commentary']",,
50,"1881,0204.199",20,4,AKKADIAN,GID₂.DA-ma,GID₂.DA-ma,['arāku I'],"['CANONICAL ➝ Divination ➝ Physiognomy', 'CANONICAL ➝ Technical ➝ Commentary']",,
51,"1881,0204.199",21,0,AKKADIAN,BE,BE,['šumma I'],"['CANONICAL ➝ Divination ➝ Physiognomy', 'CANONICAL ➝ Technical ➝ Commentary']",,
52,"1881,0204.199",21,1,AKKADIAN,NUNDUM,NUNDUM,['šaptu I'],"['CANONICAL ➝ Divination ➝ Physiognomy', 'CANONICAL ➝ Technical ➝ Commentary']",,
53,"1881,0204.199",21,2,AKKADIAN,SA.A,SA.A,['šurānu I'],"['CANONICAL ➝ Divination ➝ Physiognomy', 'CANONICAL ➝ Technical ➝ Commentary']",,
54,"1881,0204.199",21,3,AKKADIAN,GAR,GAR,['šakānu I'],"['CANONICAL ➝ Divination ➝ Physiognomy', 'CANONICAL ➝ Technical ➝ Commentary']",,
55,"1881,0204.199",21,4,AKKADIAN,ik-ka-aṣ,ik-ka-aṣ,['kâṣu I'],"['CANONICAL ➝ Divination ➝ Physiognomy', 'CANONICAL ➝ Technical ➝ Commentary']",,
56,"1881,0204.199",21,5,AKKADIAN,SU₆-MEŠ-šu₂,SU₆-MEŠ-šu₂,['ziqnu I'],"['CANONICAL ➝ Divination ➝ Physiognomy', 'CANONICAL ➝ Technical ➝ Commentary']",,
57,"1881,0204.199",22,1,AKKADIAN,ina,ina,['ina I'],"['CANONICAL ➝ Divination ➝ Physiognomy', 'CANONICAL ➝ Technical ➝ Commentary']",,
58,"1881,0204.199",22,2,AKKADIAN,UGU,UGU,['muhhu I'],"['CANONICAL ➝ Divination ➝ Physiognomy', 'CANONICAL ➝ Technical ➝ Commentary']",,
59,"1881,0204.199",22,3,AKKADIAN,TE-MEŠ-šu₂,TE-MEŠ-šu₂,['lētu I'],"['CANONICAL ➝ Divination ➝ Physiognomy', 'CANONICAL ➝ Technical ➝ Commentary']",,
60,"1881,0204.199",22,4,AKKADIAN,e-la-ni,e-la-ni,['elû III'],"['CANONICAL ➝ Divination ➝ Physiognomy', 'CANONICAL ➝ Technical ➝ Commentary']",,
61,"1881,0204.199",23,1,AKKADIAN,ina,ina,['ina I'],"['CANONICAL ➝ Divination ➝ Physiognomy', 'CANONICAL ➝ Technical ➝ Commentary']",,
62,"1881,0204.199",23,2,AKKADIAN,UGU,UGU,['muhhu I'],"['CANONICAL ➝ Divination ➝ Physiognomy', 'CANONICAL ➝ Technical ➝ Commentary']",,
63,"1881,0204.199",23,3,AKKADIAN,suq-ti-šu₂,suq-ti-šu₂,"['suqtu I', '-šu I']","['CANONICAL ➝ Divination ➝ Physiognomy', 'CANONICAL ➝ Technical ➝ Commentary']",,
64,"1881,0204.199",23,4,AKKADIAN,za-rat,za-rat,['zarâ I'],"['CANONICAL ➝ Divination ➝ Physiognomy', 'CANONICAL ➝ Technical ➝ Commentary']",,
65,"1881,0204.199",23,5,AKKADIAN,u,u,['u I'],"['CANONICAL ➝ Divination ➝ Physiognomy', 'CANONICAL ➝ Technical ➝ Commentary']",,
66,"1881,0204.199",23,6,AKKADIAN,kab-ba-rat,kab-ba-rat,['kabru I'],"['CANONICAL ➝ Divination ➝ Physiognomy', 'CANONICAL ➝ Technical ➝ Commentary']",,
67,"1881,0204.199",24,0,AKKADIAN,BE,BE,['šumma I'],"['CANONICAL ➝ Divination ➝ Physiognomy', 'CANONICAL ➝ Technical ➝ Commentary']",,
68,"1881,0204.199",24,1,AKKADIAN,NUNDUM,NUNDUM,['šaptu I'],"['CANONICAL ➝ Divination ➝ Physiognomy', 'CANONICAL ➝ Technical ➝ Commentary']",,
69,"1881,0204.199",24,2,AKKADIAN,ŠAH,ŠAH,['šahû I'],"['CANONICAL ➝ Divination ➝ Physiognomy', 'CANONICAL ➝ Technical ➝ Commentary']",,
70,"1881,0204.199",24,3,AKKADIAN,GAR,GAR,['šakānu I'],"['CANONICAL ➝ Divination ➝ Physiognomy', 'CANONICAL ➝ Technical ➝ Commentary']",,
71,"1881,0204.199",24,4,AKKADIAN,gi-ra-nu-šu₂,gi-ra-nu-šu₂,['gerrānu I'],"['CANONICAL ➝ Divination ➝ Physiognomy', 'CANONICAL ➝ Technical ➝ Commentary']",,
72,"1881,0204.199",24,5,AKKADIAN,NU,NU,['lā I'],"['CANONICAL ➝ Divination ➝ Physiognomy', 'CANONICAL ➝ Technical ➝ Commentary']",,
73,"1881,0204.199",24,6,AKKADIAN,GAL₂-ši,GAL₂-ši,['bašû I'],"['CANONICAL ➝ Divination ➝ Physiognomy', 'CANONICAL ➝ Technical ➝ Commentary']",,
74,"1881,0204.199",25,1,AKKADIAN,ša₂,ša₂,['ša I'],"['CANONICAL ➝ Divination ➝ Physiognomy', 'CANONICAL ➝ Technical ➝ Commentary']",,
75,"1881,0204.199",25,2,AKKADIAN,NUNDUM-MEŠ-šu₂,NUNDUM-MEŠ-šu₂,"['šaptu I', '-šu I']","['CANONICAL ➝ Divination ➝ Physiognomy', 'CANONICAL ➝ Technical ➝ Commentary']",,
76,"1881,0204.199",25,3,AKKADIAN,AN.TA,AN.TA,['eliš I'],"['CANONICAL ➝ Divination ➝ Physiognomy', 'CANONICAL ➝ Technical ➝ Commentary']",,
77,"1881,0204.199",25,4,AKKADIAN,u,u,['u I'],"['CANONICAL ➝ Divination ➝ Physiognomy', 'CANONICAL ➝ Technical ➝ Commentary']",,
78,"1881,0204.199",25,5,AKKADIAN,KI.TA,KI.TA,['šapliš I'],"['CANONICAL ➝ Divination ➝ Physiognomy', 'CANONICAL ➝ Technical ➝ Commentary']",,
79,"1881,0204.199",25,6,AKKADIAN,še-ʾ-ra,še-ʾ-ra,"[""se'ru I""]","['CANONICAL ➝ Divination ➝ Physiognomy', 'CANONICAL ➝ Technical ➝ Commentary']",,
80,"1881,0204.199",26,1,AKKADIAN,SU₆,SU₆,['ziqnu I'],"['CANONICAL ➝ Divination ➝ Physiognomy', 'CANONICAL ➝ Technical ➝ Commentary']",,
81,"1881,0204.199",26,2,AKKADIAN,SIK₂-HI.A,SIK₂-HI.A,[],"['CANONICAL ➝ Divination ➝ Physiognomy', 'CANONICAL ➝ Technical ➝ Commentary']",,
82,"1881,0204.199",26,3,AKKADIAN,GAR,GAR,['šakānu I'],"['CANONICAL ➝ Divination ➝ Physiognomy', 'CANONICAL ➝ Technical ➝ Commentary']",,
83,"1881,0204.199",26,4,AKKADIAN,IGI+MIN-šu₂,IGI+MIN-šu₂,[],"['CANONICAL ➝ Divination ➝ Physiognomy', 'CANONICAL ➝ Technical ➝ Commentary']",,
84,"1881,0204.199",26,5,AKKADIAN,iz-ziz-za,iz-ziz-za,['izuzzu I'],"['CANONICAL ➝ Divination ➝ Physiognomy', 'CANONICAL ➝ Technical ➝ Commentary']",,
85,"1881,0204.199",27,2,AKKADIAN,ŠID-MEŠ,ŠID-MEŠ,['minītu I'],"['CANONICAL ➝ Divination ➝ Physiognomy', 'CANONICAL ➝ Technical ➝ Commentary']",,
86,"1881,0204.199",27,3,AKKADIAN,la,la,['lā I'],"['CANONICAL ➝ Divination ➝ Physiognomy', 'CANONICAL ➝ Technical ➝ Commentary']",,
87,"1881,0204.199",27,4,AKKADIAN,a-ha-meš,a-ha-meš,['ahāmiš I'],"['CANONICAL ➝ Divination ➝ Physiognomy', 'CANONICAL ➝ Technical ➝ Commentary']",,
88,"1881,0204.199",27,5,AKKADIAN,zi-za,zi-za,['zīzu I'],"['CANONICAL ➝ Divination ➝ Physiognomy', 'CANONICAL ➝ Technical ➝ Commentary']",,
89,"1881,0204.199",28,2,AKKADIAN,GE₆,GE₆,['ṣalmu I'],"['CANONICAL ➝ Divination ➝ Physiognomy', 'CANONICAL ➝ Technical ➝ Commentary']",,
90,"1881,0204.199",28,3,AKKADIAN,GAR,GAR,['šakānu I'],"['CANONICAL ➝ Divination ➝ Physiognomy', 'CANONICAL ➝ Technical ➝ Commentary']",,
91,"1881,0204.199",28,4,AKKADIAN,ṣil-tu,ṣil-tu,['ṣāltu I'],"['CANONICAL ➝ Divination ➝ Physiognomy', 'CANONICAL ➝ Technical ➝ Commentary']",,
92,"1881,0204.199",28,5,AKKADIAN,ul,ul,['ul I'],"['CANONICAL ➝ Divination ➝ Physiognomy', 'CANONICAL ➝ Technical ➝ Commentary']",,
93,"1881,0204.199",28,6,AKKADIAN,TAG₄-su,TAG₄-su,['ezēbu I'],"['CANONICAL ➝ Divination ➝ Physiognomy', 'CANONICAL ➝ Technical ➝ Commentary']",,
94,"1881,0204.199",29,2,AKKADIAN,i-ma-šid-su,i-ma-šid-su,['mašādu I'],"['CANONICAL ➝ Divination ➝ Physiognomy', 'CANONICAL ➝ Technical ➝ Commentary']",,
95,"1881,0204.199",30,3,AKKADIAN,u,u,['u I'],"['CANONICAL ➝ Divination ➝ Physiognomy', 'CANONICAL ➝ Technical ➝ Commentary']",,
96,"1881,0204.199",30,4,AKKADIAN,qu-un-nu-na,qu-un-nu-na,['qunnunu I'],"['CANONICAL ➝ Divination ➝ Physiognomy', 'CANONICAL ➝ Technical ➝ Commentary']",,
97,"1881,0204.199",31,2,AKKADIAN,GAR,GAR,['šakānu I'],"['CANONICAL ➝ Divination ➝ Physiognomy', 'CANONICAL ➝ Technical ➝ Commentary']",,
98,"1881,0204.199",31,3,AKKADIAN,i-te-ik-ki-ik,i-te-ik-ki-ik,['ekēku I'],"['CANONICAL ➝ Divination ➝ Physiognomy', 'CANONICAL ➝ Technical ➝ Commentary']",,
99,"1881,0204.199",32,1,AKKADIAN,U₄-MEŠ-šu₂,U₄-MEŠ-šu₂,['ūmu I'],"['CANONICAL ➝ Divination ➝ Physiognomy', 'CANONICAL ➝ Technical ➝ Commentary']",,
100,"1881,0204.199",32,2,AKKADIAN,SU₃-MEŠ-ma,SU₃-MEŠ-ma,['rūqu I'],"['CANONICAL ➝ Divination ➝ Physiognomy', 'CANONICAL ➝ Technical ➝ Commentary']",,
101,"1881,0204.199",33,3,AKKADIAN,EN,EN,['bēlu I'],"['CANONICAL ➝ Divination ➝ Physiognomy', 'CANONICAL ➝ Technical ➝ Commentary']",,
102,"1881,0204.199",33,4,AKKADIAN,ZI-šu₂,ZI-šu₂,['tebû I'],"['CANONICAL ➝ Divination ➝ Physiognomy', 'CANONICAL ➝ Technical ➝ Commentary']",,
103,"1881,0204.199",33,5,AKKADIAN,GEN-MEŠ-ni,GEN-MEŠ-ni,['alāku I'],"['CANONICAL ➝ Divination ➝ Physiognomy', 'CANONICAL ➝ Technical ➝ Commentary']",,
104,"1881,0204.199",34,2,AKKADIAN,ina,ina,['ina I'],"['CANONICAL ➝ Divination ➝ Physiognomy', 'CANONICAL ➝ Technical ➝ Commentary']",,
105,"1881,0204.199",34,3,AKKADIAN,GIŠ,GIŠ,['iṣu I'],"['CANONICAL ➝ Divination ➝ Physiognomy', 'CANONICAL ➝ Technical ➝ Commentary']",,
106,"1881,0204.199",34,4,AKKADIAN,GAZ,GAZ,['dâku I'],"['CANONICAL ➝ Divination ➝ Physiognomy', 'CANONICAL ➝ Technical ➝ Commentary']",,
107,"1881,0204.199",35,2,AKKADIAN,U,U,[],"['CANONICAL ➝ Divination ➝ Physiognomy', 'CANONICAL ➝ Technical ➝ Commentary']",,
108,"1881,0204.199",35,3,AKKADIAN,kab-ba-ra,kab-ba-ra,['kabbaru I'],"['CANONICAL ➝ Divination ➝ Physiognomy', 'CANONICAL ➝ Technical ➝ Commentary']",,
109,"1881,0204.199",36,2,AKKADIAN,ina,ina,['ina I'],"['CANONICAL ➝ Divination ➝ Physiognomy', 'CANONICAL ➝ Technical ➝ Commentary']",,
110,"1881,0204.199",36,3,AKKADIAN,{giš}TUKUL,{giš}TUKUL,['kakku I'],"['CANONICAL ➝ Divination ➝ Physiognomy', 'CANONICAL ➝ Technical ➝ Commentary']",,
111,"1881,0204.199",36,4,AKKADIAN,RA,RA,['mahāṣu I'],"['CANONICAL ➝ Divination ➝ Physiognomy', 'CANONICAL ➝ Technical ➝ Commentary']",,
112,"1881,0204.199",37,2,AKKADIAN,KAL,KAL,[],"['CANONICAL ➝ Divination ➝ Physiognomy', 'CANONICAL ➝ Technical ➝ Commentary']",,
113,"1881,0204.199",38,1,AKKADIAN,LUGUD.DA-MEŠ,LUGUD.DA-MEŠ,[],"['CANONICAL ➝ Divination ➝ Physiognomy', 'CANONICAL ➝ Technical ➝ Commentary']",,
114,"1881,0204.199",38,2,AKKADIAN,{giš}TUKUL,{giš}TUKUL,[],"['CANONICAL ➝ Divination ➝ Physiognomy', 'CANONICAL ➝ Technical ➝ Commentary']",,
