,fragment_id,fragment_line_num,index_in_line,word_language,value,clean_value,lemma,domain,place_discovery,place_composition
0,"1880,0719.290",1,7,AKKADIAN,MUR,MUR,[],['CANONICAL ➝ Divination ➝ Extispicy'],,
1,"1880,0719.290",1,8,AKKADIAN,MURU₂,MURU₂,[],['CANONICAL ➝ Divination ➝ Extispicy'],,
2,"1880,0719.290",5,2,AKKADIAN,U,U,[],['CANONICAL ➝ Divination ➝ Extispicy'],,
3,"1880,0719.290",6,2,AKKADIAN,NU,NU,[],['CANONICAL ➝ Divination ➝ Extispicy'],,
4,"1880,0719.290",8,5,AKKADIAN,RI/UŠ,RI/UŠ,[],['CANONICAL ➝ Divination ➝ Extispicy'],,
5,"1880,0719.290",9,2,AKKADIAN,MUR,MUR,[],['CANONICAL ➝ Divination ➝ Extispicy'],,
6,"1880,0719.290",12,1,AKKADIAN,GAR,GAR,[],['CANONICAL ➝ Divination ➝ Extispicy'],,
7,"1880,0719.290",13,3,AKKADIAN,SI,SI,[],['CANONICAL ➝ Divination ➝ Extispicy'],,
8,"1880,0719.290",14,1,AKKADIAN,U,U,[],['CANONICAL ➝ Divination ➝ Extispicy'],,
9,"1880,0719.290",15,2,AKKADIAN,DU-ik,DU-ik,[],['CANONICAL ➝ Divination ➝ Extispicy'],,
10,"1880,0719.290",15,3,AKKADIAN,u,u,[],['CANONICAL ➝ Divination ➝ Extispicy'],,
11,"1880,0719.290",16,2,AKKADIAN,U,U,[],['CANONICAL ➝ Divination ➝ Extispicy'],,
12,"1880,0719.290",16,4,AKKADIAN,ana,ana,[],['CANONICAL ➝ Divination ➝ Extispicy'],,
13,"1880,0719.290",16,5,AKKADIAN,MIN,MIN,[],['CANONICAL ➝ Divination ➝ Extispicy'],,
14,"1880,0719.290",17,10,AKKADIAN,šu₂,šu₂,[],['CANONICAL ➝ Divination ➝ Extispicy'],,
15,"1880,0719.290",18,2,AKKADIAN,BUR₃,BUR₃,[],['CANONICAL ➝ Divination ➝ Extispicy'],,
16,"1880,0719.290",18,4,AKKADIAN,EDIN,EDIN,[],['CANONICAL ➝ Divination ➝ Extispicy'],,
17,"1880,0719.290",18,5,AKKADIAN,MUR,MUR,[],['CANONICAL ➝ Divination ➝ Extispicy'],,
18,"1880,0719.290",18,6,AKKADIAN,ša₂,ša₂,[],['CANONICAL ➝ Divination ➝ Extispicy'],,
19,"1880,0719.290",19,2,AKKADIAN,MUR,MUR,[],['CANONICAL ➝ Divination ➝ Extispicy'],,
20,"1880,0719.290",19,3,AKKADIAN,15,15,[],['CANONICAL ➝ Divination ➝ Extispicy'],,
21,"1880,0719.290",19,4,AKKADIAN,u,u,[],['CANONICAL ➝ Divination ➝ Extispicy'],,
22,"1880,0719.290",19,5,AKKADIAN,150,150,[],['CANONICAL ➝ Divination ➝ Extispicy'],,
