,fragment_id,fragment_line_num,index_in_line,word_language,value,clean_value,lemma,domain,place_discovery,place_composition
0,"1880,0719.366",2,2,AKKADIAN,na,na,[],['ARCHIVAL ➝ Letter ➝ Report (?)'],,
1,"1880,0719.366",2,3,AKKADIAN,UGU,UGU,[],['ARCHIVAL ➝ Letter ➝ Report (?)'],,
2,"1880,0719.366",3,1,AKKADIAN,ig/kab,ig/kab,[],['ARCHIVAL ➝ Letter ➝ Report (?)'],,
3,"1880,0719.366",3,3,AKKADIAN,šu₂-u₂,šu₂-u₂,[],['ARCHIVAL ➝ Letter ➝ Report (?)'],,
4,"1880,0719.366",3,4,AKKADIAN,an,an,[],['ARCHIVAL ➝ Letter ➝ Report (?)'],,
5,"1880,0719.366",4,3,AKKADIAN,EN,EN,[],['ARCHIVAL ➝ Letter ➝ Report (?)'],,
6,"1880,0719.366",4,4,AKKADIAN,u₄-me,u₄-me,[],['ARCHIVAL ➝ Letter ➝ Report (?)'],,
7,"1880,0719.366",5,7,AKKADIAN,ri-ka,ri-ka,[],['ARCHIVAL ➝ Letter ➝ Report (?)'],,
