,fragment_id,fragment_line_num,index_in_line,word_language,value,clean_value,lemma,domain,place_discovery,place_composition
0,"1880,0719.273",1,0,AKKADIAN,DIŠ,DIŠ,[],['CANONICAL ➝ Divination ➝ Celestial'],,
1,"1880,0719.273",1,1,AKKADIAN,30,30,[],['CANONICAL ➝ Divination ➝ Celestial'],,
2,"1880,0719.273",1,2,AKKADIAN,U₄.1.KAM,U₄.1.KAM,['ūmakkalû I'],['CANONICAL ➝ Divination ➝ Celestial'],,
3,"1880,0719.273",1,3,AKKADIAN,3.45,3.45,[],['CANONICAL ➝ Divination ➝ Celestial'],,
4,"1880,0719.273",1,4,AKKADIAN,GUB,GUB,['izuzzu I'],['CANONICAL ➝ Divination ➝ Celestial'],,
5,"1880,0719.273",2,0,AKKADIAN,DIŠ,DIŠ,[],['CANONICAL ➝ Divination ➝ Celestial'],,
6,"1880,0719.273",2,1,AKKADIAN,U₄.2.KAM,U₄.2.KAM,[],['CANONICAL ➝ Divination ➝ Celestial'],,
7,"1880,0719.273",2,2,AKKADIAN,7.30,7.30,[],['CANONICAL ➝ Divination ➝ Celestial'],,
8,"1880,0719.273",2,3,AKKADIAN,GUB,GUB,['izuzzu I'],['CANONICAL ➝ Divination ➝ Celestial'],,
9,"1880,0719.273",3,0,AKKADIAN,DIŠ,DIŠ,[],['CANONICAL ➝ Divination ➝ Celestial'],,
10,"1880,0719.273",3,1,AKKADIAN,U₄.3.KAM,U₄.3.KAM,[],['CANONICAL ➝ Divination ➝ Celestial'],,
11,"1880,0719.273",3,2,AKKADIAN,15,15,[],['CANONICAL ➝ Divination ➝ Celestial'],,
12,"1880,0719.273",3,3,AKKADIAN,GUB,GUB,['izuzzu I'],['CANONICAL ➝ Divination ➝ Celestial'],,
13,"1880,0719.273",4,0,AKKADIAN,DIŠ,DIŠ,[],['CANONICAL ➝ Divination ➝ Celestial'],,
14,"1880,0719.273",4,1,AKKADIAN,U₄.4.KAM,U₄.4.KAM,[],['CANONICAL ➝ Divination ➝ Celestial'],,
15,"1880,0719.273",4,2,AKKADIAN,30,30,[],['CANONICAL ➝ Divination ➝ Celestial'],,
16,"1880,0719.273",4,3,AKKADIAN,GUB,GUB,['izuzzu I'],['CANONICAL ➝ Divination ➝ Celestial'],,
17,"1880,0719.273",5,0,AKKADIAN,DIŠ,DIŠ,[],['CANONICAL ➝ Divination ➝ Celestial'],,
18,"1880,0719.273",5,1,AKKADIAN,U₄.5.KAM,U₄.5.KAM,[],['CANONICAL ➝ Divination ➝ Celestial'],,
19,"1880,0719.273",5,2,AKKADIAN,60,60,['šūši I'],['CANONICAL ➝ Divination ➝ Celestial'],,
20,"1880,0719.273",5,3,AKKADIAN,GUB,GUB,['izuzzu I'],['CANONICAL ➝ Divination ➝ Celestial'],,
21,"1880,0719.273",6,0,AKKADIAN,DIŠ,DIŠ,[],['CANONICAL ➝ Divination ➝ Celestial'],,
22,"1880,0719.273",6,1,AKKADIAN,U₄.6.KAM,U₄.6.KAM,[],['CANONICAL ➝ Divination ➝ Celestial'],,
23,"1880,0719.273",6,2,AKKADIAN,72,72,[],['CANONICAL ➝ Divination ➝ Celestial'],,
24,"1880,0719.273",6,3,AKKADIAN,GUB,GUB,['izuzzu I'],['CANONICAL ➝ Divination ➝ Celestial'],,
25,"1880,0719.273",7,0,AKKADIAN,DIŠ,DIŠ,[],['CANONICAL ➝ Divination ➝ Celestial'],,
26,"1880,0719.273",7,1,AKKADIAN,U₄.7.KAM,U₄.7.KAM,[],['CANONICAL ➝ Divination ➝ Celestial'],,
27,"1880,0719.273",7,2,AKKADIAN,84,84,[],['CANONICAL ➝ Divination ➝ Celestial'],,
28,"1880,0719.273",7,3,AKKADIAN,GUB,GUB,['izuzzu I'],['CANONICAL ➝ Divination ➝ Celestial'],,
29,"1880,0719.273",8,0,AKKADIAN,DIŠ,DIŠ,[],['CANONICAL ➝ Divination ➝ Celestial'],,
30,"1880,0719.273",8,1,AKKADIAN,U₄.8.KAM,U₄.8.KAM,[],['CANONICAL ➝ Divination ➝ Celestial'],,
31,"1880,0719.273",8,2,AKKADIAN,96,96,[],['CANONICAL ➝ Divination ➝ Celestial'],,
32,"1880,0719.273",8,3,AKKADIAN,GUB,GUB,['izuzzu I'],['CANONICAL ➝ Divination ➝ Celestial'],,
33,"1880,0719.273",9,0,AKKADIAN,DIŠ,DIŠ,[],['CANONICAL ➝ Divination ➝ Celestial'],,
34,"1880,0719.273",9,1,AKKADIAN,U₄.9.KAM,U₄.9.KAM,[],['CANONICAL ➝ Divination ➝ Celestial'],,
35,"1880,0719.273",9,2,AKKADIAN,108,108,[],['CANONICAL ➝ Divination ➝ Celestial'],,
36,"1880,0719.273",9,3,AKKADIAN,GUB,GUB,['izuzzu I'],['CANONICAL ➝ Divination ➝ Celestial'],,
37,"1880,0719.273",10,0,AKKADIAN,DIŠ,DIŠ,[],['CANONICAL ➝ Divination ➝ Celestial'],,
38,"1880,0719.273",10,1,AKKADIAN,U₄.10.KAM,U₄.10.KAM,[],['CANONICAL ➝ Divination ➝ Celestial'],,
39,"1880,0719.273",10,2,AKKADIAN,120,120,[],['CANONICAL ➝ Divination ➝ Celestial'],,
40,"1880,0719.273",10,3,AKKADIAN,GUB,GUB,['izuzzu I'],['CANONICAL ➝ Divination ➝ Celestial'],,
41,"1880,0719.273",11,0,AKKADIAN,DIŠ,DIŠ,[],['CANONICAL ➝ Divination ➝ Celestial'],,
42,"1880,0719.273",11,1,AKKADIAN,U₄.11.KAM,U₄.11.KAM,[],['CANONICAL ➝ Divination ➝ Celestial'],,
43,"1880,0719.273",11,2,AKKADIAN,132,132,[],['CANONICAL ➝ Divination ➝ Celestial'],,
44,"1880,0719.273",11,3,AKKADIAN,GUB,GUB,['izuzzu I'],['CANONICAL ➝ Divination ➝ Celestial'],,
45,"1880,0719.273",12,0,AKKADIAN,DIŠ,DIŠ,[],['CANONICAL ➝ Divination ➝ Celestial'],,
46,"1880,0719.273",12,1,AKKADIAN,U₄.12.KAM,U₄.12.KAM,[],['CANONICAL ➝ Divination ➝ Celestial'],,
47,"1880,0719.273",12,2,AKKADIAN,144,144,[],['CANONICAL ➝ Divination ➝ Celestial'],,
48,"1880,0719.273",13,0,AKKADIAN,DIŠ,DIŠ,[],['CANONICAL ➝ Divination ➝ Celestial'],,
49,"1880,0719.273",13,1,AKKADIAN,U₄.13.KAM,U₄.13.KAM,[],['CANONICAL ➝ Divination ➝ Celestial'],,
50,"1880,0719.273",13,2,AKKADIAN,156,156,[],['CANONICAL ➝ Divination ➝ Celestial'],,
51,"1880,0719.273",14,0,AKKADIAN,DIŠ,DIŠ,[],['CANONICAL ➝ Divination ➝ Celestial'],,
52,"1880,0719.273",14,1,AKKADIAN,U₄.14.KAM,U₄.14.KAM,[],['CANONICAL ➝ Divination ➝ Celestial'],,
53,"1880,0719.273",14,2,AKKADIAN,168,168,[],['CANONICAL ➝ Divination ➝ Celestial'],,
54,"1880,0719.273",15,0,AKKADIAN,DIŠ,DIŠ,[],['CANONICAL ➝ Divination ➝ Celestial'],,
55,"1880,0719.273",15,1,AKKADIAN,U₄.15.KAM,U₄.15.KAM,[],['CANONICAL ➝ Divination ➝ Celestial'],,
56,"1880,0719.273",15,2,AKKADIAN,180,180,[],['CANONICAL ➝ Divination ➝ Celestial'],,
57,"1880,0719.273",16,0,AKKADIAN,DIŠ,DIŠ,[],['CANONICAL ➝ Divination ➝ Celestial'],,
58,"1880,0719.273",16,1,AKKADIAN,U₄.16.KAM,U₄.16.KAM,[],['CANONICAL ➝ Divination ➝ Celestial'],,
59,"1880,0719.273",16,2,AKKADIAN,168,168,[],['CANONICAL ➝ Divination ➝ Celestial'],,
60,"1880,0719.273",16,3,AKKADIAN,GUB,GUB,['izuzzu I'],['CANONICAL ➝ Divination ➝ Celestial'],,
61,"1880,0719.273",16,4,AKKADIAN,12,12,['šinšeret I'],['CANONICAL ➝ Divination ➝ Celestial'],,
62,"1880,0719.273",17,0,AKKADIAN,DIŠ,DIŠ,[],['CANONICAL ➝ Divination ➝ Celestial'],,
63,"1880,0719.273",17,1,AKKADIAN,U₄.17.KAM,U₄.17.KAM,[],['CANONICAL ➝ Divination ➝ Celestial'],,
64,"1880,0719.273",17,3,AKKADIAN,GUB,GUB,['izuzzu I'],['CANONICAL ➝ Divination ➝ Celestial'],,
65,"1880,0719.273",17,4,AKKADIAN,24,24,[],['CANONICAL ➝ Divination ➝ Celestial'],,
66,"1880,0719.273",18,0,AKKADIAN,DIŠ,DIŠ,[],['CANONICAL ➝ Divination ➝ Celestial'],,
67,"1880,0719.273",18,1,AKKADIAN,U₄.18.KAM,U₄.18.KAM,[],['CANONICAL ➝ Divination ➝ Celestial'],,
68,"1880,0719.273",18,3,AKKADIAN,GUB,GUB,['izuzzu I'],['CANONICAL ➝ Divination ➝ Celestial'],,
69,"1880,0719.273",18,4,AKKADIAN,36,36,[],['CANONICAL ➝ Divination ➝ Celestial'],,
70,"1880,0719.273",19,0,AKKADIAN,DIŠ,DIŠ,[],['CANONICAL ➝ Divination ➝ Celestial'],,
71,"1880,0719.273",19,1,AKKADIAN,U₄.19.KAM,U₄.19.KAM,[],['CANONICAL ➝ Divination ➝ Celestial'],,
72,"1880,0719.273",19,3,AKKADIAN,GUB,GUB,['izuzzu I'],['CANONICAL ➝ Divination ➝ Celestial'],,
73,"1880,0719.273",19,4,AKKADIAN,48,48,[],['CANONICAL ➝ Divination ➝ Celestial'],,
74,"1880,0719.273",20,0,AKKADIAN,DIŠ,DIŠ,[],['CANONICAL ➝ Divination ➝ Celestial'],,
75,"1880,0719.273",20,1,AKKADIAN,U₄.20.KAM,U₄.20.KAM,[],['CANONICAL ➝ Divination ➝ Celestial'],,
76,"1880,0719.273",20,3,AKKADIAN,GUB,GUB,['izuzzu I'],['CANONICAL ➝ Divination ➝ Celestial'],,
77,"1880,0719.273",20,4,AKKADIAN,60,60,['šūši I'],['CANONICAL ➝ Divination ➝ Celestial'],,
78,"1880,0719.273",23,1,AKKADIAN,ina,ina,[],['CANONICAL ➝ Divination ➝ Celestial'],,
79,"1880,0719.273",24,0,AKKADIAN,DIŠ,DIŠ,[],['CANONICAL ➝ Divination ➝ Celestial'],,
80,"1880,0719.273",24,1,AKKADIAN,ina,ina,[],['CANONICAL ➝ Divination ➝ Celestial'],,
81,"1880,0719.273",24,2,AKKADIAN,{iti}ZIZ₂,{iti}ZIZ₂,['Šabāṭu I'],['CANONICAL ➝ Divination ➝ Celestial'],,
82,"1880,0719.273",25,0,AKKADIAN,DIŠ,DIŠ,[],['CANONICAL ➝ Divination ➝ Celestial'],,
83,"1880,0719.273",25,1,AKKADIAN,ina,ina,[],['CANONICAL ➝ Divination ➝ Celestial'],,
84,"1880,0719.273",25,2,AKKADIAN,{iti}ZIZ₂,{iti}ZIZ₂,['Šabāṭu I'],['CANONICAL ➝ Divination ➝ Celestial'],,
85,"1880,0719.273",26,0,AKKADIAN,DIŠ,DIŠ,[],['CANONICAL ➝ Divination ➝ Celestial'],,
86,"1880,0719.273",26,1,AKKADIAN,ina,ina,[],['CANONICAL ➝ Divination ➝ Celestial'],,
87,"1880,0719.273",26,2,AKKADIAN,{iti}ŠE,{iti}ŠE,['Adaru I'],['CANONICAL ➝ Divination ➝ Celestial'],,
88,"1880,0719.273",27,0,AKKADIAN,DIŠ,DIŠ,[],['CANONICAL ➝ Divination ➝ Celestial'],,
89,"1880,0719.273",27,1,AKKADIAN,ina,ina,[],['CANONICAL ➝ Divination ➝ Celestial'],,
90,"1880,0719.273",27,2,AKKADIAN,{iti}ŠE,{iti}ŠE,['Adaru I'],['CANONICAL ➝ Divination ➝ Celestial'],,
91,"1880,0719.273",27,3,AKKADIAN,U₄.15.KAM,U₄.15.KAM,[],['CANONICAL ➝ Divination ➝ Celestial'],,
92,"1880,0719.273",29,0,AKKADIAN,IGI.DU₈.A-MEŠ,IGI.DU₈.A-MEŠ,['tāmartu I'],['CANONICAL ➝ Divination ➝ Celestial'],,
93,"1880,0719.273",29,1,AKKADIAN,u,u,['u I'],['CANONICAL ➝ Divination ➝ Celestial'],,
94,"1880,0719.273",29,2,AKKADIAN,KUR,KUR,['niphu I'],['CANONICAL ➝ Divination ➝ Celestial'],,
95,"1880,0719.273",33,0,AKKADIAN,DIŠ,DIŠ,[],['CANONICAL ➝ Divination ➝ Celestial'],,
96,"1880,0719.273",33,1,AKKADIAN,{d}30,{d}30,['Sîn I'],['CANONICAL ➝ Divination ➝ Celestial'],,
97,"1880,0719.273",33,2,AKKADIAN,ih-mu-ṭam-ma,ih-mu-ṭam-ma,['hamāṭu II'],['CANONICAL ➝ Divination ➝ Celestial'],,
98,"1880,0719.273",33,3,AKKADIAN,ba-ra-ri,ba-ra-ri,[],['CANONICAL ➝ Divination ➝ Celestial'],,
99,"1880,0719.273",33,4,AKKADIAN,it-ta-ʾ-dar,it-ta-ʾ-dar,['adāru II'],['CANONICAL ➝ Divination ➝ Celestial'],,
100,"1880,0719.273",33,5,AKKADIAN,AN.GE₆,AN.GE₆,['antalû I'],['CANONICAL ➝ Divination ➝ Celestial'],,
101,"1880,0719.273",33,6,AKKADIAN,LUGAL,LUGAL,[],['CANONICAL ➝ Divination ➝ Celestial'],,
102,"1880,0719.273",34,0,AKKADIAN,DUB.14.KAM₂-ma,DUB.14.KAM₂-ma,[],['CANONICAL ➝ Divination ➝ Celestial'],,
103,"1880,0719.273",34,1,AKKADIAN,DIŠ,DIŠ,[],['CANONICAL ➝ Divination ➝ Celestial'],,
104,"1880,0719.273",34,2,AKKADIAN,U₄,U₄,[],['CANONICAL ➝ Divination ➝ Celestial'],,
105,"1880,0719.273",34,3,AKKADIAN,AN,AN,['Anu I'],['CANONICAL ➝ Divination ➝ Celestial'],,
106,"1880,0719.273",34,4,AKKADIAN,{d}EN.LIL₂,{d}EN.LIL₂,['Ellil I'],['CANONICAL ➝ Divination ➝ Celestial'],,
107,"1880,0719.273",34,5,AKKADIAN,E₂.GAL,E₂.GAL,['ēkallu I'],['CANONICAL ➝ Divination ➝ Celestial'],,
108,"1880,0719.273",34,6,AKKADIAN,{m}AN.ŠAR₂-DU₃-IBILA,{m}AN.ŠAR₂-DU₃-IBILA,['Aššur-bani-apli I'],['CANONICAL ➝ Divination ➝ Celestial'],,
109,"1880,0719.273",34,7,AKKADIAN,LUGAL,LUGAL,['šarru I'],['CANONICAL ➝ Divination ➝ Celestial'],,
110,"1880,0719.273",34,8,AKKADIAN,ŠU₂,ŠU₂,['kiššatu I'],['CANONICAL ➝ Divination ➝ Celestial'],,
111,"1880,0719.273",35,0,AKKADIAN,ša,ša,['ša I'],['CANONICAL ➝ Divination ➝ Celestial'],,
112,"1880,0719.273",35,1,AKKADIAN,{d}AG,{d}AG,['Nabu I'],['CANONICAL ➝ Divination ➝ Celestial'],,
113,"1880,0719.273",35,2,AKKADIAN,{d}taš-me-tu₄,{d}taš-me-tu₄,['Tašmetu I'],['CANONICAL ➝ Divination ➝ Celestial'],,
114,"1880,0719.273",35,3,AKKADIAN,GEŠTU-MIN,GEŠTU-MIN,['uznu I'],['CANONICAL ➝ Divination ➝ Celestial'],,
115,"1880,0719.273",35,4,AKKADIAN,ra-pa-aš₂-tu₄,ra-pa-aš₂-tu₄,['rapšu I'],['CANONICAL ➝ Divination ➝ Celestial'],,
116,"1880,0719.273",37,1,AKKADIAN,IGI-MIN,IGI-MIN,['īnu I'],['CANONICAL ➝ Divination ➝ Celestial'],,
117,"1880,0719.273",37,2,AKKADIAN,na-mir-tu₄,na-mir-tu₄,['nawirtu I'],['CANONICAL ➝ Divination ➝ Celestial'],,
118,"1880,0719.273",37,3,AKKADIAN,ni-siq,ni-siq,['nasāqu I'],['CANONICAL ➝ Divination ➝ Celestial'],,
119,"1880,0719.273",38,1,AKKADIAN,ina,ina,['ina I'],['CANONICAL ➝ Divination ➝ Celestial'],,
120,"1880,0719.273",38,4,AKKADIAN,mah-ri-ia,mah-ri-ia,['mahra I'],['CANONICAL ➝ Divination ➝ Celestial'],,
121,"1880,0719.273",38,5,AKKADIAN,mam₂-ma,mam₂-ma,['mamman I'],['CANONICAL ➝ Divination ➝ Celestial'],,
122,"1880,0719.273",38,6,AKKADIAN,šip-ru,šip-ru,['šipru I'],['CANONICAL ➝ Divination ➝ Celestial'],,
123,"1880,0719.273",38,7,AKKADIAN,šu-a-tu,šu-a-tu,['šuāti I'],['CANONICAL ➝ Divination ➝ Celestial'],,
124,"1880,0719.273",38,8,AKKADIAN,la,la,[],['CANONICAL ➝ Divination ➝ Celestial'],,
125,"1880,0719.273",39,0,AKKADIAN,ne₂-me-eq,ne₂-me-eq,['nēmequ I'],['CANONICAL ➝ Divination ➝ Celestial'],,
126,"1880,0719.273",39,1,AKKADIAN,{d}AG,{d}AG,['Nabu I'],['CANONICAL ➝ Divination ➝ Celestial'],,
127,"1880,0719.273",39,4,AKKADIAN,ma-la,ma-la,['mala I'],['CANONICAL ➝ Divination ➝ Celestial'],,
128,"1880,0719.273",39,5,AKKADIAN,ba-aš₂-mu,ba-aš₂-mu,['bašāmu II'],['CANONICAL ➝ Divination ➝ Celestial'],,
129,"1880,0719.273",39,6,AKKADIAN,ina,ina,[],['CANONICAL ➝ Divination ➝ Celestial'],,
130,"1880,0719.273",39,7,AKKADIAN,DUB-MEŠ-ni,DUB-MEŠ-ni,['ṭuppu I'],['CANONICAL ➝ Divination ➝ Celestial'],,
131,"1880,0719.273",39,8,AKKADIAN,aš₂-ṭur,aš₂-ṭur,['šaṭāru II'],['CANONICAL ➝ Divination ➝ Celestial'],,
132,"1880,0719.273",39,9,AKKADIAN,as-niq,as-niq,['sanāqu I'],['CANONICAL ➝ Divination ➝ Celestial'],,
133,"1880,0719.273",40,0,AKKADIAN,a-na,a-na,['ana I'],['CANONICAL ➝ Divination ➝ Celestial'],,
134,"1880,0719.273",40,1,AKKADIAN,ta-mar-ti,ta-mar-ti,['tāmartu I'],['CANONICAL ➝ Divination ➝ Celestial'],,
135,"1880,0719.273",40,2,AKKADIAN,ši-ta-as-si-ia,ši-ta-as-si-ia,['šasû I'],['CANONICAL ➝ Divination ➝ Celestial'],,
136,"1880,0719.273",40,3,AKKADIAN,qe₂-reb,qe₂-reb,['qerbu II'],['CANONICAL ➝ Divination ➝ Celestial'],,
137,"1880,0719.273",40,4,AKKADIAN,E₂.GAL-ia,E₂.GAL-ia,['ēkallu I'],['CANONICAL ➝ Divination ➝ Celestial'],,
138,"1880,0719.273",40,5,AKKADIAN,u₂-kin,u₂-kin,['kânu I'],['CANONICAL ➝ Divination ➝ Celestial'],,
