,fragment_id,fragment_line_num,index_in_line,word_language,value,clean_value,lemma,domain,place_discovery,place_composition
0,"1879,0708.30",2,6,AKKADIAN,ru-bu-u₂,ru-bu-u₂,['rubû I'],['CANONICAL ➝ Lexicography ➝ Vocabularies ➝ Šarru'],,
1,"1879,0708.30",3,5,AKKADIAN,ru-bu-u₂,ru-bu-u₂,['rubû I'],['CANONICAL ➝ Lexicography ➝ Vocabularies ➝ Šarru'],,
2,"1879,0708.30",5,4,AKKADIAN,be-le-tu,be-le-tu,['bēltu I'],['CANONICAL ➝ Lexicography ➝ Vocabularies ➝ Šarru'],,
3,"1879,0708.30",6,2,SUMERIAN,egi₂,egi₂,[],['CANONICAL ➝ Lexicography ➝ Vocabularies ➝ Šarru'],,
4,"1879,0708.30",6,5,AKKADIAN,be-el-tu,be-el-tu,['bēltu I'],['CANONICAL ➝ Lexicography ➝ Vocabularies ➝ Šarru'],,
5,"1879,0708.30",8,2,SUMERIAN,sipa,sipa,[],['CANONICAL ➝ Lexicography ➝ Vocabularies ➝ Šarru'],,
6,"1879,0708.30",8,5,AKKADIAN,re-u₂,re-u₂,"[""rē'û I""]",['CANONICAL ➝ Lexicography ➝ Vocabularies ➝ Šarru'],,
7,"1879,0708.30",9,1,SUMERIAN,nam-sipa,nam-sipa,[],['CANONICAL ➝ Lexicography ➝ Vocabularies ➝ Šarru'],,
8,"1879,0708.30",9,4,AKKADIAN,re-u₂-tu,re-u₂-tu,"[""rē'ûtu I""]",['CANONICAL ➝ Lexicography ➝ Vocabularies ➝ Šarru'],,
9,"1879,0708.30",11,2,SUMERIAN,ur-sag,ur-sag,[],['CANONICAL ➝ Lexicography ➝ Vocabularies ➝ Šarru'],,
10,"1879,0708.30",11,5,AKKADIAN,qar-ra-du,qar-ra-du,['qarrādu I'],['CANONICAL ➝ Lexicography ➝ Vocabularies ➝ Šarru'],,
11,"1879,0708.30",12,1,SUMERIAN,nam-ur-sag,nam-ur-sag,[],['CANONICAL ➝ Lexicography ➝ Vocabularies ➝ Šarru'],,
12,"1879,0708.30",12,4,AKKADIAN,qar-ra-du-tu,qar-ra-du-tu,['qarrādūtu I'],['CANONICAL ➝ Lexicography ➝ Vocabularies ➝ Šarru'],,
13,"1879,0708.30",14,1,SUMERIAN,igi-du,igi-du,[],['CANONICAL ➝ Lexicography ➝ Vocabularies ➝ Šarru'],,
14,"1879,0708.30",14,4,AKKADIAN,a-ša₂-re-du,a-ša₂-re-du,['ašarēdu I'],['CANONICAL ➝ Lexicography ➝ Vocabularies ➝ Šarru'],,
15,"1879,0708.30",15,1,SUMERIAN,a₂-zi-da,a₂-zi-da,[],['CANONICAL ➝ Lexicography ➝ Vocabularies ➝ Šarru'],,
16,"1879,0708.30",15,4,AKKADIAN,a-ša₂-re-du,a-ša₂-re-du,['ašarēdu I'],['CANONICAL ➝ Lexicography ➝ Vocabularies ➝ Šarru'],,
17,"1879,0708.30",21,2,SUMERIAN,sag,sag,[],['CANONICAL ➝ Lexicography ➝ Vocabularies ➝ Šarru'],,
