,fragment_id,fragment_line_num,index_in_line,word_language,value,clean_value,lemma,domain,place_discovery,place_composition
0,"1880,0719.196",0,2,EMESAL,i-bi₂-gu₁₀,i-bi₂-gu₁₀,[],['CANONICAL ➝ Literature ➝ Lamentations'],,
1,"1880,0719.196",2,2,AKKADIAN,bu-še-e,bu-še-e,['būšu I'],['CANONICAL ➝ Literature ➝ Lamentations'],,
2,"1880,0719.196",3,4,EMESAL,e₂-a,e₂-a,[],['CANONICAL ➝ Literature ➝ Lamentations'],,
3,"1880,0719.196",4,2,AKKADIAN,ki-ma,ki-ma,['kīma I'],['CANONICAL ➝ Literature ➝ Lamentations'],,
4,"1880,0719.196",4,4,AKKADIAN,bi-ta-a-ti₃,bi-ta-a-ti₃,['bītu I'],['CANONICAL ➝ Literature ➝ Lamentations'],,
5,"1880,0719.196",4,5,AKKADIAN,ina,ina,['ina I'],['CANONICAL ➝ Literature ➝ Lamentations'],,
6,"1880,0719.196",5,2,EMESAL,{mu-lu}lul-la-ga,{mu-lu}lul-la-ga,[],['CANONICAL ➝ Literature ➝ Lamentations'],,
7,"1880,0719.196",6,3,AKKADIAN,sar-ru,sar-ru,['sarru I'],['CANONICAL ➝ Literature ➝ Lamentations'],,
8,"1880,0719.196",7,2,EMESAL,gaba,gaba,[],['CANONICAL ➝ Literature ➝ Lamentations'],,
9,"1880,0719.196",9,2,AKKADIAN,ša₂,ša₂,['ša I'],['CANONICAL ➝ Literature ➝ Lamentations'],,
10,"1880,0719.196",9,3,AKKADIAN,i-rat,i-rat,['irtu I'],['CANONICAL ➝ Literature ➝ Lamentations'],,
