,fragment_id,fragment_line_num,index_in_line,word_language,value,clean_value,lemma,domain,place_discovery,place_composition
0,"1880,0719.300",2,2,AKKADIAN,UZU,UZU,['šīru I'],[],,
1,"1880,0719.300",3,1,AKKADIAN,a-a-nu,a-a-nu,['ayyānu I'],[],,
2,"1880,0719.300",3,2,AKKADIAN,UR.GI₇,UR.GI₇,['kalbu I'],[],,
3,"1880,0719.300",4,1,AKKADIAN,GIR₃.PAD.DU,GIR₃.PAD.DU,['eṣemtu I'],[],,
4,"1880,0719.300",5,1,AKKADIAN,UZU,UZU,['šīru I'],[],,
5,"1880,0719.300",5,2,AKKADIAN,ih-ta-pi,ih-ta-pi,['hepû II'],[],,
6,"1880,0719.300",5,3,AKKADIAN,GIR₃.PAD.DU,GIR₃.PAD.DU,['eṣemtu I'],[],,
7,"1880,0719.300",6,2,AKKADIAN,i-ta-di,i-ta-di,[],[],,
8,"1880,0719.300",8,2,AKKADIAN,ŠUB-di,ŠUB-di,[],[],,
9,"1880,0719.300",9,2,AKKADIAN,a-na,a-na,[],[],,
10,"1880,0719.300",10,2,AKKADIAN,ša₂,ša₂,[],[],,
11,"1880,0719.300",11,1,AKKADIAN,šam-mi,šam-mi,[],[],,
12,"1880,0719.300",11,2,AKKADIAN,TI.LA,TI.LA,[],[],,
13,"1880,0719.300",12,2,AKKADIAN,tul-tu,tul-tu,[],[],,
14,"1880,0719.300",13,1,AKKADIAN,ul,ul,[],[],,
15,"1880,0719.300",13,3,AKKADIAN,EN₂,EN₂,[],[],,
16,"1880,0719.300",13,4,AKKADIAN,{d}e₂-a,{d}e₂-a,[],[],,
17,"1880,0719.300",17,0,AKKADIAN,ina,ina,['ina I'],[],,
18,"1880,0719.300",17,1,AKKADIAN,IGI,IGI,[],[],,
