,fragment_id,fragment_line_num,index_in_line,word_language,value,clean_value,lemma,domain,place_discovery,place_composition
0,"1879,0708.71",3,2,AKKADIAN,ŠU{MIN},ŠU{MIN},[],['CANONICAL ➝ Magic ➝ Exorcistic ➝ Šurpu'],,
1,"1879,0708.71",3,3,AKKADIAN,{d}alad,{d}alad,[],['CANONICAL ➝ Magic ➝ Exorcistic ➝ Šurpu'],,
2,"1879,0708.71",3,4,AKKADIAN,ša₂,ša₂,[],['CANONICAL ➝ Magic ➝ Exorcistic ➝ Šurpu'],,
3,"1879,0708.71",6,2,AKKADIAN,EDIN,EDIN,[],['CANONICAL ➝ Magic ➝ Exorcistic ➝ Šurpu'],,
4,"1879,0708.71",6,3,AKKADIAN,še-mat,še-mat,[],['CANONICAL ➝ Magic ➝ Exorcistic ➝ Šurpu'],,
5,"1879,0708.71",6,4,AKKADIAN,ik-ri-bi,ik-ri-bi,[],['CANONICAL ➝ Magic ➝ Exorcistic ➝ Šurpu'],,
6,"1879,0708.71",6,5,AKKADIAN,DU₃-at₂,DU₃-at₂,[],['CANONICAL ➝ Magic ➝ Exorcistic ➝ Šurpu'],,
7,"1879,0708.71",6,6,AKKADIAN,ŠA₃.TUR₃,ŠA₃.TUR₃,[],['CANONICAL ➝ Magic ➝ Exorcistic ➝ Šurpu'],,
8,"1879,0708.71",7,2,AKKADIAN,ma-li-ki,ma-li-ki,[],['CANONICAL ➝ Magic ➝ Exorcistic ➝ Šurpu'],,
9,"1879,0708.71",7,3,AKKADIAN,ši-gu-u₂,ši-gu-u₂,[],['CANONICAL ➝ Magic ➝ Exorcistic ➝ Šurpu'],,
10,"1879,0708.71",7,4,AKKADIAN,ana,ana,[],['CANONICAL ➝ Magic ➝ Exorcistic ➝ Šurpu'],,
11,"1879,0708.71",7,5,AKKADIAN,TI.LA,TI.LA,[],['CANONICAL ➝ Magic ➝ Exorcistic ➝ Šurpu'],,
12,"1879,0708.71",9,1,AKKADIAN,at-me,at-me,[],['CANONICAL ➝ Magic ➝ Exorcistic ➝ Šurpu'],,
13,"1879,0708.71",9,4,AKKADIAN,la,la,[],['CANONICAL ➝ Magic ➝ Exorcistic ➝ Šurpu'],,
14,"1879,0708.71",9,5,AKKADIAN,at-me,at-me,[],['CANONICAL ➝ Magic ➝ Exorcistic ➝ Šurpu'],,
15,"1879,0708.71",9,6,AKKADIAN,ana,ana,[],['CANONICAL ➝ Magic ➝ Exorcistic ➝ Šurpu'],,
16,"1879,0708.71",9,7,AKKADIAN,pa-ša₂-ri,pa-ša₂-ri,[],['CANONICAL ➝ Magic ➝ Exorcistic ➝ Šurpu'],,
17,"1879,0708.71",9,8,AKKADIAN,as-hur-ki,as-hur-ki,[],['CANONICAL ➝ Magic ➝ Exorcistic ➝ Šurpu'],,
18,"1879,0708.71",12,2,AKKADIAN,tub-qin-ni,tub-qin-ni,[],['CANONICAL ➝ Magic ➝ Exorcistic ➝ Šurpu'],,
19,"1879,0708.71",12,4,AKKADIAN,ka-la,ka-la,[],['CANONICAL ➝ Magic ➝ Exorcistic ➝ Šurpu'],,
20,"1879,0708.71",12,5,AKKADIAN,mim-ma,mim-ma,[],['CANONICAL ➝ Magic ➝ Exorcistic ➝ Šurpu'],,
21,"1879,0708.71",14,2,AKKADIAN,ma-mit,ma-mit,[],['CANONICAL ➝ Magic ➝ Exorcistic ➝ Šurpu'],,
22,"1879,0708.71",15,2,AKKADIAN,maš-al-ti,maš-al-ti,[],['CANONICAL ➝ Magic ➝ Exorcistic ➝ Šurpu'],,
23,"1879,0708.71",16,2,AKKADIAN,um-ma,um-ma,[],['CANONICAL ➝ Magic ➝ Exorcistic ➝ Šurpu'],,
24,"1879,0708.71",17,1,AKKADIAN,ar₂-ni,ar₂-ni,[],['CANONICAL ➝ Magic ➝ Exorcistic ➝ Šurpu'],,
25,"1879,0708.71",17,2,AKKADIAN,šer₃-ti,šer₃-ti,[],['CANONICAL ➝ Magic ➝ Exorcistic ➝ Šurpu'],,
26,"1879,0708.71",17,3,AKKADIAN,gil₂-la-ti,gil₂-la-ti,[],['CANONICAL ➝ Magic ➝ Exorcistic ➝ Šurpu'],,
27,"1879,0708.71",17,4,AKKADIAN,hi-ṭi-ti,hi-ṭi-ti,[],['CANONICAL ➝ Magic ➝ Exorcistic ➝ Šurpu'],,
28,"1879,0708.71",18,2,AKKADIAN,ka-bi-šu-ki,ka-bi-šu-ki,[],['CANONICAL ➝ Magic ➝ Exorcistic ➝ Šurpu'],,
29,"1879,0708.71",18,3,AKKADIAN,li-ti-nu-u,li-ti-nu-u,[],['CANONICAL ➝ Magic ➝ Exorcistic ➝ Šurpu'],,
30,"1879,0708.71",19,4,AKKADIAN,pi-di-in-ni,pi-di-in-ni,[],['CANONICAL ➝ Magic ➝ Exorcistic ➝ Šurpu'],,
