,fragment_id,fragment_line_num,index_in_line,word_language,value,clean_value,lemma,domain,place_discovery,place_composition
0,"1879,0708.346",0,1,AKKADIAN,il₂,il₂,[],"['CANONICAL ➝ Lexicography (?)', 'OTHER ➝ Uncertain']",,
1,"1879,0708.346",1,2,AKKADIAN,il₂,il₂,[],"['CANONICAL ➝ Lexicography (?)', 'OTHER ➝ Uncertain']",,
2,"1879,0708.346",1,3,AKKADIAN,sig₇,sig₇,[],"['CANONICAL ➝ Lexicography (?)', 'OTHER ➝ Uncertain']",,
3,"1879,0708.346",1,4,AKKADIAN,ba,ba,[],"['CANONICAL ➝ Lexicography (?)', 'OTHER ➝ Uncertain']",,
4,"1879,0708.346",2,1,AKKADIAN,ru,ru,[],"['CANONICAL ➝ Lexicography (?)', 'OTHER ➝ Uncertain']",,
5,"1879,0708.346",3,2,AKKADIAN,sag,sag,[],"['CANONICAL ➝ Lexicography (?)', 'OTHER ➝ Uncertain']",,
6,"1879,0708.346",6,2,AKKADIAN,si₃-ke,si₃-ke,[],"['CANONICAL ➝ Lexicography (?)', 'OTHER ➝ Uncertain']",,
