,fragment_id,fragment_line_num,index_in_line,word_language,value,clean_value,lemma,domain,place_discovery,place_composition
0,"1880,0719.163",1,1,AKKADIAN,{u₂}tar-muš₈,{u₂}tar-muš₈,['tarmuš I'],['CANONICAL ➝ Technical ➝ Medicine ➝ Therapeutic'],,
1,"1880,0719.163",1,2,AKKADIAN,ina,ina,['ina I'],['CANONICAL ➝ Technical ➝ Medicine ➝ Therapeutic'],,
2,"1880,0719.163",1,3,AKKADIAN,NINDU,NINDU,['tinūru I'],['CANONICAL ➝ Technical ➝ Medicine ➝ Therapeutic'],,
3,"1880,0719.163",2,2,AKKADIAN,ana,ana,['ana I'],['CANONICAL ➝ Technical ➝ Medicine ➝ Therapeutic'],,
4,"1880,0719.163",2,3,AKKADIAN,ŠA₃,ŠA₃,['libbu I'],['CANONICAL ➝ Technical ➝ Medicine ➝ Therapeutic'],,
5,"1880,0719.163",6,1,AKKADIAN,sig,sig,[],['CANONICAL ➝ Technical ➝ Medicine ➝ Therapeutic'],,
6,"1880,0719.163",10,1,AKKADIAN,GIG,GIG,[],['CANONICAL ➝ Technical ➝ Medicine ➝ Therapeutic'],,
7,"1880,0719.163",11,2,AKKADIAN,bad,bad,[],['CANONICAL ➝ Technical ➝ Medicine ➝ Therapeutic'],,
8,"1880,0719.163",14,1,AKKADIAN,bad,bad,[],['CANONICAL ➝ Technical ➝ Medicine ➝ Therapeutic'],,
9,"1880,0719.163",17,2,AKKADIAN,GIG,GIG,[],['CANONICAL ➝ Technical ➝ Medicine ➝ Therapeutic'],,
10,"1880,0719.163",18,1,AKKADIAN,BUR,BUR,['pūru I'],['CANONICAL ➝ Technical ➝ Medicine ➝ Therapeutic'],,
11,"1880,0719.163",23,2,AKKADIAN,TI-uṭ,TI-uṭ,['balāṭu II'],['CANONICAL ➝ Technical ➝ Medicine ➝ Therapeutic'],,
12,"1880,0719.163",25,1,AKKADIAN,NIGIN-du,NIGIN-du,['ṣâdu I'],['CANONICAL ➝ Technical ➝ Medicine ➝ Therapeutic'],,
13,"1880,0719.163",26,1,AKKADIAN,GU₇-MEŠ-šu,GU₇-MEŠ-šu,['akālu I'],['CANONICAL ➝ Technical ➝ Medicine ➝ Therapeutic'],,
14,"1880,0719.163",27,1,AKKADIAN,,,['awīlu I'],['CANONICAL ➝ Technical ➝ Medicine ➝ Therapeutic'],,
15,"1880,0719.163",27,2,AKKADIAN,BI,BI,['šū I'],['CANONICAL ➝ Technical ➝ Medicine ➝ Therapeutic'],,
16,"1880,0719.163",27,3,AKKADIAN,GIG,GIG,['murṣu I'],['CANONICAL ➝ Technical ➝ Medicine ➝ Therapeutic'],,
17,"1880,0719.163",27,4,AKKADIAN,di-ʾi-i,di-ʾi-i,"[""di'u I""]",['CANONICAL ➝ Technical ➝ Medicine ➝ Therapeutic'],,
18,"1880,0719.163",27,5,AKKADIAN,GIG!,GIG,['marāṣu I'],['CANONICAL ➝ Technical ➝ Medicine ➝ Therapeutic'],,
19,"1880,0719.163",28,1,AKKADIAN,{giš}ERIN,{giš}ERIN,['erēnu I'],['CANONICAL ➝ Technical ➝ Medicine ➝ Therapeutic'],,
20,"1880,0719.163",28,2,AKKADIAN,{giš}ŠUR.MIN₃,{giš}ŠUR.MIN₃,['šurmēnu I'],['CANONICAL ➝ Technical ➝ Medicine ➝ Therapeutic'],,
21,"1880,0719.163",29,1,AKKADIAN,{šim}ŠEŠ,{šim}ŠEŠ,['murru I'],['CANONICAL ➝ Technical ➝ Medicine ➝ Therapeutic'],,
22,"1880,0719.163",29,2,AKKADIAN,GI,GI,['qanû I'],['CANONICAL ➝ Technical ➝ Medicine ➝ Therapeutic'],,
23,"1880,0719.163",29,3,AKKADIAN,DU₁₀.GA,DU₁₀.GA,['ṭābu I'],['CANONICAL ➝ Technical ➝ Medicine ➝ Therapeutic'],,
24,"1880,0719.163",30,2,AKKADIAN,{giš}ŠE.NA₂.A,{giš}ŠE.NA₂.A,['šunû II'],['CANONICAL ➝ Technical ➝ Medicine ➝ Therapeutic'],,
