,fragment_id,fragment_line_num,index_in_line,word_language,value,clean_value,lemma,domain,place_discovery,place_composition
0,"1881,0204.206",2,0,AKKADIAN,DIŠ,DIŠ,[],['CANONICAL ➝ Divination ➝ Celestial'],,
1,"1881,0204.206",3,1,AKKADIAN,KA,KA,[],['CANONICAL ➝ Divination ➝ Celestial'],,
2,"1881,0204.206",4,0,AKKADIAN,DIŠ,DIŠ,[],['CANONICAL ➝ Divination ➝ Celestial'],,
3,"1881,0204.206",5,1,AKKADIAN,ŠEG₃,ŠEG₃,[],['CANONICAL ➝ Divination ➝ Celestial'],,
4,"1881,0204.206",6,1,AKKADIAN,ina,ina,[],['CANONICAL ➝ Divination ➝ Celestial'],,
5,"1881,0204.206",7,0,AKKADIAN,DIŠ,DIŠ,[],['CANONICAL ➝ Divination ➝ Celestial'],,
6,"1881,0204.206",7,1,AKKADIAN,DUNGU,DUNGU,[],['CANONICAL ➝ Divination ➝ Celestial'],,
7,"1881,0204.206",7,4,AKKADIAN,ana,ana,[],['CANONICAL ➝ Divination ➝ Celestial'],,
8,"1881,0204.206",7,5,AKKADIAN,{tum₉}U₁₈.LU,{tum₉}U₁₈.LU,[],['CANONICAL ➝ Divination ➝ Celestial'],,
9,"1881,0204.206",7,6,AKKADIAN,ana,ana,[],['CANONICAL ➝ Divination ➝ Celestial'],,
10,"1881,0204.206",8,1,AKKADIAN,DUNGU,DUNGU,[],['CANONICAL ➝ Divination ➝ Celestial'],,
11,"1881,0204.206",8,5,AKKADIAN,BAL-ma,BAL-ma,[],['CANONICAL ➝ Divination ➝ Celestial'],,
12,"1881,0204.206",8,6,AKKADIAN,GUB-az,GUB-az,[],['CANONICAL ➝ Divination ➝ Celestial'],,
13,"1881,0204.206",9,0,AKKADIAN,DIŠ,DIŠ,[],['CANONICAL ➝ Divination ➝ Celestial'],,
14,"1881,0204.206",9,1,AKKADIAN,DUNGU,DUNGU,[],['CANONICAL ➝ Divination ➝ Celestial'],,
15,"1881,0204.206",9,2,AKKADIAN,SIG₇,SIG₇,[],['CANONICAL ➝ Divination ➝ Celestial'],,
16,"1881,0204.206",9,3,AKKADIAN,u,u,[],['CANONICAL ➝ Divination ➝ Celestial'],,
17,"1881,0204.206",9,4,AKKADIAN,GI₆,GI₆,[],['CANONICAL ➝ Divination ➝ Celestial'],,
18,"1881,0204.206",9,5,AKKADIAN,šu-ta-ha-a,šu-ta-ha-a,[],['CANONICAL ➝ Divination ➝ Celestial'],,
19,"1881,0204.206",9,6,AKKADIAN,TUM₉,TUM₉,[],['CANONICAL ➝ Divination ➝ Celestial'],,
20,"1881,0204.206",9,7,AKKADIAN,ZI-a,ZI-a,[],['CANONICAL ➝ Divination ➝ Celestial'],,
21,"1881,0204.206",10,1,AKKADIAN,šu-ta-hu-u₂,šu-ta-hu-u₂,[],['CANONICAL ➝ Divination ➝ Celestial'],,
22,"1881,0204.206",10,3,AKKADIAN,DIRI,DIRI,[],['CANONICAL ➝ Divination ➝ Celestial'],,
23,"1881,0204.206",10,4,AKKADIAN,IS-UD,IS-UD,[],['CANONICAL ➝ Divination ➝ Celestial'],,
24,"1881,0204.206",12,0,AKKADIAN,mu-kal-lim-ti,mu-kal-lim-ti,[],['CANONICAL ➝ Divination ➝ Celestial'],,
25,"1881,0204.206",12,1,AKKADIAN,DIŠ,DIŠ,[],['CANONICAL ➝ Divination ➝ Celestial'],,
26,"1881,0204.206",12,2,AKKADIAN,U₄,U₄,[],['CANONICAL ➝ Divination ➝ Celestial'],,
27,"1881,0204.206",12,3,AKKADIAN,AN,AN,[],['CANONICAL ➝ Divination ➝ Celestial'],,
28,"1881,0204.206",12,4,AKKADIAN,{d}+en.lil₂,{d}+en.lil₂,[],['CANONICAL ➝ Divination ➝ Celestial'],,
29,"1881,0204.206",12,5,AKKADIAN,šu-ut,šu-ut,[],['CANONICAL ➝ Divination ➝ Celestial'],,
30,"1881,0204.206",12,6,AKKADIAN,KA,KA,[],['CANONICAL ➝ Divination ➝ Celestial'],,
31,"1881,0204.206",12,7,AKKADIAN,ša,ša,[],['CANONICAL ➝ Divination ➝ Celestial'],,
32,"1881,0204.206",12,8,AKKADIAN,KA,KA,[],['CANONICAL ➝ Divination ➝ Celestial'],,
33,"1881,0204.206",12,9,AKKADIAN,UM.ME.A,UM.ME.A,[],['CANONICAL ➝ Divination ➝ Celestial'],,
34,"1881,0204.206",13,0,AKKADIAN,ša,ša,[],['CANONICAL ➝ Divination ➝ Celestial'],,
35,"1881,0204.206",13,1,AKKADIAN,lib₃-bi,lib₃-bi,[],['CANONICAL ➝ Divination ➝ Celestial'],,
36,"1881,0204.206",13,2,AKKADIAN,DIŠ,DIŠ,[],['CANONICAL ➝ Divination ➝ Celestial'],,
37,"1881,0204.206",13,3,AKKADIAN,U₄,U₄,[],['CANONICAL ➝ Divination ➝ Celestial'],,
38,"1881,0204.206",13,4,AKKADIAN,ŠU₂-ma,ŠU₂-ma,[],['CANONICAL ➝ Divination ➝ Celestial'],,
39,"1881,0204.206",13,5,AKKADIAN,DUNGU,DUNGU,[],['CANONICAL ➝ Divination ➝ Celestial'],,
40,"1881,0204.206",13,6,AKKADIAN,i-lam-ma,i-lam-ma,[],['CANONICAL ➝ Divination ➝ Celestial'],,
41,"1881,0204.206",15,0,AKKADIAN,DIŠ,DIŠ,[],['CANONICAL ➝ Divination ➝ Celestial'],,
42,"1881,0204.206",15,1,AKKADIAN,ina,ina,[],['CANONICAL ➝ Divination ➝ Celestial'],,
43,"1881,0204.206",15,2,AKKADIAN,{iti}BARA₂,{iti}BARA₂,[],['CANONICAL ➝ Divination ➝ Celestial'],,
44,"1881,0204.206",15,3,AKKADIAN,{d}IŠKUR,{d}IŠKUR,[],['CANONICAL ➝ Divination ➝ Celestial'],,
45,"1881,0204.206",15,4,AKKADIAN,GU₃-šu₂,GU₃-šu₂,[],['CANONICAL ➝ Divination ➝ Celestial'],,
46,"1881,0204.206",15,5,AKKADIAN,ŠUB-di,ŠUB-di,[],['CANONICAL ➝ Divination ➝ Celestial'],,
47,"1881,0204.206",15,6,AKKADIAN,ŠE,ŠE,[],['CANONICAL ➝ Divination ➝ Celestial'],,
48,"1881,0204.206",15,7,AKKADIAN,GU-u₂,GU-u₂,[],['CANONICAL ➝ Divination ➝ Celestial'],,
49,"1881,0204.206",15,8,AKKADIAN,TUR-ir,TUR-ir,[],['CANONICAL ➝ Divination ➝ Celestial'],,
50,"1881,0204.206",16,1,AKKADIAN,ki-i,ki-i,[],['CANONICAL ➝ Divination ➝ Celestial'],,
51,"1881,0204.206",16,2,AKKADIAN,ul-tu,ul-tu,[],['CANONICAL ➝ Divination ➝ Celestial'],,
52,"1881,0204.206",16,3,AKKADIAN,ŠA₃,ŠA₃,[],['CANONICAL ➝ Divination ➝ Celestial'],,
53,"1881,0204.206",16,4,AKKADIAN,{iti}APIN,{iti}APIN,[],['CANONICAL ➝ Divination ➝ Celestial'],,
54,"1881,0204.206",16,5,AKKADIAN,GU₃-šu₂,GU₃-šu₂,[],['CANONICAL ➝ Divination ➝ Celestial'],,
55,"1881,0204.206",16,6,AKKADIAN,la,la,[],['CANONICAL ➝ Divination ➝ Celestial'],,
56,"1881,0204.206",16,7,AKKADIAN,it-ta-du-u,it-ta-du-u,[],['CANONICAL ➝ Divination ➝ Celestial'],,
57,"1881,0204.206",17,1,AKKADIAN,u₃,u₃,[],['CANONICAL ➝ Divination ➝ Celestial'],,
58,"1881,0204.206",17,2,AKKADIAN,ul-tu,ul-tu,[],['CANONICAL ➝ Divination ➝ Celestial'],,
59,"1881,0204.206",17,3,AKKADIAN,ŠA₃,ŠA₃,[],['CANONICAL ➝ Divination ➝ Celestial'],,
60,"1881,0204.206",17,4,AKKADIAN,{iti}BARA₂,{iti}BARA₂,[],['CANONICAL ➝ Divination ➝ Celestial'],,
61,"1881,0204.206",17,5,AKKADIAN,ul-tir-ru-u₂,ul-tir-ru-u₂,[],['CANONICAL ➝ Divination ➝ Celestial'],,
62,"1881,0204.206",17,6,AKKADIAN,lum-nu,lum-nu,[],['CANONICAL ➝ Divination ➝ Celestial'],,
63,"1881,0204.206",18,1,AKKADIAN,ša,ša,[],['CANONICAL ➝ Divination ➝ Celestial'],,
64,"1881,0204.206",18,2,AKKADIAN,gab-bi,gab-bi,[],['CANONICAL ➝ Divination ➝ Celestial'],,
65,"1881,0204.206",18,3,AKKADIAN,ITI-MEŠ,ITI-MEŠ,[],['CANONICAL ➝ Divination ➝ Celestial'],,
66,"1881,0204.206",18,4,AKKADIAN,ŠU-BI-AŠ-AM₃,ŠU-BI-AŠ-AM₃,[],['CANONICAL ➝ Divination ➝ Celestial'],,
67,"1881,0204.206",20,0,AKKADIAN,DIŠ,DIŠ,[],['CANONICAL ➝ Divination ➝ Celestial'],,
68,"1881,0204.206",20,1,AKKADIAN,ina,ina,[],['CANONICAL ➝ Divination ➝ Celestial'],,
69,"1881,0204.206",20,2,AKKADIAN,{iti}GU₄,{iti}GU₄,[],['CANONICAL ➝ Divination ➝ Celestial'],,
70,"1881,0204.206",20,3,AKKADIAN,{d}IŠKUR,{d}IŠKUR,[],['CANONICAL ➝ Divination ➝ Celestial'],,
71,"1881,0204.206",20,4,AKKADIAN,GU₃-šu₂,GU₃-šu₂,[],['CANONICAL ➝ Divination ➝ Celestial'],,
72,"1881,0204.206",20,5,AKKADIAN,ŠUB-ma,ŠUB-ma,[],['CANONICAL ➝ Divination ➝ Celestial'],,
73,"1881,0204.206",20,6,AKKADIAN,KI,KI,[],['CANONICAL ➝ Divination ➝ Celestial'],,
74,"1881,0204.206",20,7,AKKADIAN,MUN,MUN,[],['CANONICAL ➝ Divination ➝ Celestial'],,
75,"1881,0204.206",20,8,AKKADIAN,lu,lu,[],['CANONICAL ➝ Divination ➝ Celestial'],,
76,"1881,0204.206",20,9,AKKADIAN,I₃.GIŠ,I₃.GIŠ,[],['CANONICAL ➝ Divination ➝ Celestial'],,
77,"1881,0204.206",20,10,AKKADIAN,lu,lu,[],['CANONICAL ➝ Divination ➝ Celestial'],,
78,"1881,0204.206",20,11,AKKADIAN,ESIR,ESIR,[],['CANONICAL ➝ Divination ➝ Celestial'],,
79,"1881,0204.206",21,1,AKKADIAN,lu,lu,[],['CANONICAL ➝ Divination ➝ Celestial'],,
80,"1881,0204.206",21,2,AKKADIAN,ESIR.HAD₂.DU,ESIR.HAD₂.DU,[],['CANONICAL ➝ Divination ➝ Celestial'],,
81,"1881,0204.206",21,3,AKKADIAN,i-hi-la,i-hi-la,[],['CANONICAL ➝ Divination ➝ Celestial'],,
82,"1881,0204.206",21,4,AKKADIAN,3,3,[],['CANONICAL ➝ Divination ➝ Celestial'],,
83,"1881,0204.206",21,5,AKKADIAN,ITI-MEŠ,ITI-MEŠ,[],['CANONICAL ➝ Divination ➝ Celestial'],,
84,"1881,0204.206",21,6,AKKADIAN,U₄.10.KAM@v,U₄.10.KAM@v,[],['CANONICAL ➝ Divination ➝ Celestial'],,
85,"1881,0204.206",21,7,AKKADIAN,KUR,KUR,[],['CANONICAL ➝ Divination ➝ Celestial'],,
86,"1881,0204.206",22,1,AKKADIAN,niš-hu,niš-hu,[],['CANONICAL ➝ Divination ➝ Celestial'],,
87,"1881,0204.206",22,3,AKKADIAN,su-a-lu,su-a-lu,[],['CANONICAL ➝ Divination ➝ Celestial'],,
88,"1881,0204.206",22,5,AKKADIAN,ṣa-na-hu,ṣa-na-hu,[],['CANONICAL ➝ Divination ➝ Celestial'],,
89,"1881,0204.206",23,1,AKKADIAN,ŠA₃,ŠA₃,[],['CANONICAL ➝ Divination ➝ Celestial'],,
90,"1881,0204.206",23,3,AKKADIAN,lib-bu,lib-bu,[],['CANONICAL ➝ Divination ➝ Celestial'],,
91,"1881,0204.206",23,5,AKKADIAN,SUR,SUR,[],['CANONICAL ➝ Divination ➝ Celestial'],,
92,"1881,0204.206",23,7,AKKADIAN,IGI,IGI,[],['CANONICAL ➝ Divination ➝ Celestial'],,
93,"1881,0204.206",25,0,AKKADIAN,DIŠ,DIŠ,[],['CANONICAL ➝ Divination ➝ Celestial'],,
94,"1881,0204.206",25,1,AKKADIAN,ina,ina,[],['CANONICAL ➝ Divination ➝ Celestial'],,
95,"1881,0204.206",25,2,AKKADIAN,{iti}GU₄,{iti}GU₄,[],['CANONICAL ➝ Divination ➝ Celestial'],,
96,"1881,0204.206",25,3,AKKADIAN,{d}IŠKUR,{d}IŠKUR,[],['CANONICAL ➝ Divination ➝ Celestial'],,
97,"1881,0204.206",25,4,AKKADIAN,GU₃-šu₂,GU₃-šu₂,[],['CANONICAL ➝ Divination ➝ Celestial'],,
98,"1881,0204.206",25,5,AKKADIAN,GIN₇,GIN₇,[],['CANONICAL ➝ Divination ➝ Celestial'],,
99,"1881,0204.206",25,6,AKKADIAN,UGU,UGU,[],['CANONICAL ➝ Divination ➝ Celestial'],,
100,"1881,0204.206",26,1,AKKADIAN,SUR,SUR,[],['CANONICAL ➝ Divination ➝ Celestial'],,
101,"1881,0204.206",26,2,AKKADIAN,AN-e,AN-e,[],['CANONICAL ➝ Divination ➝ Celestial'],,
102,"1881,0204.206",27,0,AKKADIAN,U,U,[],['CANONICAL ➝ Divination ➝ Celestial'],,
103,"1881,0204.206",27,2,AKKADIAN,ri-ig-mu,ri-ig-mu,[],['CANONICAL ➝ Divination ➝ Celestial'],,
104,"1881,0204.206",27,6,AKKADIAN,{ki-ri}KIRI₃,{ki-ri}KIRI₃,[],['CANONICAL ➝ Divination ➝ Celestial'],,
105,"1881,0204.206",28,0,AKKADIAN,ki-ma,ki-ma,[],['CANONICAL ➝ Divination ➝ Celestial'],,
106,"1881,0204.206",29,1,AKKADIAN,{u₂-gu-u}UGU,{u₂-gu-u}UGU,[],['CANONICAL ➝ Divination ➝ Celestial'],,
107,"1881,0204.206",29,3,AKKADIAN,u₂-ma-mu,u₂-ma-mu,[],['CANONICAL ➝ Divination ➝ Celestial'],,
108,"1881,0204.206",29,4,AKKADIAN,ki-ma,ki-ma,[],['CANONICAL ➝ Divination ➝ Celestial'],,
109,"1881,0204.206",32,1,AKKADIAN,ina,ina,[],['CANONICAL ➝ Divination ➝ Celestial'],,
110,"1881,0204.206",32,2,AKKADIAN,{iti}KIN,{iti}KIN,[],['CANONICAL ➝ Divination ➝ Celestial'],,
111,"1881,0204.206",32,3,AKKADIAN,{d}IŠKUR,{d}IŠKUR,[],['CANONICAL ➝ Divination ➝ Celestial'],,
112,"1881,0204.206",32,5,AKKADIAN,GIN₇,GIN₇,[],['CANONICAL ➝ Divination ➝ Celestial'],,
113,"1881,0204.206",32,6,AKKADIAN,ANŠE.KUR.RA,ANŠE.KUR.RA,[],['CANONICAL ➝ Divination ➝ Celestial'],,
114,"1881,0204.206",33,1,AKKADIAN,ZI-ut,ZI-ut,[],['CANONICAL ➝ Divination ➝ Celestial'],,
115,"1881,0204.206",33,2,AKKADIAN,{giš}TUKUL,{giš}TUKUL,[],['CANONICAL ➝ Divination ➝ Celestial'],,
116,"1881,0204.206",33,3,AKKADIAN,pa-har,pa-har,[],['CANONICAL ➝ Divination ➝ Celestial'],,
117,"1881,0204.206",33,4,AKKADIAN,GURUŠ-MEŠ,GURUŠ-MEŠ,[],['CANONICAL ➝ Divination ➝ Celestial'],,
118,"1881,0204.206",34,1,AKKADIAN,I₇-MEŠ,I₇-MEŠ,[],['CANONICAL ➝ Divination ➝ Celestial'],,
119,"1881,0204.206",34,2,AKKADIAN,a-ha-meš,a-ha-meš,[],['CANONICAL ➝ Divination ➝ Celestial'],,
120,"1881,0204.206",35,1,AKKADIAN,ŠEG₃-ME,ŠEG₃-ME,[],['CANONICAL ➝ Divination ➝ Celestial'],,
121,"1881,0204.206",35,2,AKKADIAN,u,u,[],['CANONICAL ➝ Divination ➝ Celestial'],,
122,"1881,0204.206",35,3,AKKADIAN,ILLU-ME,ILLU-ME,[],['CANONICAL ➝ Divination ➝ Celestial'],,
123,"1881,0204.206",35,4,AKKADIAN,har-pu,har-pu,[],['CANONICAL ➝ Divination ➝ Celestial'],,
124,"1881,0204.206",35,5,AKKADIAN,ŠE,ŠE,[],['CANONICAL ➝ Divination ➝ Celestial'],,
125,"1881,0204.206",35,6,AKKADIAN,AŠ.GAN₂,AŠ.GAN₂,[],['CANONICAL ➝ Divination ➝ Celestial'],,
126,"1881,0204.206",35,8,AKKADIAN,IŠ,IŠ,[],['CANONICAL ➝ Divination ➝ Celestial'],,
127,"1881,0204.206",36,1,AKKADIAN,{i-ku}AŠ.GAN₂,{i-ku}AŠ.GAN₂,[],['CANONICAL ➝ Divination ➝ Celestial'],,
128,"1881,0204.206",36,3,AKKADIAN,ši-ir-ʾu,ši-ir-ʾu,[],['CANONICAL ➝ Divination ➝ Celestial'],,
129,"1881,0204.206",36,4,AKKADIAN,ina,ina,[],['CANONICAL ➝ Divination ➝ Celestial'],,
130,"1881,0204.206",36,5,AKKADIAN,ši-ir-ʾi-ša₂,ši-ir-ʾi-ša₂,[],['CANONICAL ➝ Divination ➝ Celestial'],,
131,"1881,0204.206",36,6,AKKADIAN,GAL₂,GAL₂,[],['CANONICAL ➝ Divination ➝ Celestial'],,
132,"1881,0204.206",37,0,AKKADIAN,DIŠ,DIŠ,[],['CANONICAL ➝ Divination ➝ Celestial'],,
133,"1881,0204.206",37,1,AKKADIAN,ina,ina,[],['CANONICAL ➝ Divination ➝ Celestial'],,
134,"1881,0204.206",37,2,AKKADIAN,{iti}APIN,{iti}APIN,[],['CANONICAL ➝ Divination ➝ Celestial'],,
135,"1881,0204.206",37,3,AKKADIAN,{d}IŠKUR,{d}IŠKUR,[],['CANONICAL ➝ Divination ➝ Celestial'],,
136,"1881,0204.206",37,4,AKKADIAN,GU₃-šu₂,GU₃-šu₂,[],['CANONICAL ➝ Divination ➝ Celestial'],,
137,"1881,0204.206",37,5,AKKADIAN,GIN₇,GIN₇,[],['CANONICAL ➝ Divination ➝ Celestial'],,
138,"1881,0204.206",37,6,AKKADIAN,ši-ga-ti,ši-ga-ti,[],['CANONICAL ➝ Divination ➝ Celestial'],,
139,"1881,0204.206",38,1,AKKADIAN,BURU₁₄,BURU₁₄,[],['CANONICAL ➝ Divination ➝ Celestial'],,
140,"1881,0204.206",38,2,AKKADIAN,KUR,KUR,[],['CANONICAL ➝ Divination ➝ Celestial'],,
141,"1881,0204.206",38,3,AKKADIAN,A-MEŠ,A-MEŠ,[],['CANONICAL ➝ Divination ➝ Celestial'],,
142,"1881,0204.206",38,4,AKKADIAN,ub-ba-lu,ub-ba-lu,[],['CANONICAL ➝ Divination ➝ Celestial'],,
143,"1881,0204.206",38,5,AKKADIAN,a-ra-ar₂,a-ra-ar₂,[],['CANONICAL ➝ Divination ➝ Celestial'],,
144,"1881,0204.206",38,6,AKKADIAN,AN,AN,[],['CANONICAL ➝ Divination ➝ Celestial'],,
145,"1881,0204.206",38,7,AKKADIAN,U,U,[],['CANONICAL ➝ Divination ➝ Celestial'],,
146,"1881,0204.206",39,1,AKKADIAN,ki-ma,ki-ma,[],['CANONICAL ➝ Divination ➝ Celestial'],,
147,"1881,0204.206",39,2,AKKADIAN,šu-qa-ti,šu-qa-ti,[],['CANONICAL ➝ Divination ➝ Celestial'],,
148,"1881,0204.206",39,3,AKKADIAN,ša,ša,[],['CANONICAL ➝ Divination ➝ Celestial'],,
149,"1881,0204.206",39,4,AKKADIAN,{lu₂}SIPA,{lu₂}SIPA,[],['CANONICAL ➝ Divination ➝ Celestial'],,
150,"1881,0204.206",41,0,AKKADIAN,mu-kal-lim-ti,mu-kal-lim-ti,[],['CANONICAL ➝ Divination ➝ Celestial'],,
151,"1881,0204.206",41,1,AKKADIAN,DIŠ,DIŠ,[],['CANONICAL ➝ Divination ➝ Celestial'],,
152,"1881,0204.206",41,2,AKKADIAN,U₄,U₄,[],['CANONICAL ➝ Divination ➝ Celestial'],,
153,"1881,0204.206",41,3,AKKADIAN,AN,AN,[],['CANONICAL ➝ Divination ➝ Celestial'],,
154,"1881,0204.206",41,4,AKKADIAN,{d}en.lil₂,{d}en.lil₂,[],['CANONICAL ➝ Divination ➝ Celestial'],,
155,"1881,0204.206",41,5,AKKADIAN,šu-ut,šu-ut,[],['CANONICAL ➝ Divination ➝ Celestial'],,
156,"1881,0204.206",41,6,AKKADIAN,KA,KA,[],['CANONICAL ➝ Divination ➝ Celestial'],,
157,"1881,0204.206",41,7,AKKADIAN,ša₂,ša₂,[],['CANONICAL ➝ Divination ➝ Celestial'],,
158,"1881,0204.206",41,8,AKKADIAN,KA,KA,[],['CANONICAL ➝ Divination ➝ Celestial'],,
159,"1881,0204.206",41,9,AKKADIAN,UM.ME.A,UM.ME.A,[],['CANONICAL ➝ Divination ➝ Celestial'],,
160,"1881,0204.206",42,0,AKKADIAN,ša,ša,[],['CANONICAL ➝ Divination ➝ Celestial'],,
161,"1881,0204.206",42,1,AKKADIAN,lib₃-bi,lib₃-bi,[],['CANONICAL ➝ Divination ➝ Celestial'],,
162,"1881,0204.206",42,2,AKKADIAN,DIŠ,DIŠ,[],['CANONICAL ➝ Divination ➝ Celestial'],,
163,"1881,0204.206",42,3,AKKADIAN,{iti}BARA₂,{iti}BARA₂,[],['CANONICAL ➝ Divination ➝ Celestial'],,
164,"1881,0204.206",42,4,AKKADIAN,{d}IŠKUR,{d}IŠKUR,[],['CANONICAL ➝ Divination ➝ Celestial'],,
165,"1881,0204.206",42,5,AKKADIAN,GU₃-šu₂,GU₃-šu₂,[],['CANONICAL ➝ Divination ➝ Celestial'],,
166,"1881,0204.206",42,6,AKKADIAN,ŠUB-di,ŠUB-di,[],['CANONICAL ➝ Divination ➝ Celestial'],,
167,"1881,0204.206",44,0,AKKADIAN,DIŠ,DIŠ,[],['CANONICAL ➝ Divination ➝ Celestial'],,
168,"1881,0204.206",44,1,AKKADIAN,ina,ina,[],['CANONICAL ➝ Divination ➝ Celestial'],,
169,"1881,0204.206",44,2,AKKADIAN,{iti}GU₄,{iti}GU₄,[],['CANONICAL ➝ Divination ➝ Celestial'],,
170,"1881,0204.206",44,3,AKKADIAN,{d}IŠKUR,{d}IŠKUR,[],['CANONICAL ➝ Divination ➝ Celestial'],,
171,"1881,0204.206",44,4,AKKADIAN,GU₃-šu₂,GU₃-šu₂,[],['CANONICAL ➝ Divination ➝ Celestial'],,
172,"1881,0204.206",44,5,AKKADIAN,ina,ina,[],['CANONICAL ➝ Divination ➝ Celestial'],,
173,"1881,0204.206",44,6,AKKADIAN,IGI-tu₂,IGI-tu₂,[],['CANONICAL ➝ Divination ➝ Celestial'],,
174,"1881,0204.206",44,7,AKKADIAN,{d}UTU,{d}UTU,[],['CANONICAL ➝ Divination ➝ Celestial'],,
175,"1881,0204.206",44,8,AKKADIAN,ŠUB,ŠUB,[],['CANONICAL ➝ Divination ➝ Celestial'],,
176,"1881,0204.206",44,9,AKKADIAN,NIM.GIR₂,NIM.GIR₂,[],['CANONICAL ➝ Divination ➝ Celestial'],,
177,"1881,0204.206",45,1,AKKADIAN,la,la,[],['CANONICAL ➝ Divination ➝ Celestial'],,
178,"1881,0204.206",45,2,AKKADIAN,ib-riq₂,ib-riq₂,[],['CANONICAL ➝ Divination ➝ Celestial'],,
179,"1881,0204.206",45,3,AKKADIAN,{d}TIR.AN.NA,{d}TIR.AN.NA,[],['CANONICAL ➝ Divination ➝ Celestial'],,
180,"1881,0204.206",45,4,AKKADIAN,NU,NU,[],['CANONICAL ➝ Divination ➝ Celestial'],,
181,"1881,0204.206",45,5,AKKADIAN,GIB,GIB,[],['CANONICAL ➝ Divination ➝ Celestial'],,
182,"1881,0204.206",45,6,AKKADIAN,MU.3.KAM@v,MU.3.KAM@v,[],['CANONICAL ➝ Divination ➝ Celestial'],,
183,"1881,0204.206",46,1,AKKADIAN,GURUŠ-MEŠ,GURUŠ-MEŠ,[],['CANONICAL ➝ Divination ➝ Celestial'],,
184,"1881,0204.206",46,2,AKKADIAN,iš-še-ha-a-ma,iš-še-ha-a-ma,[],['CANONICAL ➝ Divination ➝ Celestial'],,
185,"1881,0204.206",46,3,AKKADIAN,LU₂,LU₂,[],['CANONICAL ➝ Divination ➝ Celestial'],,
186,"1881,0204.206",46,4,AKKADIAN,LU₂,LU₂,[],['CANONICAL ➝ Divination ➝ Celestial'],,
187,"1881,0204.206",46,5,AKKADIAN,ub-bar,ub-bar,[],['CANONICAL ➝ Divination ➝ Celestial'],,
188,"1881,0204.206",47,1,AKKADIAN,ši-pa-ru,ši-pa-ru,[],['CANONICAL ➝ Divination ➝ Celestial'],,
189,"1881,0204.206",47,3,AKKADIAN,na-an-mu-ru,na-an-mu-ru,[],['CANONICAL ➝ Divination ➝ Celestial'],,
190,"1881,0204.206",47,4,AKKADIAN,ina,ina,[],['CANONICAL ➝ Divination ➝ Celestial'],,
191,"1881,0204.206",47,5,AKKADIAN,KUR-ah,KUR-ah,[],['CANONICAL ➝ Divination ➝ Celestial'],,
192,"1881,0204.206",47,6,AKKADIAN,{d}UTU,{d}UTU,[],['CANONICAL ➝ Divination ➝ Celestial'],,
193,"1881,0204.206",47,7,AKKADIAN,GU₃-šu₂,GU₃-šu₂,[],['CANONICAL ➝ Divination ➝ Celestial'],,
194,"1881,0204.206",48,0,AKKADIAN,DIŠ,DIŠ,[],['CANONICAL ➝ Divination ➝ Celestial'],,
195,"1881,0204.206",48,1,AKKADIAN,ina,ina,[],['CANONICAL ➝ Divination ➝ Celestial'],,
196,"1881,0204.206",48,4,AKKADIAN,GU₃-šu₂,GU₃-šu₂,[],['CANONICAL ➝ Divination ➝ Celestial'],,
197,"1881,0204.206",48,5,AKKADIAN,ŠUB-ma,ŠUB-ma,[],['CANONICAL ➝ Divination ➝ Celestial'],,
198,"1881,0204.206",48,6,AKKADIAN,{d}TIR.AN.NA,{d}TIR.AN.NA,[],['CANONICAL ➝ Divination ➝ Celestial'],,
199,"1881,0204.206",48,7,AKKADIAN,ša₂,ša₂,[],['CANONICAL ➝ Divination ➝ Celestial'],,
200,"1881,0204.206",48,8,AKKADIAN,MUŠ₂-ša₂,MUŠ₂-ša₂,[],['CANONICAL ➝ Divination ➝ Celestial'],,
201,"1881,0204.206",49,4,AKKADIAN,ana,ana,[],['CANONICAL ➝ Divination ➝ Celestial'],,
202,"1881,0204.206",49,5,AKKADIAN,{tum₉}SI.SA₂,{tum₉}SI.SA₂,[],['CANONICAL ➝ Divination ➝ Celestial'],,
203,"1881,0204.206",49,6,AKKADIAN,GILIM,GILIM,[],['CANONICAL ➝ Divination ➝ Celestial'],,
204,"1881,0204.206",50,2,AKKADIAN,DI,DI,[],['CANONICAL ➝ Divination ➝ Celestial'],,
205,"1881,0204.206",50,3,AKKADIAN,ILLU-ME,ILLU-ME,[],['CANONICAL ➝ Divination ➝ Celestial'],,
206,"1881,0204.206",50,4,AKKADIAN,DU-ME-ni,DU-ME-ni,[],['CANONICAL ➝ Divination ➝ Celestial'],,
207,"1881,0204.206",51,2,AKKADIAN,GAR-an,GAR-an,[],['CANONICAL ➝ Divination ➝ Celestial'],,
208,"1881,0204.206",54,2,AKKADIAN,ŠEŠ.UNUG,ŠEŠ.UNUG,[],['CANONICAL ➝ Divination ➝ Celestial'],,
