,fragment_id,fragment_line_num,index_in_line,word_language,value,clean_value,lemma,domain,place_discovery,place_composition
0,"1881,0204.277",0,1,AKKADIAN,iš₈-tar₂,iš₈-tar₂,[],['CANONICAL ➝ Divination ➝ Celestial'],,
1,"1881,0204.277",0,2,AKKADIAN,ina,ina,[],['CANONICAL ➝ Divination ➝ Celestial'],,
2,"1881,0204.277",0,3,AKKADIAN,ITI.6.KAM,ITI.6.KAM,[],['CANONICAL ➝ Divination ➝ Celestial'],,
3,"1881,0204.277",0,5,AKKADIAN,ina,ina,[],['CANONICAL ➝ Divination ➝ Celestial'],,
4,"1881,0204.277",0,6,AKKADIAN,IGI-ša₂,IGI-ša₂,[],['CANONICAL ➝ Divination ➝ Celestial'],,
5,"1881,0204.277",0,7,AKKADIAN,ša-bi-hu,ša-bi-hu,[],['CANONICAL ➝ Divination ➝ Celestial'],,
6,"1881,0204.277",0,9,AKKADIAN,lum-nu-um,lum-nu-um,[],['CANONICAL ➝ Divination ➝ Celestial'],,
7,"1881,0204.277",0,10,AKKADIAN,ina,ina,[],['CANONICAL ➝ Divination ➝ Celestial'],,
8,"1881,0204.277",0,11,AKKADIAN,KUR,KUR,[],['CANONICAL ➝ Divination ➝ Celestial'],,
9,"1881,0204.277",1,1,AKKADIAN,iš₈-tar₂,iš₈-tar₂,[],['CANONICAL ➝ Divination ➝ Celestial'],,
10,"1881,0204.277",1,2,AKKADIAN,ina,ina,[],['CANONICAL ➝ Divination ➝ Celestial'],,
11,"1881,0204.277",1,3,AKKADIAN,ITI.6.KAM,ITI.6.KAM,[],['CANONICAL ➝ Divination ➝ Celestial'],,
12,"1881,0204.277",1,5,AKKADIAN,ka-a-ma-na-at,ka-a-ma-na-at,[],['CANONICAL ➝ Divination ➝ Celestial'],,
13,"1881,0204.277",1,6,AKKADIAN,UN,UN,[],['CANONICAL ➝ Divination ➝ Celestial'],,
14,"1881,0204.277",2,1,AKKADIAN,iš₈-tar₂,iš₈-tar₂,[],['CANONICAL ➝ Divination ➝ Celestial'],,
15,"1881,0204.277",2,2,AKKADIAN,ina,ina,[],['CANONICAL ➝ Divination ➝ Celestial'],,
16,"1881,0204.277",2,3,AKKADIAN,ITI.7.KAM,ITI.7.KAM,[],['CANONICAL ➝ Divination ➝ Celestial'],,
17,"1881,0204.277",2,5,AKKADIAN,BURU₁₄,BURU₁₄,[],['CANONICAL ➝ Divination ➝ Celestial'],,
18,"1881,0204.277",2,6,AKKADIAN,ŠE,ŠE,[],['CANONICAL ➝ Divination ➝ Celestial'],,
19,"1881,0204.277",2,7,AKKADIAN,ina,ina,[],['CANONICAL ➝ Divination ➝ Celestial'],,
20,"1881,0204.277",2,8,AKKADIAN,KUR,KUR,[],['CANONICAL ➝ Divination ➝ Celestial'],,
21,"1881,0204.277",2,9,AKKADIAN,I₃.GAL₂,I₃.GAL₂,[],['CANONICAL ➝ Divination ➝ Celestial'],,
22,"1881,0204.277",3,1,AKKADIAN,iš₈-tar₂,iš₈-tar₂,[],['CANONICAL ➝ Divination ➝ Celestial'],,
23,"1881,0204.277",3,2,AKKADIAN,ina,ina,[],['CANONICAL ➝ Divination ➝ Celestial'],,
24,"1881,0204.277",3,3,AKKADIAN,ITI.8.KAM,ITI.8.KAM,[],['CANONICAL ➝ Divination ➝ Celestial'],,
25,"1881,0204.277",3,5,AKKADIAN,KUR,KUR,[],['CANONICAL ➝ Divination ➝ Celestial'],,
26,"1881,0204.277",3,6,AKKADIAN,{munus}KALAG.GA,{munus}KALAG.GA,[],['CANONICAL ➝ Divination ➝ Celestial'],,
27,"1881,0204.277",3,7,AKKADIAN,DAB-bat,DAB-bat,[],['CANONICAL ➝ Divination ➝ Celestial'],,
28,"1881,0204.277",4,1,AKKADIAN,iš₈-tar₂,iš₈-tar₂,[],['CANONICAL ➝ Divination ➝ Celestial'],,
29,"1881,0204.277",4,2,AKKADIAN,ina,ina,[],['CANONICAL ➝ Divination ➝ Celestial'],,
30,"1881,0204.277",4,3,AKKADIAN,ITI.9.KAM,ITI.9.KAM,[],['CANONICAL ➝ Divination ➝ Celestial'],,
31,"1881,0204.277",4,5,AKKADIAN,ŠA₃.SU₃,ŠA₃.SU₃,[],['CANONICAL ➝ Divination ➝ Celestial'],,
32,"1881,0204.277",4,6,AKKADIAN,ŠE,ŠE,[],['CANONICAL ➝ Divination ➝ Celestial'],,
33,"1881,0204.277",4,7,AKKADIAN,u,u,[],['CANONICAL ➝ Divination ➝ Celestial'],,
34,"1881,0204.277",4,8,AKKADIAN,IN.NU,IN.NU,[],['CANONICAL ➝ Divination ➝ Celestial'],,
35,"1881,0204.277",4,9,AKKADIAN,ina,ina,[],['CANONICAL ➝ Divination ➝ Celestial'],,
36,"1881,0204.277",4,10,AKKADIAN,KUR,KUR,[],['CANONICAL ➝ Divination ➝ Celestial'],,
37,"1881,0204.277",4,11,AKKADIAN,GAL₂,GAL₂,[],['CANONICAL ➝ Divination ➝ Celestial'],,
38,"1881,0204.277",5,1,AKKADIAN,iš₈-tar₂,iš₈-tar₂,[],['CANONICAL ➝ Divination ➝ Celestial'],,
39,"1881,0204.277",5,2,AKKADIAN,ina,ina,[],['CANONICAL ➝ Divination ➝ Celestial'],,
40,"1881,0204.277",5,3,AKKADIAN,ITI.10.KAM,ITI.10.KAM,[],['CANONICAL ➝ Divination ➝ Celestial'],,
41,"1881,0204.277",5,5,AKKADIAN,BURU₁₄,BURU₁₄,[],['CANONICAL ➝ Divination ➝ Celestial'],,
42,"1881,0204.277",5,6,AKKADIAN,KUR,KUR,[],['CANONICAL ➝ Divination ➝ Celestial'],,
43,"1881,0204.277",5,8,AKKADIAN,SI.SA₂,SI.SA₂,[],['CANONICAL ➝ Divination ➝ Celestial'],,
44,"1881,0204.277",5,9,AKKADIAN,ZAH₂,ZAH₂,[],['CANONICAL ➝ Divination ➝ Celestial'],,
45,"1881,0204.277",6,1,AKKADIAN,iš₈-tar₂,iš₈-tar₂,[],['CANONICAL ➝ Divination ➝ Celestial'],,
46,"1881,0204.277",6,2,AKKADIAN,ina,ina,[],['CANONICAL ➝ Divination ➝ Celestial'],,
47,"1881,0204.277",6,3,AKKADIAN,{iti}še-er-BURU₁₄,{iti}še-er-BURU₁₄,[],['CANONICAL ➝ Divination ➝ Celestial'],,
48,"1881,0204.277",6,4,AKKADIAN,ina,ina,[],['CANONICAL ➝ Divination ➝ Celestial'],,
49,"1881,0204.277",6,6,AKKADIAN,MUL.MUL,MUL.MUL,[],['CANONICAL ➝ Divination ➝ Celestial'],,
50,"1881,0204.277",6,7,AKKADIAN,GUB-iz,GUB-iz,[],['CANONICAL ➝ Divination ➝ Celestial'],,
51,"1881,0204.277",6,8,AKKADIAN,ŠA₃.SU₃,ŠA₃.SU₃,[],['CANONICAL ➝ Divination ➝ Celestial'],,
52,"1881,0204.277",6,9,AKKADIAN,ŠE,ŠE,[],['CANONICAL ➝ Divination ➝ Celestial'],,
53,"1881,0204.277",6,10,AKKADIAN,u,u,[],['CANONICAL ➝ Divination ➝ Celestial'],,
54,"1881,0204.277",6,11,AKKADIAN,IN.NU,IN.NU,[],['CANONICAL ➝ Divination ➝ Celestial'],,
55,"1881,0204.277",6,12,AKKADIAN,ina,ina,[],['CANONICAL ➝ Divination ➝ Celestial'],,
56,"1881,0204.277",6,13,AKKADIAN,KUR,KUR,[],['CANONICAL ➝ Divination ➝ Celestial'],,
57,"1881,0204.277",6,14,AKKADIAN,GAL₂,GAL₂,[],['CANONICAL ➝ Divination ➝ Celestial'],,
58,"1881,0204.277",7,1,AKKADIAN,iš₈-tar₂,iš₈-tar₂,[],['CANONICAL ➝ Divination ➝ Celestial'],,
59,"1881,0204.277",7,2,AKKADIAN,ina,ina,[],['CANONICAL ➝ Divination ➝ Celestial'],,
60,"1881,0204.277",7,3,AKKADIAN,KIMIN,KIMIN,[],['CANONICAL ➝ Divination ➝ Celestial'],,
61,"1881,0204.277",7,4,AKKADIAN,ZA₃-ša₂,ZA₃-ša₂,[],['CANONICAL ➝ Divination ➝ Celestial'],,
62,"1881,0204.277",7,6,AKKADIAN,IM.HUL,IM.HUL,[],['CANONICAL ➝ Divination ➝ Celestial'],,
63,"1881,0204.277",7,7,AKKADIAN,ZI-a,ZI-a,[],['CANONICAL ➝ Divination ➝ Celestial'],,
64,"1881,0204.277",7,8,AKKADIAN,{munus}PEŠ₄-MEŠ,{munus}PEŠ₄-MEŠ,[],['CANONICAL ➝ Divination ➝ Celestial'],,
65,"1881,0204.277",7,9,AKKADIAN,UŠ₂-MEŠ,UŠ₂-MEŠ,[],['CANONICAL ➝ Divination ➝ Celestial'],,
66,"1881,0204.277",8,1,AKKADIAN,iš₈-tar₂,iš₈-tar₂,[],['CANONICAL ➝ Divination ➝ Celestial'],,
67,"1881,0204.277",8,2,AKKADIAN,ina,ina,[],['CANONICAL ➝ Divination ➝ Celestial'],,
68,"1881,0204.277",8,3,AKKADIAN,KIMIN-ma,KIMIN-ma,[],['CANONICAL ➝ Divination ➝ Celestial'],,
69,"1881,0204.277",8,4,AKKADIAN,MAN-ma,MAN-ma,[],['CANONICAL ➝ Divination ➝ Celestial'],,
70,"1881,0204.277",8,6,AKKADIAN,NU,NU,[],['CANONICAL ➝ Divination ➝ Celestial'],,
71,"1881,0204.277",8,7,AKKADIAN,GAL₂,GAL₂,[],['CANONICAL ➝ Divination ➝ Celestial'],,
72,"1881,0204.277",8,8,AKKADIAN,KA.GAR,KA.GAR,[],['CANONICAL ➝ Divination ➝ Celestial'],,
73,"1881,0204.277",8,9,AKKADIAN,ta-lit-tu,ta-lit-tu,[],['CANONICAL ➝ Divination ➝ Celestial'],,
74,"1881,0204.277",8,10,AKKADIAN,NU,NU,[],['CANONICAL ➝ Divination ➝ Celestial'],,
75,"1881,0204.277",9,1,AKKADIAN,iš₈-tar₂,iš₈-tar₂,[],['CANONICAL ➝ Divination ➝ Celestial'],,
76,"1881,0204.277",9,2,AKKADIAN,ina,ina,[],['CANONICAL ➝ Divination ➝ Celestial'],,
77,"1881,0204.277",9,3,AKKADIAN,KIMIN,KIMIN,[],['CANONICAL ➝ Divination ➝ Celestial'],,
78,"1881,0204.277",9,5,AKKADIAN,{munus}KUR₂,{munus}KUR₂,[],['CANONICAL ➝ Divination ➝ Celestial'],,
79,"1881,0204.277",9,6,AKKADIAN,I₃.GAL₂,I₃.GAL₂,[],['CANONICAL ➝ Divination ➝ Celestial'],,
80,"1881,0204.277",10,1,AKKADIAN,iš₈-tar₂,iš₈-tar₂,[],['CANONICAL ➝ Divination ➝ Celestial'],,
81,"1881,0204.277",10,2,AKKADIAN,ina,ina,[],['CANONICAL ➝ Divination ➝ Celestial'],,
82,"1881,0204.277",10,3,AKKADIAN,KIMIN,KIMIN,[],['CANONICAL ➝ Divination ➝ Celestial'],,
83,"1881,0204.277",10,4,AKKADIAN,MUL-ME/MEŠ,MUL-ME/MEŠ,[],['CANONICAL ➝ Divination ➝ Celestial'],,
84,"1881,0204.277",10,6,AKKADIAN,{mul}DIL.BAD,{mul}DIL.BAD,[],['CANONICAL ➝ Divination ➝ Celestial'],,
85,"1881,0204.277",10,7,AKKADIAN,UGU,UGU,[],['CANONICAL ➝ Divination ➝ Celestial'],,
86,"1881,0204.277",10,8,AKKADIAN,MUL,MUL,[],['CANONICAL ➝ Divination ➝ Celestial'],,
87,"1881,0204.277",11,1,AKKADIAN,KUR,KUR,[],['CANONICAL ➝ Divination ➝ Celestial'],,
88,"1881,0204.277",11,2,AKKADIAN,NU,NU,[],['CANONICAL ➝ Divination ➝ Celestial'],,
89,"1881,0204.277",11,4,AKKADIAN,ŠU₂-su₂,ŠU₂-su₂,[],['CANONICAL ➝ Divination ➝ Celestial'],,
90,"1881,0204.277",11,5,AKKADIAN,KUR-ad₂,KUR-ad₂,[],['CANONICAL ➝ Divination ➝ Celestial'],,
91,"1881,0204.277",11,6,AKKADIAN,DUMU-šu₂,DUMU-šu₂,[],['CANONICAL ➝ Divination ➝ Celestial'],,
