,fragment_id,fragment_line_num,index_in_line,word_language,value,clean_value,lemma,domain,place_discovery,place_composition
0,"1879,0708.118",1,1,AKKADIAN,ina,ina,['ina I'],['CANONICAL ➝ Divination ➝ Celestial ➝ Enūma Anu Enlil ➝ Adad (EAE 36–49)'],,
1,"1879,0708.118",1,2,AKKADIAN,{iti}SIG₄,{iti}SIG₄,['Simānu II'],['CANONICAL ➝ Divination ➝ Celestial ➝ Enūma Anu Enlil ➝ Adad (EAE 36–49)'],,
2,"1879,0708.118",1,3,AKKADIAN,MIN,MIN,[],['CANONICAL ➝ Divination ➝ Celestial ➝ Enūma Anu Enlil ➝ Adad (EAE 36–49)'],,
3,"1879,0708.118",1,4,AKKADIAN,5/6,5/6,[],['CANONICAL ➝ Divination ➝ Celestial ➝ Enūma Anu Enlil ➝ Adad (EAE 36–49)'],,
4,"1879,0708.118",1,5,AKKADIAN,MU-MEŠ,MU-MEŠ,['šattu I'],['CANONICAL ➝ Divination ➝ Celestial ➝ Enūma Anu Enlil ➝ Adad (EAE 36–49)'],,
5,"1879,0708.118",1,8,AKKADIAN,SI.SA₂,SI.SA₂,['ešēru I'],['CANONICAL ➝ Divination ➝ Celestial ➝ Enūma Anu Enlil ➝ Adad (EAE 36–49)'],,
6,"1879,0708.118",1,10,AKKADIAN,A.MAH,A.MAH,[],['CANONICAL ➝ Divination ➝ Celestial ➝ Enūma Anu Enlil ➝ Adad (EAE 36–49)'],,
7,"1879,0708.118",2,1,AKKADIAN,ina,ina,['ina I'],['CANONICAL ➝ Divination ➝ Celestial ➝ Enūma Anu Enlil ➝ Adad (EAE 36–49)'],,
8,"1879,0708.118",2,2,AKKADIAN,{iti}ŠU,{iti}ŠU,"[""Du'ūzu I""]",['CANONICAL ➝ Divination ➝ Celestial ➝ Enūma Anu Enlil ➝ Adad (EAE 36–49)'],,
9,"1879,0708.118",2,3,AKKADIAN,MIN,MIN,[],['CANONICAL ➝ Divination ➝ Celestial ➝ Enūma Anu Enlil ➝ Adad (EAE 36–49)'],,
10,"1879,0708.118",2,4,AKKADIAN,20,20,[],['CANONICAL ➝ Divination ➝ Celestial ➝ Enūma Anu Enlil ➝ Adad (EAE 36–49)'],,
11,"1879,0708.118",2,5,AKKADIAN,MU-MEŠ,MU-MEŠ,['šattu I'],['CANONICAL ➝ Divination ➝ Celestial ➝ Enūma Anu Enlil ➝ Adad (EAE 36–49)'],,
12,"1879,0708.118",3,1,AKKADIAN,ina,ina,['ina I'],['CANONICAL ➝ Divination ➝ Celestial ➝ Enūma Anu Enlil ➝ Adad (EAE 36–49)'],,
13,"1879,0708.118",3,2,AKKADIAN,{iti}NE,{iti}NE,['Abu II'],['CANONICAL ➝ Divination ➝ Celestial ➝ Enūma Anu Enlil ➝ Adad (EAE 36–49)'],,
14,"1879,0708.118",3,3,AKKADIAN,MIN,MIN,[],['CANONICAL ➝ Divination ➝ Celestial ➝ Enūma Anu Enlil ➝ Adad (EAE 36–49)'],,
15,"1879,0708.118",3,4,AKKADIAN,15,15,[],['CANONICAL ➝ Divination ➝ Celestial ➝ Enūma Anu Enlil ➝ Adad (EAE 36–49)'],,
16,"1879,0708.118",3,5,AKKADIAN,MU-MEŠ,MU-MEŠ,['šattu I'],['CANONICAL ➝ Divination ➝ Celestial ➝ Enūma Anu Enlil ➝ Adad (EAE 36–49)'],,
17,"1879,0708.118",4,1,AKKADIAN,ina,ina,['ina I'],['CANONICAL ➝ Divination ➝ Celestial ➝ Enūma Anu Enlil ➝ Adad (EAE 36–49)'],,
18,"1879,0708.118",4,2,AKKADIAN,{iti}KIN,{iti}KIN,['Elulu I'],['CANONICAL ➝ Divination ➝ Celestial ➝ Enūma Anu Enlil ➝ Adad (EAE 36–49)'],,
19,"1879,0708.118",4,3,AKKADIAN,MIN,MIN,[],['CANONICAL ➝ Divination ➝ Celestial ➝ Enūma Anu Enlil ➝ Adad (EAE 36–49)'],,
20,"1879,0708.118",4,4,AKKADIAN,a-bu-ub,a-bu-ub,['abūbu I'],['CANONICAL ➝ Divination ➝ Celestial ➝ Enūma Anu Enlil ➝ Adad (EAE 36–49)'],,
21,"1879,0708.118",4,5,AKKADIAN,na-aš-pan-ti,na-aš-pan-ti,['naspantu I'],['CANONICAL ➝ Divination ➝ Celestial ➝ Enūma Anu Enlil ➝ Adad (EAE 36–49)'],,
22,"1879,0708.118",4,8,AKKADIAN,DIŠ,DIŠ,['šumma I'],['CANONICAL ➝ Divination ➝ Celestial ➝ Enūma Anu Enlil ➝ Adad (EAE 36–49)'],,
23,"1879,0708.118",4,9,AKKADIAN,ina,ina,['ina I'],['CANONICAL ➝ Divination ➝ Celestial ➝ Enūma Anu Enlil ➝ Adad (EAE 36–49)'],,
24,"1879,0708.118",4,10,AKKADIAN,{iti}DU₆,{iti}DU₆,['Tašritu I'],['CANONICAL ➝ Divination ➝ Celestial ➝ Enūma Anu Enlil ➝ Adad (EAE 36–49)'],,
25,"1879,0708.118",5,1,AKKADIAN,ina,ina,['ina I'],['CANONICAL ➝ Divination ➝ Celestial ➝ Enūma Anu Enlil ➝ Adad (EAE 36–49)'],,
26,"1879,0708.118",5,2,AKKADIAN,{iti}APIN,{iti}APIN,['Arahsamna I'],['CANONICAL ➝ Divination ➝ Celestial ➝ Enūma Anu Enlil ➝ Adad (EAE 36–49)'],,
27,"1879,0708.118",5,3,AKKADIAN,MIN,MIN,[],['CANONICAL ➝ Divination ➝ Celestial ➝ Enūma Anu Enlil ➝ Adad (EAE 36–49)'],,
28,"1879,0708.118",5,4,AKKADIAN,a-bu-ub,a-bu-ub,['abūbu I'],['CANONICAL ➝ Divination ➝ Celestial ➝ Enūma Anu Enlil ➝ Adad (EAE 36–49)'],,
29,"1879,0708.118",5,6,AKKADIAN,GAR,GAR,['šakānu I'],['CANONICAL ➝ Divination ➝ Celestial ➝ Enūma Anu Enlil ➝ Adad (EAE 36–49)'],,
30,"1879,0708.118",5,8,AKKADIAN,DIŠ,DIŠ,['šumma I'],['CANONICAL ➝ Divination ➝ Celestial ➝ Enūma Anu Enlil ➝ Adad (EAE 36–49)'],,
31,"1879,0708.118",5,9,AKKADIAN,ina,ina,['ina I'],['CANONICAL ➝ Divination ➝ Celestial ➝ Enūma Anu Enlil ➝ Adad (EAE 36–49)'],,
32,"1879,0708.118",5,12,AKKADIAN,KUR,KUR,['mātu I'],['CANONICAL ➝ Divination ➝ Celestial ➝ Enūma Anu Enlil ➝ Adad (EAE 36–49)'],,
33,"1879,0708.118",5,13,AKKADIAN,me-si-ra,me-si-ra,['mēseru I'],['CANONICAL ➝ Divination ➝ Celestial ➝ Enūma Anu Enlil ➝ Adad (EAE 36–49)'],,
34,"1879,0708.118",7,1,AKKADIAN,ina,ina,['ina I'],['CANONICAL ➝ Divination ➝ Celestial ➝ Enūma Anu Enlil ➝ Adad (EAE 36–49)'],,
35,"1879,0708.118",7,2,AKKADIAN,{iti}AB,{iti}AB,['ṭebētu I'],['CANONICAL ➝ Divination ➝ Celestial ➝ Enūma Anu Enlil ➝ Adad (EAE 36–49)'],,
36,"1879,0708.118",7,3,AKKADIAN,MIN,MIN,[],['CANONICAL ➝ Divination ➝ Celestial ➝ Enūma Anu Enlil ➝ Adad (EAE 36–49)'],,
37,"1879,0708.118",7,4,AKKADIAN,KUR,KUR,['mātu I'],['CANONICAL ➝ Divination ➝ Celestial ➝ Enūma Anu Enlil ➝ Adad (EAE 36–49)'],,
38,"1879,0708.118",7,8,AKKADIAN,DIŠ,DIŠ,['šumma I'],['CANONICAL ➝ Divination ➝ Celestial ➝ Enūma Anu Enlil ➝ Adad (EAE 36–49)'],,
39,"1879,0708.118",7,9,AKKADIAN,ina,ina,['ina I'],['CANONICAL ➝ Divination ➝ Celestial ➝ Enūma Anu Enlil ➝ Adad (EAE 36–49)'],,
40,"1879,0708.118",7,12,AKKADIAN,KUR,KUR,['mātu I'],['CANONICAL ➝ Divination ➝ Celestial ➝ Enūma Anu Enlil ➝ Adad (EAE 36–49)'],,
41,"1879,0708.118",7,13,AKKADIAN,ma-la-a,ma-la-a,[],['CANONICAL ➝ Divination ➝ Celestial ➝ Enūma Anu Enlil ➝ Adad (EAE 36–49)'],,
42,"1879,0708.118",8,1,AKKADIAN,ina,ina,['ina I'],['CANONICAL ➝ Divination ➝ Celestial ➝ Enūma Anu Enlil ➝ Adad (EAE 36–49)'],,
43,"1879,0708.118",8,2,AKKADIAN,{iti}ŠE,{iti}ŠE,['Adaru I'],['CANONICAL ➝ Divination ➝ Celestial ➝ Enūma Anu Enlil ➝ Adad (EAE 36–49)'],,
44,"1879,0708.118",8,3,AKKADIAN,MIN,MIN,[],['CANONICAL ➝ Divination ➝ Celestial ➝ Enūma Anu Enlil ➝ Adad (EAE 36–49)'],,
45,"1879,0708.118",8,6,AKKADIAN,ina,ina,['ina I'],['CANONICAL ➝ Divination ➝ Celestial ➝ Enūma Anu Enlil ➝ Adad (EAE 36–49)'],,
46,"1879,0708.118",8,7,AKKADIAN,{giš}TUKUL,{giš}TUKUL,['kakku I'],['CANONICAL ➝ Divination ➝ Celestial ➝ Enūma Anu Enlil ➝ Adad (EAE 36–49)'],,
47,"1879,0708.118",8,8,AKKADIAN,GAL₂-ši,GAL₂-ši,['bašû I'],['CANONICAL ➝ Divination ➝ Celestial ➝ Enūma Anu Enlil ➝ Adad (EAE 36–49)'],,
48,"1879,0708.118",10,1,AKKADIAN,ina,ina,['ina I'],['CANONICAL ➝ Divination ➝ Celestial ➝ Enūma Anu Enlil ➝ Adad (EAE 36–49)'],,
49,"1879,0708.118",10,2,AKKADIAN,{iti}BARA₂,{iti}BARA₂,[],['CANONICAL ➝ Divination ➝ Celestial ➝ Enūma Anu Enlil ➝ Adad (EAE 36–49)'],,
50,"1879,0708.118",10,3,AKKADIAN,{d}IŠKUR,{d}IŠKUR,['Adad I'],['CANONICAL ➝ Divination ➝ Celestial ➝ Enūma Anu Enlil ➝ Adad (EAE 36–49)'],,
51,"1879,0708.118",10,4,AKKADIAN,GU₃-šu₂,GU₃-šu₂,"['rigmu I', '-šu I']",['CANONICAL ➝ Divination ➝ Celestial ➝ Enūma Anu Enlil ➝ Adad (EAE 36–49)'],,
52,"1879,0708.118",10,5,AKKADIAN,GIN₇,GIN₇,['kīma I'],['CANONICAL ➝ Divination ➝ Celestial ➝ Enūma Anu Enlil ➝ Adad (EAE 36–49)'],,
53,"1879,0708.118",12,1,AKKADIAN,U₄,U₄,['inūma I'],['CANONICAL ➝ Divination ➝ Celestial ➝ Enūma Anu Enlil ➝ Adad (EAE 36–49)'],,
54,"1879,0708.118",12,2,AKKADIAN,AN,AN,['Anu I'],['CANONICAL ➝ Divination ➝ Celestial ➝ Enūma Anu Enlil ➝ Adad (EAE 36–49)'],,
55,"1879,0708.118",12,4,AKKADIAN,2,2,['šina II'],['CANONICAL ➝ Divination ➝ Celestial ➝ Enūma Anu Enlil ➝ Adad (EAE 36–49)'],,
56,"1879,0708.118",12,5,AKKADIAN,UŠ,UŠ,[],['CANONICAL ➝ Divination ➝ Celestial ➝ Enūma Anu Enlil ➝ Adad (EAE 36–49)'],,
57,"1879,0708.118",12,6,AKKADIAN,1,1,['ištēn I'],['CANONICAL ➝ Divination ➝ Celestial ➝ Enūma Anu Enlil ➝ Adad (EAE 36–49)'],,
58,"1879,0708.118",12,8,AKKADIAN,AM₃,AM₃,[],['CANONICAL ➝ Divination ➝ Celestial ➝ Enūma Anu Enlil ➝ Adad (EAE 36–49)'],,
59,"1879,0708.118",12,9,AKKADIAN,MU,MU,['šattu I'],['CANONICAL ➝ Divination ➝ Celestial ➝ Enūma Anu Enlil ➝ Adad (EAE 36–49)'],,
60,"1879,0708.118",12,10,AKKADIAN,ŠID-BI-IM,ŠID-BI-IM,[],['CANONICAL ➝ Divination ➝ Celestial ➝ Enūma Anu Enlil ➝ Adad (EAE 36–49)'],,
61,"1879,0708.118",13,2,AKKADIAN,GABA.RI,GABA.RI,['gabarû I'],['CANONICAL ➝ Divination ➝ Celestial ➝ Enūma Anu Enlil ➝ Adad (EAE 36–49)'],,
62,"1879,0708.118",13,3,AKKADIAN,KA₂.DIGIR.RA{ki},KA₂.DIGIR.RA{ki},['Babilu I'],['CANONICAL ➝ Divination ➝ Celestial ➝ Enūma Anu Enlil ➝ Adad (EAE 36–49)'],,
63,"1879,0708.118",13,4,AKKADIAN,AB.SAR.AM₃,AB.SAR.AM₃,[],['CANONICAL ➝ Divination ➝ Celestial ➝ Enūma Anu Enlil ➝ Adad (EAE 36–49)'],,
64,"1879,0708.118",13,5,AKKADIAN,BA.AN.E₃,BA.AN.E₃,[],['CANONICAL ➝ Divination ➝ Celestial ➝ Enūma Anu Enlil ➝ Adad (EAE 36–49)'],,
