,fragment_id,fragment_line_num,index_in_line,word_language,value,clean_value,lemma,domain,place_discovery,place_composition
0,"1879,0708.250",2,7,AKKADIAN,DINGIR,DINGIR,[],['CANONICAL ➝ Catalogues'],,
1,"1879,0708.250",4,8,AKKADIAN,EN₂,EN₂,[],['CANONICAL ➝ Catalogues'],,
2,"1879,0708.250",5,6,AKKADIAN,e-dip,e-dip,['edēpu I'],['CANONICAL ➝ Catalogues'],,
3,"1879,0708.250",5,7,AKKADIAN,IM,IM,['šāru I'],['CANONICAL ➝ Catalogues'],,
4,"1879,0708.250",5,9,AKKADIAN,EN₂,EN₂,[],['CANONICAL ➝ Catalogues'],,
5,"1879,0708.250",6,6,AKKADIAN,{d}DIM₁₀.ME.KE₄,{d}DIM₁₀.ME.KE₄,[],['CANONICAL ➝ Catalogues'],,
6,"1879,0708.250",6,8,AKKADIAN,EN₂,EN₂,['šiptu I'],['CANONICAL ➝ Catalogues'],,
7,"1879,0708.250",7,4,AKKADIAN,šur-pu,šur-pu,['šurpu I'],['CANONICAL ➝ Catalogues'],,
8,"1879,0708.250",7,7,AKKADIAN,HUL,HUL,[],['CANONICAL ➝ Catalogues'],,
9,"1879,0708.250",7,8,AKKADIAN,SIG₅.GA,SIG₅.GA,[],['CANONICAL ➝ Catalogues'],,
