,fragment_id,fragment_line_num,index_in_line,word_language,value,clean_value,lemma,domain,place_discovery,place_composition
0,"1879,0708.351",0,1,AKKADIAN,SILA₃,SILA₃,['qû II'],['CANONICAL ➝ Technical ➝ Medicine'],,
1,"1879,0708.351",1,0,AKKADIAN,1/2,1/2,[],['CANONICAL ➝ Technical ➝ Medicine'],,
2,"1879,0708.351",1,1,AKKADIAN,SILA₃,SILA₃,['qû II'],['CANONICAL ➝ Technical ➝ Medicine'],,
3,"1879,0708.351",1,2,AKKADIAN,NUMUN,NUMUN,['zēru II'],['CANONICAL ➝ Technical ➝ Medicine'],,
4,"1879,0708.351",1,3,AKKADIAN,{giš}GADA,{giš}GADA,[],['CANONICAL ➝ Technical ➝ Medicine'],,
5,"1879,0708.351",1,4,AKKADIAN,4,4,[],['CANONICAL ➝ Technical ➝ Medicine'],,
6,"1879,0708.351",2,0,AKKADIAN,ina,ina,['ina I'],['CANONICAL ➝ Technical ➝ Medicine'],,
7,"1879,0708.351",2,1,AKKADIAN,ŠEN.TUR,ŠEN.TUR,['tangussu I'],['CANONICAL ➝ Technical ➝ Medicine'],,
8,"1879,0708.351",2,2,AKKADIAN,GIM,GIM,['kīma I'],['CANONICAL ➝ Technical ➝ Medicine'],,
9,"1879,0708.351",2,3,AKKADIAN,rib-ki,rib-ki,['ribku I'],['CANONICAL ➝ Technical ➝ Medicine'],,
10,"1879,0708.351",4,0,AKKADIAN,DIŠ,DIŠ,['šumma I'],['CANONICAL ➝ Technical ➝ Medicine'],,
11,"1879,0708.351",4,1,AKKADIAN,,,['awīlu I'],['CANONICAL ➝ Technical ➝ Medicine'],,
12,"1879,0708.351",4,2,AKKADIAN,GABA,GABA,['irtu I'],['CANONICAL ➝ Technical ➝ Medicine'],,
13,"1879,0708.351",4,3,AKKADIAN,u,u,['u I'],['CANONICAL ➝ Technical ➝ Medicine'],,
14,"1879,0708.351",4,4,AKKADIAN,MAŠ.SILA₃,MAŠ.SILA₃,['naglabu I'],['CANONICAL ➝ Technical ➝ Medicine'],,
15,"1879,0708.351",4,5,AKKADIAN,GIG,GIG,['marāṣu I'],['CANONICAL ➝ Technical ➝ Medicine'],,
16,"1879,0708.351",5,1,AKKADIAN,GU₂.TUR,GU₂.TUR,['kakkû I'],['CANONICAL ➝ Technical ➝ Medicine'],,
17,"1879,0708.351",5,2,AKKADIAN,ZI₃,ZI₃,['qēmu I'],['CANONICAL ➝ Technical ➝ Medicine'],,
18,"1879,0708.351",5,3,AKKADIAN,GIG,GIG,[],['CANONICAL ➝ Technical ➝ Medicine'],,
19,"1879,0708.351",5,4,AKKADIAN,ZI₃,ZI₃,['qēmu I'],['CANONICAL ➝ Technical ➝ Medicine'],,
20,"1879,0708.351",6,4,AKKADIAN,ina,ina,['ina I'],['CANONICAL ➝ Technical ➝ Medicine'],,
21,"1879,0708.351",6,5,AKKADIAN,šur-šum-me,šur-šum-me,['šuršummu I'],['CANONICAL ➝ Technical ➝ Medicine'],,
