,fragment_id,fragment_line_num,index_in_line,word_language,value,clean_value,lemma,domain,place_discovery,place_composition
0,"1881,0204.316",2,1,AKKADIAN,ŠA₃,ŠA₃,['libbu I'],['CANONICAL ➝ Divination ➝ Extispicy'],,
1,"1881,0204.316",2,2,AKKADIAN,GIR₂,GIR₂,['padānu I'],['CANONICAL ➝ Divination ➝ Extispicy'],,
2,"1881,0204.316",2,3,AKKADIAN,150,150,['šumēlu I'],['CANONICAL ➝ Divination ➝ Extispicy'],,
3,"1881,0204.316",3,0,AKKADIAN,BE,BE,['šumma I'],['CANONICAL ➝ Divination ➝ Extispicy'],,
4,"1881,0204.316",3,1,AKKADIAN,ina,ina,['ina I'],['CANONICAL ➝ Divination ➝ Extispicy'],,
5,"1881,0204.316",3,2,AKKADIAN,KI,KI,['ašru III'],['CANONICAL ➝ Divination ➝ Extispicy'],,
6,"1881,0204.316",3,3,AKKADIAN,GIR₂,GIR₂,['padānu I'],['CANONICAL ➝ Divination ➝ Extispicy'],,
7,"1881,0204.316",3,4,AKKADIAN,150,150,['šumēlu I'],['CANONICAL ➝ Divination ➝ Extispicy'],,
8,"1881,0204.316",3,5,AKKADIAN,ZE₂,ZE₂,['martu I'],['CANONICAL ➝ Divination ➝ Extispicy'],,
9,"1881,0204.316",4,0,AKKADIAN,BE,BE,['šumma I'],['CANONICAL ➝ Divination ➝ Extispicy'],,
10,"1881,0204.316",4,1,AKKADIAN,GIR₂,GIR₂,['padānu I'],['CANONICAL ➝ Divination ➝ Extispicy'],,
11,"1881,0204.316",4,2,AKKADIAN,150,150,['šumēlu I'],['CANONICAL ➝ Divination ➝ Extispicy'],,
12,"1881,0204.316",4,3,AKKADIAN,ZE₂,ZE₂,['martu I'],['CANONICAL ➝ Divination ➝ Extispicy'],,
13,"1881,0204.316",4,4,AKKADIAN,{giš}TUKUL,{giš}TUKUL,['kakku I'],['CANONICAL ➝ Divination ➝ Extispicy'],,
14,"1881,0204.316",5,0,AKKADIAN,BE,BE,['šumma I'],['CANONICAL ➝ Divination ➝ Extispicy'],,
15,"1881,0204.316",5,1,AKKADIAN,GIR₂,GIR₂,['padānu I'],['CANONICAL ➝ Divination ➝ Extispicy'],,
16,"1881,0204.316",5,2,AKKADIAN,150,150,['šumēlu I'],['CANONICAL ➝ Divination ➝ Extispicy'],,
17,"1881,0204.316",5,3,AKKADIAN,ZE₂,ZE₂,['martu I'],['CANONICAL ➝ Divination ➝ Extispicy'],,
18,"1881,0204.316",5,4,AKKADIAN,ana,ana,['ana I'],['CANONICAL ➝ Divination ➝ Extispicy'],,
19,"1881,0204.316",5,5,AKKADIAN,{giš}TUKUL,{giš}TUKUL,['kakku I'],['CANONICAL ➝ Divination ➝ Extispicy'],,
20,"1881,0204.316",6,1,AKKADIAN,ina,ina,['ina I'],['CANONICAL ➝ Divination ➝ Extispicy'],,
21,"1881,0204.316",6,2,AKKADIAN,SILIM-ti₃,SILIM-ti₃,['šalimtu I'],['CANONICAL ➝ Divination ➝ Extispicy'],,
22,"1881,0204.316",6,3,AKKADIAN,KUR₂,KUR₂,['nakru I'],['CANONICAL ➝ Divination ➝ Extispicy'],,
23,"1881,0204.316",7,0,AKKADIAN,BE,BE,['šumma I'],['CANONICAL ➝ Divination ➝ Extispicy'],,
24,"1881,0204.316",7,1,AKKADIAN,ina,ina,['ina I'],['CANONICAL ➝ Divination ➝ Extispicy'],,
25,"1881,0204.316",7,2,AKKADIAN,SAG,SAG,['rēšu I'],['CANONICAL ➝ Divination ➝ Extispicy'],,
26,"1881,0204.316",7,3,AKKADIAN,GIR₂,GIR₂,['padānu I'],['CANONICAL ➝ Divination ➝ Extispicy'],,
27,"1881,0204.316",7,4,AKKADIAN,150,150,['šumēlu I'],['CANONICAL ➝ Divination ➝ Extispicy'],,
28,"1881,0204.316",7,5,AKKADIAN,ZE₂,ZE₂,['martu I'],['CANONICAL ➝ Divination ➝ Extispicy'],,
29,"1881,0204.316",7,6,AKKADIAN,{giš}TUKUL,{giš}TUKUL,['kakku I'],['CANONICAL ➝ Divination ➝ Extispicy'],,
30,"1881,0204.316",7,7,AKKADIAN,GAR-ma,GAR-ma,['šakānu I'],['CANONICAL ➝ Divination ➝ Extispicy'],,
31,"1881,0204.316",8,0,AKKADIAN,BE,BE,['šumma I'],['CANONICAL ➝ Divination ➝ Extispicy'],,
32,"1881,0204.316",8,1,AKKADIAN,KIMIN,KIMIN,[],['CANONICAL ➝ Divination ➝ Extispicy'],,
33,"1881,0204.316",8,2,AKKADIAN,AN.TA,AN.TA,['eliš I'],['CANONICAL ➝ Divination ➝ Extispicy'],,
34,"1881,0204.316",8,3,AKKADIAN,IGI,IGI,['naṭālu I'],['CANONICAL ➝ Divination ➝ Extispicy'],,
35,"1881,0204.316",8,4,AKKADIAN,KUR₂,KUR₂,['nakru I'],['CANONICAL ➝ Divination ➝ Extispicy'],,
36,"1881,0204.316",8,5,AKKADIAN,E₃-it,E₃-it,['ṣītu I'],['CANONICAL ➝ Divination ➝ Extispicy'],,
37,"1881,0204.316",9,0,AKKADIAN,BE,BE,['šumma I'],['CANONICAL ➝ Divination ➝ Extispicy'],,
38,"1881,0204.316",9,1,AKKADIAN,KIMIN,KIMIN,[],['CANONICAL ➝ Divination ➝ Extispicy'],,
39,"1881,0204.316",9,2,AKKADIAN,ŠUB,ŠUB,['nadû III'],['CANONICAL ➝ Divination ➝ Extispicy'],,
40,"1881,0204.316",9,3,AKKADIAN,AŠ.TE,AŠ.TE,['kussû I'],['CANONICAL ➝ Divination ➝ Extispicy'],,
41,"1881,0204.316",9,4,AKKADIAN,IGI,IGI,['naṭālu I'],['CANONICAL ➝ Divination ➝ Extispicy'],,
42,"1881,0204.316",9,5,AKKADIAN,KU₄-eb,KU₄-eb,['erēbu I'],['CANONICAL ➝ Divination ➝ Extispicy'],,
43,"1881,0204.316",10,1,AKKADIAN,ki-dam,ki-dam,['kīdu I'],['CANONICAL ➝ Divination ➝ Extispicy'],,
44,"1881,0204.316",10,2,AKKADIAN,IGI,IGI,['naṭālu I'],['CANONICAL ➝ Divination ➝ Extispicy'],,
45,"1881,0204.316",10,3,AKKADIAN,IDIM,IDIM,['kabtu I'],['CANONICAL ➝ Divination ➝ Extispicy'],,
46,"1881,0204.316",10,4,AKKADIAN,AD.HAL,AD.HAL,['pirištu I'],['CANONICAL ➝ Divination ➝ Extispicy'],,
47,"1881,0204.316",10,5,AKKADIAN,EN-šu₂,EN-šu₂,['bēlu I'],['CANONICAL ➝ Divination ➝ Extispicy'],,
48,"1881,0204.316",11,2,AKKADIAN,ZE₂,ZE₂,['martu I'],['CANONICAL ➝ Divination ➝ Extispicy'],,
49,"1881,0204.316",11,3,AKKADIAN,{giš}TUKUL,{giš}TUKUL,['kakku I'],['CANONICAL ➝ Divination ➝ Extispicy'],,
50,"1881,0204.316",11,4,AKKADIAN,GAR-ma,GAR-ma,['šakānu I'],['CANONICAL ➝ Divination ➝ Extispicy'],,
51,"1881,0204.316",11,5,AKKADIAN,KI.TA,KI.TA,['šapliš I'],['CANONICAL ➝ Divination ➝ Extispicy'],,
52,"1881,0204.316",11,6,AKKADIAN,IGI,IGI,['naṭālu I'],['CANONICAL ➝ Divination ➝ Extispicy'],,
