,fragment_id,fragment_line_num,index_in_line,word_language,value,clean_value,lemma,domain,place_discovery,place_composition
0,"1879,0708.113",0,0,AKKADIAN,BE,BE,[],['CANONICAL ➝ Divination ➝ Teratological ➝ Šumma izbu'],,
1,"1879,0708.113",0,1,AKKADIAN,U₈,U₈,[],['CANONICAL ➝ Divination ➝ Teratological ➝ Šumma izbu'],,
2,"1879,0708.113",0,2,AKKADIAN,KIMIN-ma,KIMIN-ma,[],['CANONICAL ➝ Divination ➝ Teratological ➝ Šumma izbu'],,
3,"1879,0708.113",0,4,AKKADIAN,GIR₃-MEŠ-šu₂,GIR₃-MEŠ-šu₂,[],['CANONICAL ➝ Divination ➝ Teratological ➝ Šumma izbu'],,
4,"1879,0708.113",0,5,AKKADIAN,BA₃-ut,BA₃-ut,[],['CANONICAL ➝ Divination ➝ Teratological ➝ Šumma izbu'],,
5,"1879,0708.113",0,6,AKKADIAN,LUGAL,LUGAL,[],['CANONICAL ➝ Divination ➝ Teratological ➝ Šumma izbu'],,
6,"1879,0708.113",0,7,AKKADIAN,ŠU₂,ŠU₂,[],['CANONICAL ➝ Divination ➝ Teratological ➝ Šumma izbu'],,
7,"1879,0708.113",1,0,AKKADIAN,BE,BE,[],['CANONICAL ➝ Divination ➝ Teratological ➝ Šumma izbu'],,
8,"1879,0708.113",1,1,AKKADIAN,U₈,U₈,[],['CANONICAL ➝ Divination ➝ Teratological ➝ Šumma izbu'],,
9,"1879,0708.113",1,2,AKKADIAN,KIMIN-ma,KIMIN-ma,[],['CANONICAL ➝ Divination ➝ Teratological ➝ Šumma izbu'],,
10,"1879,0708.113",1,3,AKKADIAN,8,8,[],['CANONICAL ➝ Divination ➝ Teratological ➝ Šumma izbu'],,
11,"1879,0708.113",1,5,AKKADIAN,ZI-ut,ZI-ut,[],['CANONICAL ➝ Divination ➝ Teratological ➝ Šumma izbu'],,
12,"1879,0708.113",1,6,AKKADIAN,ERIN₂-man-da,ERIN₂-man-da,[],['CANONICAL ➝ Divination ➝ Teratological ➝ Šumma izbu'],,
13,"1879,0708.113",1,7,AKKADIAN,NUN,NUN,[],['CANONICAL ➝ Divination ➝ Teratological ➝ Šumma izbu'],,
14,"1879,0708.113",1,8,AKKADIAN,KUR,KUR,[],['CANONICAL ➝ Divination ➝ Teratological ➝ Šumma izbu'],,
15,"1879,0708.113",1,9,AKKADIAN,KUR₂-šu₂,KUR₂-šu₂,[],['CANONICAL ➝ Divination ➝ Teratological ➝ Šumma izbu'],,
16,"1879,0708.113",2,0,AKKADIAN,BE,BE,[],['CANONICAL ➝ Divination ➝ Teratological ➝ Šumma izbu'],,
17,"1879,0708.113",2,1,AKKADIAN,U₈,U₈,[],['CANONICAL ➝ Divination ➝ Teratological ➝ Šumma izbu'],,
18,"1879,0708.113",2,2,AKKADIAN,KIMIN-ma,KIMIN-ma,[],['CANONICAL ➝ Divination ➝ Teratological ➝ Šumma izbu'],,
19,"1879,0708.113",2,3,AKKADIAN,2,2,[],['CANONICAL ➝ Divination ➝ Teratological ➝ Šumma izbu'],,
20,"1879,0708.113",2,5,AKKADIAN,KUR,KUR,[],['CANONICAL ➝ Divination ➝ Teratological ➝ Šumma izbu'],,
21,"1879,0708.113",2,6,AKKADIAN,EN,EN,[],['CANONICAL ➝ Divination ➝ Teratological ➝ Šumma izbu'],,
22,"1879,0708.113",2,7,AKKADIAN,MAN-ma,MAN-ma,[],['CANONICAL ➝ Divination ➝ Teratological ➝ Šumma izbu'],,
23,"1879,0708.113",2,8,AKKADIAN,TUK-ma,TUK-ma,[],['CANONICAL ➝ Divination ➝ Teratological ➝ Šumma izbu'],,
24,"1879,0708.113",2,9,AKKADIAN,EGIR,EGIR,[],['CANONICAL ➝ Divination ➝ Teratological ➝ Šumma izbu'],,
25,"1879,0708.113",2,10,AKKADIAN,EN,EN,[],['CANONICAL ➝ Divination ➝ Teratological ➝ Šumma izbu'],,
26,"1879,0708.113",2,11,AKKADIAN,e-mu-qi₂,e-mu-qi₂,[],['CANONICAL ➝ Divination ➝ Teratological ➝ Šumma izbu'],,
27,"1879,0708.113",2,12,AKKADIAN,DU-ak,DU-ak,[],['CANONICAL ➝ Divination ➝ Teratological ➝ Šumma izbu'],,
28,"1879,0708.113",2,13,AKKADIAN,LUGAL,LUGAL,[],['CANONICAL ➝ Divination ➝ Teratological ➝ Šumma izbu'],,
29,"1879,0708.113",3,0,AKKADIAN,BE,BE,[],['CANONICAL ➝ Divination ➝ Teratological ➝ Šumma izbu'],,
30,"1879,0708.113",3,1,AKKADIAN,U₈,U₈,[],['CANONICAL ➝ Divination ➝ Teratological ➝ Šumma izbu'],,
31,"1879,0708.113",3,2,AKKADIAN,KIMIN-ma,KIMIN-ma,[],['CANONICAL ➝ Divination ➝ Teratological ➝ Šumma izbu'],,
32,"1879,0708.113",3,3,AKKADIAN,KUN,KUN,[],['CANONICAL ➝ Divination ➝ Teratological ➝ Šumma izbu'],,
33,"1879,0708.113",3,5,AKKADIAN,hal-la,hal-la,[],['CANONICAL ➝ Divination ➝ Teratological ➝ Šumma izbu'],,
34,"1879,0708.113",3,6,AKKADIAN,KUR,KUR,[],['CANONICAL ➝ Divination ➝ Teratological ➝ Šumma izbu'],,
35,"1879,0708.113",4,0,AKKADIAN,BE,BE,[],['CANONICAL ➝ Divination ➝ Teratological ➝ Šumma izbu'],,
36,"1879,0708.113",4,1,AKKADIAN,U₈,U₈,[],['CANONICAL ➝ Divination ➝ Teratological ➝ Šumma izbu'],,
37,"1879,0708.113",4,2,AKKADIAN,KIMIN-ma,KIMIN-ma,[],['CANONICAL ➝ Divination ➝ Teratological ➝ Šumma izbu'],,
38,"1879,0708.113",4,3,AKKADIAN,KUN-su,KUN-su,[],['CANONICAL ➝ Divination ➝ Teratological ➝ Šumma izbu'],,
39,"1879,0708.113",4,4,AKKADIAN,GIM,GIM,[],['CANONICAL ➝ Divination ➝ Teratological ➝ Šumma izbu'],,
40,"1879,0708.113",4,6,AKKADIAN,ka-nin,ka-nin,[],['CANONICAL ➝ Divination ➝ Teratological ➝ Šumma izbu'],,
41,"1879,0708.113",4,7,AKKADIAN,KUR₂,KUR₂,[],['CANONICAL ➝ Divination ➝ Teratological ➝ Šumma izbu'],,
42,"1879,0708.113",4,8,AKKADIAN,ina,ina,[],['CANONICAL ➝ Divination ➝ Teratological ➝ Šumma izbu'],,
43,"1879,0708.113",4,9,AKKADIAN,ni-ip-te-e,ni-ip-te-e,[],['CANONICAL ➝ Divination ➝ Teratological ➝ Šumma izbu'],,
44,"1879,0708.113",5,0,AKKADIAN,BE,BE,[],['CANONICAL ➝ Divination ➝ Teratological ➝ Šumma izbu'],,
45,"1879,0708.113",5,1,AKKADIAN,U₈,U₈,[],['CANONICAL ➝ Divination ➝ Teratological ➝ Šumma izbu'],,
46,"1879,0708.113",5,2,AKKADIAN,KIMIN-ma,KIMIN-ma,[],['CANONICAL ➝ Divination ➝ Teratological ➝ Šumma izbu'],,
47,"1879,0708.113",5,3,AKKADIAN,GIM,GIM,[],['CANONICAL ➝ Divination ➝ Teratological ➝ Šumma izbu'],,
48,"1879,0708.113",5,4,AKKADIAN,mi-ra-ni,mi-ra-ni,[],['CANONICAL ➝ Divination ➝ Teratological ➝ Šumma izbu'],,
49,"1879,0708.113",5,6,AKKADIAN,u,u,[],['CANONICAL ➝ Divination ➝ Teratological ➝ Šumma izbu'],,
50,"1879,0708.113",5,7,AKKADIAN,KUN-su,KUN-su,[],['CANONICAL ➝ Divination ➝ Teratological ➝ Šumma izbu'],,
51,"1879,0708.113",5,8,AKKADIAN,na-šik,na-šik,[],['CANONICAL ➝ Divination ➝ Teratological ➝ Šumma izbu'],,
52,"1879,0708.113",5,9,AKKADIAN,KUR₂,KUR₂,[],['CANONICAL ➝ Divination ➝ Teratological ➝ Šumma izbu'],,
53,"1879,0708.113",5,10,AKKADIAN,KUR,KUR,[],['CANONICAL ➝ Divination ➝ Teratological ➝ Šumma izbu'],,
54,"1879,0708.113",5,11,AKKADIAN,ana,ana,[],['CANONICAL ➝ Divination ➝ Teratological ➝ Šumma izbu'],,
55,"1879,0708.113",5,12,AKKADIAN,BAD₄,BAD₄,[],['CANONICAL ➝ Divination ➝ Teratological ➝ Šumma izbu'],,
56,"1879,0708.113",6,0,AKKADIAN,BE,BE,[],['CANONICAL ➝ Divination ➝ Teratological ➝ Šumma izbu'],,
57,"1879,0708.113",6,1,AKKADIAN,U₈,U₈,[],['CANONICAL ➝ Divination ➝ Teratological ➝ Šumma izbu'],,
58,"1879,0708.113",6,2,AKKADIAN,KIMIN-ma,KIMIN-ma,[],['CANONICAL ➝ Divination ➝ Teratological ➝ Šumma izbu'],,
59,"1879,0708.113",6,3,AKKADIAN,ta-kal-ta,ta-kal-ta,[],['CANONICAL ➝ Divination ➝ Teratological ➝ Šumma izbu'],,
60,"1879,0708.113",6,4,AKKADIAN,na-ši,na-ši,[],['CANONICAL ➝ Divination ➝ Teratological ➝ Šumma izbu'],,
61,"1879,0708.113",6,5,AKKADIAN,NUN,NUN,[],['CANONICAL ➝ Divination ➝ Teratological ➝ Šumma izbu'],,
62,"1879,0708.113",6,7,AKKADIAN,NU,NU,[],['CANONICAL ➝ Divination ➝ Teratological ➝ Šumma izbu'],,
63,"1879,0708.113",6,8,AKKADIAN,TUK-ši,TUK-ši,[],['CANONICAL ➝ Divination ➝ Teratological ➝ Šumma izbu'],,
64,"1879,0708.113",6,9,AKKADIAN,ša₂,ša₂,[],['CANONICAL ➝ Divination ➝ Teratological ➝ Šumma izbu'],,
65,"1879,0708.113",6,10,AKKADIAN,la-mat-su,la-mat-su,[],['CANONICAL ➝ Divination ➝ Teratological ➝ Šumma izbu'],,
66,"1879,0708.113",6,11,AKKADIAN,AŠ.TE,AŠ.TE,[],['CANONICAL ➝ Divination ➝ Teratological ➝ Šumma izbu'],,
67,"1879,0708.113",6,12,AKKADIAN,DAB-bat-ma,DAB-bat-ma,[],['CANONICAL ➝ Divination ➝ Teratological ➝ Šumma izbu'],,
68,"1879,0708.113",7,1,AKKADIAN,U₈,U₈,[],['CANONICAL ➝ Divination ➝ Teratological ➝ Šumma izbu'],,
69,"1879,0708.113",7,2,AKKADIAN,2,2,[],['CANONICAL ➝ Divination ➝ Teratological ➝ Šumma izbu'],,
70,"1879,0708.113",7,3,AKKADIAN,UR.MAH,UR.MAH,[],['CANONICAL ➝ Divination ➝ Teratological ➝ Šumma izbu'],,
71,"1879,0708.113",7,4,AKKADIAN,U₃.TU,U₃.TU,[],['CANONICAL ➝ Divination ➝ Teratological ➝ Šumma izbu'],,
72,"1879,0708.113",7,5,AKKADIAN,NUN,NUN,[],['CANONICAL ➝ Divination ➝ Teratological ➝ Šumma izbu'],,
73,"1879,0708.113",7,6,AKKADIAN,BI,BI,[],['CANONICAL ➝ Divination ➝ Teratological ➝ Šumma izbu'],,
74,"1879,0708.113",7,9,AKKADIAN,NUN,NUN,[],['CANONICAL ➝ Divination ➝ Teratological ➝ Šumma izbu'],,
75,"1879,0708.113",7,10,AKKADIAN,BAD₄,BAD₄,[],['CANONICAL ➝ Divination ➝ Teratological ➝ Šumma izbu'],,
76,"1879,0708.113",7,11,AKKADIAN,DAB-bat,DAB-bat,[],['CANONICAL ➝ Divination ➝ Teratological ➝ Šumma izbu'],,
77,"1879,0708.113",7,12,AKKADIAN,KUR-su,KUR-su,[],['CANONICAL ➝ Divination ➝ Teratological ➝ Šumma izbu'],,
78,"1879,0708.113",8,1,AKKADIAN,U₈,U₈,[],['CANONICAL ➝ Divination ➝ Teratological ➝ Šumma izbu'],,
79,"1879,0708.113",8,2,AKKADIAN,3,3,[],['CANONICAL ➝ Divination ➝ Teratological ➝ Šumma izbu'],,
80,"1879,0708.113",8,3,AKKADIAN,UR.MAH,UR.MAH,[],['CANONICAL ➝ Divination ➝ Teratological ➝ Šumma izbu'],,
81,"1879,0708.113",8,4,AKKADIAN,U₃.TU,U₃.TU,[],['CANONICAL ➝ Divination ➝ Teratological ➝ Šumma izbu'],,
82,"1879,0708.113",8,5,AKKADIAN,ri-ṣi,ri-ṣi,[],['CANONICAL ➝ Divination ➝ Teratological ➝ Šumma izbu'],,
83,"1879,0708.113",8,7,AKKADIAN,ana,ana,[],['CANONICAL ➝ Divination ➝ Teratological ➝ Šumma izbu'],,
84,"1879,0708.113",8,8,AKKADIAN,NUN,NUN,[],['CANONICAL ➝ Divination ➝ Teratological ➝ Šumma izbu'],,
85,"1879,0708.113",8,9,AKKADIAN,NUN,NUN,[],['CANONICAL ➝ Divination ➝ Teratological ➝ Šumma izbu'],,
86,"1879,0708.113",8,10,AKKADIAN,til-la-a-ti,til-la-a-ti,[],['CANONICAL ➝ Divination ➝ Teratological ➝ Šumma izbu'],,
87,"1879,0708.113",9,1,AKKADIAN,U₈,U₈,[],['CANONICAL ➝ Divination ➝ Teratological ➝ Šumma izbu'],,
88,"1879,0708.113",9,2,AKKADIAN,UR.MAH,UR.MAH,[],['CANONICAL ➝ Divination ➝ Teratological ➝ Šumma izbu'],,
89,"1879,0708.113",9,3,AKKADIAN,U₃.TU-ma,U₃.TU-ma,[],['CANONICAL ➝ Divination ➝ Teratological ➝ Šumma izbu'],,
90,"1879,0708.113",9,4,AKKADIAN,pa-gar-šu₂,pa-gar-šu₂,[],['CANONICAL ➝ Divination ➝ Teratological ➝ Šumma izbu'],,
91,"1879,0708.113",9,6,AKKADIAN,SAG.DU-su,SAG.DU-su,[],['CANONICAL ➝ Divination ➝ Teratological ➝ Šumma izbu'],,
92,"1879,0708.113",9,7,AKKADIAN,UR.MAH,UR.MAH,[],['CANONICAL ➝ Divination ➝ Teratological ➝ Šumma izbu'],,
93,"1879,0708.113",9,8,AKKADIAN,BA₃-ut,BA₃-ut,[],['CANONICAL ➝ Divination ➝ Teratological ➝ Šumma izbu'],,
94,"1879,0708.113",9,9,AKKADIAN,LUGAL.GI.NA,LUGAL.GI.NA,[],['CANONICAL ➝ Divination ➝ Teratological ➝ Šumma izbu'],,
95,"1879,0708.113",9,10,AKKADIAN,ša₂,ša₂,[],['CANONICAL ➝ Divination ➝ Teratological ➝ Šumma izbu'],,
96,"1879,0708.113",9,11,AKKADIAN,ŠU₂-ti,ŠU₂-ti,[],['CANONICAL ➝ Divination ➝ Teratological ➝ Šumma izbu'],,
97,"1879,0708.113",10,1,AKKADIAN,U₈,U₈,[],['CANONICAL ➝ Divination ➝ Teratological ➝ Šumma izbu'],,
98,"1879,0708.113",10,3,AKKADIAN,U₃.TU-ma,U₃.TU-ma,[],['CANONICAL ➝ Divination ➝ Teratological ➝ Šumma izbu'],,
99,"1879,0708.113",10,5,AKKADIAN,ša₂,ša₂,[],['CANONICAL ➝ Divination ➝ Teratological ➝ Šumma izbu'],,
100,"1879,0708.113",10,6,AKKADIAN,ANŠE.KUR.RA,ANŠE.KUR.RA,[],['CANONICAL ➝ Divination ➝ Teratological ➝ Šumma izbu'],,
101,"1879,0708.113",10,7,AKKADIAN,pa-gar-šu₂,pa-gar-šu₂,[],['CANONICAL ➝ Divination ➝ Teratological ➝ Šumma izbu'],,
102,"1879,0708.113",10,8,AKKADIAN,pa-gar,pa-gar,[],['CANONICAL ➝ Divination ➝ Teratological ➝ Šumma izbu'],,
103,"1879,0708.113",11,4,AKKADIAN,ša₂,ša₂,[],['CANONICAL ➝ Divination ➝ Teratological ➝ Šumma izbu'],,
104,"1879,0708.113",11,5,AKKADIAN,KUR,KUR,[],['CANONICAL ➝ Divination ➝ Teratological ➝ Šumma izbu'],,
105,"1879,0708.113",12,1,AKKADIAN,U₈,U₈,[],['CANONICAL ➝ Divination ➝ Teratological ➝ Šumma izbu'],,
106,"1879,0708.113",12,4,AKKADIAN,KUN,KUN,[],['CANONICAL ➝ Divination ➝ Teratological ➝ Šumma izbu'],,
107,"1879,0708.113",12,5,AKKADIAN,KA₄.A,KA₄.A,[],['CANONICAL ➝ Divination ➝ Teratological ➝ Šumma izbu'],,
108,"1879,0708.113",12,6,AKKADIAN,GAR,GAR,[],['CANONICAL ➝ Divination ➝ Teratological ➝ Šumma izbu'],,
109,"1879,0708.113",12,7,AKKADIAN,e-riš,e-riš,[],['CANONICAL ➝ Divination ➝ Teratological ➝ Šumma izbu'],,
110,"1879,0708.113",14,1,AKKADIAN,U₈,U₈,[],['CANONICAL ➝ Divination ➝ Teratological ➝ Šumma izbu'],,
111,"1879,0708.113",14,4,AKKADIAN,bi-ib-bu,bi-ib-bu,[],['CANONICAL ➝ Divination ➝ Teratological ➝ Šumma izbu'],,
112,"1879,0708.113",14,5,AKKADIAN,ina,ina,[],['CANONICAL ➝ Divination ➝ Teratological ➝ Šumma izbu'],,
113,"1879,0708.113",14,6,AKKADIAN,KUR,KUR,[],['CANONICAL ➝ Divination ➝ Teratological ➝ Šumma izbu'],,
114,"1879,0708.113",14,7,AKKADIAN,GAL₂,GAL₂,[],['CANONICAL ➝ Divination ➝ Teratological ➝ Šumma izbu'],,
115,"1879,0708.113",14,8,AKKADIAN,MAN-e,MAN-e,[],['CANONICAL ➝ Divination ➝ Teratological ➝ Šumma izbu'],,
116,"1879,0708.113",14,9,AKKADIAN,UŠ₄,UŠ₄,[],['CANONICAL ➝ Divination ➝ Teratological ➝ Šumma izbu'],,
117,"1879,0708.113",14,10,AKKADIAN,NIG₂.HA.LAM.MA,NIG₂.HA.LAM.MA,[],['CANONICAL ➝ Divination ➝ Teratological ➝ Šumma izbu'],,
118,"1879,0708.113",14,11,AKKADIAN,KUR,KUR,[],['CANONICAL ➝ Divination ➝ Teratological ➝ Šumma izbu'],,
119,"1879,0708.113",14,12,AKKADIAN,ŠUB-ti₃,ŠUB-ti₃,[],['CANONICAL ➝ Divination ➝ Teratological ➝ Šumma izbu'],,
