,fragment_id,fragment_line_num,index_in_line,word_language,value,clean_value,lemma,domain,place_discovery,place_composition
0,"1880,0617.2540",0,2,AKKADIAN,KUŠ₃,KUŠ₃,[],see genres.json file,,
1,"1880,0617.2540",1,1,AKKADIAN,GIR₂,GIR₂,[],see genres.json file,,
2,"1880,0617.2540",1,2,AKKADIAN,GIR₂,GIR₂,[],see genres.json file,,
3,"1880,0617.2540",2,1,AKKADIAN,GIR₂-TAB,GIR₂-TAB,[],see genres.json file,,
4,"1880,0617.2540",2,2,AKKADIAN,1,1,[],see genres.json file,,
5,"1880,0617.2540",2,3,AKKADIAN,⅚,⅚,[],see genres.json file,,
6,"1880,0617.2540",2,4,AKKADIAN,KUŠ₃,KUŠ₃,[],see genres.json file,,
7,"1880,0617.2540",2,5,AKKADIAN,sin,sin,[],see genres.json file,,
8,"1880,0617.2540",3,2,AKKADIAN,2,2,[],see genres.json file,,
9,"1880,0617.2540",3,3,AKKADIAN,⅔,⅔,[],see genres.json file,,
10,"1880,0617.2540",3,4,AKKADIAN,KUŠ₃,KUŠ₃,[],see genres.json file,,
11,"1880,0617.2540",3,5,AKKADIAN,GE₆,GE₆,[],see genres.json file,,
12,"1880,0617.2540",4,2,AKKADIAN,4,4,[],see genres.json file,,
13,"1880,0617.2540",4,3,AKKADIAN,qa,qa,[],see genres.json file,,
14,"1880,0617.2540",4,4,AKKADIAN,ŠE-GIŠ,ŠE-GIŠ,[],see genres.json file,,
15,"1880,0617.2540",5,1,AKKADIAN,KUŠ₃,KUŠ₃,[],see genres.json file,,
16,"1880,0617.2540",5,2,AKKADIAN,NU,NU,[],see genres.json file,,
17,"1880,0617.2540",5,3,AKKADIAN,IGI,IGI,[],see genres.json file,,
18,"1880,0617.2540",5,4,AKKADIAN,ITI,ITI,[],see genres.json file,,
