,fragment_id,fragment_line_num,index_in_line,word_language,value,clean_value,lemma,domain,place_discovery,place_composition
0,"1880,0719.92",1,0,AKKADIAN,DIŠ,DIŠ,[],[],,
1,"1880,0719.92",1,1,AKKADIAN,KIMIN,KIMIN,[],[],,
2,"1880,0719.92",2,1,AKKADIAN,LU₂,LU₂,[],[],,
3,"1880,0719.92",2,2,AKKADIAN,KUR₂,KUR₂,[],[],,
4,"1880,0719.92",4,0,AKKADIAN,DIŠ,DIŠ,[],[],,
5,"1880,0719.92",4,1,AKKADIAN,KIMIN,KIMIN,[],[],,
6,"1880,0719.92",4,2,AKKADIAN,{giš}GIŠIMMAR,{giš}GIŠIMMAR,[],[],,
7,"1880,0719.92",4,3,AKKADIAN,ina,ina,[],[],,
8,"1880,0719.92",4,4,AKKADIAN,GUN,GUN,[],[],,
9,"1880,0719.92",5,1,AKKADIAN,{giš}KIRI₆,{giš}KIRI₆,[],[],,
10,"1880,0719.92",5,2,AKKADIAN,BI,BI,[],[],,
11,"1880,0719.92",7,0,AKKADIAN,DIŠ,DIŠ,[],[],,
12,"1880,0719.92",7,1,AKKADIAN,KIMIN,KIMIN,[],[],,
13,"1880,0719.92",7,2,AKKADIAN,{giš}GIŠIMMAR,{giš}GIŠIMMAR,[],[],,
14,"1880,0719.92",7,3,AKKADIAN,ina,ina,[],[],,
15,"1880,0719.92",7,4,AKKADIAN,la,la,[],[],,
16,"1880,0719.92",8,1,AKKADIAN,{giš}KIRI₆,{giš}KIRI₆,[],[],,
17,"1880,0719.92",8,2,AKKADIAN,BI,BI,[],[],,
18,"1880,0719.92",8,3,AKKADIAN,ŠUB,ŠUB,[],[],,
19,"1880,0719.92",10,0,AKKADIAN,DIŠ,DIŠ,[],[],,
20,"1880,0719.92",10,1,AKKADIAN,KIMIN,KIMIN,[],[],,
21,"1880,0719.92",10,2,AKKADIAN,{giš}GIŠIMMAR,{giš}GIŠIMMAR,[],[],,
22,"1880,0719.92",10,3,AKKADIAN,2,2,[],[],,
23,"1880,0719.92",13,1,AKKADIAN,KIMIN,KIMIN,[],[],,
24,"1880,0719.92",14,1,AKKADIAN,DINGIR.MEŠ,DINGIR.MEŠ,[],[],,
25,"1880,0719.92",16,2,AKKADIAN,{giš}GIŠIMMAR,{giš}GIŠIMMAR,[],[],,
26,"1880,0719.92",16,3,AKKADIAN,5,5,[],[],,
27,"1880,0719.92",16,4,AKKADIAN,SUHUR.BI,SUHUR.BI,[],[],,
28,"1880,0719.92",17,1,AKKADIAN,URU,URU,[],[],,
29,"1880,0719.92",17,2,AKKADIAN,BI,BI,[],[],,
30,"1880,0719.92",19,0,AKKADIAN,DIŠ,DIŠ,[],[],,
31,"1880,0719.92",19,1,AKKADIAN,KIMIN,KIMIN,[],[],,
32,"1880,0719.92",19,2,AKKADIAN,{giš}GIŠIMMAR,{giš}GIŠIMMAR,[],[],,
33,"1880,0719.92",19,3,AKKADIAN,5,5,[],[],,
34,"1880,0719.92",19,4,AKKADIAN,{giš}PA,{giš}PA,[],[],,
35,"1880,0719.92",20,1,AKKADIAN,ina,ina,[],[],,
36,"1880,0719.92",20,2,AKKADIAN,URU,URU,[],[],,
37,"1880,0719.92",20,3,AKKADIAN,BI,BI,[],[],,
38,"1880,0719.92",20,4,AKKADIAN,GAL₂,GAL₂,[],[],,
39,"1880,0719.92",22,0,AKKADIAN,DIŠ,DIŠ,[],[],,
40,"1880,0719.92",22,1,AKKADIAN,iš-tu!,iš-tu,[],[],,
41,"1880,0719.92",22,2,AKKADIAN,{giš}GIŠIMMAR,{giš}GIŠIMMAR,[],[],,
42,"1880,0719.92",22,3,AKKADIAN,šar-mu,šar-mu,[],[],,
43,"1880,0719.92",22,4,AKKADIAN,giš,giš,[],[],,
44,"1880,0719.92",23,1,AKKADIAN,MU.3.KAM@v,MU.3.KAM@v,[],[],,
45,"1880,0719.92",23,2,AKKADIAN,{giš}KIRI₆,{giš}KIRI₆,[],[],,
46,"1880,0719.92",23,3,AKKADIAN,BI,BI,[],[],,
47,"1880,0719.92",23,4,AKKADIAN,GURUN,GURUN,[],[],,
48,"1880,0719.92",25,0,AKKADIAN,DIŠ,DIŠ,[],[],,
49,"1880,0719.92",25,1,AKKADIAN,ina,ina,[],[],,
50,"1880,0719.92",25,2,AKKADIAN,{giš}KIRI₆,{giš}KIRI₆,[],[],,
51,"1880,0719.92",25,3,AKKADIAN,ŠA₃,ŠA₃,[],[],,
52,"1880,0719.92",25,4,AKKADIAN,URU,URU,[],[],,
53,"1880,0719.92",25,5,AKKADIAN,{giš}GIŠIMMAR,{giš}GIŠIMMAR,[],[],,
54,"1880,0719.92",25,6,AKKADIAN,SUHUR-sa,SUHUR-sa,[],[],,
55,"1880,0719.92",26,5,AKKADIAN,URU,URU,[],[],,
56,"1880,0719.92",26,6,AKKADIAN,BI,BI,[],[],,
57,"1880,0719.92",28,0,AKKADIAN,DIŠ,DIŠ,[],[],,
58,"1880,0719.92",28,1,AKKADIAN,KIMIN,KIMIN,[],[],,
59,"1880,0719.92",28,2,AKKADIAN,{giš}GIŠIMMAR,{giš}GIŠIMMAR,[],[],,
60,"1880,0719.92",28,3,AKKADIAN,ša,ša,[],[],,
61,"1880,0719.92",28,4,AKKADIAN,{giš}PA.KUD,{giš}PA.KUD,[],[],,
62,"1880,0719.92",28,5,AKKADIAN,GIŠIMMAR,GIŠIMMAR,[],[],,
63,"1880,0719.92",29,1,AKKADIAN,SU.GU₇,SU.GU₇,[],[],,
64,"1880,0719.92",29,2,AKKADIAN,ina,ina,[],[],,
65,"1880,0719.92",29,3,AKKADIAN,URU,URU,[],[],,
66,"1880,0719.92",29,4,AKKADIAN,BI,BI,[],[],,
67,"1880,0719.92",29,5,AKKADIAN,GAL₂,GAL₂,[],[],,
68,"1880,0719.92",29,6,AKKADIAN,URU,URU,[],[],,
69,"1880,0719.92",29,7,AKKADIAN,BI,BI,[],[],,
70,"1880,0719.92",29,8,AKKADIAN,KUR₂,KUR₂,[],[],,
71,"1880,0719.92",31,0,AKKADIAN,DIŠ,DIŠ,[],[],,
72,"1880,0719.92",31,1,AKKADIAN,KIMIN,KIMIN,[],[],,
73,"1880,0719.92",31,2,AKKADIAN,{giš}GIŠIMMAR,{giš}GIŠIMMAR,[],[],,
74,"1880,0719.92",31,3,AKKADIAN,{d}IŠKUR,{d}IŠKUR,[],[],,
75,"1880,0719.92",31,4,AKKADIAN,RA,RA,[],[],,
76,"1880,0719.92",31,5,AKKADIAN,MU.3.KAM@v,MU.3.KAM@v,[],[],,
77,"1880,0719.92",31,6,AKKADIAN,KI.LAM,KI.LAM,[],[],,
78,"1880,0719.92",32,1,AKKADIAN,u,u,[],[],,
79,"1880,0719.92",32,2,AKKADIAN,ZU₂.LUM.MA,ZU₂.LUM.MA,[],[],,
80,"1880,0719.92",32,3,AKKADIAN,ina,ina,[],[],,
81,"1880,0719.92",32,4,AKKADIAN,URU,URU,[],[],,
82,"1880,0719.92",32,5,AKKADIAN,BI,BI,[],[],,
83,"1880,0719.92",34,0,AKKADIAN,DIŠ,DIŠ,[],[],,
84,"1880,0719.92",34,1,AKKADIAN,IZI,IZI,[],[],,
85,"1880,0719.92",34,2,AKKADIAN,ana,ana,[],[],,
86,"1880,0719.92",34,3,AKKADIAN,{giš}KIRI₆,{giš}KIRI₆,[],[],,
87,"1880,0719.92",34,4,AKKADIAN,ŠA₃,ŠA₃,[],[],,
88,"1880,0719.92",34,5,AKKADIAN,URU,URU,[],[],,
89,"1880,0719.92",34,6,AKKADIAN,ŠUB-ut,ŠUB-ut,[],[],,
90,"1880,0719.92",34,7,AKKADIAN,{d}NISABA,{d}NISABA,[],[],,
91,"1880,0719.92",34,8,AKKADIAN,iq-qir,iq-qir,[],[],,
92,"1880,0719.92",34,9,AKKADIAN,GURUN,GURUN,[],[],,
93,"1880,0719.92",34,10,AKKADIAN,i-ze-en-ni,i-ze-en-ni,[],[],,
94,"1880,0719.92",37,0,AKKADIAN,DIŠ,DIŠ,[],[],,
95,"1880,0719.92",37,1,AKKADIAN,{giš}GIŠIMMAR,{giš}GIŠIMMAR,[],[],,
96,"1880,0719.92",37,2,AKKADIAN,2,2,[],[],,
97,"1880,0719.92",37,4,AKKADIAN,GAR,GAR,[],[],,
98,"1880,0719.92",37,5,AKKADIAN,di-bi-ru,di-bi-ru,[],[],,
99,"1880,0719.92",37,6,AKKADIAN,NAM.KUR₂.ME,NAM.KUR₂.ME,[],[],,
100,"1880,0719.92",37,7,AKKADIAN,ina,ina,[],[],,
101,"1880,0719.92",37,8,AKKADIAN,KUR,KUR,[],[],,
102,"1880,0719.92",37,9,AKKADIAN,GAL₂.ME,GAL₂.ME,[],[],,
103,"1880,0719.92",38,2,AKKADIAN,GI.NA.ME,GI.NA.ME,[],[],,
104,"1880,0719.92",38,3,AKKADIAN,ina,ina,[],[],,
105,"1880,0719.92",38,4,AKKADIAN,KUR,KUR,[],[],,
106,"1880,0719.92",38,5,AKKADIAN,GAL₂-ME,GAL₂-ME,[],[],,
107,"1880,0719.92",40,0,AKKADIAN,DIŠ,DIŠ,[],[],,
108,"1880,0719.92",40,1,AKKADIAN,{giš}GIŠIMMAR,{giš}GIŠIMMAR,[],[],,
109,"1880,0719.92",40,2,AKKADIAN,2,2,[],[],,
110,"1880,0719.92",40,3,AKKADIAN,SAG.DU.MEŠ,SAG.DU.MEŠ,[],[],,
111,"1880,0719.92",40,4,AKKADIAN,GAR-ma,GAR-ma,[],[],,
112,"1880,0719.92",40,5,AKKADIAN,KUR₂.KUR₂-ra,KUR₂.KUR₂-ra,[],[],,
113,"1880,0719.92",40,6,AKKADIAN,nu-kur₂,nu-kur₂,[],[],,
114,"1880,0719.92",40,7,AKKADIAN,GALGA,GALGA,[],[],,
115,"1880,0719.92",40,8,AKKADIAN,MAN-e,MAN-e,[],[],,
116,"1880,0719.92",40,9,AKKADIAN,UMUŠ,UMUŠ,[],[],,
117,"1880,0719.92",41,1,AKKADIAN,E₂,E₂,[],[],,
118,"1880,0719.92",41,2,AKKADIAN,DINGIR,DINGIR,[],[],,
119,"1880,0719.92",41,3,AKKADIAN,KAR-aʾ,KAR-aʾ,[],[],,
120,"1880,0719.92",41,5,AKKADIAN,KUR,KUR,[],[],,
121,"1880,0719.92",41,6,AKKADIAN,DINGIR.MEŠ-ša₂,DINGIR.MEŠ-ša₂,[],[],,
122,"1880,0719.92",43,0,AKKADIAN,DIŠ,DIŠ,[],[],,
123,"1880,0719.92",43,1,AKKADIAN,{giš}GIŠIMMAR,{giš}GIŠIMMAR,[],[],,
124,"1880,0719.92",43,2,AKKADIAN,3,3,[],[],,
125,"1880,0719.92",43,3,AKKADIAN,SAG.DU.MEŠ,SAG.DU.MEŠ,[],[],,
126,"1880,0719.92",43,4,AKKADIAN,GAR,GAR,[],[],,
127,"1880,0719.92",43,6,AKKADIAN,ZI-ma,ZI-ma,[],[],,
128,"1880,0719.92",43,7,AKKADIAN,{giš}ŠINIG,{giš}ŠINIG,[],[],,
129,"1880,0719.92",43,8,AKKADIAN,u,u,[],[],,
130,"1880,0719.92",43,9,AKKADIAN,{giš}GIŠIMMAR,{giš}GIŠIMMAR,[],[],,
131,"1880,0719.92",44,1,AKKADIAN,DUMU,DUMU,[],[],,
132,"1880,0719.92",44,2,AKKADIAN,E₂.GAL,E₂.GAL,[],[],,
133,"1880,0719.92",46,0,AKKADIAN,DIŠ,DIŠ,[],[],,
134,"1880,0719.92",46,1,AKKADIAN,{giš}GIŠIMMAR,{giš}GIŠIMMAR,[],[],,
135,"1880,0719.92",46,2,AKKADIAN,4,4,[],[],,
136,"1880,0719.92",46,4,AKKADIAN,GAR,GAR,[],[],,
137,"1880,0719.92",46,5,AKKADIAN,EN,EN,[],[],,
138,"1880,0719.92",46,6,AKKADIAN,{giš}KIRI₆,{giš}KIRI₆,[],[],,
139,"1880,0719.92",46,7,AKKADIAN,MAN-ni,MAN-ni,[],[],,
140,"1880,0719.92",46,8,AKKADIAN,DUMU,DUMU,[],[],,
141,"1880,0719.92",46,9,AKKADIAN,E₂.GAL,E₂.GAL,[],[],,
142,"1880,0719.92",48,0,AKKADIAN,DIŠ,DIŠ,[],[],,
143,"1880,0719.92",48,1,AKKADIAN,{giš}GIŠIMMAR,{giš}GIŠIMMAR,[],[],,
144,"1880,0719.92",48,4,AKKADIAN,GAR,GAR,[],[],,
145,"1880,0719.92",55,1,AKKADIAN,ID₂,ID₂,[],[],,
146,"1880,0719.92",55,2,AKKADIAN,GIM,GIM,[],[],,
147,"1880,0719.92",56,1,AKKADIAN,ID₂,ID₂,[],[],,
148,"1880,0719.92",56,2,AKKADIAN,GIM,GIM,[],[],,
149,"1880,0719.92",56,3,AKKADIAN,id-ri,id-ri,[],[],,
150,"1880,0719.92",56,4,AKKADIAN,MUN,MUN,[],[],,
151,"1880,0719.92",58,0,AKKADIAN,DIŠ,DIŠ,[],[],,
152,"1880,0719.92",58,1,AKKADIAN,{iti}GU₄,{iti}GU₄,[],[],,
153,"1880,0719.92",58,2,AKKADIAN,ILLU,ILLU,[],[],,
154,"1880,0719.92",58,3,AKKADIAN,DU-ma,DU-ma,[],[],,
155,"1880,0719.92",58,4,AKKADIAN,ID₂,ID₂,[],[],,
156,"1880,0719.92",58,5,AKKADIAN,A-ša₂,A-ša₂,[],[],,
157,"1880,0719.92",59,1,AKKADIAN,{d}IŠKUR,{d}IŠKUR,[],[],,
158,"1880,0719.92",59,2,AKKADIAN,ina,ina,[],[],,
159,"1880,0719.92",59,3,AKKADIAN,KUR,KUR,[],[],,
160,"1880,0719.92",59,4,AKKADIAN,GU₇-ma,GU₇-ma,[],[],,
161,"1880,0719.92",60,0,AKKADIAN,DIŠ,DIŠ,[],[],,
162,"1880,0719.92",60,1,AKKADIAN,ID₂,ID₂,[],[],,
163,"1880,0719.92",60,2,AKKADIAN,GIM,GIM,[],[],,
164,"1880,0719.92",60,3,AKKADIAN,A,A,[],[],,
165,"1880,0719.92",61,1,AKKADIAN,ŠE.GIŠ.I₃,ŠE.GIŠ.I₃,[],[],,
166,"1880,0719.92",62,0,AKKADIAN,DIŠ,DIŠ,[],[],,
167,"1880,0719.92",62,1,AKKADIAN,ID₂,ID₂,[],[],,
168,"1880,0719.92",62,2,AKKADIAN,ba-ma-at,ba-ma-at,[],[],,
169,"1880,0719.92",62,3,AKKADIAN,za-ku-u₂,za-ku-u₂,[],[],,
170,"1880,0719.92",63,1,AKKADIAN,LUGAL,LUGAL,[],[],,
171,"1880,0719.92",63,2,AKKADIAN,KUR,KUR,[],[],,
172,"1880,0719.92",63,3,AKKADIAN,KI-šu₂,KI-šu₂,[],[],,
173,"1880,0719.92",63,4,AKKADIAN,KUR-su,KUR-su,[],[],,
174,"1880,0719.92",64,0,AKKADIAN,DIŠ,DIŠ,[],[],,
175,"1880,0719.92",64,1,AKKADIAN,ID₂,ID₂,[],[],,
176,"1880,0719.92",64,2,AKKADIAN,GIM,GIM,[],[],,
177,"1880,0719.92",64,3,AKKADIAN,MUŠ,MUŠ,[],[],,
178,"1880,0719.92",65,1,AKKADIAN,MAŠ₂.ANŠE,MAŠ₂.ANŠE,[],[],,
179,"1880,0719.92",67,0,AKKADIAN,DIŠ,DIŠ,[],[],,
180,"1880,0719.92",67,1,AKKADIAN,ina,ina,[],[],,
181,"1880,0719.92",67,2,AKKADIAN,{iti}ZIZ₂,{iti}ZIZ₂,[],[],,
182,"1880,0719.92",67,3,AKKADIAN,A,A,[],[],,
183,"1880,0719.92",68,1,AKKADIAN,TA,TA,[],[],,
184,"1880,0719.92",68,2,AKKADIAN,A,A,[],[],,
185,"1880,0719.92",68,3,AKKADIAN,E₁₁-ma,E₁₁-ma,[],[],,
186,"1880,0719.92",69,1,AKKADIAN,KIMIN,KIMIN,[],[],,
187,"1880,0719.92",69,2,AKKADIAN,ina,ina,[],[],,
188,"1880,0719.92",69,3,AKKADIAN,MU,MU,[],[],,
189,"1880,0719.92",69,4,AKKADIAN,BI,BI,[],[],,
190,"1880,0719.92",69,5,AKKADIAN,RA,RA,[],[],,
191,"1880,0719.92",71,0,AKKADIAN,DIŠ,DIŠ,[],[],,
192,"1880,0719.92",71,1,AKKADIAN,ina,ina,[],[],,
193,"1880,0719.92",71,2,AKKADIAN,{iti}ŠE,{iti}ŠE,[],[],,
194,"1880,0719.92",71,3,AKKADIAN,A,A,[],[],,
195,"1880,0719.92",72,1,AKKADIAN,a-bu-ub,a-bu-ub,[],[],,
196,"1880,0719.92",72,2,AKKADIAN,na-aš-pan-ti,na-aš-pan-ti,[],[],,
197,"1880,0719.92",73,0,AKKADIAN,DIŠ,DIŠ,[],[],,
198,"1880,0719.92",73,1,AKKADIAN,ID₂,ID₂,[],[],,
199,"1880,0719.92",73,2,AKKADIAN,A,A,[],[],,
200,"1880,0719.92",74,1,AKKADIAN,ana,ana,[],[],,
201,"1880,0719.92",74,2,AKKADIAN,KI.A,KI.A,[],[],,
202,"1880,0719.92",75,1,AKKADIAN,ri-ta,ri-ta,[],[],,
203,"1880,0719.92",75,2,AKKADIAN,u,u,[],[],,
204,"1880,0719.92",76,0,AKKADIAN,DIŠ,DIŠ,[],[],,
205,"1880,0719.92",76,1,AKKADIAN,ID₂,ID₂,[],[],,
206,"1880,0719.92",76,2,AKKADIAN,A,A,[],[],,
207,"1880,0719.92",77,1,AKKADIAN,ŠIKA.KUD.DA,ŠIKA.KUD.DA,[],[],,
208,"1880,0719.92",77,2,AKKADIAN,ana,ana,[],[],,
209,"1880,0719.92",78,1,AKKADIAN,ID₂,ID₂,[],[],,
210,"1880,0719.92",78,2,AKKADIAN,BI,BI,[],[],,
211,"1880,0719.92",78,3,AKKADIAN,A,A,[],[],,
212,"1880,0719.92",79,1,AKKADIAN,UN-MEŠ,UN-MEŠ,[],[],,
213,"1880,0719.92",80,0,AKKADIAN,DIŠ,DIŠ,[],[],,
214,"1880,0719.92",80,1,AKKADIAN,ID₂,ID₂,[],[],,
215,"1880,0719.92",80,2,AKKADIAN,A,A,[],[],,
216,"1880,0719.92",81,1,AKKADIAN,A,A,[],[],,
217,"1880,0719.92",81,2,AKKADIAN,ne-hu-tu₄,ne-hu-tu₄,[],[],,
218,"1880,0719.92",82,1,AKKADIAN,ša₂,ša₂,[],[],,
219,"1880,0719.92",82,2,AKKADIAN,UN-MEŠ,UN-MEŠ,[],[],,
220,"1880,0719.92",82,3,AKKADIAN,ID₂,ID₂,[],[],,
221,"1880,0719.92",84,0,AKKADIAN,DIŠ,DIŠ,[],[],,
222,"1880,0719.92",84,1,AKKADIAN,ina,ina,[],[],,
223,"1880,0719.92",84,2,AKKADIAN,{iti}BARA₂,{iti}BARA₂,[],[],,
224,"1880,0719.92",84,3,AKKADIAN,ID₂,ID₂,[],[],,
225,"1880,0719.92",84,4,AKKADIAN,ILLU,ILLU,[],[],,
