,fragment_id,fragment_line_num,index_in_line,word_language,value,clean_value,lemma,domain,place_discovery,place_composition
0,"1868,0523.2",0,13,AKKADIAN,KUŠ,KUŠ,['mašku I'],['CANONICAL ➝ Technical ➝ Medicine ➝ Therapeutic'],,
1,"1868,0523.2",4,6,AKKADIAN,{u₂}LAL,{u₂}LAL,['ašqulālu I'],['CANONICAL ➝ Technical ➝ Medicine ➝ Therapeutic'],,
2,"1868,0523.2",4,7,AKKADIAN,KA,KA,['imbû I'],['CANONICAL ➝ Technical ➝ Medicine ➝ Therapeutic'],,
3,"1868,0523.2",4,8,AKKADIAN,A.AB.BA,A.AB.BA,['tiāmtu I'],['CANONICAL ➝ Technical ➝ Medicine ➝ Therapeutic'],,
4,"1868,0523.2",4,9,AKKADIAN,{šim}{d}MAŠ,{šim}{d}MAŠ,['nikiptu II'],['CANONICAL ➝ Technical ➝ Medicine ➝ Therapeutic'],,
5,"1868,0523.2",4,10,AKKADIAN,NITA₂,NITA₂,['zikaru I'],['CANONICAL ➝ Technical ➝ Medicine ➝ Therapeutic'],,
6,"1868,0523.2",4,11,AKKADIAN,u,u,['u I'],['CANONICAL ➝ Technical ➝ Medicine ➝ Therapeutic'],,
7,"1868,0523.2",4,12,AKKADIAN,MUNUS,MUNUS,['sinnišu I'],['CANONICAL ➝ Technical ➝ Medicine ➝ Therapeutic'],,
8,"1868,0523.2",6,4,AKKADIAN,{na₄}mu-ṣa,{na₄}mu-ṣa,['mūṣu I'],['CANONICAL ➝ Technical ➝ Medicine ➝ Therapeutic'],,
9,"1868,0523.2",6,5,AKKADIAN,UH₂.{d}ID₂,UH₂.{d}ID₂,"[""ru'tītu I""]",['CANONICAL ➝ Technical ➝ Medicine ➝ Therapeutic'],,
10,"1868,0523.2",6,6,AKKADIAN,{u₂}LU₂.U₁₈.LU,{u₂}LU₂.U₁₈.LU,['amīlānu I'],['CANONICAL ➝ Technical ➝ Medicine ➝ Therapeutic'],,
11,"1868,0523.2",6,7,AKKADIAN,NUMUN,NUMUN,['zēru II'],['CANONICAL ➝ Technical ➝ Medicine ➝ Therapeutic'],,
12,"1868,0523.2",6,8,AKKADIAN,{giš}bi-ni,{giš}bi-ni,['bīnu II'],['CANONICAL ➝ Technical ➝ Medicine ➝ Therapeutic'],,
13,"1868,0523.2",7,4,AKKADIAN,HI.HI,HI.HI,['balālu I'],['CANONICAL ➝ Technical ➝ Medicine ➝ Therapeutic'],,
14,"1868,0523.2",7,5,AKKADIAN,PIŠ₁₀.{d}ID₂,PIŠ₁₀.{d}ID₂,['kibrītu I'],['CANONICAL ➝ Technical ➝ Medicine ➝ Therapeutic'],,
15,"1868,0523.2",7,6,AKKADIAN,SUHUŠ,SUHUŠ,['šuršu I'],['CANONICAL ➝ Technical ➝ Medicine ➝ Therapeutic'],,
16,"1868,0523.2",7,7,AKKADIAN,{giš}MA.NU,{giš}MA.NU,['ēru II'],['CANONICAL ➝ Technical ➝ Medicine ➝ Therapeutic'],,
17,"1868,0523.2",7,8,AKKADIAN,DIŠ-niš,DIŠ-niš,['ištēniš I'],['CANONICAL ➝ Technical ➝ Medicine ➝ Therapeutic'],,
18,"1868,0523.2",7,9,AKKADIAN,SUD₂,SUD₂,['sâku I'],['CANONICAL ➝ Technical ➝ Medicine ➝ Therapeutic'],,
19,"1868,0523.2",7,10,AKKADIAN,ina,ina,['ina I'],['CANONICAL ➝ Technical ➝ Medicine ➝ Therapeutic'],,
20,"1868,0523.2",7,11,AKKADIAN,MUD₂,MUD₂,['dāmu I'],['CANONICAL ➝ Technical ➝ Medicine ➝ Therapeutic'],,
21,"1868,0523.2",7,12,AKKADIAN,{giš}EREN,{giš}EREN,['erēnu I'],['CANONICAL ➝ Technical ➝ Medicine ➝ Therapeutic'],,
22,"1868,0523.2",7,13,AKKADIAN,HI.HI,HI.HI,['balālu I'],['CANONICAL ➝ Technical ➝ Medicine ➝ Therapeutic'],,
23,"1868,0523.2",7,14,AKKADIAN,EŠ-MEŠ-su-ma,EŠ-MEŠ-su-ma,"['pašāšu I', '-šu I', '-ma I']",['CANONICAL ➝ Technical ➝ Medicine ➝ Therapeutic'],,
24,"1868,0523.2",7,15,AKKADIAN,TI,TI,['balāṭu II'],['CANONICAL ➝ Technical ➝ Medicine ➝ Therapeutic'],,
25,"1868,0523.2",10,5,AKKADIAN,DAB-su,DAB-su,['ṣabātu I'],['CANONICAL ➝ Technical ➝ Medicine ➝ Therapeutic'],,
26,"1868,0523.2",10,6,AKKADIAN,SUHUŠ,SUHUŠ,['šuršu I'],['CANONICAL ➝ Technical ➝ Medicine ➝ Therapeutic'],,
27,"1868,0523.2",10,7,AKKADIAN,{u₂}KU₆,{u₂}KU₆,['uriyānu I'],['CANONICAL ➝ Technical ➝ Medicine ➝ Therapeutic'],,
28,"1868,0523.2",10,8,AKKADIAN,{na₄}mu-ṣa,{na₄}mu-ṣa,['mūṣu I'],['CANONICAL ➝ Technical ➝ Medicine ➝ Therapeutic'],,
29,"1868,0523.2",10,9,AKKADIAN,AN.BAR,AN.BAR,['parzillu I'],['CANONICAL ➝ Technical ➝ Medicine ➝ Therapeutic'],,
30,"1868,0523.2",10,10,AKKADIAN,{na₄}ZALAG₂,{na₄}ZALAG₂,['zalāqu I'],['CANONICAL ➝ Technical ➝ Medicine ➝ Therapeutic'],,
31,"1868,0523.2",10,11,AKKADIAN,ni-kip-ta₅,ni-kip-ta₅,[],['CANONICAL ➝ Technical ➝ Medicine ➝ Therapeutic'],,
32,"1868,0523.2",10,12,AKKADIAN,ina,ina,['ina I'],['CANONICAL ➝ Technical ➝ Medicine ➝ Therapeutic'],,
33,"1868,0523.2",10,13,AKKADIAN,KUŠ,KUŠ,['mašku I'],['CANONICAL ➝ Technical ➝ Medicine ➝ Therapeutic'],,
34,"1868,0523.2",14,1,AKKADIAN,KIMIN,KIMIN,[],['CANONICAL ➝ Technical ➝ Medicine ➝ Therapeutic'],,
35,"1868,0523.2",14,3,AKKADIAN,LU₂,LU₂,['awīlu I'],['CANONICAL ➝ Technical ➝ Medicine ➝ Therapeutic'],,
36,"1868,0523.2",14,4,AKKADIAN,ina,ina,['ina I'],['CANONICAL ➝ Technical ➝ Medicine ➝ Therapeutic'],,
37,"1868,0523.2",14,5,AKKADIAN,{sig₂}AKA₃,{sig₂}AKA₃,['itqu I'],['CANONICAL ➝ Technical ➝ Medicine ➝ Therapeutic'],,
38,"1868,0523.2",14,6,AKKADIAN,NIGIN,NIGIN,['lawû II'],['CANONICAL ➝ Technical ➝ Medicine ➝ Therapeutic'],,
39,"1868,0523.2",14,7,AKKADIAN,u,u,[],['CANONICAL ➝ Technical ➝ Medicine ➝ Therapeutic'],,
40,"1868,0523.2",14,8,AKKADIAN,ina,ina,['ina I'],['CANONICAL ➝ Technical ➝ Medicine ➝ Therapeutic'],,
41,"1868,0523.2",14,9,AKKADIAN,GU₂-šu₂,GU₂-šu₂,"['kišādu I', '-šu I']",['CANONICAL ➝ Technical ➝ Medicine ➝ Therapeutic'],,
42,"1868,0523.2",14,10,AKKADIAN,GAR-an,GAR-an,['šakānu I'],['CANONICAL ➝ Technical ➝ Medicine ➝ Therapeutic'],,
43,"1868,0523.2",18,0,AKKADIAN,DIŠ,DIŠ,['šumma I'],['CANONICAL ➝ Technical ➝ Medicine ➝ Therapeutic'],,
44,"1868,0523.2",18,1,AKKADIAN,,,['awīlu I'],['CANONICAL ➝ Technical ➝ Medicine ➝ Therapeutic'],,
45,"1868,0523.2",18,2,AKKADIAN,ŠU.GIDIM.MA,ŠU.GIDIM.MA,[],['CANONICAL ➝ Technical ➝ Medicine ➝ Therapeutic'],,
46,"1868,0523.2",18,3,AKKADIAN,DAB-su,DAB-su,['ṣabātu I'],['CANONICAL ➝ Technical ➝ Medicine ➝ Therapeutic'],,
47,"1868,0523.2",18,4,AKKADIAN,{na₄}mu-ṣa,{na₄}mu-ṣa,['mūṣu I'],['CANONICAL ➝ Technical ➝ Medicine ➝ Therapeutic'],,
48,"1868,0523.2",18,5,AKKADIAN,{šim}{d}MAŠ,{šim}{d}MAŠ,['nikiptu II'],['CANONICAL ➝ Technical ➝ Medicine ➝ Therapeutic'],,
49,"1868,0523.2",18,6,AKKADIAN,PIŠ₁₀.{d}ID₂,PIŠ₁₀.{d}ID₂,['kibrītu I'],['CANONICAL ➝ Technical ➝ Medicine ➝ Therapeutic'],,
50,"1868,0523.2",18,7,AKKADIAN,KA,KA,['imbû I'],['CANONICAL ➝ Technical ➝ Medicine ➝ Therapeutic'],,
51,"1868,0523.2",18,8,AKKADIAN,A.AB.BA,A.AB.BA,['tiāmtu I'],['CANONICAL ➝ Technical ➝ Medicine ➝ Therapeutic'],,
52,"1868,0523.2",18,9,AKKADIAN,{u₂}LAL,{u₂}LAL,['ašqulālu I'],['CANONICAL ➝ Technical ➝ Medicine ➝ Therapeutic'],,
53,"1868,0523.2",20,0,AKKADIAN,I₃,I₃,['šamnu I'],['CANONICAL ➝ Technical ➝ Medicine ➝ Therapeutic'],,
54,"1868,0523.2",20,1,AKKADIAN,SUMUN,SUMUN,['labīru I'],['CANONICAL ➝ Technical ➝ Medicine ➝ Therapeutic'],,
55,"1868,0523.2",20,2,AKKADIAN,ZAG.DU₈,ZAG.DU₈,['sippu I'],['CANONICAL ➝ Technical ➝ Medicine ➝ Therapeutic'],,
56,"1868,0523.2",20,3,AKKADIAN,E₂,E₂,['bītu I'],['CANONICAL ➝ Technical ➝ Medicine ➝ Therapeutic'],,
57,"1868,0523.2",20,4,AKKADIAN,{d}AMAR.UTU,{d}AMAR.UTU,['Marduk I'],['CANONICAL ➝ Technical ➝ Medicine ➝ Therapeutic'],,
58,"1868,0523.2",20,5,AKKADIAN,ša₂,ša₂,['ša I'],['CANONICAL ➝ Technical ➝ Medicine ➝ Therapeutic'],,
59,"1868,0523.2",20,6,AKKADIAN,ZAG,ZAG,['imittu I'],['CANONICAL ➝ Technical ➝ Medicine ➝ Therapeutic'],,
60,"1868,0523.2",20,7,AKKADIAN,u,u,['u I'],['CANONICAL ➝ Technical ➝ Medicine ➝ Therapeutic'],,
61,"1868,0523.2",20,8,AKKADIAN,GUB₃,GUB₃,['šumēlu I'],['CANONICAL ➝ Technical ➝ Medicine ➝ Therapeutic'],,
62,"1868,0523.2",20,9,AKKADIAN,6,6,['šediš I'],['CANONICAL ➝ Technical ➝ Medicine ➝ Therapeutic'],,
63,"1868,0523.2",20,10,AKKADIAN,U₂-HI.A,U₂-HI.A,['šammu I'],['CANONICAL ➝ Technical ➝ Medicine ➝ Therapeutic'],,
64,"1868,0523.2",20,11,AKKADIAN,an-nu-ti₃,an-nu-ti₃,['annû I'],['CANONICAL ➝ Technical ➝ Medicine ➝ Therapeutic'],,
65,"1868,0523.2",20,12,AKKADIAN,TI-qe₂,TI-qe₂,[],['CANONICAL ➝ Technical ➝ Medicine ➝ Therapeutic'],,
66,"1868,0523.2",21,0,AKKADIAN,DIŠ-niš,DIŠ-niš,['ištēniš I'],['CANONICAL ➝ Technical ➝ Medicine ➝ Therapeutic'],,
67,"1868,0523.2",21,1,AKKADIAN,SUD₂,SUD₂,['sâku I'],['CANONICAL ➝ Technical ➝ Medicine ➝ Therapeutic'],,
68,"1868,0523.2",21,2,AKKADIAN,ina,ina,['ina I'],['CANONICAL ➝ Technical ➝ Medicine ➝ Therapeutic'],,
69,"1868,0523.2",21,3,AKKADIAN,I₃.GIŠ,I₃.GIŠ,['šamnu I'],['CANONICAL ➝ Technical ➝ Medicine ➝ Therapeutic'],,
70,"1868,0523.2",21,4,AKKADIAN,ŠEŠ₂-MEŠ-su-ma,ŠEŠ₂-MEŠ-su-ma,['pašāšu I'],['CANONICAL ➝ Technical ➝ Medicine ➝ Therapeutic'],,
71,"1868,0523.2",21,5,AKKADIAN,DIN-uṭ,DIN-uṭ,['balāṭu II'],['CANONICAL ➝ Technical ➝ Medicine ➝ Therapeutic'],,
72,"1868,0523.2",21,6,AKKADIAN,lat-kut,lat-kut,['latku I'],['CANONICAL ➝ Technical ➝ Medicine ➝ Therapeutic'],,
73,"1868,0523.2",24,0,AKKADIAN,DIŠ,DIŠ,['šumma I'],['CANONICAL ➝ Technical ➝ Medicine ➝ Therapeutic'],,
74,"1868,0523.2",24,1,AKKADIAN,,,['awīlu I'],['CANONICAL ➝ Technical ➝ Medicine ➝ Therapeutic'],,
75,"1868,0523.2",24,2,AKKADIAN,GIDIM,GIDIM,['eṭemmu I'],['CANONICAL ➝ Technical ➝ Medicine ➝ Therapeutic'],,
76,"1868,0523.2",24,3,AKKADIAN,DAB-su,DAB-su,['ṣabātu I'],['CANONICAL ➝ Technical ➝ Medicine ➝ Therapeutic'],,
77,"1868,0523.2",24,4,AKKADIAN,ana,ana,['ana I'],['CANONICAL ➝ Technical ➝ Medicine ➝ Therapeutic'],,
78,"1868,0523.2",24,5,AKKADIAN,DIN-šu₂,DIN-šu₂,['balāṭu I'],['CANONICAL ➝ Technical ➝ Medicine ➝ Therapeutic'],,
79,"1868,0523.2",24,6,AKKADIAN,ŠE₁₀,ŠE₁₀,['zû I'],['CANONICAL ➝ Technical ➝ Medicine ➝ Therapeutic'],,
80,"1868,0523.2",24,7,AKKADIAN,ŠAH,ŠAH,['šahû I'],['CANONICAL ➝ Technical ➝ Medicine ➝ Therapeutic'],,
81,"1868,0523.2",24,8,AKKADIAN,ŠE₁₀,ŠE₁₀,['zû I'],['CANONICAL ➝ Technical ➝ Medicine ➝ Therapeutic'],,
82,"1868,0523.2",24,9,AKKADIAN,UR.GI₇,UR.GI₇,['kalbu I'],['CANONICAL ➝ Technical ➝ Medicine ➝ Therapeutic'],,
83,"1868,0523.2",24,10,AKKADIAN,ŠE₁₀,ŠE₁₀,['zû I'],['CANONICAL ➝ Technical ➝ Medicine ➝ Therapeutic'],,
84,"1868,0523.2",24,11,AKKADIAN,UR.BAR.RA,UR.BAR.RA,['barbaru I'],['CANONICAL ➝ Technical ➝ Medicine ➝ Therapeutic'],,
85,"1868,0523.2",24,12,AKKADIAN,ŠE₁₀,ŠE₁₀,['zû I'],['CANONICAL ➝ Technical ➝ Medicine ➝ Therapeutic'],,
86,"1868,0523.2",24,13,AKKADIAN,KA₅.A,KA₅.A,['šēlebu I'],['CANONICAL ➝ Technical ➝ Medicine ➝ Therapeutic'],,
87,"1868,0523.2",24,14,AKKADIAN,A.GAR.GAR,A.GAR.GAR,['piqannu I'],['CANONICAL ➝ Technical ➝ Medicine ➝ Therapeutic'],,
88,"1868,0523.2",24,15,AKKADIAN,MAŠ.DA₃,MAŠ.DA₃,['ṣabītu I'],['CANONICAL ➝ Technical ➝ Medicine ➝ Therapeutic'],,
89,"1868,0523.2",26,0,AKKADIAN,{u₂}KUR.RA,{u₂}KUR.RA,[],['CANONICAL ➝ Technical ➝ Medicine ➝ Therapeutic'],,
90,"1868,0523.2",26,1,AKKADIAN,NAGA.SI,NAGA.SI,"['uhūlu I', 'qarnānû I']",['CANONICAL ➝ Technical ➝ Medicine ➝ Therapeutic'],,
91,"1868,0523.2",26,2,AKKADIAN,SI,SI,['qarnu I'],['CANONICAL ➝ Technical ➝ Medicine ➝ Therapeutic'],,
92,"1868,0523.2",26,3,AKKADIAN,DARA₃.MAŠ,DARA₃.MAŠ,['ayyalu I'],['CANONICAL ➝ Technical ➝ Medicine ➝ Therapeutic'],,
93,"1868,0523.2",26,4,AKKADIAN,PIŠ₁₀.{d}ID₂,PIŠ₁₀.{d}ID₂,['kibrītu I'],['CANONICAL ➝ Technical ➝ Medicine ➝ Therapeutic'],,
94,"1868,0523.2",26,5,AKKADIAN,ku-up-ra,ku-up-ra,['kupru I'],['CANONICAL ➝ Technical ➝ Medicine ➝ Therapeutic'],,
95,"1868,0523.2",27,0,AKKADIAN,GIR₃.PAD.DU,GIR₃.PAD.DU,['eṣemtu I'],['CANONICAL ➝ Technical ➝ Medicine ➝ Therapeutic'],,
96,"1868,0523.2",27,1,AKKADIAN,NAM.LU₂.U₁₈.LU,NAM.LU₂.U₁₈.LU,['awīlūtu I'],['CANONICAL ➝ Technical ➝ Medicine ➝ Therapeutic'],,
97,"1868,0523.2",27,2,AKKADIAN,{tug₂}NIG₂.DARA₂.ŠU.LAL₂,{tug₂}NIG₂.DARA₂.ŠU.LAL₂,[],['CANONICAL ➝ Technical ➝ Medicine ➝ Therapeutic'],,
98,"1868,0523.2",27,3,AKKADIAN,ina,ina,['ina I'],['CANONICAL ➝ Technical ➝ Medicine ➝ Therapeutic'],,
99,"1868,0523.2",27,4,AKKADIAN,NE,NE,[],['CANONICAL ➝ Technical ➝ Medicine ➝ Therapeutic'],,
100,"1868,0523.2",27,5,AKKADIAN,tu-qat-tar-šu₂,tu-qat-tar-šu₂,['qatāru II'],['CANONICAL ➝ Technical ➝ Medicine ➝ Therapeutic'],,
101,"1868,0523.2",30,0,AKKADIAN,DIŠ,DIŠ,['šumma I'],['CANONICAL ➝ Technical ➝ Medicine ➝ Therapeutic'],,
102,"1868,0523.2",30,1,AKKADIAN,,,['awīlu I'],['CANONICAL ➝ Technical ➝ Medicine ➝ Therapeutic'],,
103,"1868,0523.2",30,2,AKKADIAN,ŠU.GIDIM.MA,ŠU.GIDIM.MA,[],['CANONICAL ➝ Technical ➝ Medicine ➝ Therapeutic'],,
104,"1868,0523.2",30,3,AKKADIAN,DAB-su,DAB-su,['ṣabātu I'],['CANONICAL ➝ Technical ➝ Medicine ➝ Therapeutic'],,
105,"1868,0523.2",30,4,AKKADIAN,{šim}LI,{šim}LI,['burāšu I'],['CANONICAL ➝ Technical ➝ Medicine ➝ Therapeutic'],,
106,"1868,0523.2",30,5,AKKADIAN,PIŠ₁₀.{d}ID₂,PIŠ₁₀.{d}ID₂,['kibrītu I'],['CANONICAL ➝ Technical ➝ Medicine ➝ Therapeutic'],,
107,"1868,0523.2",30,6,AKKADIAN,DIŠ-niš,DIŠ-niš,['ištēniš I'],['CANONICAL ➝ Technical ➝ Medicine ➝ Therapeutic'],,
108,"1868,0523.2",30,7,AKKADIAN,GAZ,GAZ,['hašālu I'],['CANONICAL ➝ Technical ➝ Medicine ➝ Therapeutic'],,
109,"1868,0523.2",30,8,AKKADIAN,SIM,SIM,['napû II'],['CANONICAL ➝ Technical ➝ Medicine ➝ Therapeutic'],,
110,"1868,0523.2",30,9,AKKADIAN,ina,ina,['ina I'],['CANONICAL ➝ Technical ➝ Medicine ➝ Therapeutic'],,
111,"1868,0523.2",30,10,AKKADIAN,I₃.UDU,I₃.UDU,['lipiu I'],['CANONICAL ➝ Technical ➝ Medicine ➝ Therapeutic'],,
112,"1868,0523.2",30,11,AKKADIAN,ELLAG₂,ELLAG₂,['kalītu I'],['CANONICAL ➝ Technical ➝ Medicine ➝ Therapeutic'],,
113,"1868,0523.2",30,12,AKKADIAN,MAŠ₂.NITA₂!,MAŠ₂.NITA₂,['urīṣu I'],['CANONICAL ➝ Technical ➝ Medicine ➝ Therapeutic'],,
114,"1868,0523.2",30,13,AKKADIAN,HI.HI,HI.HI,['balālu I'],['CANONICAL ➝ Technical ➝ Medicine ➝ Therapeutic'],,
115,"1868,0523.2",32,0,AKKADIAN,ina,ina,['ina I'],['CANONICAL ➝ Technical ➝ Medicine ➝ Therapeutic'],,
116,"1868,0523.2",32,1,AKKADIAN,KUŠ,KUŠ,['mašku I'],['CANONICAL ➝ Technical ➝ Medicine ➝ Therapeutic'],,
117,"1868,0523.2",32,2,AKKADIAN,SUR,SUR,['ṭerû I'],['CANONICAL ➝ Technical ➝ Medicine ➝ Therapeutic'],,
118,"1868,0523.2",32,3,AKKADIAN,MUD₂,MUD₂,['dāmu I'],['CANONICAL ➝ Technical ➝ Medicine ➝ Therapeutic'],,
119,"1868,0523.2",32,4,AKKADIAN,{giš}EREN,{giš}EREN,['erēnu I'],['CANONICAL ➝ Technical ➝ Medicine ➝ Therapeutic'],,
120,"1868,0523.2",32,5,AKKADIAN,IGI,IGI,['pānu I'],['CANONICAL ➝ Technical ➝ Medicine ➝ Therapeutic'],,
121,"1868,0523.2",32,6,AKKADIAN,ŠEŠ₂,ŠEŠ₂,['pašāšu I'],['CANONICAL ➝ Technical ➝ Medicine ➝ Therapeutic'],,
122,"1868,0523.2",32,7,AKKADIAN,lu,lu,['lū I'],['CANONICAL ➝ Technical ➝ Medicine ➝ Therapeutic'],,
123,"1868,0523.2",32,8,AKKADIAN,SAG.DU-su,SAG.DU-su,"['qaqqadu I', '-šu I']",['CANONICAL ➝ Technical ➝ Medicine ➝ Therapeutic'],,
124,"1868,0523.2",32,9,AKKADIAN,lu,lu,['lū I'],['CANONICAL ➝ Technical ➝ Medicine ➝ Therapeutic'],,
125,"1868,0523.2",32,10,AKKADIAN,GU₂-su,GU₂-su,"['kišādu I', '-šu I']",['CANONICAL ➝ Technical ➝ Medicine ➝ Therapeutic'],,
126,"1868,0523.2",32,11,AKKADIAN,LAL-ma,LAL-ma,[],['CANONICAL ➝ Technical ➝ Medicine ➝ Therapeutic'],,
127,"1868,0523.2",32,12,AKKADIAN,TI-uṭ,TI-uṭ,['balāṭu II'],['CANONICAL ➝ Technical ➝ Medicine ➝ Therapeutic'],,
128,"1868,0523.2",35,0,AKKADIAN,{šim}GUR₂.GUR₂,{šim}GUR₂.GUR₂,['kukuru I'],['CANONICAL ➝ Technical ➝ Medicine ➝ Therapeutic'],,
129,"1868,0523.2",35,1,AKKADIAN,{šim}LI,{šim}LI,['burāšu I'],['CANONICAL ➝ Technical ➝ Medicine ➝ Therapeutic'],,
130,"1868,0523.2",35,2,AKKADIAN,GAZI{sar},GAZI{sar},['kasû II'],['CANONICAL ➝ Technical ➝ Medicine ➝ Therapeutic'],,
131,"1868,0523.2",35,3,AKKADIAN,PIŠ₁₀.{d}ID₂,PIŠ₁₀.{d}ID₂,['kibrītu I'],['CANONICAL ➝ Technical ➝ Medicine ➝ Therapeutic'],,
132,"1868,0523.2",35,4,AKKADIAN,ZI₃,ZI₃,['qēmu I'],['CANONICAL ➝ Technical ➝ Medicine ➝ Therapeutic'],,
133,"1868,0523.2",35,5,AKKADIAN,GIB₃,GIB₃,[],['CANONICAL ➝ Technical ➝ Medicine ➝ Therapeutic'],,
134,"1868,0523.2",35,6,AKKADIAN,KA,KA,['imbû I'],['CANONICAL ➝ Technical ➝ Medicine ➝ Therapeutic'],,
135,"1868,0523.2",35,7,AKKADIAN,A.AB.BA,A.AB.BA,['tiāmtu I'],['CANONICAL ➝ Technical ➝ Medicine ➝ Therapeutic'],,
136,"1868,0523.2",35,8,AKKADIAN,PAP,PAP,['napharu I'],['CANONICAL ➝ Technical ➝ Medicine ➝ Therapeutic'],,
137,"1868,0523.2",35,9,AKKADIAN,6,6,['šediš I'],['CANONICAL ➝ Technical ➝ Medicine ➝ Therapeutic'],,
138,"1868,0523.2",35,10,AKKADIAN,U₂-HI.A,U₂-HI.A,['šammu I'],['CANONICAL ➝ Technical ➝ Medicine ➝ Therapeutic'],,
139,"1868,0523.2",37,0,AKKADIAN,GAZ,GAZ,['hašālu I'],['CANONICAL ➝ Technical ➝ Medicine ➝ Therapeutic'],,
140,"1868,0523.2",37,1,AKKADIAN,SIM,SIM,['napû II'],['CANONICAL ➝ Technical ➝ Medicine ➝ Therapeutic'],,
141,"1868,0523.2",37,2,AKKADIAN,ina,ina,['ina I'],['CANONICAL ➝ Technical ➝ Medicine ➝ Therapeutic'],,
142,"1868,0523.2",37,3,AKKADIAN,A,A,['mû I'],['CANONICAL ➝ Technical ➝ Medicine ➝ Therapeutic'],,
143,"1868,0523.2",37,4,AKKADIAN,GAZI{sar},GAZI{sar},['kasû II'],['CANONICAL ➝ Technical ➝ Medicine ➝ Therapeutic'],,
144,"1868,0523.2",37,5,AKKADIAN,tara-muk,tara-muk,['ramāku I'],['CANONICAL ➝ Technical ➝ Medicine ➝ Therapeutic'],,
145,"1868,0523.2",37,6,AKKADIAN,ina,ina,['ina I'],['CANONICAL ➝ Technical ➝ Medicine ➝ Therapeutic'],,
146,"1868,0523.2",37,7,AKKADIAN,TUG₂-HI.A,TUG₂-HI.A,['lubāru I'],['CANONICAL ➝ Technical ➝ Medicine ➝ Therapeutic'],,
147,"1868,0523.2",37,8,AKKADIAN,SUR-ri,SUR-ri,['ṭerû I'],['CANONICAL ➝ Technical ➝ Medicine ➝ Therapeutic'],,
148,"1868,0523.2",37,9,AKKADIAN,SAG.DU-su,SAG.DU-su,"['qaqqadu I', '-šu I']",['CANONICAL ➝ Technical ➝ Medicine ➝ Therapeutic'],,
149,"1868,0523.2",37,10,AKKADIAN,LAL-id,LAL-id,[],['CANONICAL ➝ Technical ➝ Medicine ➝ Therapeutic'],,
150,"1868,0523.2",40,4,AKKADIAN,ŠIM-HI.A,ŠIM-HI.A,['rīqu II'],['CANONICAL ➝ Technical ➝ Medicine ➝ Therapeutic'],,
