,fragment_id,fragment_line_num,index_in_line,word_language,value,clean_value,lemma,domain,place_discovery,place_composition
0,"1881,0204.250",3,1,AKKADIAN,ana,ana,['ana I'],[],,
1,"1881,0204.250",3,2,AKKADIAN,ŠA₃,ŠA₃,['libbu I'],[],,
2,"1881,0204.250",4,2,AKKADIAN,GA-MEŠ,GA-MEŠ,[],[],,
3,"1881,0204.250",4,3,AKKADIAN,a-di,a-di,['adi I'],[],,
4,"1881,0204.250",4,4,AKKADIAN,{giš}TUKUL-MEŠ,{giš}TUKUL-MEŠ,['kakku I'],[],,
5,"1881,0204.250",5,2,AKKADIAN,ut-nen-ma,ut-nen-ma,['utnēnu II'],[],,
6,"1881,0204.250",5,3,AKKADIAN,i-tar-ma,i-tar-ma,['târu I'],[],,
7,"1881,0204.250",6,1,AKKADIAN,GUB.BA,GUB.BA,['kânu I'],[],,
8,"1881,0204.250",8,2,AKKADIAN,ta-bi-ni,ta-bi-ni,[],[],,
9,"1881,0204.250",9,1,AKKADIAN,pi/tal-lim/ši,pi/tal-lim/ši,[],[],,
10,"1881,0204.250",9,2,AKKADIAN,tar-ba-ṣi,tar-ba-ṣi,['tarbaṣu I'],[],,
11,"1881,0204.250",10,1,AKKADIAN,ad-bu-ub,ad-bu-ub,['dabābu II'],[],,
12,"1881,0204.250",14,2,AKKADIAN,nar-bi-ki,nar-bi-ki,['narbû I'],[],,
13,"1881,0204.250",15,2,AKKADIAN,{d}a-nun-na-ki,{d}a-nun-na-ki,['Anunnakkū I'],[],,
14,"1881,0204.250",16,2,AKKADIAN,lu-uš-kun,lu-uš-kun,['šakānu I'],[],,
15,"1881,0204.250",17,2,AKKADIAN,ana-ku,ana-ku,[],[],,
16,"1881,0204.250",17,3,AKKADIAN,lu-uš-ziz,lu-uš-ziz,['izuzzu I'],[],,
17,"1881,0204.250",18,2,AKKADIAN,du-ul-hi,du-ul-hi,['dalāhu I'],[],,
18,"1881,0204.250",19,2,AKKADIAN,li-di-ma,li-di-ma,['edû II'],[],,
19,"1881,0204.250",20,2,AKKADIAN,i-da-a-a,i-da-a-a,"['idu I', '-ya I']",[],,
20,"1881,0204.250",21,2,AKKADIAN,šu-ri-ki,šu-ri-ki,['arāku I'],[],,
21,"1881,0204.250",22,2,AKKADIAN,pu-uš-ri,pu-uš-ri,['pašāru I'],[],,
22,"1881,0204.250",23,1,AKKADIAN,li-ib-ba-tiq,li-ib-ba-tiq,['batāqu I'],[],,
23,"1881,0204.250",24,1,AKKADIAN,i-di-i,i-di-i,['nadû I'],[],,
24,"1881,0204.250",24,2,AKKADIAN,har-gul-li,har-gul-li,[],[],,
