,fragment_id,fragment_line_num,index_in_line,word_language,value,clean_value,lemma,domain,place_discovery,place_composition
0,"1879,0708.268",4,2,AKKADIAN,un,un,[],['ARCHIVAL ➝ Letter (?)'],,
1,"1879,0708.268",4,3,AKKADIAN,ša,ša,[],['ARCHIVAL ➝ Letter (?)'],,
2,"1879,0708.268",5,3,AKKADIAN,pa-an,pa-an,[],['ARCHIVAL ➝ Letter (?)'],,
3,"1879,0708.268",6,1,AKKADIAN,si,si,[],['ARCHIVAL ➝ Letter (?)'],,
4,"1879,0708.268",8,2,AKKADIAN,si,si,[],['ARCHIVAL ➝ Letter (?)'],,
5,"1879,0708.268",8,3,AKKADIAN,ri,ri,[],['ARCHIVAL ➝ Letter (?)'],,
6,"1879,0708.268",8,4,AKKADIAN,a,a,[],['ARCHIVAL ➝ Letter (?)'],,
7,"1879,0708.268",9,3,AKKADIAN,si,si,[],['ARCHIVAL ➝ Letter (?)'],,
8,"1879,0708.268",9,5,AKKADIAN,a,a,[],['ARCHIVAL ➝ Letter (?)'],,
9,"1879,0708.268",10,1,AKKADIAN,bu/im,bu/im,[],['ARCHIVAL ➝ Letter (?)'],,
10,"1879,0708.268",10,3,AKKADIAN,ah,ah,[],['ARCHIVAL ➝ Letter (?)'],,
11,"1879,0708.268",11,2,AKKADIAN,ku,ku,[],['ARCHIVAL ➝ Letter (?)'],,
12,"1879,0708.268",12,4,AKKADIAN,mi,mi,[],['ARCHIVAL ➝ Letter (?)'],,
