,fragment_id,fragment_line_num,index_in_line,word_language,value,clean_value,lemma,domain,place_discovery,place_composition
0,"1880,1112.2382",0,3,AKKADIAN,hi,hi,[],"[['CANONICAL', 'Lexicography']]",,
1,"1880,1112.2382",1,5,AKKADIAN,man,man,[],"[['CANONICAL', 'Lexicography']]",,
2,"1880,1112.2382",3,2,AKKADIAN,i-lu-šu₂-nu,i-lu-šu₂-nu,[],"[['CANONICAL', 'Lexicography']]",,
3,"1880,1112.2382",4,2,AKKADIAN,i,i,[],"[['CANONICAL', 'Lexicography']]",,
4,"1880,1112.2382",4,3,AKKADIAN,i,i,[],"[['CANONICAL', 'Lexicography']]",,
5,"1880,1112.2382",8,2,AKKADIAN,ša₂,ša₂,[],"[['CANONICAL', 'Lexicography']]",,
6,"1880,1112.2382",9,2,AKKADIAN,la,la,[],"[['CANONICAL', 'Lexicography']]",,
7,"1880,1112.2382",10,2,AKKADIAN,ag,ag,[],"[['CANONICAL', 'Lexicography']]",,
