,fragment_id,fragment_line_num,index_in_line,word_language,value,clean_value,lemma,domain,place_discovery,place_composition
0,"1880,0617.2458",0,0,AKKADIAN,ša₂,ša₂,['ša I'],[],,
1,"1880,0617.2458",1,0,AKKADIAN,u₃,u₃,['u I'],[],,
2,"1880,0617.2458",1,1,AKKADIAN,LU₂,LU₂,['awīlu I'],[],,
3,"1880,0617.2458",1,2,AKKADIAN,la,la,[],[],,
4,"1880,0617.2458",2,0,AKKADIAN,iq-bi,iq-bi,['qabû II'],[],,
5,"1880,0617.2458",2,1,AKKADIAN,IGI.DU,IGI.DU,['ašarēdu I'],[],,
6,"1880,0617.2458",3,0,AKKADIAN,ša₂,ša₂,['ša I'],[],,
