,fragment_id,fragment_line_num,index_in_line,word_language,value,clean_value,lemma,domain,place_discovery,place_composition
0,"1880,0617.2370",1,0,AKKADIAN,ana,ana,[],see genres.json file,,
1,"1880,0617.2370",2,0,AKKADIAN,ša,ša,[],see genres.json file,,
2,"1880,0617.2370",3,2,AKKADIAN,mu-šal-li-ma,mu-šal-li-ma,[],see genres.json file,,
3,"1880,0617.2370",5,1,AKKADIAN,UN-MEŠ,UN-MEŠ,[],see genres.json file,,
4,"1880,0617.2370",8,4,AKKADIAN,a,a,[],see genres.json file,,
5,"1880,0617.2370",8,5,AKKADIAN,bi,bi,[],see genres.json file,,
