,fragment_id,fragment_line_num,index_in_line,word_language,value,clean_value,lemma,domain,place_discovery,place_composition
0,"1880,0719.142",1,2,AKKADIAN,a-na,a-na,['ana I'],['CANONICAL ➝ Divination ➝ Oracular Question'],,
1,"1880,0719.142",1,4,AKKADIAN,GAL-i,GAL-i,['rabû I'],['CANONICAL ➝ Divination ➝ Oracular Question'],,
2,"1880,0719.142",1,5,AKKADIAN,{d}AMAR.UTU,{d}AMAR.UTU,['Marduk I'],['CANONICAL ➝ Divination ➝ Oracular Question'],,
3,"1880,0719.142",3,1,AKKADIAN,EN,EN,['bēlu I'],['CANONICAL ➝ Divination ➝ Oracular Question'],,
4,"1880,0719.142",5,1,AKKADIAN,{d}UTU,{d}UTU,['Šamaš I'],['CANONICAL ➝ Divination ➝ Oracular Question'],,
5,"1880,0719.142",5,3,AKKADIAN,{d}IŠKUR,{d}IŠKUR,['Adad I'],['CANONICAL ➝ Divination ➝ Oracular Question'],,
6,"1880,0719.142",7,2,AKKADIAN,{d}UTU,{d}UTU,['Šamaš I'],['CANONICAL ➝ Divination ➝ Oracular Question'],,
7,"1880,0719.142",8,2,AKKADIAN,DUMU,DUMU,['māru I'],['CANONICAL ➝ Divination ➝ Oracular Question'],,
8,"1880,0719.142",10,2,AKKADIAN,(ša₂,ša₂,['ša I'],['CANONICAL ➝ Divination ➝ Oracular Question'],,
9,"1880,0719.142",13,2,AKKADIAN,bi-nu-ut,bi-nu-ut,['binûtu I'],['CANONICAL ➝ Divination ➝ Oracular Question'],,
10,"1880,0719.142",13,3,AKKADIAN,KUR-MEŠ,KUR-MEŠ,['šadû I'],['CANONICAL ➝ Divination ➝ Oracular Question'],,
11,"1880,0719.142",13,4,AKKADIAN,KU₃-MEŠ,KU₃-MEŠ,['ellu I'],['CANONICAL ➝ Divination ➝ Oracular Question'],,
12,"1880,0719.142",15,2,AKKADIAN,AN-e,AN-e,['šamû I'],['CANONICAL ➝ Divination ➝ Oracular Question'],,
13,"1880,0719.142",15,3,AKKADIAN,AN-e,AN-e,['šamû I'],['CANONICAL ➝ Divination ➝ Oracular Question'],,
14,"1880,0719.142",16,2,AKKADIAN,KUR-i,KUR-i,['šadû I'],['CANONICAL ➝ Divination ➝ Oracular Question'],,
15,"1880,0719.142",16,3,AKKADIAN,KU₃-MEŠ,KU₃-MEŠ,['ellu I'],['CANONICAL ➝ Divination ➝ Oracular Question'],,
16,"1880,0719.142",16,5,AKKADIAN,{šim}LI,{šim}LI,['burāšu I'],['CANONICAL ➝ Divination ➝ Oracular Question'],,
17,"1880,0719.142",18,1,AKKADIAN,ša₂,ša₂,['ša I'],['CANONICAL ➝ Divination ➝ Oracular Question'],,
