,fragment_id,fragment_line_num,index_in_line,word_language,value,clean_value,lemma,domain,place_discovery,place_composition
0,"1881,0204.302",6,2,AKKADIAN,ha-a-ri,ha-a-ri,['hiāru I'],['CANONICAL ➝ Magic'],,
1,"1881,0204.302",14,1,AKKADIAN,i-qab-bu-ši,i-qab-bu-ši,['qabû II'],['CANONICAL ➝ Magic'],,
2,"1881,0204.302",17,2,AKKADIAN,ina,ina,['ina I'],['CANONICAL ➝ Magic'],,
3,"1881,0204.302",17,3,AKKADIAN,mah-ri-ša₂,mah-ri-ša₂,['mahru II'],['CANONICAL ➝ Magic'],,
4,"1881,0204.302",18,2,AKKADIAN,na-šu-ni,na-šu-ni,['našû II'],['CANONICAL ➝ Magic'],,
5,"1881,0204.302",18,3,AKKADIAN,a-na,a-na,[],['CANONICAL ➝ Magic'],,
6,"1881,0204.302",18,4,AKKADIAN,pa-ni-ša,pa-ni-ša,"['pānu I', '-ša I']",['CANONICAL ➝ Magic'],,
7,"1881,0204.302",19,3,AKKADIAN,ud-da!-ak-ki,ud-da-ak-ki,[],['CANONICAL ➝ Magic'],,
