,fragment_id,fragment_line_num,index_in_line,word_language,value,clean_value,lemma,domain,place_discovery,place_composition
0,"1879,0708.26",0,2,AKKADIAN,an,an,[],['CANONICAL ➝ Technical ➝ Ritual texts'],,
1,"1879,0708.26",3,2,EMESAL,er₂,er₂,[],['CANONICAL ➝ Technical ➝ Ritual texts'],,
2,"1879,0708.26",4,3,EMESAL,di-ku₅,di-ku₅,[],['CANONICAL ➝ Technical ➝ Ritual texts'],,
3,"1879,0708.26",5,3,EMESAL,er₂-ra,er₂-ra,[],['CANONICAL ➝ Technical ➝ Ritual texts'],,
4,"1879,0708.26",5,4,EMESAL,mu-un-DU-en,mu-un-DU-en,[],['CANONICAL ➝ Technical ➝ Ritual texts'],,
5,"1879,0708.26",7,2,AKKADIAN,a-na,a-na,[],['CANONICAL ➝ Technical ➝ Ritual texts'],,
6,"1879,0708.26",7,3,AKKADIAN,{mul}ṣal-bat-a-nu,{mul}ṣal-bat-a-nu,[],['CANONICAL ➝ Technical ➝ Ritual texts'],,
7,"1879,0708.26",7,4,AKKADIAN,MUL.MUL,MUL.MUL,[],['CANONICAL ➝ Technical ➝ Ritual texts'],,
8,"1879,0708.26",7,5,AKKADIAN,an,an,[],['CANONICAL ➝ Technical ➝ Ritual texts'],,
9,"1879,0708.26",8,2,EMESAL,a,a,[],['CANONICAL ➝ Technical ➝ Ritual texts'],,
10,"1879,0708.26",8,4,EMESAL,buru₁₄,buru₁₄,[],['CANONICAL ➝ Technical ➝ Ritual texts'],,
11,"1879,0708.26",8,5,EMESAL,su-su,su-su,[],['CANONICAL ➝ Technical ➝ Ritual texts'],,
12,"1879,0708.26",8,7,AKKADIAN,ER₂,ER₂,[],['CANONICAL ➝ Technical ➝ Ritual texts'],,
13,"1879,0708.26",8,10,EMESAL,a-ma₂-ru₁₀,a-ma₂-ru₁₀,[],['CANONICAL ➝ Technical ➝ Ritual texts'],,
14,"1879,0708.26",8,11,EMESAL,gal,gal,[],['CANONICAL ➝ Technical ➝ Ritual texts'],,
15,"1879,0708.26",8,13,AKKADIAN,ER₂.ŠEM₃.MA,ER₂.ŠEM₃.MA,[],['CANONICAL ➝ Technical ➝ Ritual texts'],,
16,"1879,0708.26",9,7,AKKADIAN,tu-šad-bab,tu-šad-bab,[],['CANONICAL ➝ Technical ➝ Ritual texts'],,
17,"1879,0708.26",10,2,AKKADIAN,sag-ra,sag-ra,[],['CANONICAL ➝ Technical ➝ Ritual texts'],,
