,fragment_id,fragment_line_num,index_in_line,word_language,value,clean_value,lemma,domain,place_discovery,place_composition
0,"1879,0708.171",0,0,AKKADIAN,ana,ana,['ana I'],"['CANONICAL ➝ Divination ➝ Extispicy', 'CANONICAL ➝ Technical ➝ Ritual texts']",,
1,"1879,0708.171",0,1,AKKADIAN,di-ni-šu₂,di-ni-šu₂,['dīnu I'],"['CANONICAL ➝ Divination ➝ Extispicy', 'CANONICAL ➝ Technical ➝ Ritual texts']",,
2,"1879,0708.171",1,0,AKKADIAN,di-in-šu₂,di-in-šu₂,['dīnu I'],"['CANONICAL ➝ Divination ➝ Extispicy', 'CANONICAL ➝ Technical ➝ Ritual texts']",,
3,"1879,0708.171",1,1,AKKADIAN,ina,ina,['ina I'],"['CANONICAL ➝ Divination ➝ Extispicy', 'CANONICAL ➝ Technical ➝ Ritual texts']",,
4,"1879,0708.171",1,2,AKKADIAN,kit-ti,kit-ti,['kittu I'],"['CANONICAL ➝ Divination ➝ Extispicy', 'CANONICAL ➝ Technical ➝ Ritual texts']",,
5,"1879,0708.171",1,3,AKKADIAN,u,u,['u I'],"['CANONICAL ➝ Divination ➝ Extispicy', 'CANONICAL ➝ Technical ➝ Ritual texts']",,
6,"1879,0708.171",2,0,AKKADIAN,DINGIR-šu₂,DINGIR-šu₂,['ilu I'],"['CANONICAL ➝ Divination ➝ Extispicy', 'CANONICAL ➝ Technical ➝ Ritual texts']",,
7,"1879,0708.171",2,1,AKKADIAN,{d}15-šu₂,{d}15-šu₂,['ištaru I'],"['CANONICAL ➝ Divination ➝ Extispicy', 'CANONICAL ➝ Technical ➝ Ritual texts']",,
8,"1879,0708.171",2,2,AKKADIAN,ina,ina,['ina I'],"['CANONICAL ➝ Divination ➝ Extispicy', 'CANONICAL ➝ Technical ➝ Ritual texts']",,
9,"1879,0708.171",2,3,AKKADIAN,di-ni-šu₂,di-ni-šu₂,['dīnu I'],"['CANONICAL ➝ Divination ➝ Extispicy', 'CANONICAL ➝ Technical ➝ Ritual texts']",,
10,"1879,0708.171",4,0,AKKADIAN,ik-rib,ik-rib,['ikribu I'],"['CANONICAL ➝ Divination ➝ Extispicy', 'CANONICAL ➝ Technical ➝ Ritual texts']",,
11,"1879,0708.171",4,1,AKKADIAN,SIK₂,SIK₂,['šīpātu I'],"['CANONICAL ➝ Divination ➝ Extispicy', 'CANONICAL ➝ Technical ➝ Ritual texts']",,
12,"1879,0708.171",4,2,AKKADIAN,GI₆,GI₆,['ṣalmu I'],"['CANONICAL ➝ Divination ➝ Extispicy', 'CANONICAL ➝ Technical ➝ Ritual texts']",,
13,"1879,0708.171",4,3,AKKADIAN,u₃,u₃,['u I'],"['CANONICAL ➝ Divination ➝ Extispicy', 'CANONICAL ➝ Technical ➝ Ritual texts']",,
14,"1879,0708.171",6,0,AKKADIAN,{d}UTU,{d}UTU,['šamšu I'],"['CANONICAL ➝ Divination ➝ Extispicy', 'CANONICAL ➝ Technical ➝ Ritual texts']",,
15,"1879,0708.171",6,1,AKKADIAN,EN,EN,['bēlu I'],"['CANONICAL ➝ Divination ➝ Extispicy', 'CANONICAL ➝ Technical ➝ Ritual texts']",,
16,"1879,0708.171",6,2,AKKADIAN,di-ni₇,di-ni₇,['dīnu I'],"['CANONICAL ➝ Divination ➝ Extispicy', 'CANONICAL ➝ Technical ➝ Ritual texts']",,
17,"1879,0708.171",6,4,AKKADIAN,EN,EN,['bēlu I'],"['CANONICAL ➝ Divination ➝ Extispicy', 'CANONICAL ➝ Technical ➝ Ritual texts']",,
18,"1879,0708.171",7,0,AKKADIAN,IL₂-ku-nu-ši,IL₂-ku-nu-ši,['našû II'],"['CANONICAL ➝ Divination ➝ Extispicy', 'CANONICAL ➝ Technical ➝ Ritual texts']",,
19,"1879,0708.171",8,0,AKKADIAN,MU,MU,['zakāru I'],"['CANONICAL ➝ Divination ➝ Extispicy', 'CANONICAL ➝ Technical ➝ Ritual texts']",,
20,"1879,0708.171",8,1,AKKADIAN,MU,MU,['šumu I'],"['CANONICAL ➝ Divination ➝ Extispicy', 'CANONICAL ➝ Technical ➝ Ritual texts']",,
21,"1879,0708.171",8,2,AKKADIAN,ša₂,ša₂,['ša I'],"['CANONICAL ➝ Divination ➝ Extispicy', 'CANONICAL ➝ Technical ➝ Ritual texts']",,
22,"1879,0708.171",8,3,AKKADIAN,NENNI,NENNI,['annanna I'],"['CANONICAL ➝ Divination ➝ Extispicy', 'CANONICAL ➝ Technical ➝ Ritual texts']",,
23,"1879,0708.171",8,4,AKKADIAN,A,A,['māru I'],"['CANONICAL ➝ Divination ➝ Extispicy', 'CANONICAL ➝ Technical ➝ Ritual texts']",,
24,"1879,0708.171",9,0,AKKADIAN,di-in-šu₂,di-in-šu₂,['dīnu I'],"['CANONICAL ➝ Divination ➝ Extispicy', 'CANONICAL ➝ Technical ➝ Ritual texts']",,
25,"1879,0708.171",10,0,AKKADIAN,DINGIR-šu₂,DINGIR-šu₂,['ilu I'],"['CANONICAL ➝ Divination ➝ Extispicy', 'CANONICAL ➝ Technical ➝ Ritual texts']",,
26,"1879,0708.171",10,1,AKKADIAN,u,u,['u I'],"['CANONICAL ➝ Divination ➝ Extispicy', 'CANONICAL ➝ Technical ➝ Ritual texts']",,
27,"1879,0708.171",12,0,AKKADIAN,an,an,[],"['CANONICAL ➝ Divination ➝ Extispicy', 'CANONICAL ➝ Technical ➝ Ritual texts']",,
