,fragment_id,fragment_line_num,index_in_line,word_language,value,clean_value,lemma,domain,place_discovery,place_composition
0,"1879,0708.103",3,1,AKKADIAN,KUR,KUR,[],['CANONICAL ➝ Magic ➝ Varia ➝ Namerimburuda'],,
1,"1879,0708.103",13,0,AKKADIAN,ru!-me-ka-ti-šu₂,ru-me-ka-ti-šu₂,[],['CANONICAL ➝ Magic ➝ Varia ➝ Namerimburuda'],,
2,"1879,0708.103",13,1,AKKADIAN,ana,ana,[],['CANONICAL ➝ Magic ➝ Varia ➝ Namerimburuda'],,
3,"1879,0708.103",13,2,AKKADIAN,IGI,IGI,[],['CANONICAL ➝ Magic ➝ Varia ➝ Namerimburuda'],,
4,"1879,0708.103",13,3,AKKADIAN,DINGIR-šu₂,DINGIR-šu₂,[],['CANONICAL ➝ Magic ➝ Varia ➝ Namerimburuda'],,
5,"1879,0708.103",14,1,AKKADIAN,lu,lu,[],['CANONICAL ➝ Magic ➝ Varia ➝ Namerimburuda'],,
6,"1879,0708.103",14,2,AKKADIAN,BUR₂-MEŠ-šu₂,BUR₂-MEŠ-šu₂,[],['CANONICAL ➝ Magic ➝ Varia ➝ Namerimburuda'],,
7,"1879,0708.103",14,3,AKKADIAN,lu,lu,[],['CANONICAL ➝ Magic ➝ Varia ➝ Namerimburuda'],,
8,"1879,0708.103",16,0,AKKADIAN,ana,ana,[],['CANONICAL ➝ Magic ➝ Varia ➝ Namerimburuda'],,
9,"1879,0708.103",16,1,AKKADIAN,ib-ri,ib-ri,[],['CANONICAL ➝ Magic ➝ Varia ➝ Namerimburuda'],,
10,"1879,0708.103",16,2,AKKADIAN,u,u,[],['CANONICAL ➝ Magic ➝ Varia ➝ Namerimburuda'],,
11,"1879,0708.103",16,3,AKKADIAN,tap-pe-e,tap-pe-e,[],['CANONICAL ➝ Magic ➝ Varia ➝ Namerimburuda'],,
12,"1879,0708.103",16,4,AKKADIAN,lu,lu,[],['CANONICAL ➝ Magic ➝ Varia ➝ Namerimburuda'],,
13,"1879,0708.103",16,5,AKKADIAN,it-ma,it-ma,[],['CANONICAL ➝ Magic ➝ Varia ➝ Namerimburuda'],,
14,"1879,0708.103",17,0,AKKADIAN,ana,ana,[],['CANONICAL ➝ Magic ➝ Varia ➝ Namerimburuda'],,
15,"1879,0708.103",17,1,AKKADIAN,kit-ti,kit-ti,[],['CANONICAL ➝ Magic ➝ Varia ➝ Namerimburuda'],,
16,"1879,0708.103",17,2,AKKADIAN,u,u,[],['CANONICAL ➝ Magic ➝ Varia ➝ Namerimburuda'],,
17,"1879,0708.103",17,3,AKKADIAN,sar₆-ti,sar₆-ti,[],['CANONICAL ➝ Magic ➝ Varia ➝ Namerimburuda'],,
18,"1879,0708.103",17,4,AKKADIAN,lu,lu,[],['CANONICAL ➝ Magic ➝ Varia ➝ Namerimburuda'],,
19,"1879,0708.103",17,5,AKKADIAN,it-ma,it-ma,[],['CANONICAL ➝ Magic ➝ Varia ➝ Namerimburuda'],,
20,"1879,0708.103",19,0,AKKADIAN,ana,ana,[],['CANONICAL ➝ Magic ➝ Varia ➝ Namerimburuda'],,
21,"1879,0708.103",19,1,AKKADIAN,ka-bit-ti,ka-bit-ti,[],['CANONICAL ➝ Magic ➝ Varia ➝ Namerimburuda'],,
22,"1879,0708.103",19,2,AKKADIAN,u,u,[],['CANONICAL ➝ Magic ➝ Varia ➝ Namerimburuda'],,
23,"1879,0708.103",19,3,AKKADIAN,qal-la-ti,qal-la-ti,[],['CANONICAL ➝ Magic ➝ Varia ➝ Namerimburuda'],,
24,"1879,0708.103",19,4,AKKADIAN,lu,lu,[],['CANONICAL ➝ Magic ➝ Varia ➝ Namerimburuda'],,
25,"1879,0708.103",19,5,AKKADIAN,it-ma,it-ma,[],['CANONICAL ➝ Magic ➝ Varia ➝ Namerimburuda'],,
26,"1879,0708.103",21,0,AKKADIAN,ana,ana,[],['CANONICAL ➝ Magic ➝ Varia ➝ Namerimburuda'],,
27,"1879,0708.103",21,1,AKKADIAN,AD,AD,[],['CANONICAL ➝ Magic ➝ Varia ➝ Namerimburuda'],,
28,"1879,0708.103",21,2,AKKADIAN,u,u,[],['CANONICAL ➝ Magic ➝ Varia ➝ Namerimburuda'],,
29,"1879,0708.103",21,3,AKKADIAN,AMA,AMA,[],['CANONICAL ➝ Magic ➝ Varia ➝ Namerimburuda'],,
30,"1879,0708.103",21,4,AKKADIAN,lu,lu,[],['CANONICAL ➝ Magic ➝ Varia ➝ Namerimburuda'],,
31,"1879,0708.103",22,0,AKKADIAN,ana,ana,[],['CANONICAL ➝ Magic ➝ Varia ➝ Namerimburuda'],,
32,"1879,0708.103",22,1,AKKADIAN,ŠEŠ,ŠEŠ,[],['CANONICAL ➝ Magic ➝ Varia ➝ Namerimburuda'],,
33,"1879,0708.103",22,2,AKKADIAN,u,u,[],['CANONICAL ➝ Magic ➝ Varia ➝ Namerimburuda'],,
34,"1879,0708.103",22,3,AKKADIAN,NIN,NIN,[],['CANONICAL ➝ Magic ➝ Varia ➝ Namerimburuda'],,
35,"1879,0708.103",22,4,AKKADIAN,lu,lu,[],['CANONICAL ➝ Magic ➝ Varia ➝ Namerimburuda'],,
36,"1879,0708.103",23,0,AKKADIAN,ana,ana,[],['CANONICAL ➝ Magic ➝ Varia ➝ Namerimburuda'],,
37,"1879,0708.103",23,1,AKKADIAN,ZU-u,ZU-u,[],['CANONICAL ➝ Magic ➝ Varia ➝ Namerimburuda'],,
38,"1879,0708.103",23,2,AKKADIAN,NU,NU,[],['CANONICAL ➝ Magic ➝ Varia ➝ Namerimburuda'],,
39,"1879,0708.103",23,3,AKKADIAN,ZU-u,ZU-u,[],['CANONICAL ➝ Magic ➝ Varia ➝ Namerimburuda'],,
40,"1879,0708.103",23,5,AKKADIAN,it-ma,it-ma,[],['CANONICAL ➝ Magic ➝ Varia ➝ Namerimburuda'],,
41,"1879,0708.103",25,2,AKKADIAN,ana,ana,[],['CANONICAL ➝ Magic ➝ Varia ➝ Namerimburuda'],,
