,fragment_id,fragment_line_num,index_in_line,word_language,value,clean_value,lemma,domain,place_discovery,place_composition
0,"1881,0204.180",1,1,AKKADIAN,e-me-du,e-me-du,[],['MONUMENTAL'],,
1,"1881,0204.180",1,2,AKKADIAN,KUR-šu₂,KUR-šu₂,[],['MONUMENTAL'],,
2,"1881,0204.180",9,2,AKKADIAN,PAP-mil-ki,PAP-mil-ki,[],['MONUMENTAL'],,
3,"1881,0204.180",11,1,AKKADIAN,MURUB₄,MURUB₄,[],['MONUMENTAL'],,
4,"1881,0204.180",11,2,AKKADIAN,tam-tim,tam-tim,[],['MONUMENTAL'],,
5,"1881,0204.180",17,1,AKKADIAN,GIR₃-MIN-ia,GIR₃-MIN-ia,[],['MONUMENTAL'],,
6,"1881,0204.180",26,0,AKKADIAN,ina,ina,[],['MONUMENTAL'],,
7,"1881,0204.180",26,1,AKKADIAN,{giš}ṣi-iṣ-ṣi,{giš}ṣi-iṣ-ṣi,[],['MONUMENTAL'],,
8,"1881,0204.180",28,0,AKKADIAN,si-it-ti,si-it-ti,[],['MONUMENTAL'],,
9,"1881,0204.180",28,1,AKKADIAN,DUMU-MEŠ,DUMU-MEŠ,[],['MONUMENTAL'],,
10,"1881,0204.180",30,0,AKKADIAN,{m}{d}PA-I,{m}{d}PA-I,[],['MONUMENTAL'],,
11,"1881,0204.180",32,0,AKKADIAN,DUMU-MEŠ,DUMU-MEŠ,[],['MONUMENTAL'],,
12,"1881,0204.180",34,0,AKKADIAN,u₃,u₃,[],['MONUMENTAL'],,
13,"1881,0204.180",36,0,AKKADIAN,it-ti,it-ti,[],['MONUMENTAL'],,
14,"1881,0204.180",38,0,AKKADIAN,GU₄-MEŠ,GU₄-MEŠ,[],['MONUMENTAL'],,
