,fragment_id,fragment_line_num,index_in_line,word_language,value,clean_value,lemma,domain,place_discovery,place_composition
0,"1879,0708.4",1,2,AKKADIAN,E₂,E₂,['bītu I'],['MONUMENTAL ➝ Building'],,
1,"1879,0708.4",2,1,AKKADIAN,GAL-u₂,GAL-u₂,['rabû I'],['MONUMENTAL ➝ Building'],,
2,"1879,0708.4",2,2,AKKADIAN,a-na,a-na,['ana I'],['MONUMENTAL ➝ Building'],,
3,"1879,0708.4",3,1,AKKADIAN,a-na,a-na,['ana I'],['MONUMENTAL ➝ Building'],,
4,"1879,0708.4",4,2,AKKADIAN,al-ṭu-ur,al-ṭu-ur,['šaṭāru II'],['MONUMENTAL ➝ Building'],,
5,"1879,0708.4",4,3,AKKADIAN,i+na,i+na,['ina I'],['MONUMENTAL ➝ Building'],,
6,"1879,0708.4",5,2,AKKADIAN,ud-diš,ud-diš,['edēšu I'],['MONUMENTAL ➝ Building'],,
7,"1879,0708.4",5,3,AKKADIAN,e-nu-ma,e-nu-ma,['inūma I'],['MONUMENTAL ➝ Building'],,
8,"1879,0708.4",5,4,AKKADIAN,E₂,E₂,['bītu I'],['MONUMENTAL ➝ Building'],,
9,"1879,0708.4",8,1,AKKADIAN,nu,nu,[],['MONUMENTAL ➝ Building'],,
