,fragment_id,fragment_line_num,index_in_line,word_language,value,clean_value,lemma,domain,place_discovery,place_composition
0,"1881,0204.292",3,2,AKKADIAN,{d}EN,{d}EN,[],['ARCHIVAL ➝ Letter ➝ Report (?)'],,
1,"1881,0204.292",3,3,AKKADIAN,ša,ša,[],['ARCHIVAL ➝ Letter ➝ Report (?)'],,
2,"1881,0204.292",4,2,AKKADIAN,MIN,MIN,[],['ARCHIVAL ➝ Letter ➝ Report (?)'],,
3,"1881,0204.292",4,3,AKKADIAN,ša,ša,[],['ARCHIVAL ➝ Letter ➝ Report (?)'],,
4,"1881,0204.292",4,4,AKKADIAN,DINGIR-ši-na,DINGIR-ši-na,[],['ARCHIVAL ➝ Letter ➝ Report (?)'],,
5,"1881,0204.292",5,2,AKKADIAN,ina,ina,[],['ARCHIVAL ➝ Letter ➝ Report (?)'],,
6,"1881,0204.292",6,3,AKKADIAN,ša,ša,[],['ARCHIVAL ➝ Letter ➝ Report (?)'],,
7,"1881,0204.292",6,4,AKKADIAN,15/KU₃,15/KU₃,[],['ARCHIVAL ➝ Letter ➝ Report (?)'],,
8,"1881,0204.292",6,5,AKKADIAN,GU₂,GU₂,[],['ARCHIVAL ➝ Letter ➝ Report (?)'],,
9,"1881,0204.292",7,1,AKKADIAN,du,du,[],['ARCHIVAL ➝ Letter ➝ Report (?)'],,
10,"1881,0204.292",7,2,AKKADIAN,bu,bu,[],['ARCHIVAL ➝ Letter ➝ Report (?)'],,
11,"1881,0204.292",7,4,AKKADIAN,an,an,[],['ARCHIVAL ➝ Letter ➝ Report (?)'],,
12,"1881,0204.292",7,5,AKKADIAN,pa,pa,[],['ARCHIVAL ➝ Letter ➝ Report (?)'],,
13,"1881,0204.292",7,6,AKKADIAN,i/at/ṣi,i/at/ṣi,[],['ARCHIVAL ➝ Letter ➝ Report (?)'],,
14,"1881,0204.292",8,2,AKKADIAN,ša,ša,[],['ARCHIVAL ➝ Letter ➝ Report (?)'],,
15,"1881,0204.292",8,3,AKKADIAN,15/KU₃,15/KU₃,[],['ARCHIVAL ➝ Letter ➝ Report (?)'],,
16,"1881,0204.292",9,2,AKKADIAN,E₂,E₂,[],['ARCHIVAL ➝ Letter ➝ Report (?)'],,
17,"1881,0204.292",9,3,AKKADIAN,i/he₂,i/he₂,[],['ARCHIVAL ➝ Letter ➝ Report (?)'],,
18,"1881,0204.292",9,4,AKKADIAN,nun,nun,[],['ARCHIVAL ➝ Letter ➝ Report (?)'],,
19,"1881,0204.292",9,5,AKKADIAN,ak,ak,[],['ARCHIVAL ➝ Letter ➝ Report (?)'],,
20,"1881,0204.292",10,3,AKKADIAN,u₂,u₂,[],['ARCHIVAL ➝ Letter ➝ Report (?)'],,
21,"1881,0204.292",10,7,AKKADIAN,ša₂,ša₂,[],['ARCHIVAL ➝ Letter ➝ Report (?)'],,
22,"1881,0204.292",11,2,AKKADIAN,pa,pa,[],['ARCHIVAL ➝ Letter ➝ Report (?)'],,
23,"1881,0204.292",12,2,AKKADIAN,ar₂-ra,ar₂-ra,[],['ARCHIVAL ➝ Letter ➝ Report (?)'],,
24,"1881,0204.292",15,2,AKKADIAN,TIN-su,TIN-su,[],['ARCHIVAL ➝ Letter ➝ Report (?)'],,
25,"1881,0204.292",16,2,AKKADIAN,u₂,u₂,[],['ARCHIVAL ➝ Letter ➝ Report (?)'],,
26,"1881,0204.292",17,3,AKKADIAN,gi,gi,[],['ARCHIVAL ➝ Letter ➝ Report (?)'],,
27,"1881,0204.292",19,2,AKKADIAN,na,na,[],['ARCHIVAL ➝ Letter ➝ Report (?)'],,
28,"1881,0204.292",19,3,AKKADIAN,man-ni,man-ni,[],['ARCHIVAL ➝ Letter ➝ Report (?)'],,
29,"1881,0204.292",23,2,AKKADIAN,ša,ša,[],['ARCHIVAL ➝ Letter ➝ Report (?)'],,
30,"1881,0204.292",24,2,AKKADIAN,si,si,[],['ARCHIVAL ➝ Letter ➝ Report (?)'],,
31,"1881,0204.292",25,2,AKKADIAN,DINGIR-MEŠ,DINGIR-MEŠ,[],['ARCHIVAL ➝ Letter ➝ Report (?)'],,
32,"1881,0204.292",25,3,AKKADIAN,di,di,[],['ARCHIVAL ➝ Letter ➝ Report (?)'],,
33,"1881,0204.292",27,4,AKKADIAN,a,a,[],['ARCHIVAL ➝ Letter ➝ Report (?)'],,
34,"1881,0204.292",28,2,AKKADIAN,bu,bu,[],['ARCHIVAL ➝ Letter ➝ Report (?)'],,
35,"1881,0204.292",28,4,AKKADIAN,lu,lu,[],['ARCHIVAL ➝ Letter ➝ Report (?)'],,
36,"1881,0204.292",28,5,AKKADIAN,ina,ina,[],['ARCHIVAL ➝ Letter ➝ Report (?)'],,
37,"1881,0204.292",28,6,AKKADIAN,bu,bu,[],['ARCHIVAL ➝ Letter ➝ Report (?)'],,
38,"1881,0204.292",29,5,AKKADIAN,šu₂,šu₂,[],['ARCHIVAL ➝ Letter ➝ Report (?)'],,
39,"1881,0204.292",33,2,AKKADIAN,ku,ku,[],['ARCHIVAL ➝ Letter ➝ Report (?)'],,
