,fragment_id,fragment_line_num,index_in_line,word_language,value,clean_value,lemma,domain,place_discovery,place_composition
0,"1880,0719.339",3,1,AKKADIAN,SAGŠU,SAGŠU,[],[],,
1,"1880,0719.339",5,1,AKKADIAN,na,na,[],[],,
2,"1880,0719.339",5,2,AKKADIAN,du,du,[],[],,
3,"1880,0719.339",6,3,AKKADIAN,RA-iṣ,RA-iṣ,[],[],,
4,"1880,0719.339",6,4,AKKADIAN,nu,nu,[],[],,
5,"1880,0719.339",7,1,AKKADIAN,{munus}KUR₂,{munus}KUR₂,[],[],,
6,"1880,0719.339",8,1,AKKADIAN,DUB,DUB,[],[],,
7,"1880,0719.339",9,2,AKKADIAN,ša₂,ša₂,[],[],,
