,fragment_id,fragment_line_num,index_in_line,word_language,value,clean_value,lemma,domain,place_discovery,place_composition
0,"1880,0617.2324",0,2,SUMERIAN,šu-sikil-ta,šu-sikil-ta,[],see genres.json file,,
1,"1880,0617.2324",0,3,SUMERIAN,u-me-ni-ib₂-har-har,u-me-ni-ib₂-har-har,[],see genres.json file,,
2,"1880,0617.2324",0,6,AKKADIAN,pur-šum-tu₂,pur-šum-tu₂,[],see genres.json file,,
3,"1880,0617.2324",0,7,AKKADIAN,ina,ina,[],see genres.json file,,
4,"1880,0617.2324",1,2,SUMERIAN,u-me-ni-hi-hi,u-me-ni-hi-hi,[],see genres.json file,,
5,"1880,0617.2324",1,3,SUMERIAN,ni₃,ni₃,[],see genres.json file,,
6,"1880,0617.2324",1,4,SUMERIAN,sila₁₁-ĝa₂,sila₁₁-ĝa₂,[],see genres.json file,,
7,"1880,0617.2324",1,5,SUMERIAN,u-me-ni-sila₁₁,u-me-ni-sila₁₁,[],see genres.json file,,
8,"1880,0617.2324",1,9,AKKADIAN,bu-lul-ma,bu-lul-ma,[],see genres.json file,,
9,"1880,0617.2324",2,2,SUMERIAN,u-me-ni-ĝar,u-me-ni-ĝar,[],see genres.json file,,
10,"1880,0617.2324",2,3,SUMERIAN,na-u-me-ni-ri,na-u-me-ni-ri,[],see genres.json file,,
11,"1880,0617.2324",2,6,AKKADIAN,ina,ina,[],see genres.json file,,
12,"1880,0617.2324",2,8,AKKADIAN,šu-kun-ma,šu-kun-ma,[],see genres.json file,,
13,"1880,0617.2324",3,2,SUMERIAN,saĝ-bi,saĝ-bi,[],see genres.json file,,
14,"1880,0617.2324",3,4,SUMERIAN,egir-bi,egir-bi,[],see genres.json file,,
15,"1880,0617.2324",4,2,AKKADIAN,qaq-qad₂-su,qaq-qad₂-su,[],see genres.json file,,
16,"1880,0617.2324",4,4,AKKADIAN,ana,ana,[],see genres.json file,,
17,"1880,0617.2324",6,3,AKKADIAN,ki-ma,ki-ma,[],see genres.json file,,
18,"1880,0617.2324",6,6,AKKADIAN,ana,ana,[],see genres.json file,,
19,"1880,0617.2324",7,4,AKKADIAN,ki-ma,ki-ma,[],see genres.json file,,
20,"1880,0617.2324",7,5,AKKADIAN,e-ri-bi,e-ri-bi,[],see genres.json file,,
21,"1880,0617.2324",7,6,AKKADIAN,ana,ana,[],see genres.json file,,
