,fragment_id,fragment_line_num,index_in_line,word_language,value,clean_value,lemma,domain,place_discovery,place_composition
0,"1881,0204.233",1,3,AKKADIAN,GA,GA,[],"['CANONICAL ➝ Magic', 'CANONICAL ➝ Technical ➝ Ritual texts']",,
1,"1881,0204.233",1,6,AKKADIAN,ina,ina,['ina I'],"['CANONICAL ➝ Magic', 'CANONICAL ➝ Technical ➝ Ritual texts']",,
2,"1881,0204.233",1,7,AKKADIAN,še-ri₃,še-ri₃,['šēru II'],"['CANONICAL ➝ Magic', 'CANONICAL ➝ Technical ➝ Ritual texts']",,
3,"1881,0204.233",1,8,AKKADIAN,ba-lu,ba-lu,['balu I'],"['CANONICAL ➝ Magic', 'CANONICAL ➝ Technical ➝ Ritual texts']",,
4,"1881,0204.233",1,9,AKKADIAN,pa-tan,pa-tan,['patānu I'],"['CANONICAL ➝ Magic', 'CANONICAL ➝ Technical ➝ Ritual texts']",,
5,"1881,0204.233",2,2,AKKADIAN,u,u,['u I'],"['CANONICAL ➝ Magic', 'CANONICAL ➝ Technical ➝ Ritual texts']",,
6,"1881,0204.233",2,4,AKKADIAN,EN₂,EN₂,['šiptu I'],"['CANONICAL ➝ Magic', 'CANONICAL ➝ Technical ➝ Ritual texts']",,
7,"1881,0204.233",2,5,AKKADIAN,3-šu₂,3-šu₂,['šalāšī- I'],"['CANONICAL ➝ Magic', 'CANONICAL ➝ Technical ➝ Ritual texts']",,
8,"1881,0204.233",2,6,AKKADIAN,ŠID-nu,ŠID-nu,['manû IV'],"['CANONICAL ➝ Magic', 'CANONICAL ➝ Technical ➝ Ritual texts']",,
9,"1881,0204.233",2,7,AKKADIAN,ana,ana,['ana I'],"['CANONICAL ➝ Magic', 'CANONICAL ➝ Technical ➝ Ritual texts']",,
10,"1881,0204.233",2,8,AKKADIAN,ID₂,ID₂,['nāru I'],"['CANONICAL ➝ Magic', 'CANONICAL ➝ Technical ➝ Ritual texts']",,
11,"1881,0204.233",2,9,AKKADIAN,ŠUB-ma,ŠUB-ma,['nadû III'],"['CANONICAL ➝ Magic', 'CANONICAL ➝ Technical ➝ Ritual texts']",,
12,"1881,0204.233",2,10,AKKADIAN,HUL!,HUL,['lumnu I'],"['CANONICAL ➝ Magic', 'CANONICAL ➝ Technical ➝ Ritual texts']",,
13,"1881,0204.233",2,11,AKKADIAN,BUR₂,BUR₂,['pašāru I'],"['CANONICAL ➝ Magic', 'CANONICAL ➝ Technical ➝ Ritual texts']",,
14,"1881,0204.233",4,2,AKKADIAN,EN,EN,[],"['CANONICAL ➝ Magic', 'CANONICAL ➝ Technical ➝ Ritual texts']",,
15,"1881,0204.233",4,3,AKKADIAN,ABZU,ABZU,['apsû I'],"['CANONICAL ➝ Magic', 'CANONICAL ➝ Technical ➝ Ritual texts']",,
16,"1881,0204.233",4,4,AKKADIAN,pa-ti-iq,pa-ti-iq,['patāqu I'],"['CANONICAL ➝ Magic', 'CANONICAL ➝ Technical ➝ Ritual texts']",,
17,"1881,0204.233",4,5,AKKADIAN,AN-e,AN-e,['šamû I'],"['CANONICAL ➝ Magic', 'CANONICAL ➝ Technical ➝ Ritual texts']",,
18,"1881,0204.233",4,6,AKKADIAN,u,u,['u I'],"['CANONICAL ➝ Magic', 'CANONICAL ➝ Technical ➝ Ritual texts']",,
19,"1881,0204.233",4,7,AKKADIAN,KI-ti₃,KI-ti₃,['erṣetu I'],"['CANONICAL ➝ Magic', 'CANONICAL ➝ Technical ➝ Ritual texts']",,
20,"1881,0204.233",6,2,AKKADIAN,mu-uṣ-ṣi-ru,mu-uṣ-ṣi-ru,['eṣēru I'],"['CANONICAL ➝ Magic', 'CANONICAL ➝ Technical ➝ Ritual texts']",,
21,"1881,0204.233",6,3,AKKADIAN,GIŠ.HUR-MEŠ,GIŠ.HUR-MEŠ,['uṣurtu I'],"['CANONICAL ➝ Magic', 'CANONICAL ➝ Technical ➝ Ritual texts']",,
22,"1881,0204.233",6,4,AKKADIAN,na-din,na-din,['nādinu I'],"['CANONICAL ➝ Magic', 'CANONICAL ➝ Technical ➝ Ritual texts']",,
23,"1881,0204.233",6,5,AKKADIAN,NIDBA,NIDBA,['nindabû I'],"['CANONICAL ➝ Magic', 'CANONICAL ➝ Technical ➝ Ritual texts']",,
24,"1881,0204.233",6,6,AKKADIAN,ša₂,ša₂,['ša I'],"['CANONICAL ➝ Magic', 'CANONICAL ➝ Technical ➝ Ritual texts']",,
25,"1881,0204.233",6,7,AKKADIAN,DINGIR-MEŠ,DINGIR-MEŠ,['ilu I'],"['CANONICAL ➝ Magic', 'CANONICAL ➝ Technical ➝ Ritual texts']",,
26,"1881,0204.233",6,8,AKKADIAN,GAL-MEŠ,GAL-MEŠ,['rabû I'],"['CANONICAL ➝ Magic', 'CANONICAL ➝ Technical ➝ Ritual texts']",,
27,"1881,0204.233",8,3,AKKADIAN,kit-ti,kit-ti,['kittu I'],"['CANONICAL ➝ Magic', 'CANONICAL ➝ Technical ➝ Ritual texts']",,
28,"1881,0204.233",8,4,AKKADIAN,pa-ri-is,pa-ri-is,['pārisu I'],"['CANONICAL ➝ Magic', 'CANONICAL ➝ Technical ➝ Ritual texts']",,
29,"1881,0204.233",8,5,AKKADIAN,EŠ.BAR,EŠ.BAR,['purussû I'],"['CANONICAL ➝ Magic', 'CANONICAL ➝ Technical ➝ Ritual texts']",,
30,"1881,0204.233",8,6,AKKADIAN,ša₂,ša₂,['ša I'],"['CANONICAL ➝ Magic', 'CANONICAL ➝ Technical ➝ Ritual texts']",,
31,"1881,0204.233",8,7,AKKADIAN,DINGIR-MEŠ,DINGIR-MEŠ,['ilu I'],"['CANONICAL ➝ Magic', 'CANONICAL ➝ Technical ➝ Ritual texts']",,
32,"1881,0204.233",8,8,AKKADIAN,ŠEŠ-MEŠ-šu₂,ŠEŠ-MEŠ-šu₂,['ahu I'],"['CANONICAL ➝ Magic', 'CANONICAL ➝ Technical ➝ Ritual texts']",,
33,"1881,0204.233",10,3,AKKADIAN,di-ni,di-ni,['dīnu I'],"['CANONICAL ➝ Magic', 'CANONICAL ➝ Technical ➝ Ritual texts']",,
34,"1881,0204.233",10,4,AKKADIAN,di!(KI)-in,di(KI)-in,['diānu I'],"['CANONICAL ➝ Magic', 'CANONICAL ➝ Technical ➝ Ritual texts']",,
35,"1881,0204.233",10,5,AKKADIAN,EŠ.BAR-a-a,EŠ.BAR-a-a,['purussû I'],"['CANONICAL ➝ Magic', 'CANONICAL ➝ Technical ➝ Ritual texts']",,
36,"1881,0204.233",10,6,AKKADIAN,KUD-us,KUD-us,['parāsu I'],"['CANONICAL ➝ Magic', 'CANONICAL ➝ Technical ➝ Ritual texts']",,
37,"1881,0204.233",12,1,AKKADIAN,ša₂,ša₂,['ša I'],"['CANONICAL ➝ Magic', 'CANONICAL ➝ Technical ➝ Ritual texts']",,
38,"1881,0204.233",12,3,AKKADIAN,GE₆,GE₆,['mūšu I'],"['CANONICAL ➝ Magic', 'CANONICAL ➝ Technical ➝ Ritual texts']",,
39,"1881,0204.233",12,4,AKKADIAN,an-ni-i,an-ni-i,['annû I'],"['CANONICAL ➝ Magic', 'CANONICAL ➝ Technical ➝ Ritual texts']",,
40,"1881,0204.233",12,5,AKKADIAN,a-mu-ru,a-mu-ru,['amāru I'],"['CANONICAL ➝ Magic', 'CANONICAL ➝ Technical ➝ Ritual texts']",,
41,"1881,0204.233",12,7,AKKADIAN,dam-qat,dam-qat,['damqu I'],"['CANONICAL ➝ Magic', 'CANONICAL ➝ Technical ➝ Ritual texts']",,
42,"1881,0204.233",12,8,AKKADIAN,ma-a,ma-a,['mā I'],"['CANONICAL ➝ Magic', 'CANONICAL ➝ Technical ➝ Ritual texts']",,
43,"1881,0204.233",12,9,AKKADIAN,SIG₅-ša₂,SIG₅-ša₂,"['dumqu I', '-ša I']","['CANONICAL ➝ Magic', 'CANONICAL ➝ Technical ➝ Ritual texts']",,
44,"1881,0204.233",12,10,AKKADIAN,ana,ana,['ana I'],"['CANONICAL ➝ Magic', 'CANONICAL ➝ Technical ➝ Ritual texts']",,
45,"1881,0204.233",12,11,AKKADIAN,UGU-ia,UGU-ia,['muhhu I'],"['CANONICAL ➝ Magic', 'CANONICAL ➝ Technical ➝ Ritual texts']",,
46,"1881,0204.233",14,4,AKKADIAN,ma!(GIŠ)-a,ma(GIŠ)-a,['mā I'],"['CANONICAL ➝ Magic', 'CANONICAL ➝ Technical ➝ Ritual texts']",,
47,"1881,0204.233",14,5,AKKADIAN,GIM,GIM,['kīma I'],"['CANONICAL ➝ Magic', 'CANONICAL ➝ Technical ➝ Ritual texts']",,
48,"1881,0204.233",14,6,AKKADIAN,LAG,LAG,['kirbānu I'],"['CANONICAL ➝ Magic', 'CANONICAL ➝ Technical ➝ Ritual texts']",,
49,"1881,0204.233",14,7,AKKADIAN,ša₂,ša₂,['ša I'],"['CANONICAL ➝ Magic', 'CANONICAL ➝ Technical ➝ Ritual texts']",,
50,"1881,0204.233",14,8,AKKADIAN,ina,ina,['ina I'],"['CANONICAL ➝ Magic', 'CANONICAL ➝ Technical ➝ Ritual texts']",,
51,"1881,0204.233",14,9,AKKADIAN,IGI-ka,IGI-ka,['pānu I'],"['CANONICAL ➝ Magic', 'CANONICAL ➝ Technical ➝ Ritual texts']",,
52,"1881,0204.233",14,10,AKKADIAN,ana,ana,['ana I'],"['CANONICAL ➝ Magic', 'CANONICAL ➝ Technical ➝ Ritual texts']",,
53,"1881,0204.233",14,11,AKKADIAN,A-MEŠ,A-MEŠ,['mû I'],"['CANONICAL ➝ Magic', 'CANONICAL ➝ Technical ➝ Ritual texts']",,
54,"1881,0204.233",14,12,AKKADIAN,ŠUB-u₂,ŠUB-u₂,['nadû III'],"['CANONICAL ➝ Magic', 'CANONICAL ➝ Technical ➝ Ritual texts']",,
55,"1881,0204.233",16,1,AKKADIAN,A-MEŠ,A-MEŠ,['mû I'],"['CANONICAL ➝ Magic', 'CANONICAL ➝ Technical ➝ Ritual texts']",,
56,"1881,0204.233",16,3,AKKADIAN,lip-pa-si-is,lip-pa-si-is,['pasāsu I'],"['CANONICAL ➝ Magic', 'CANONICAL ➝ Technical ➝ Ritual texts']",,
57,"1881,0204.233",16,4,AKKADIAN,u,u,['u I'],"['CANONICAL ➝ Magic', 'CANONICAL ➝ Technical ➝ Ritual texts']",,
58,"1881,0204.233",16,5,AKKADIAN,li-ih-har-miṭ,li-ih-har-miṭ,['naharmuṭu I'],"['CANONICAL ➝ Magic', 'CANONICAL ➝ Technical ➝ Ritual texts']",,
59,"1881,0204.233",16,6,AKKADIAN,TU₆.EN₂,TU₆.EN₂,[],"['CANONICAL ➝ Magic', 'CANONICAL ➝ Technical ➝ Ritual texts']",,
60,"1881,0204.233",19,1,AKKADIAN,HUL,HUL,[],"['CANONICAL ➝ Magic', 'CANONICAL ➝ Technical ➝ Ritual texts']",,
61,"1881,0204.233",19,2,AKKADIAN,MAŠ₂.GE₆,MAŠ₂.GE₆,['šuttu I'],"['CANONICAL ➝ Magic', 'CANONICAL ➝ Technical ➝ Ritual texts']",,
62,"1881,0204.233",19,3,AKKADIAN,SIG₅.GA.KE₄,SIG₅.GA.KE₄,[],"['CANONICAL ➝ Magic', 'CANONICAL ➝ Technical ➝ Ritual texts']",,
63,"1881,0204.233",21,1,AKKADIAN,LAG,LAG,['kirbānu I'],"['CANONICAL ➝ Magic', 'CANONICAL ➝ Technical ➝ Ritual texts']",,
64,"1881,0204.233",21,3,AKKADIAN,TI-qi₂,TI-qi₂,['leqû II'],"['CANONICAL ➝ Magic', 'CANONICAL ➝ Technical ➝ Ritual texts']",,
65,"1881,0204.233",21,4,AKKADIAN,EN₂,EN₂,['šiptu I'],"['CANONICAL ➝ Magic', 'CANONICAL ➝ Technical ➝ Ritual texts']",,
66,"1881,0204.233",21,5,AKKADIAN,3-šu₂,3-šu₂,['šalāšī- I'],"['CANONICAL ➝ Magic', 'CANONICAL ➝ Technical ➝ Ritual texts']",,
67,"1881,0204.233",21,6,AKKADIAN,ana,ana,['ana I'],"['CANONICAL ➝ Magic', 'CANONICAL ➝ Technical ➝ Ritual texts']",,
68,"1881,0204.233",21,7,AKKADIAN,UGU,UGU,['muhhu I'],"['CANONICAL ➝ Magic', 'CANONICAL ➝ Technical ➝ Ritual texts']",,
69,"1881,0204.233",21,8,AKKADIAN,ŠID-nu,ŠID-nu,['manû IV'],"['CANONICAL ➝ Magic', 'CANONICAL ➝ Technical ➝ Ritual texts']",,
70,"1881,0204.233",21,9,AKKADIAN,ana,ana,['ana I'],"['CANONICAL ➝ Magic', 'CANONICAL ➝ Technical ➝ Ritual texts']",,
71,"1881,0204.233",21,10,AKKADIAN,ID₂,ID₂,['nāru I'],"['CANONICAL ➝ Magic', 'CANONICAL ➝ Technical ➝ Ritual texts']",,
72,"1881,0204.233",21,11,AKKADIAN,ŠUB-ma,ŠUB-ma,['nadû III'],"['CANONICAL ➝ Magic', 'CANONICAL ➝ Technical ➝ Ritual texts']",,
73,"1881,0204.233",21,12,AKKADIAN,NAM.BUR₂.°\BI°,NAM.BUR₂.BI,['namburbû I'],"['CANONICAL ➝ Magic', 'CANONICAL ➝ Technical ➝ Ritual texts']",,
74,"1881,0204.233",23,2,SUMERIAN,sa,sa,[],"['CANONICAL ➝ Magic', 'CANONICAL ➝ Technical ➝ Ritual texts']",,
75,"1881,0204.233",23,3,SUMERIAN,hul,hul,[],"['CANONICAL ➝ Magic', 'CANONICAL ➝ Technical ➝ Ritual texts']",,
76,"1881,0204.233",23,5,SUMERIAN,en,en,[],"['CANONICAL ➝ Magic', 'CANONICAL ➝ Technical ➝ Ritual texts']",,
77,"1881,0204.233",23,6,SUMERIAN,gal,gal,[],"['CANONICAL ➝ Magic', 'CANONICAL ➝ Technical ➝ Ritual texts']",,
78,"1881,0204.233",23,7,SUMERIAN,{d}+en-ki,{d}+en-ki,[],"['CANONICAL ➝ Magic', 'CANONICAL ➝ Technical ➝ Ritual texts']",,
79,"1881,0204.233",23,11,SUMERIAN,mu-un-ši-in-gen-na,mu-un-ši-in-gen-na,[],"['CANONICAL ➝ Magic', 'CANONICAL ➝ Technical ➝ Ritual texts']",,
80,"1881,0204.233",25,2,SUMERIAN,murgu,murgu,[],"['CANONICAL ➝ Magic', 'CANONICAL ➝ Technical ➝ Ritual texts']",,
81,"1881,0204.233",25,4,SUMERIAN,du₈-am₃,du₈-am₃,[],"['CANONICAL ➝ Magic', 'CANONICAL ➝ Technical ➝ Ritual texts']",,
82,"1881,0204.233",28,2,SUMERIAN,ku₃-ga,ku₃-ga,[],"['CANONICAL ➝ Magic', 'CANONICAL ➝ Technical ➝ Ritual texts']",,
83,"1881,0204.233",28,3,SUMERIAN,eridu{ki}-ke₄,eridu{ki}-ke₄,[],"['CANONICAL ➝ Magic', 'CANONICAL ➝ Technical ➝ Ritual texts']",,
84,"1881,0204.233",28,6,SUMERIAN,tu₆*,tu₆,[],"['CANONICAL ➝ Magic', 'CANONICAL ➝ Technical ➝ Ritual texts']",,
85,"1881,0204.233",28,7,SUMERIAN,dug₄-ga,dug₄-ga,[],"['CANONICAL ➝ Magic', 'CANONICAL ➝ Technical ➝ Ritual texts']",,
86,"1881,0204.233",28,8,SUMERIAN,{d}asar-lu₂-hi-ke₄,{d}asar-lu₂-hi-ke₄,[],"['CANONICAL ➝ Magic', 'CANONICAL ➝ Technical ➝ Ritual texts']",,
87,"1881,0204.233",30,2,SUMERIAN,{d}nin-girim₃-ke₄,{d}nin-girim₃-ke₄,[],"['CANONICAL ➝ Magic', 'CANONICAL ➝ Technical ➝ Ritual texts']",,
88,"1881,0204.233",30,4,SUMERIAN,lu₂-u₁₈-lu,lu₂-u₁₈-lu,[],"['CANONICAL ➝ Magic', 'CANONICAL ➝ Technical ➝ Ritual texts']",,
89,"1881,0204.233",32,2,SUMERIAN,he₂-en-sikil-la,he₂-en-sikil-la,[],"['CANONICAL ➝ Magic', 'CANONICAL ➝ Technical ➝ Ritual texts']",,
90,"1881,0204.233",32,3,SUMERIAN,ša₃,ša₃,[],"['CANONICAL ➝ Magic', 'CANONICAL ➝ Technical ➝ Ritual texts']",,
91,"1881,0204.233",32,4,SUMERIAN,an-gin₇,an-gin₇,[],"['CANONICAL ➝ Magic', 'CANONICAL ➝ Technical ➝ Ritual texts']",,
92,"1881,0204.233",34,2,SUMERIAN,hul-gal₂,hul-gal₂,[],"['CANONICAL ➝ Magic', 'CANONICAL ➝ Technical ➝ Ritual texts']",,
93,"1881,0204.233",34,3,SUMERIAN,bar-še₃,bar-še₃,[],"['CANONICAL ➝ Magic', 'CANONICAL ➝ Technical ➝ Ritual texts']",,
94,"1881,0204.233",40,1,AKKADIAN,KA,KA,['pû I'],"['CANONICAL ➝ Magic', 'CANONICAL ➝ Technical ➝ Ritual texts']",,
95,"1881,0204.233",40,2,AKKADIAN,{giš}le-u₅-um!,{giš}le-u₅-um,"[""lē'u I""]","['CANONICAL ➝ Magic', 'CANONICAL ➝ Technical ➝ Ritual texts']",,
96,"1881,0204.233",40,3,AKKADIAN,la,la,[],"['CANONICAL ➝ Magic', 'CANONICAL ➝ Technical ➝ Ritual texts']",,
