,fragment_id,fragment_line_num,index_in_line,word_language,value,clean_value,lemma,domain,place_discovery,place_composition
0,"1881,0204.260",2,0,AKKADIAN,ki,ki,[],['CANONICAL'],,
1,"1881,0204.260",3,0,AKKADIAN,ina,ina,['ina I'],['CANONICAL'],,
2,"1881,0204.260",5,0,AKKADIAN,UGU,UGU,['eli I'],['CANONICAL'],,
3,"1881,0204.260",5,1,AKKADIAN,A.ŠA₃,A.ŠA₃,['eqlu I'],['CANONICAL'],,
4,"1881,0204.260",7,0,AKKADIAN,it-ti,it-ti,['itti I'],['CANONICAL'],,
5,"1881,0204.260",7,1,AKKADIAN,MUŠEN,MUŠEN,['iṣṣūru I'],['CANONICAL'],,
6,"1881,0204.260",8,0,AKKADIAN,it-ti,it-ti,['itti I'],['CANONICAL'],,
7,"1881,0204.260",8,1,AKKADIAN,KU₆,KU₆,['nūnu I'],['CANONICAL'],,
8,"1881,0204.260",10,0,AKKADIAN,IM-šu₂-nu,IM-šu₂-nu,['šāru I'],['CANONICAL'],,
9,"1881,0204.260",11,0,AKKADIAN,ina,ina,['ina I'],['CANONICAL'],,
10,"1881,0204.260",11,1,AKKADIAN,SU,SU,['zumru I'],['CANONICAL'],,
11,"1881,0204.260",11,2,AKKADIAN,A.ŠA₃,A.ŠA₃,['eqlu I'],['CANONICAL'],,
12,"1881,0204.260",12,0,AKKADIAN,ni-iš-ki,ni-iš-ki,['nišku I'],['CANONICAL'],,
13,"1881,0204.260",12,2,AKKADIAN,ša₂,ša₂,['ša I'],['CANONICAL'],,
14,"1881,0204.260",13,0,AKKADIAN,ṣab-ti,ṣab-ti,['ṣabātu I'],['CANONICAL'],,
15,"1881,0204.260",14,1,AKKADIAN,ṣab-ti-ma,ṣab-ti-ma,['ṣabātu I'],['CANONICAL'],,
16,"1881,0204.260",15,0,AKKADIAN,ina,ina,['ina I'],['CANONICAL'],,
17,"1881,0204.260",16,0,AKKADIAN,u₃,u₃,['u I'],['CANONICAL'],,
18,"1881,0204.260",17,1,AKKADIAN,qi₂-bit,qi₂-bit,['qibītu I'],['CANONICAL'],,
19,"1881,0204.260",21,2,AKKADIAN,EŠ₂.GAR₃,EŠ₂.GAR₃,['iškāru I'],['CANONICAL'],,
20,"1881,0204.260",22,1,AKKADIAN,{m}AN.ŠAR₂-DU₃-IBILA,{m}AN.ŠAR₂-DU₃-IBILA,"['banû IV', 'aplu II']",['CANONICAL'],,
21,"1881,0204.260",22,2,AKKADIAN,LUGAL,LUGAL,['šarru I'],['CANONICAL'],,
22,"1881,0204.260",22,3,AKKADIAN,ŠU₂,ŠU₂,['kiššatu I'],['CANONICAL'],,
23,"1881,0204.260",22,4,AKKADIAN,LUGAL,LUGAL,['šarru I'],['CANONICAL'],,
24,"1881,0204.260",23,1,AKKADIAN,a-na,a-na,['ana I'],['CANONICAL'],,
25,"1881,0204.260",23,2,AKKADIAN,AN.ŠAR₂,AN.ŠAR₂,[],['CANONICAL'],,
26,"1881,0204.260",23,3,AKKADIAN,u,u,['u I'],['CANONICAL'],,
27,"1881,0204.260",23,4,AKKADIAN,{d}nin-lil₂,{d}nin-lil₂,[],['CANONICAL'],,
28,"1881,0204.260",24,1,AKKADIAN,{d}AG,{d}AG,[],['CANONICAL'],,
29,"1881,0204.260",24,2,AKKADIAN,u,u,['u I'],['CANONICAL'],,
30,"1881,0204.260",24,3,AKKADIAN,{d}taš-me-tu₄,{d}taš-me-tu₄,[],['CANONICAL'],,
31,"1881,0204.260",24,4,AKKADIAN,GEŠTU-MIN,GEŠTU-MIN,['uznu I'],['CANONICAL'],,
32,"1881,0204.260",24,5,AKKADIAN,DAGAL-tu₄,DAGAL-tu₄,['rapšu I'],['CANONICAL'],,
33,"1881,0204.260",25,1,AKKADIAN,IGI-MIN,IGI-MIN,['īnu I'],['CANONICAL'],,
34,"1881,0204.260",25,2,AKKADIAN,na-mir-tu₄,na-mir-tu₄,['nawirtu I'],['CANONICAL'],,
35,"1881,0204.260",25,3,AKKADIAN,ni-siq,ni-siq,['nisqu I'],['CANONICAL'],,
36,"1881,0204.260",26,1,AKKADIAN,ina,ina,['ina I'],['CANONICAL'],,
37,"1881,0204.260",26,2,AKKADIAN,LUGAL,LUGAL,['šarru I'],['CANONICAL'],,
38,"1881,0204.260",26,3,AKKADIAN,a-lik,a-lik,[],['CANONICAL'],,
39,"1881,0204.260",26,4,AKKADIAN,mah-ri-ia,mah-ri-ia,[],['CANONICAL'],,
40,"1881,0204.260",26,5,AKKADIAN,mam-ma,mam-ma,['mamman I'],['CANONICAL'],,
41,"1881,0204.260",26,6,AKKADIAN,šip-ru,šip-ru,['šipru I'],['CANONICAL'],,
42,"1881,0204.260",26,7,AKKADIAN,šu-a-tu,šu-a-tu,['šuāti I'],['CANONICAL'],,
43,"1881,0204.260",26,8,AKKADIAN,la,la,['lā I'],['CANONICAL'],,
44,"1881,0204.260",27,1,AKKADIAN,{d}AG,{d}AG,[],['CANONICAL'],,
45,"1881,0204.260",27,2,AKKADIAN,ti-kip,ti-kip,['tikpu I'],['CANONICAL'],,
46,"1881,0204.260",27,3,AKKADIAN,sa-an-tak-ki,sa-an-tak-ki,['santakku I'],['CANONICAL'],,
47,"1881,0204.260",27,4,AKKADIAN,ma-la,ma-la,['mala I'],['CANONICAL'],,
48,"1881,0204.260",28,1,AKKADIAN,ṭup-pa-a-ni,ṭup-pa-a-ni,['ṭuppu I'],['CANONICAL'],,
49,"1881,0204.260",28,2,AKKADIAN,aš₂-ṭur,aš₂-ṭur,['šaṭāru II'],['CANONICAL'],,
50,"1881,0204.260",28,3,AKKADIAN,as-niq,as-niq,['sanāqu I'],['CANONICAL'],,
51,"1881,0204.260",29,1,AKKADIAN,ta-mar-ti,ta-mar-ti,['tāmartu I'],['CANONICAL'],,
52,"1881,0204.260",29,2,AKKADIAN,ši-tas-si-ia,ši-tas-si-ia,['šasû I'],['CANONICAL'],,
53,"1881,0204.260",29,3,AKKADIAN,qe₂-reb,qe₂-reb,['qerbu II'],['CANONICAL'],,
54,"1881,0204.260",29,5,AKKADIAN,u₂-kin,u₂-kin,['kânu I'],['CANONICAL'],,
55,"1881,0204.260",30,1,AKKADIAN,NU,NU,[],['CANONICAL'],,
56,"1881,0204.260",30,2,AKKADIAN,UR,UR,['bâšu I'],['CANONICAL'],,
57,"1881,0204.260",30,3,AKKADIAN,LUGAL,LUGAL,['šarru I'],['CANONICAL'],,
58,"1881,0204.260",30,4,AKKADIAN,DINGIR-MEŠ,DINGIR-MEŠ,['ilu I'],['CANONICAL'],,
59,"1881,0204.260",31,1,AKKADIAN,ša,ša,['ša I'],['CANONICAL'],,
60,"1881,0204.260",31,2,AKKADIAN,TUM₃,TUM₃,['tabālu I'],['CANONICAL'],,
61,"1881,0204.260",31,3,AKKADIAN,u₃,u₃,['u I'],['CANONICAL'],,
62,"1881,0204.260",31,4,AKKADIAN,lu-u,lu-u,['lū I'],['CANONICAL'],,
63,"1881,0204.260",31,5,AKKADIAN,MU-šu₂,MU-šu₂,['šumu I'],['CANONICAL'],,
64,"1881,0204.260",31,6,AKKADIAN,KI,KI,['itti I'],['CANONICAL'],,
65,"1881,0204.260",31,8,AKKADIAN,i-šaṭ-ṭa-ru,i-šaṭ-ṭa-ru,['šaṭāru II'],['CANONICAL'],,
66,"1881,0204.260",32,1,AKKADIAN,u,u,['u I'],['CANONICAL'],,
67,"1881,0204.260",32,2,AKKADIAN,{d}nin-lil₂,{d}nin-lil₂,[],['CANONICAL'],,
68,"1881,0204.260",32,3,AKKADIAN,ag-giš,ag-giš,['aggiš I'],['CANONICAL'],,
69,"1881,0204.260",32,4,AKKADIAN,ez-zi-iš,ez-zi-iš,['ezziš I'],['CANONICAL'],,
70,"1881,0204.260",33,1,AKKADIAN,NUMUN-šu₂,NUMUN-šu₂,['zēru II'],['CANONICAL'],,
71,"1881,0204.260",33,2,AKKADIAN,ina,ina,['ina I'],['CANONICAL'],,
72,"1881,0204.260",33,3,AKKADIAN,KUR,KUR,['mātu I'],['CANONICAL'],,
