,fragment_id,fragment_line_num,index_in_line,word_language,value,clean_value,lemma,domain,place_discovery,place_composition
0,"1880,0719.132",1,2,AKKADIAN,ṣer-ru,ṣer-ru,[],[],,
1,"1880,0719.132",2,2,SUMERIAN,giš,giš,[],[],,
2,"1880,0719.132",2,3,SUMERIAN,tuku,tuku,[],[],,
3,"1880,0719.132",3,3,AKKADIAN,ana,ana,['ana I'],[],,
4,"1880,0719.132",4,1,AKKADIAN,par-ṣi₂,par-ṣi₂,[],[],,
5,"1880,0719.132",4,2,AKKADIAN,ina-ši-ka,ina-ši-ka,[],[],,
6,"1880,0719.132",4,5,SUMERIAN,a-ra-il₂-le,a-ra-il₂-le,[],[],,
7,"1880,0719.132",5,2,AKKADIAN,{giš}gi-šim-ma-ru,{giš}gi-šim-ma-ru,['gišimmaru I'],[],,
8,"1880,0719.132",5,3,AKKADIAN,MIN,MIN,[],[],,
9,"1880,0719.132",5,6,SUMERIAN,a-ra-il₂-le,a-ra-il₂-le,[],[],,
10,"1880,0719.132",6,4,SUMERIAN,an-na-ke₄,an-na-ke₄,[],[],,
11,"1880,0719.132",6,10,SUMERIAN,a-ra-il₂-le,a-ra-il₂-le,[],[],,
12,"1880,0719.132",7,4,AKKADIAN,ša₂,ša₂,['ša I'],[],,
13,"1880,0719.132",7,5,AKKADIAN,{d}a-nim,{d}a-nim,['Anu I'],[],,
14,"1880,0719.132",8,2,AKKADIAN,qu/ur₂,qu/ur₂,[],[],,
15,"1880,0719.132",8,9,AKKADIAN,ša₂,ša₂,['ša I'],[],,
16,"1880,0719.132",8,10,AKKADIAN,HUL,HUL,[],[],,
17,"1880,0719.132",9,1,AKKADIAN,a,a,[],[],,
18,"1880,0719.132",10,4,AKKADIAN,a,a,[],[],,
19,"1880,0719.132",11,2,AKKADIAN,ka,ka,['-ka I'],[],,
