,fragment_id,fragment_line_num,index_in_line,word_language,value,clean_value,lemma,domain,place_discovery,place_composition
0,"1880,0719.12",3,3,AKKADIAN,nin,nin,[],['MONUMENTAL'],,
1,"1880,0719.12",5,2,AKKADIAN,diš,diš,[],['MONUMENTAL'],,
2,"1880,0719.12",5,3,AKKADIAN,kur,kur,[],['MONUMENTAL'],,
3,"1880,0719.12",5,4,AKKADIAN,lu,lu,[],['MONUMENTAL'],,
4,"1880,0719.12",5,5,AKKADIAN,ši,ši,[],['MONUMENTAL'],,
5,"1880,0719.12",5,6,AKKADIAN,gu/gu₂,gu/gu₂,[],['MONUMENTAL'],,
6,"1880,0719.12",5,7,AKKADIAN,du₃,du₃,[],['MONUMENTAL'],,
7,"1880,0719.12",7,1,AKKADIAN,ma,ma,[],['MONUMENTAL'],,
8,"1880,0719.12",7,2,AKKADIAN,ki,ki,[],['MONUMENTAL'],,
9,"1880,0719.12",7,5,AKKADIAN,ina,ina,[],['MONUMENTAL'],,
10,"1880,0719.12",7,6,AKKADIAN,qe₂-reb,qe₂-reb,[],['MONUMENTAL'],,
11,"1880,0719.12",9,4,AKKADIAN,la,la,[],['MONUMENTAL'],,
12,"1880,0719.12",9,5,AKKADIAN,i-šu₂,i-šu₂,[],['MONUMENTAL'],,
13,"1880,0719.12",9,6,AKKADIAN,ša-na-an,ša-na-an,[],['MONUMENTAL'],,
14,"1880,0719.12",9,7,AKKADIAN,an,an,[],['MONUMENTAL'],,
15,"1880,0719.12",11,5,AKKADIAN,{d}UTU-ši,{d}UTU-ši,[],['MONUMENTAL'],,
16,"1880,0719.12",11,6,AKKADIAN,ina,ina,[],['MONUMENTAL'],,
17,"1880,0719.12",11,7,AKKADIAN,qe₂-reb,qe₂-reb,[],['MONUMENTAL'],,
18,"1880,0719.12",13,2,AKKADIAN,{d}iš-tar,{d}iš-tar,[],['MONUMENTAL'],,
19,"1880,0719.12",13,3,AKKADIAN,{d}+EN,{d}+EN,[],['MONUMENTAL'],,
20,"1880,0719.12",15,1,AKKADIAN,{d}iš-tar,{d}iš-tar,[],['MONUMENTAL'],,
21,"1880,0719.12",15,3,AKKADIAN,LIMMU₂-DINGIR{ki},LIMMU₂-DINGIR{ki},[],['MONUMENTAL'],,
