,fragment_id,fragment_line_num,index_in_line,word_language,value,clean_value,lemma,domain,place_discovery,place_composition
0,"1876,1117.2714",1,1,AKKADIAN,{d}e₂-a,{d}e₂-a,['Ea I'],"[['CANONICAL', 'Magic']]",,
1,"1876,1117.2714",1,2,AKKADIAN,man-nu,man-nu,['mannu I'],"[['CANONICAL', 'Magic']]",,
2,"1876,1117.2714",3,1,AKKADIAN,7-šu₂,7-šu₂,['sebîšu I'],"[['CANONICAL', 'Magic']]",,
3,"1876,1117.2714",3,2,AKKADIAN,ana,ana,['ana I'],"[['CANONICAL', 'Magic']]",,
4,"1876,1117.2714",3,3,AKKADIAN,lib₃-bi,lib₃-bi,['libbu I'],"[['CANONICAL', 'Magic']]",,
