,fragment_id,fragment_line_num,index_in_line,word_language,value,clean_value,lemma,domain,place_discovery,place_composition
0,"1881,0204.293",1,1,AKKADIAN,E₂.GAL,E₂.GAL,['ēkallu I'],['CANONICAL ➝ Divination ➝ Extispicy'],,
1,"1881,0204.293",1,2,AKKADIAN,ŠA₃.NIGIN,ŠA₃.NIGIN,['tīrānu I'],['CANONICAL ➝ Divination ➝ Extispicy'],,
2,"1881,0204.293",1,4,AKKADIAN,E₂.GAL,E₂.GAL,['ēkallu I'],['CANONICAL ➝ Divination ➝ Extispicy'],,
3,"1881,0204.293",1,5,AKKADIAN,NUN,NUN,['rubû I'],['CANONICAL ➝ Divination ➝ Extispicy'],,
4,"1881,0204.293",1,6,AKKADIAN,BIR-ah,BIR-ah,['sapāhu I'],['CANONICAL ➝ Divination ➝ Extispicy'],,
5,"1881,0204.293",1,9,AKKADIAN,E₃-ša₂,E₃-ša₂,"['aṣû I', '-ša I']",['CANONICAL ➝ Divination ➝ Extispicy'],,
6,"1881,0204.293",1,10,AKKADIAN,u,u,['u I'],['CANONICAL ➝ Divination ➝ Extispicy'],,
7,"1881,0204.293",2,1,AKKADIAN,AD-šu₂,AD-šu₂,"['abu I', '-šu I']",['CANONICAL ➝ Divination ➝ Extispicy'],,
8,"1881,0204.293",2,2,AKKADIAN,i-bar-ma,i-bar-ma,"['bâru II', '-ma I']",['CANONICAL ➝ Divination ➝ Extispicy'],,
9,"1881,0204.293",2,3,AKKADIAN,ina,ina,['ina I'],['CANONICAL ➝ Divination ➝ Extispicy'],,
10,"1881,0204.293",3,1,AKKADIAN,E₂.GAL,E₂.GAL,['ēkallu I'],['CANONICAL ➝ Divination ➝ Extispicy'],,
11,"1881,0204.293",3,2,AKKADIAN,ŠA₃.NIGIN,ŠA₃.NIGIN,['tīrānu I'],['CANONICAL ➝ Divination ➝ Extispicy'],,
12,"1881,0204.293",3,3,AKKADIAN,ina,ina,['ina I'],['CANONICAL ➝ Divination ➝ Extispicy'],,
13,"1881,0204.293",3,4,AKKADIAN,SU,SU,['zumru I'],['CANONICAL ➝ Divination ➝ Extispicy'],,
14,"1881,0204.293",3,6,AKKADIAN,DUNGU,DUNGU,['erpetu I'],['CANONICAL ➝ Divination ➝ Extispicy'],,
15,"1881,0204.293",3,7,AKKADIAN,SU.GU₇,SU.GU₇,['bubūtu I'],['CANONICAL ➝ Divination ➝ Extispicy'],,
16,"1881,0204.293",3,8,AKKADIAN,GAL₂-ši-ma,GAL₂-ši-ma,"['bašû I', '-ma I']",['CANONICAL ➝ Divination ➝ Extispicy'],,
17,"1881,0204.293",3,9,AKKADIAN,ma-li-ku,ma-li-ku,['māliku I'],['CANONICAL ➝ Divination ➝ Extispicy'],,
18,"1881,0204.293",4,1,AKKADIAN,E₂.GAL,E₂.GAL,['ēkallu I'],['CANONICAL ➝ Divination ➝ Extispicy'],,
19,"1881,0204.293",4,2,AKKADIAN,ŠA₃.NIGIN,ŠA₃.NIGIN,['tīrānu I'],['CANONICAL ➝ Divination ➝ Extispicy'],,
20,"1881,0204.293",4,3,AKKADIAN,ina,ina,['ina I'],['CANONICAL ➝ Divination ➝ Extispicy'],,
21,"1881,0204.293",4,4,AKKADIAN,SU,SU,['zumru I'],['CANONICAL ➝ Divination ➝ Extispicy'],,
22,"1881,0204.293",4,6,AKKADIAN,im-nu,im-nu,['imnu I'],['CANONICAL ➝ Divination ➝ Extispicy'],,
23,"1881,0204.293",4,7,AKKADIAN,IGI-mur,IGI-mur,['amāru I'],['CANONICAL ➝ Divination ➝ Extispicy'],,
24,"1881,0204.293",4,8,AKKADIAN,GUR₇-MEŠ,GUR₇-MEŠ,['karû I'],['CANONICAL ➝ Divination ➝ Extispicy'],,
25,"1881,0204.293",4,9,AKKADIAN,LUGAL,LUGAL,['šarru I'],['CANONICAL ➝ Divination ➝ Extispicy'],,
26,"1881,0204.293",5,2,AKKADIAN,E₂.GAL,E₂.GAL,['ēkallu I'],['CANONICAL ➝ Divination ➝ Extispicy'],,
27,"1881,0204.293",5,3,AKKADIAN,ŠA₃.NIGIN,ŠA₃.NIGIN,['tīrānu I'],['CANONICAL ➝ Divination ➝ Extispicy'],,
28,"1881,0204.293",5,5,AKKADIAN,SAG.UŠ,SAG.UŠ,[],['CANONICAL ➝ Divination ➝ Extispicy'],,
29,"1881,0204.293",5,6,AKKADIAN,GID₂.DA,GID₂.DA,['arāku I'],['CANONICAL ➝ Divination ➝ Extispicy'],,
30,"1881,0204.293",5,7,AKKADIAN,GAL₂,GAL₂,['bašû I'],['CANONICAL ➝ Divination ➝ Extispicy'],,
31,"1881,0204.293",5,8,AKKADIAN,U₄-MEŠ,U₄-MEŠ,['ūmu I'],['CANONICAL ➝ Divination ➝ Extispicy'],,
32,"1881,0204.293",5,9,AKKADIAN,NUN,NUN,['rubû I'],['CANONICAL ➝ Divination ➝ Extispicy'],,
33,"1881,0204.293",6,2,AKKADIAN,E₂.GAL,E₂.GAL,['ēkallu I'],['CANONICAL ➝ Divination ➝ Extispicy'],,
34,"1881,0204.293",6,3,AKKADIAN,ŠA₃.NIGIN,ŠA₃.NIGIN,['tīrānu I'],['CANONICAL ➝ Divination ➝ Extispicy'],,
35,"1881,0204.293",6,5,AKKADIAN,SAG.UŠ,SAG.UŠ,[],['CANONICAL ➝ Divination ➝ Extispicy'],,
36,"1881,0204.293",6,6,AKKADIAN,ik-bir,ik-bir,['kabāru I'],['CANONICAL ➝ Divination ➝ Extispicy'],,
37,"1881,0204.293",6,7,AKKADIAN,LUGAL,LUGAL,['šarru I'],['CANONICAL ➝ Divination ➝ Extispicy'],,
38,"1881,0204.293",7,2,AKKADIAN,E₂.GAL,E₂.GAL,['ēkallu I'],['CANONICAL ➝ Divination ➝ Extispicy'],,
39,"1881,0204.293",7,3,AKKADIAN,ŠA₃.NIGIN,ŠA₃.NIGIN,['tīrānu I'],['CANONICAL ➝ Divination ➝ Extispicy'],,
40,"1881,0204.293",7,4,AKKADIAN,SAG-sa₃,SAG-sa₃,"['rēšu I', '-ša I']",['CANONICAL ➝ Divination ➝ Extispicy'],,
41,"1881,0204.293",7,5,AKKADIAN,MIN,MIN,['šina II'],['CANONICAL ➝ Divination ➝ Extispicy'],,
42,"1881,0204.293",7,7,AKKADIAN,GID₂.DA,GID₂.DA,['arāku I'],['CANONICAL ➝ Divination ➝ Extispicy'],,
43,"1881,0204.293",7,8,AKKADIAN,GAL₂,GAL₂,['bašû I'],['CANONICAL ➝ Divination ➝ Extispicy'],,
44,"1881,0204.293",7,9,AKKADIAN,NUN,NUN,['rubû I'],['CANONICAL ➝ Divination ➝ Extispicy'],,
45,"1881,0204.293",7,10,AKKADIAN,KI,KI,[],['CANONICAL ➝ Divination ➝ Extispicy'],,
46,"1881,0204.293",7,12,AKKADIAN,NU,NU,['ul I'],['CANONICAL ➝ Divination ➝ Extispicy'],,
47,"1881,0204.293",8,2,AKKADIAN,E₂.GAL,E₂.GAL,['ēkallu I'],['CANONICAL ➝ Divination ➝ Extispicy'],,
48,"1881,0204.293",8,3,AKKADIAN,ŠA₃.NIGIN,ŠA₃.NIGIN,['tīrānu I'],['CANONICAL ➝ Divination ➝ Extispicy'],,
49,"1881,0204.293",8,4,AKKADIAN,SAG-sa₃,SAG-sa₃,[],['CANONICAL ➝ Divination ➝ Extispicy'],,
50,"1881,0204.293",8,5,AKKADIAN,3,3,['šalāš I'],['CANONICAL ➝ Divination ➝ Extispicy'],,
51,"1881,0204.293",8,7,AKKADIAN,GID₂.DA,GID₂.DA,['arāku I'],['CANONICAL ➝ Divination ➝ Extispicy'],,
52,"1881,0204.293",8,8,AKKADIAN,GAL₂,GAL₂,['bašû I'],['CANONICAL ➝ Divination ➝ Extispicy'],,
53,"1881,0204.293",8,9,AKKADIAN,NUN,NUN,['rubû I'],['CANONICAL ➝ Divination ➝ Extispicy'],,
54,"1881,0204.293",8,11,AKKADIAN,u₂-ṣa-am-ma-ru,u₂-ṣa-am-ma-ru,['ṣamāru I'],['CANONICAL ➝ Divination ➝ Extispicy'],,
55,"1881,0204.293",8,12,AKKADIAN,NU,NU,['ul I'],['CANONICAL ➝ Divination ➝ Extispicy'],,
56,"1881,0204.293",10,1,AKKADIAN,GI,GI,[],['CANONICAL ➝ Divination ➝ Extispicy'],,
57,"1881,0204.293",10,2,AKKADIAN,GAL₂-ma,GAL₂-ma,[],['CANONICAL ➝ Divination ➝ Extispicy'],,
58,"1881,0204.293",10,3,AKKADIAN,ana,ana,['ana I'],['CANONICAL ➝ Divination ➝ Extispicy'],,
59,"1881,0204.293",10,4,AKKADIAN,ŠA₃,ŠA₃,['libbu I'],['CANONICAL ➝ Divination ➝ Extispicy'],,
60,"1881,0204.293",10,5,AKKADIAN,ŠA₃.NIGIN,ŠA₃.NIGIN,['tīrānu I'],['CANONICAL ➝ Divination ➝ Extispicy'],,
61,"1881,0204.293",10,7,AKKADIAN,NU,NU,['lā I'],['CANONICAL ➝ Divination ➝ Extispicy'],,
62,"1881,0204.293",10,8,AKKADIAN,KU₄!-ib,KU₄-ib,['erēbu I'],['CANONICAL ➝ Divination ➝ Extispicy'],,
