,fragment_id,fragment_line_num,index_in_line,word_language,value,clean_value,lemma,domain,place_discovery,place_composition
0,"1879,0708.301",2,2,AKKADIAN,ar,ar,[],['CANONICAL ➝ Literature ➝ Lamentations ➝ Balaĝ'],,
1,"1879,0708.301",3,3,EMESAL,še-eb,še-eb,[],['CANONICAL ➝ Literature ➝ Lamentations ➝ Balaĝ'],,
2,"1879,0708.301",4,3,EMESAL,eš₃,eš₃,[],['CANONICAL ➝ Literature ➝ Lamentations ➝ Balaĝ'],,
3,"1879,0708.301",5,3,EMESAL,še-eb,še-eb,[],['CANONICAL ➝ Literature ➝ Lamentations ➝ Balaĝ'],,
4,"1879,0708.301",6,4,EMESAL,eš₃,eš₃,[],['CANONICAL ➝ Literature ➝ Lamentations ➝ Balaĝ'],,
5,"1879,0708.301",7,3,EMESAL,še-eb,še-eb,[],['CANONICAL ➝ Literature ➝ Lamentations ➝ Balaĝ'],,
6,"1879,0708.301",8,2,EMESAL,e₂-aga-du₇-du₇,e₂-aga-du₇-du₇,[],['CANONICAL ➝ Literature ➝ Lamentations ➝ Balaĝ'],,
7,"1879,0708.301",8,4,EMESAL,eš₃,eš₃,[],['CANONICAL ➝ Literature ➝ Lamentations ➝ Balaĝ'],,
8,"1879,0708.301",9,3,EMESAL,še-eb,še-eb,[],['CANONICAL ➝ Literature ➝ Lamentations ➝ Balaĝ'],,
9,"1879,0708.301",10,3,EMESAL,gi₆-par₃,gi₆-par₃,[],['CANONICAL ➝ Literature ➝ Lamentations ➝ Balaĝ'],,
10,"1879,0708.301",11,4,EMESAL,zimbir{ki},zimbir{ki},[],['CANONICAL ➝ Literature ➝ Lamentations ➝ Balaĝ'],,
11,"1879,0708.301",13,8,EMESAL,tin-tir{ki},tin-tir{ki},[],['CANONICAL ➝ Literature ➝ Lamentations ➝ Balaĝ'],,
12,"1879,0708.301",14,3,EMESAL,eš₃,eš₃,[],['CANONICAL ➝ Literature ➝ Lamentations ➝ Balaĝ'],,
13,"1879,0708.301",15,3,EMESAL,še-eb,še-eb,[],['CANONICAL ➝ Literature ➝ Lamentations ➝ Balaĝ'],,
14,"1879,0708.301",16,4,EMESAL,eš₃,eš₃,[],['CANONICAL ➝ Literature ➝ Lamentations ➝ Balaĝ'],,
15,"1879,0708.301",17,4,EMESAL,eš₃,eš₃,[],['CANONICAL ➝ Literature ➝ Lamentations ➝ Balaĝ'],,
