,fragment_id,fragment_line_num,index_in_line,word_language,value,clean_value,lemma,domain,place_discovery,place_composition
0,"1881,0204.208",1,2,EMESAL,šu-(gu₁₀),šu-gu₁₀,[],['CANONICAL ➝ Literature ➝ Lamentations'],,
1,"1881,0204.208",1,4,EMESAL,er₂-ra,er₂-ra,[],['CANONICAL ➝ Literature ➝ Lamentations'],,
2,"1881,0204.208",1,5,EMESAL,mu-un-da-ab-ir,mu-un-da-ab-ir,[],['CANONICAL ➝ Literature ➝ Lamentations'],,
3,"1881,0204.208",2,4,AKKADIAN,taq₂-rib-tu₄,taq₂-rib-tu₄,[],['CANONICAL ➝ Literature ➝ Lamentations'],,
4,"1881,0204.208",2,5,AKKADIAN,lu-bil-šu,lu-bil-šu,[],['CANONICAL ➝ Literature ➝ Lamentations'],,
5,"1881,0204.208",3,2,EMESAL,er₂-ra,er₂-ra,[],['CANONICAL ➝ Literature ➝ Lamentations'],,
6,"1881,0204.208",3,3,EMESAL,(mu-un-da-ab-ir),mu-un-da-ab-ir,[],['CANONICAL ➝ Literature ➝ Lamentations'],,
7,"1881,0204.208",4,2,EMESAL,er₂-ra,er₂-ra,[],['CANONICAL ➝ Literature ➝ Lamentations'],,
8,"1881,0204.208",4,3,EMESAL,(mu-un-da-ab-ir),mu-un-da-ab-ir,[],['CANONICAL ➝ Literature ➝ Lamentations'],,
9,"1881,0204.208",5,2,EMESAL,er₂-ra,er₂-ra,[],['CANONICAL ➝ Literature ➝ Lamentations'],,
10,"1881,0204.208",5,3,EMESAL,(mu-un-da-ab-ir),mu-un-da-ab-ir,[],['CANONICAL ➝ Literature ➝ Lamentations'],,
11,"1881,0204.208",6,2,EMESAL,er₂-ra,er₂-ra,[],['CANONICAL ➝ Literature ➝ Lamentations'],,
12,"1881,0204.208",6,3,EMESAL,(mu-un-da-ab-ir),mu-un-da-ab-ir,[],['CANONICAL ➝ Literature ➝ Lamentations'],,
13,"1881,0204.208",7,2,EMESAL,er₂-ra,er₂-ra,[],['CANONICAL ➝ Literature ➝ Lamentations'],,
14,"1881,0204.208",7,3,EMESAL,(mu-un-da-ab-ir),mu-un-da-ab-ir,[],['CANONICAL ➝ Literature ➝ Lamentations'],,
15,"1881,0204.208",8,2,EMESAL,er₂-ra,er₂-ra,[],['CANONICAL ➝ Literature ➝ Lamentations'],,
16,"1881,0204.208",8,3,EMESAL,(mu-un-da-ab-ir),mu-un-da-ab-ir,[],['CANONICAL ➝ Literature ➝ Lamentations'],,
17,"1881,0204.208",9,3,EMESAL,(mu-un-da-ab-ir),mu-un-da-ab-ir,[],['CANONICAL ➝ Literature ➝ Lamentations'],,
