,fragment_id,fragment_line_num,index_in_line,word_language,value,clean_value,lemma,domain,place_discovery,place_composition
0,"1880,0617.2465",1,3,AKKADIAN,IL₂,IL₂,[],"[['ARCHIVAL', 'Administrative']]",,
1,"1880,0617.2465",2,1,AKKADIAN,{d}AMAR.UTU-DIN-su,{d}AMAR.UTU-DIN-su,[],"[['ARCHIVAL', 'Administrative']]",,
2,"1880,0617.2465",3,1,AKKADIAN,U₄.14.KAM@v,U₄.14.KAM@v,"['ūmu I', 'erbēšerû I']","[['ARCHIVAL', 'Administrative']]",,
3,"1880,0617.2465",3,2,AKKADIAN,ša₂,ša₂,['ša I'],"[['ARCHIVAL', 'Administrative']]",,
4,"1880,0617.2465",3,3,AKKADIAN,{iti}ŠU,{iti}ŠU,"[""Du'ūzu I""]","[['ARCHIVAL', 'Administrative']]",,
5,"1880,0617.2465",4,2,AKKADIAN,gi-ne₂-e,gi-ne₂-e,['ginû I'],"[['ARCHIVAL', 'Administrative']]",,
