,fragment_id,fragment_line_num,index_in_line,word_language,value,clean_value,lemma,domain,place_discovery,place_composition
0,"1879,0708.332",2,0,AKKADIAN,EN₂,EN₂,['šiptu I'],['CANONICAL ➝ Magic ➝ Exorcistic'],,
1,"1879,0708.332",3,0,AKKADIAN,u₃,u₃,['u I'],['CANONICAL ➝ Magic ➝ Exorcistic'],,
2,"1879,0708.332",11,0,AKKADIAN,an-na-a,an-na-a,['annû I'],['CANONICAL ➝ Magic ➝ Exorcistic'],,
3,"1879,0708.332",13,0,AKKADIAN,A₂-MEŠ,A₂-MEŠ,['ittu I'],['CANONICAL ➝ Magic ➝ Exorcistic'],,
4,"1879,0708.332",13,2,AKKADIAN,(HUL-MEŠ,HUL-MEŠ,['lemnu I'],['CANONICAL ➝ Magic ➝ Exorcistic'],,
5,"1879,0708.332",13,3,AKKADIAN,NU,NU,[],['CANONICAL ➝ Magic ➝ Exorcistic'],,
6,"1879,0708.332",13,4,AKKADIAN,DUG₃.GA-MEŠ),DUG₃.GA-MEŠ,['ṭābu I'],['CANONICAL ➝ Magic ➝ Exorcistic'],,
7,"1879,0708.332",15,0,AKKADIAN,EN₂,EN₂,['šiptu I'],['CANONICAL ➝ Magic ➝ Exorcistic'],,
8,"1879,0708.332",15,1,AKKADIAN,at-ti,at-ti,['attī I'],['CANONICAL ➝ Magic ➝ Exorcistic'],,
9,"1879,0708.332",15,2,AKKADIAN,{d}dil-bat,{d}dil-bat,[],['CANONICAL ➝ Magic ➝ Exorcistic'],,
