,fragment_id,fragment_line_num,index_in_line,word_language,value,clean_value,lemma,domain,place_discovery,place_composition
0,"1879,0708.92",3,2,AKKADIAN,ur-ti-ma,ur-ti-ma,[],"['CANONICAL ➝ Divination ➝ Extispicy ➝ Bārûtu ➝ 10. Multābiltu', 'CANONICAL ➝ Technical ➝ Commentary']",,
1,"1879,0708.92",3,3,AKKADIAN,{giš}TUKUL-MEŠ,{giš}TUKUL-MEŠ,['kakku I'],"['CANONICAL ➝ Divination ➝ Extispicy ➝ Bārûtu ➝ 10. Multābiltu', 'CANONICAL ➝ Technical ➝ Commentary']",,
2,"1879,0708.92",5,2,AKKADIAN,KAL-ti,KAL-ti,['dannu I'],"['CANONICAL ➝ Divination ➝ Extispicy ➝ Bārûtu ➝ 10. Multābiltu', 'CANONICAL ➝ Technical ➝ Commentary']",,
3,"1879,0708.92",6,2,AKKADIAN,ri,ri,[],"['CANONICAL ➝ Divination ➝ Extispicy ➝ Bārûtu ➝ 10. Multābiltu', 'CANONICAL ➝ Technical ➝ Commentary']",,
4,"1879,0708.92",6,3,AKKADIAN,ni,ni,[],"['CANONICAL ➝ Divination ➝ Extispicy ➝ Bārûtu ➝ 10. Multābiltu', 'CANONICAL ➝ Technical ➝ Commentary']",,
5,"1879,0708.92",6,4,AKKADIAN,KUR,KUR,[],"['CANONICAL ➝ Divination ➝ Extispicy ➝ Bārûtu ➝ 10. Multābiltu', 'CANONICAL ➝ Technical ➝ Commentary']",,
6,"1879,0708.92",6,5,AKKADIAN,KUR₂,KUR₂,['nakru I'],"['CANONICAL ➝ Divination ➝ Extispicy ➝ Bārûtu ➝ 10. Multābiltu', 'CANONICAL ➝ Technical ➝ Commentary']",,
7,"1879,0708.92",7,1,AKKADIAN,la-ab-na-at₂,la-ab-na-at₂,[],"['CANONICAL ➝ Divination ➝ Extispicy ➝ Bārûtu ➝ 10. Multābiltu', 'CANONICAL ➝ Technical ➝ Commentary']",,
8,"1879,0708.92",7,2,AKKADIAN,BA₃-ut,BA₃-ut,['amūtu II'],"['CANONICAL ➝ Divination ➝ Extispicy ➝ Bārûtu ➝ 10. Multābiltu', 'CANONICAL ➝ Technical ➝ Commentary']",,
9,"1879,0708.92",7,3,AKKADIAN,ša₂,ša₂,['ša I'],"['CANONICAL ➝ Divination ➝ Extispicy ➝ Bārûtu ➝ 10. Multābiltu', 'CANONICAL ➝ Technical ➝ Commentary']",,
10,"1879,0708.92",8,2,AKKADIAN,1,1,['ištēn I'],"['CANONICAL ➝ Divination ➝ Extispicy ➝ Bārûtu ➝ 10. Multābiltu', 'CANONICAL ➝ Technical ➝ Commentary']",,
11,"1879,0708.92",8,3,AKKADIAN,DU₈,DU₈,['piṭru I'],"['CANONICAL ➝ Divination ➝ Extispicy ➝ Bārûtu ➝ 10. Multābiltu', 'CANONICAL ➝ Technical ➝ Commentary']",,
12,"1879,0708.92",8,4,AKKADIAN,IM,IM,[],"['CANONICAL ➝ Divination ➝ Extispicy ➝ Bārûtu ➝ 10. Multābiltu', 'CANONICAL ➝ Technical ➝ Commentary']",,
13,"1879,0708.92",9,2,AKKADIAN,2,2,['šina II'],"['CANONICAL ➝ Divination ➝ Extispicy ➝ Bārûtu ➝ 10. Multābiltu', 'CANONICAL ➝ Technical ➝ Commentary']",,
14,"1879,0708.92",9,3,AKKADIAN,DU₈,DU₈,['piṭru I'],"['CANONICAL ➝ Divination ➝ Extispicy ➝ Bārûtu ➝ 10. Multābiltu', 'CANONICAL ➝ Technical ➝ Commentary']",,
15,"1879,0708.92",9,4,AKKADIAN,IM,IM,[],"['CANONICAL ➝ Divination ➝ Extispicy ➝ Bārûtu ➝ 10. Multābiltu', 'CANONICAL ➝ Technical ➝ Commentary']",,
16,"1879,0708.92",10,2,AKKADIAN,3,3,['šalāš I'],"['CANONICAL ➝ Divination ➝ Extispicy ➝ Bārûtu ➝ 10. Multābiltu', 'CANONICAL ➝ Technical ➝ Commentary']",,
17,"1879,0708.92",10,3,AKKADIAN,DU₈,DU₈,['piṭru I'],"['CANONICAL ➝ Divination ➝ Extispicy ➝ Bārûtu ➝ 10. Multābiltu', 'CANONICAL ➝ Technical ➝ Commentary']",,
18,"1879,0708.92",10,4,AKKADIAN,IM,IM,[],"['CANONICAL ➝ Divination ➝ Extispicy ➝ Bārûtu ➝ 10. Multābiltu', 'CANONICAL ➝ Technical ➝ Commentary']",,
19,"1879,0708.92",11,2,AKKADIAN,4,4,['erbe I'],"['CANONICAL ➝ Divination ➝ Extispicy ➝ Bārûtu ➝ 10. Multābiltu', 'CANONICAL ➝ Technical ➝ Commentary']",,
20,"1879,0708.92",11,3,AKKADIAN,DU₈,DU₈,['piṭru I'],"['CANONICAL ➝ Divination ➝ Extispicy ➝ Bārûtu ➝ 10. Multābiltu', 'CANONICAL ➝ Technical ➝ Commentary']",,
21,"1879,0708.92",11,4,AKKADIAN,IM,IM,[],"['CANONICAL ➝ Divination ➝ Extispicy ➝ Bārûtu ➝ 10. Multābiltu', 'CANONICAL ➝ Technical ➝ Commentary']",,
22,"1879,0708.92",12,1,AKKADIAN,BA₃,BA₃,['amūtu II'],"['CANONICAL ➝ Divination ➝ Extispicy ➝ Bārûtu ➝ 10. Multābiltu', 'CANONICAL ➝ Technical ➝ Commentary']",,
23,"1879,0708.92",12,2,AKKADIAN,5,5,['hamiš I'],"['CANONICAL ➝ Divination ➝ Extispicy ➝ Bārûtu ➝ 10. Multābiltu', 'CANONICAL ➝ Technical ➝ Commentary']",,
24,"1879,0708.92",12,3,AKKADIAN,DU₈,DU₈,['piṭru I'],"['CANONICAL ➝ Divination ➝ Extispicy ➝ Bārûtu ➝ 10. Multābiltu', 'CANONICAL ➝ Technical ➝ Commentary']",,
25,"1879,0708.92",12,4,AKKADIAN,KAR,KAR,[],"['CANONICAL ➝ Divination ➝ Extispicy ➝ Bārûtu ➝ 10. Multābiltu', 'CANONICAL ➝ Technical ➝ Commentary']",,
26,"1879,0708.92",13,1,AKKADIAN,BA₃,BA₃,['amūtu II'],"['CANONICAL ➝ Divination ➝ Extispicy ➝ Bārûtu ➝ 10. Multābiltu', 'CANONICAL ➝ Technical ➝ Commentary']",,
27,"1879,0708.92",13,2,AKKADIAN,6,6,['šediš I'],"['CANONICAL ➝ Divination ➝ Extispicy ➝ Bārûtu ➝ 10. Multābiltu', 'CANONICAL ➝ Technical ➝ Commentary']",,
28,"1879,0708.92",13,3,AKKADIAN,DU₈,DU₈,['piṭru I'],"['CANONICAL ➝ Divination ➝ Extispicy ➝ Bārûtu ➝ 10. Multābiltu', 'CANONICAL ➝ Technical ➝ Commentary']",,
29,"1879,0708.92",14,1,AKKADIAN,MAN-u₂,MAN-u₂,['šanû I'],"['CANONICAL ➝ Divination ➝ Extispicy ➝ Bārûtu ➝ 10. Multābiltu', 'CANONICAL ➝ Technical ➝ Commentary']",,
30,"1879,0708.92",14,2,AKKADIAN,BA₃,BA₃,['amūtu II'],"['CANONICAL ➝ Divination ➝ Extispicy ➝ Bārûtu ➝ 10. Multābiltu', 'CANONICAL ➝ Technical ➝ Commentary']",,
31,"1879,0708.92",14,4,AKKADIAN,ZI,ZI,['tību I'],"['CANONICAL ➝ Divination ➝ Extispicy ➝ Bārûtu ➝ 10. Multābiltu', 'CANONICAL ➝ Technical ➝ Commentary']",,
32,"1879,0708.92",14,5,AKKADIAN,IM,IM,['šāru I'],"['CANONICAL ➝ Divination ➝ Extispicy ➝ Bārûtu ➝ 10. Multābiltu', 'CANONICAL ➝ Technical ➝ Commentary']",,
33,"1879,0708.92",14,6,AKKADIAN,GIM,GIM,['kīma I'],"['CANONICAL ➝ Divination ➝ Extispicy ➝ Bārûtu ➝ 10. Multābiltu', 'CANONICAL ➝ Technical ➝ Commentary']",,
34,"1879,0708.92",14,7,AKKADIAN,KA,KA,[],"['CANONICAL ➝ Divination ➝ Extispicy ➝ Bārûtu ➝ 10. Multābiltu', 'CANONICAL ➝ Technical ➝ Commentary']",,
35,"1879,0708.92",14,8,AKKADIAN,ŠUM.GAM.ME,ŠUM.GAM.ME,[],"['CANONICAL ➝ Divination ➝ Extispicy ➝ Bārûtu ➝ 10. Multābiltu', 'CANONICAL ➝ Technical ➝ Commentary']",,
36,"1879,0708.92",14,9,AKKADIAN,DU₈-MEŠ,DU₈-MEŠ,[],"['CANONICAL ➝ Divination ➝ Extispicy ➝ Bārûtu ➝ 10. Multābiltu', 'CANONICAL ➝ Technical ➝ Commentary']",,
