,fragment_id,fragment_line_num,index_in_line,word_language,value,clean_value,lemma,domain,place_discovery,place_composition
0,"1879,0708.238",1,2,AKKADIAN,e,e,[],['CANONICAL ➝ Literature ➝ Hymns ➝ Divine'],,
1,"1879,0708.238",3,2,AKKADIAN,mi-ni,mi-ni,[],['CANONICAL ➝ Literature ➝ Hymns ➝ Divine'],,
2,"1879,0708.238",5,4,AKKADIAN,ma,ma,['-ma I'],['CANONICAL ➝ Literature ➝ Hymns ➝ Divine'],,
3,"1879,0708.238",8,0,AKKADIAN,ana-ku,ana-ku,['anāku I'],['CANONICAL ➝ Literature ➝ Hymns ➝ Divine'],,
4,"1879,0708.238",8,1,AKKADIAN,NENNI,NENNI,['annanna I'],['CANONICAL ➝ Literature ➝ Hymns ➝ Divine'],,
5,"1879,0708.238",8,2,AKKADIAN,A,A,['māru I'],['CANONICAL ➝ Literature ➝ Hymns ➝ Divine'],,
6,"1879,0708.238",9,0,AKKADIAN,ka-am-sa-ku-ma,ka-am-sa-ku-ma,['kamāsu II'],['CANONICAL ➝ Literature ➝ Hymns ➝ Divine'],,
7,"1879,0708.238",10,1,AKKADIAN,pal-ha-ku-ma,pal-ha-ku-ma,['palāhu I'],['CANONICAL ➝ Literature ➝ Hymns ➝ Divine'],,
8,"1879,0708.238",10,2,AKKADIAN,GAŠAN,GAŠAN,['bēltu I'],['CANONICAL ➝ Literature ➝ Hymns ➝ Divine'],,
9,"1879,0708.238",12,1,AKKADIAN,{tug₂}SIG₂-ki,{tug₂}SIG₂-ki,['sissiktu I'],['CANONICAL ➝ Literature ➝ Hymns ➝ Divine'],,
10,"1879,0708.238",12,2,AKKADIAN,aṣ-bat,aṣ-bat,['ṣabātu I'],['CANONICAL ➝ Literature ➝ Hymns ➝ Divine'],,
