,fragment_id,fragment_line_num,index_in_line,word_language,value,clean_value,lemma,domain,place_discovery,place_composition
0,"1879,0708.229",3,1,AKKADIAN,ana,ana,[],"['CANONICAL ➝ Divination ➝ Other (Dreams, Birds, etc.) ➝ Prodigies of the Fall of Akkad']",,
1,"1879,0708.229",3,2,AKKADIAN,AMA-šu₂,AMA-šu₂,[],"['CANONICAL ➝ Divination ➝ Other (Dreams, Birds, etc.) ➝ Prodigies of the Fall of Akkad']",,
2,"1879,0708.229",3,3,AKKADIAN,TE,TE,[],"['CANONICAL ➝ Divination ➝ Other (Dreams, Birds, etc.) ➝ Prodigies of the Fall of Akkad']",,
3,"1879,0708.229",3,5,AKKADIAN,ana,ana,[],"['CANONICAL ➝ Divination ➝ Other (Dreams, Birds, etc.) ➝ Prodigies of the Fall of Akkad']",,
4,"1879,0708.229",3,7,AKKADIAN,TE,TE,[],"['CANONICAL ➝ Divination ➝ Other (Dreams, Birds, etc.) ➝ Prodigies of the Fall of Akkad']",,
5,"1879,0708.229",3,8,AKKADIAN,GURUŠ,GURUŠ,[],"['CANONICAL ➝ Divination ➝ Other (Dreams, Birds, etc.) ➝ Prodigies of the Fall of Akkad']",,
6,"1879,0708.229",3,9,AKKADIAN,ana,ana,[],"['CANONICAL ➝ Divination ➝ Other (Dreams, Birds, etc.) ➝ Prodigies of the Fall of Akkad']",,
7,"1879,0708.229",3,10,AKKADIAN,DUMU.MUNUS-šu₂,DUMU.MUNUS-šu₂,[],"['CANONICAL ➝ Divination ➝ Other (Dreams, Birds, etc.) ➝ Prodigies of the Fall of Akkad']",,
8,"1879,0708.229",3,11,AKKADIAN,TE,TE,[],"['CANONICAL ➝ Divination ➝ Other (Dreams, Birds, etc.) ➝ Prodigies of the Fall of Akkad']",,
9,"1879,0708.229",3,12,AKKADIAN,GURUŠ,GURUŠ,[],"['CANONICAL ➝ Divination ➝ Other (Dreams, Birds, etc.) ➝ Prodigies of the Fall of Akkad']",,
10,"1879,0708.229",3,13,AKKADIAN,ana,ana,[],"['CANONICAL ➝ Divination ➝ Other (Dreams, Birds, etc.) ➝ Prodigies of the Fall of Akkad']",,
11,"1879,0708.229",3,14,AKKADIAN,e-me-ti-šu₂,e-me-ti-šu₂,[],"['CANONICAL ➝ Divination ➝ Other (Dreams, Birds, etc.) ➝ Prodigies of the Fall of Akkad']",,
12,"1879,0708.229",4,1,AKKADIAN,ana,ana,[],"['CANONICAL ➝ Divination ➝ Other (Dreams, Birds, etc.) ➝ Prodigies of the Fall of Akkad']",,
13,"1879,0708.229",4,2,AKKADIAN,ANŠE,ANŠE,[],"['CANONICAL ➝ Divination ➝ Other (Dreams, Birds, etc.) ➝ Prodigies of the Fall of Akkad']",,
14,"1879,0708.229",4,4,AKKADIAN,KA₅.A,KA₅.A,[],"['CANONICAL ➝ Divination ➝ Other (Dreams, Birds, etc.) ➝ Prodigies of the Fall of Akkad']",,
15,"1879,0708.229",4,6,AKKADIAN,UR.GI₇,UR.GI₇,[],"['CANONICAL ➝ Divination ➝ Other (Dreams, Birds, etc.) ➝ Prodigies of the Fall of Akkad']",,
16,"1879,0708.229",4,7,AKKADIAN,TE,TE,[],"['CANONICAL ➝ Divination ➝ Other (Dreams, Birds, etc.) ➝ Prodigies of the Fall of Akkad']",,
17,"1879,0708.229",4,8,AKKADIAN,UR.GI₇,UR.GI₇,[],"['CANONICAL ➝ Divination ➝ Other (Dreams, Birds, etc.) ➝ Prodigies of the Fall of Akkad']",,
18,"1879,0708.229",4,9,AKKADIAN,ana,ana,[],"['CANONICAL ➝ Divination ➝ Other (Dreams, Birds, etc.) ➝ Prodigies of the Fall of Akkad']",,
19,"1879,0708.229",4,10,AKKADIAN,ŠAH,ŠAH,[],"['CANONICAL ➝ Divination ➝ Other (Dreams, Birds, etc.) ➝ Prodigies of the Fall of Akkad']",,
20,"1879,0708.229",5,1,AKKADIAN,BABBAR,BABBAR,[],"['CANONICAL ➝ Divination ➝ Other (Dreams, Birds, etc.) ➝ Prodigies of the Fall of Akkad']",,
21,"1879,0708.229",5,3,AKKADIAN,BABBAR,BABBAR,[],"['CANONICAL ➝ Divination ➝ Other (Dreams, Birds, etc.) ➝ Prodigies of the Fall of Akkad']",,
22,"1879,0708.229",5,4,AKKADIAN,ina,ina,[],"['CANONICAL ➝ Divination ➝ Other (Dreams, Birds, etc.) ➝ Prodigies of the Fall of Akkad']",,
23,"1879,0708.229",5,5,AKKADIAN,URU,URU,[],"['CANONICAL ➝ Divination ➝ Other (Dreams, Birds, etc.) ➝ Prodigies of the Fall of Akkad']",,
24,"1879,0708.229",6,2,AKKADIAN,ŠUB-ti,ŠUB-ti,[],"['CANONICAL ➝ Divination ➝ Other (Dreams, Birds, etc.) ➝ Prodigies of the Fall of Akkad']",,
25,"1879,0708.229",6,3,AKKADIAN,IZI,IZI,[],"['CANONICAL ➝ Divination ➝ Other (Dreams, Birds, etc.) ➝ Prodigies of the Fall of Akkad']",,
26,"1879,0708.229",6,5,AKKADIAN,e₂-sag-il₂,e₂-sag-il₂,[],"['CANONICAL ➝ Divination ➝ Other (Dreams, Birds, etc.) ➝ Prodigies of the Fall of Akkad']",,
27,"1879,0708.229",6,6,AKKADIAN,ina,ina,[],"['CANONICAL ➝ Divination ➝ Other (Dreams, Birds, etc.) ➝ Prodigies of the Fall of Akkad']",,
28,"1879,0708.229",6,7,AKKADIAN,E₂,E₂,[],"['CANONICAL ➝ Divination ➝ Other (Dreams, Birds, etc.) ➝ Prodigies of the Fall of Akkad']",,
29,"1879,0708.229",6,8,AKKADIAN,ti-nu-ri,ti-nu-ri,[],"['CANONICAL ➝ Divination ➝ Other (Dreams, Birds, etc.) ➝ Prodigies of the Fall of Akkad']",,
30,"1879,0708.229",7,2,AKKADIAN,ina,ina,[],"['CANONICAL ➝ Divination ➝ Other (Dreams, Birds, etc.) ➝ Prodigies of the Fall of Akkad']",,
31,"1879,0708.229",7,3,AKKADIAN,ABUL,ABUL,[],"['CANONICAL ➝ Divination ➝ Other (Dreams, Birds, etc.) ➝ Prodigies of the Fall of Akkad']",,
32,"1879,0708.229",7,5,AKKADIAN,it-tab-ši,it-tab-ši,[],"['CANONICAL ➝ Divination ➝ Other (Dreams, Birds, etc.) ➝ Prodigies of the Fall of Akkad']",,
33,"1879,0708.229",7,6,AKKADIAN,SAG.HUL.HA.ZA,SAG.HUL.HA.ZA,[],"['CANONICAL ➝ Divination ➝ Other (Dreams, Birds, etc.) ➝ Prodigies of the Fall of Akkad']",,
34,"1879,0708.229",7,7,AKKADIAN,ina,ina,[],"['CANONICAL ➝ Divination ➝ Other (Dreams, Birds, etc.) ➝ Prodigies of the Fall of Akkad']",,
35,"1879,0708.229",7,8,AKKADIAN,pa-pa-hi,pa-pa-hi,[],"['CANONICAL ➝ Divination ➝ Other (Dreams, Birds, etc.) ➝ Prodigies of the Fall of Akkad']",,
36,"1879,0708.229",7,9,AKKADIAN,ina,ina,[],"['CANONICAL ➝ Divination ➝ Other (Dreams, Birds, etc.) ➝ Prodigies of the Fall of Akkad']",,
37,"1879,0708.229",7,10,AKKADIAN,kan-kan-ni,kan-kan-ni,[],"['CANONICAL ➝ Divination ➝ Other (Dreams, Birds, etc.) ➝ Prodigies of the Fall of Akkad']",,
38,"1879,0708.229",8,1,AKKADIAN,TA,TA,[],"['CANONICAL ➝ Divination ➝ Other (Dreams, Birds, etc.) ➝ Prodigies of the Fall of Akkad']",,
39,"1879,0708.229",8,5,AKKADIAN,ina,ina,[],"['CANONICAL ➝ Divination ➝ Other (Dreams, Birds, etc.) ➝ Prodigies of the Fall of Akkad']",,
40,"1879,0708.229",8,6,AKKADIAN,qe₂-reb,qe₂-reb,[],"['CANONICAL ➝ Divination ➝ Other (Dreams, Birds, etc.) ➝ Prodigies of the Fall of Akkad']",,
41,"1879,0708.229",8,7,AKKADIAN,KUR,KUR,[],"['CANONICAL ➝ Divination ➝ Other (Dreams, Birds, etc.) ➝ Prodigies of the Fall of Akkad']",,
42,"1879,0708.229",8,8,AKKADIAN,kal-di,kal-di,[],"['CANONICAL ➝ Divination ➝ Other (Dreams, Birds, etc.) ➝ Prodigies of the Fall of Akkad']",,
43,"1879,0708.229",8,9,AKKADIAN,UR.GI₇.NITA,UR.GI₇.NITA,[],"['CANONICAL ➝ Divination ➝ Other (Dreams, Birds, etc.) ➝ Prodigies of the Fall of Akkad']",,
44,"1879,0708.229",9,1,AKKADIAN,URU,URU,[],"['CANONICAL ➝ Divination ➝ Other (Dreams, Birds, etc.) ➝ Prodigies of the Fall of Akkad']",,
45,"1879,0708.229",9,4,AKKADIAN,ina,ina,[],"['CANONICAL ➝ Divination ➝ Other (Dreams, Birds, etc.) ➝ Prodigies of the Fall of Akkad']",,
46,"1879,0708.229",9,5,AKKADIAN,a-hi,a-hi,[],"['CANONICAL ➝ Divination ➝ Other (Dreams, Birds, etc.) ➝ Prodigies of the Fall of Akkad']",,
47,"1879,0708.229",9,6,AKKADIAN,ID₂,ID₂,[],"['CANONICAL ➝ Divination ➝ Other (Dreams, Birds, etc.) ➝ Prodigies of the Fall of Akkad']",,
48,"1879,0708.229",9,7,AKKADIAN,ša₂-a-ni,ša₂-a-ni,[],"['CANONICAL ➝ Divination ➝ Other (Dreams, Birds, etc.) ➝ Prodigies of the Fall of Akkad']",,
49,"1879,0708.229",9,8,AKKADIAN,bi-ib-bu,bi-ib-bu,[],"['CANONICAL ➝ Divination ➝ Other (Dreams, Birds, etc.) ➝ Prodigies of the Fall of Akkad']",,
50,"1879,0708.229",10,2,AKKADIAN,ina,ina,[],"['CANONICAL ➝ Divination ➝ Other (Dreams, Birds, etc.) ➝ Prodigies of the Fall of Akkad']",,
51,"1879,0708.229",10,4,AKKADIAN,{d}+EN,{d}+EN,[],"['CANONICAL ➝ Divination ➝ Other (Dreams, Birds, etc.) ➝ Prodigies of the Fall of Akkad']",,
52,"1879,0708.229",10,5,AKKADIAN,{lu₂}UŠ₂,{lu₂}UŠ₂,[],"['CANONICAL ➝ Divination ➝ Other (Dreams, Birds, etc.) ➝ Prodigies of the Fall of Akkad']",,
53,"1879,0708.229",10,6,AKKADIAN,SA.A.RI,SA.A.RI,[],"['CANONICAL ➝ Divination ➝ Other (Dreams, Birds, etc.) ➝ Prodigies of the Fall of Akkad']",,
54,"1879,0708.229",14,1,AKKADIAN,IZI,IZI,[],"['CANONICAL ➝ Divination ➝ Other (Dreams, Birds, etc.) ➝ Prodigies of the Fall of Akkad']",,
55,"1879,0708.229",14,2,AKKADIAN,ina,ina,[],"['CANONICAL ➝ Divination ➝ Other (Dreams, Birds, etc.) ➝ Prodigies of the Fall of Akkad']",,
56,"1879,0708.229",14,3,AKKADIAN,{iti}DU₆!,{iti}DU₆,[],"['CANONICAL ➝ Divination ➝ Other (Dreams, Birds, etc.) ➝ Prodigies of the Fall of Akkad']",,
57,"1879,0708.229",14,4,AKKADIAN,ina,ina,[],"['CANONICAL ➝ Divination ➝ Other (Dreams, Birds, etc.) ➝ Prodigies of the Fall of Akkad']",,
58,"1879,0708.229",14,6,AKKADIAN,ina,ina,[],"['CANONICAL ➝ Divination ➝ Other (Dreams, Birds, etc.) ➝ Prodigies of the Fall of Akkad']",,
59,"1879,0708.229",14,7,AKKADIAN,E₂,E₂,[],"['CANONICAL ➝ Divination ➝ Other (Dreams, Birds, etc.) ➝ Prodigies of the Fall of Akkad']",,
60,"1879,0708.229",14,8,AKKADIAN,{urudu}ŠEN,{urudu}ŠEN,[],"['CANONICAL ➝ Divination ➝ Other (Dreams, Birds, etc.) ➝ Prodigies of the Fall of Akkad']",,
61,"1879,0708.229",15,2,AKKADIAN,u₂-li-du,u₂-li-du,[],"['CANONICAL ➝ Divination ➝ Other (Dreams, Birds, etc.) ➝ Prodigies of the Fall of Akkad']",,
62,"1879,0708.229",15,3,AKKADIAN,ki-i,ki-i,[],"['CANONICAL ➝ Divination ➝ Other (Dreams, Birds, etc.) ➝ Prodigies of the Fall of Akkad']",,
63,"1879,0708.229",15,4,AKKADIAN,ša₂,ša₂,[],"['CANONICAL ➝ Divination ➝ Other (Dreams, Birds, etc.) ➝ Prodigies of the Fall of Akkad']",,
64,"1879,0708.229",15,6,AKKADIAN,ku-ta-a,ku-ta-a,[],"['CANONICAL ➝ Divination ➝ Other (Dreams, Birds, etc.) ➝ Prodigies of the Fall of Akkad']",,
65,"1879,0708.229",15,7,AKKADIAN,ša₂-kin,ša₂-kin,[],"['CANONICAL ➝ Divination ➝ Other (Dreams, Birds, etc.) ➝ Prodigies of the Fall of Akkad']",,
66,"1879,0708.229",15,8,AKKADIAN,u₃,u₃,[],"['CANONICAL ➝ Divination ➝ Other (Dreams, Birds, etc.) ➝ Prodigies of the Fall of Akkad']",,
67,"1879,0708.229",16,4,AKKADIAN,pu,pu,[],"['CANONICAL ➝ Divination ➝ Other (Dreams, Birds, etc.) ➝ Prodigies of the Fall of Akkad']",,
68,"1879,0708.229",17,3,AKKADIAN,u,u,[],"['CANONICAL ➝ Divination ➝ Other (Dreams, Birds, etc.) ➝ Prodigies of the Fall of Akkad']",,
69,"1879,0708.229",17,4,AKKADIAN,IGI-MIN-šu₂,IGI-MIN-šu₂,[],"['CANONICAL ➝ Divination ➝ Other (Dreams, Birds, etc.) ➝ Prodigies of the Fall of Akkad']",,
70,"1879,0708.229",17,6,AKKADIAN,GEŠTUG-MIN,GEŠTUG-MIN,[],"['CANONICAL ➝ Divination ➝ Other (Dreams, Birds, etc.) ➝ Prodigies of the Fall of Akkad']",,
71,"1879,0708.229",17,7,AKKADIAN,u,u,[],"['CANONICAL ➝ Divination ➝ Other (Dreams, Birds, etc.) ➝ Prodigies of the Fall of Akkad']",,
72,"1879,0708.229",18,5,AKKADIAN,šap-tu₂,šap-tu₂,[],"['CANONICAL ➝ Divination ➝ Other (Dreams, Birds, etc.) ➝ Prodigies of the Fall of Akkad']",,
73,"1879,0708.229",18,6,AKKADIAN,šak-na-at,šak-na-at,[],"['CANONICAL ➝ Divination ➝ Other (Dreams, Birds, etc.) ➝ Prodigies of the Fall of Akkad']",,
74,"1879,0708.229",18,7,AKKADIAN,1-et,1-et,[],"['CANONICAL ➝ Divination ➝ Other (Dreams, Birds, etc.) ➝ Prodigies of the Fall of Akkad']",,
75,"1879,0708.229",18,8,AKKADIAN,šin-na,šin-na,[],"['CANONICAL ➝ Divination ➝ Other (Dreams, Birds, etc.) ➝ Prodigies of the Fall of Akkad']",,
76,"1879,0708.229",18,9,AKKADIAN,ina,ina,[],"['CANONICAL ➝ Divination ➝ Other (Dreams, Birds, etc.) ➝ Prodigies of the Fall of Akkad']",,
77,"1879,0708.229",18,10,AKKADIAN,lib₃-bi,lib₃-bi,[],"['CANONICAL ➝ Divination ➝ Other (Dreams, Birds, etc.) ➝ Prodigies of the Fall of Akkad']",,
78,"1879,0708.229",19,2,AKKADIAN,ina,ina,[],"['CANONICAL ➝ Divination ➝ Other (Dreams, Birds, etc.) ➝ Prodigies of the Fall of Akkad']",,
79,"1879,0708.229",19,4,AKKADIAN,A-MEŠ,A-MEŠ,[],"['CANONICAL ➝ Divination ➝ Other (Dreams, Birds, etc.) ➝ Prodigies of the Fall of Akkad']",,
80,"1879,0708.229",19,5,AKKADIAN,ina,ina,[],"['CANONICAL ➝ Divination ➝ Other (Dreams, Birds, etc.) ➝ Prodigies of the Fall of Akkad']",,
81,"1879,0708.229",19,6,AKKADIAN,E₂.SIG₄-MEŠ,E₂.SIG₄-MEŠ,[],"['CANONICAL ➝ Divination ➝ Other (Dreams, Birds, etc.) ➝ Prodigies of the Fall of Akkad']",,
82,"1879,0708.229",20,1,AKKADIAN,NUN{ki},NUN{ki},[],"['CANONICAL ➝ Divination ➝ Other (Dreams, Birds, etc.) ➝ Prodigies of the Fall of Akkad']",,
83,"1879,0708.229",20,2,AKKADIAN,ina,ina,[],"['CANONICAL ➝ Divination ➝ Other (Dreams, Birds, etc.) ➝ Prodigies of the Fall of Akkad']",,
84,"1879,0708.229",20,5,AKKADIAN,ina,ina,[],"['CANONICAL ➝ Divination ➝ Other (Dreams, Birds, etc.) ➝ Prodigies of the Fall of Akkad']",,
85,"1879,0708.229",20,6,AKKADIAN,ŠA₃,ŠA₃,[],"['CANONICAL ➝ Divination ➝ Other (Dreams, Birds, etc.) ➝ Prodigies of the Fall of Akkad']",,
86,"1879,0708.229",20,7,AKKADIAN,{giš}GEŠTIN,{giš}GEŠTIN,[],"['CANONICAL ➝ Divination ➝ Other (Dreams, Birds, etc.) ➝ Prodigies of the Fall of Akkad']",,
87,"1879,0708.229",20,8,AKKADIAN,ku-nu-uk,ku-nu-uk,[],"['CANONICAL ➝ Divination ➝ Other (Dreams, Birds, etc.) ➝ Prodigies of the Fall of Akkad']",,
88,"1879,0708.229",20,9,AKKADIAN,KUR-i-šu,KUR-i-šu,[],"['CANONICAL ➝ Divination ➝ Other (Dreams, Birds, etc.) ➝ Prodigies of the Fall of Akkad']",,
89,"1879,0708.229",20,10,AKKADIAN,ar₂-ra-bu,ar₂-ra-bu,[],"['CANONICAL ➝ Divination ➝ Other (Dreams, Birds, etc.) ➝ Prodigies of the Fall of Akkad']",,
90,"1879,0708.229",20,11,AKKADIAN,mi-tu₂,mi-tu₂,[],"['CANONICAL ➝ Divination ➝ Other (Dreams, Birds, etc.) ➝ Prodigies of the Fall of Akkad']",,
