,fragment_id,fragment_line_num,index_in_line,word_language,value,clean_value,lemma,domain,place_discovery,place_composition
0,"1879,0708.72",10,1,SUMERIAN,anše,anše,[],"['CANONICAL ➝ Literature ➝ Hymns ➝ Divine ➝ Kiutu', 'CANONICAL ➝ Magic ➝ Purification ➝ Bīt rimki']",,
1,"1879,0708.72",11,1,AKKADIAN,ana,ana,['ana I'],"['CANONICAL ➝ Literature ➝ Hymns ➝ Divine ➝ Kiutu', 'CANONICAL ➝ Magic ➝ Purification ➝ Bīt rimki']",,
2,"1879,0708.72",13,1,SUMERIAN,šibir,šibir,[],"['CANONICAL ➝ Literature ➝ Hymns ➝ Divine ➝ Kiutu', 'CANONICAL ➝ Magic ➝ Purification ➝ Bīt rimki']",,
3,"1879,0708.72",16,0,AKKADIAN,gab₂,gab₂,[],"['CANONICAL ➝ Literature ➝ Hymns ➝ Divine ➝ Kiutu', 'CANONICAL ➝ Magic ➝ Purification ➝ Bīt rimki']",,
4,"1879,0708.72",20,0,AKKADIAN,E₂.GAL,E₂.GAL,['ēkallu I'],"['CANONICAL ➝ Literature ➝ Hymns ➝ Divine ➝ Kiutu', 'CANONICAL ➝ Magic ➝ Purification ➝ Bīt rimki']",,
5,"1879,0708.72",21,0,AKKADIAN,ša,ša,['ša I'],"['CANONICAL ➝ Literature ➝ Hymns ➝ Divine ➝ Kiutu', 'CANONICAL ➝ Magic ➝ Purification ➝ Bīt rimki']",,
6,"1879,0708.72",21,1,AKKADIAN,a-na,a-na,['ana I'],"['CANONICAL ➝ Literature ➝ Hymns ➝ Divine ➝ Kiutu', 'CANONICAL ➝ Magic ➝ Purification ➝ Bīt rimki']",,
7,"1879,0708.72",21,2,AKKADIAN,AN.ŠAR₂,AN.ŠAR₂,[],"['CANONICAL ➝ Literature ➝ Hymns ➝ Divine ➝ Kiutu', 'CANONICAL ➝ Magic ➝ Purification ➝ Bīt rimki']",,
8,"1879,0708.72",21,3,AKKADIAN,u,u,['u I'],"['CANONICAL ➝ Literature ➝ Hymns ➝ Divine ➝ Kiutu', 'CANONICAL ➝ Magic ➝ Purification ➝ Bīt rimki']",,
9,"1879,0708.72",22,0,AKKADIAN,ša,ša,['ša I'],"['CANONICAL ➝ Literature ➝ Hymns ➝ Divine ➝ Kiutu', 'CANONICAL ➝ Magic ➝ Purification ➝ Bīt rimki']",,
10,"1879,0708.72",22,1,AKKADIAN,{d}AK,{d}AK,[],"['CANONICAL ➝ Literature ➝ Hymns ➝ Divine ➝ Kiutu', 'CANONICAL ➝ Magic ➝ Purification ➝ Bīt rimki']",,
11,"1879,0708.72",22,2,AKKADIAN,{d}PAPNUN,{d}PAPNUN,[],"['CANONICAL ➝ Literature ➝ Hymns ➝ Divine ➝ Kiutu', 'CANONICAL ➝ Magic ➝ Purification ➝ Bīt rimki']",,
12,"1879,0708.72",22,3,AKKADIAN,GEŠTUG-MIN,GEŠTUG-MIN,['uznu I'],"['CANONICAL ➝ Literature ➝ Hymns ➝ Divine ➝ Kiutu', 'CANONICAL ➝ Magic ➝ Purification ➝ Bīt rimki']",,
13,"1879,0708.72",23,0,AKKADIAN,i-hu-uz-zu,i-hu-uz-zu,['ahāzu I'],"['CANONICAL ➝ Literature ➝ Hymns ➝ Divine ➝ Kiutu', 'CANONICAL ➝ Magic ➝ Purification ➝ Bīt rimki']",,
14,"1879,0708.72",23,1,AKKADIAN,IGI-MIN,IGI-MIN,['īnu I'],"['CANONICAL ➝ Literature ➝ Hymns ➝ Divine ➝ Kiutu', 'CANONICAL ➝ Magic ➝ Purification ➝ Bīt rimki']",,
15,"1879,0708.72",24,0,AKKADIAN,ša,ša,['ša I'],"['CANONICAL ➝ Literature ➝ Hymns ➝ Divine ➝ Kiutu', 'CANONICAL ➝ Magic ➝ Purification ➝ Bīt rimki']",,
16,"1879,0708.72",24,1,AKKADIAN,ina,ina,['ina I'],"['CANONICAL ➝ Literature ➝ Hymns ➝ Divine ➝ Kiutu', 'CANONICAL ➝ Magic ➝ Purification ➝ Bīt rimki']",,
17,"1879,0708.72",24,2,AKKADIAN,LUGAL-MEŠ,LUGAL-MEŠ,['šarru I'],"['CANONICAL ➝ Literature ➝ Hymns ➝ Divine ➝ Kiutu', 'CANONICAL ➝ Magic ➝ Purification ➝ Bīt rimki']",,
18,"1879,0708.72",24,3,AKKADIAN,a-lik,a-lik,['āliku I'],"['CANONICAL ➝ Literature ➝ Hymns ➝ Divine ➝ Kiutu', 'CANONICAL ➝ Magic ➝ Purification ➝ Bīt rimki']",,
19,"1879,0708.72",25,0,AKKADIAN,ne₂-me-eq,ne₂-me-eq,['nēmequ I'],"['CANONICAL ➝ Literature ➝ Hymns ➝ Divine ➝ Kiutu', 'CANONICAL ➝ Magic ➝ Purification ➝ Bīt rimki']",,
20,"1879,0708.72",25,1,AKKADIAN,{d}AK,{d}AK,[],"['CANONICAL ➝ Literature ➝ Hymns ➝ Divine ➝ Kiutu', 'CANONICAL ➝ Magic ➝ Purification ➝ Bīt rimki']",,
21,"1879,0708.72",26,0,AKKADIAN,ina,ina,['ina I'],"['CANONICAL ➝ Literature ➝ Hymns ➝ Divine ➝ Kiutu', 'CANONICAL ➝ Magic ➝ Purification ➝ Bīt rimki']",,
22,"1879,0708.72",26,1,AKKADIAN,DUB-MEŠ,DUB-MEŠ,['ṭuppu I'],"['CANONICAL ➝ Literature ➝ Hymns ➝ Divine ➝ Kiutu', 'CANONICAL ➝ Magic ➝ Purification ➝ Bīt rimki']",,
