,fragment_id,fragment_line_num,index_in_line,word_language,value,clean_value,lemma,domain,place_discovery,place_composition
0,"1879,0708.318",1,1,AKKADIAN,AN.GI₆,AN.GI₆,[],['CANONICAL ➝ Divination ➝ Celestial ➝ Enūma Anu Enlil ➝ Adad (EAE 36–49) (?)'],,
1,"1879,0708.318",1,2,AKKADIAN,GAR-ma,GAR-ma,[],['CANONICAL ➝ Divination ➝ Celestial ➝ Enūma Anu Enlil ➝ Adad (EAE 36–49) (?)'],,
2,"1879,0708.318",1,4,AKKADIAN,UG₇-ma,UG₇-ma,[],['CANONICAL ➝ Divination ➝ Celestial ➝ Enūma Anu Enlil ➝ Adad (EAE 36–49) (?)'],,
3,"1879,0708.318",1,5,AKKADIAN,EGIR-šu₂,EGIR-šu₂,[],['CANONICAL ➝ Divination ➝ Celestial ➝ Enūma Anu Enlil ➝ Adad (EAE 36–49) (?)'],,
4,"1879,0708.318",1,6,AKKADIAN,IBILA-šu₂,IBILA-šu₂,[],['CANONICAL ➝ Divination ➝ Celestial ➝ Enūma Anu Enlil ➝ Adad (EAE 36–49) (?)'],,
5,"1879,0708.318",1,7,AKKADIAN,ina,ina,[],['CANONICAL ➝ Divination ➝ Celestial ➝ Enūma Anu Enlil ➝ Adad (EAE 36–49) (?)'],,
6,"1879,0708.318",1,8,AKKADIAN,AŠ.TE,AŠ.TE,[],['CANONICAL ➝ Divination ➝ Celestial ➝ Enūma Anu Enlil ➝ Adad (EAE 36–49) (?)'],,
7,"1879,0708.318",1,9,AKKADIAN,TUŠ-ab,TUŠ-ab,[],['CANONICAL ➝ Divination ➝ Celestial ➝ Enūma Anu Enlil ➝ Adad (EAE 36–49) (?)'],,
8,"1879,0708.318",2,1,AKKADIAN,U₄,U₄,[],['CANONICAL ➝ Divination ➝ Celestial ➝ Enūma Anu Enlil ➝ Adad (EAE 36–49) (?)'],,
9,"1879,0708.318",2,2,AKKADIAN,UD.DA-su,UD.DA-su,[],['CANONICAL ➝ Divination ➝ Celestial ➝ Enūma Anu Enlil ➝ Adad (EAE 36–49) (?)'],,
10,"1879,0708.318",2,3,AKKADIAN,GIN₇,GIN₇,[],['CANONICAL ➝ Divination ➝ Celestial ➝ Enūma Anu Enlil ➝ Adad (EAE 36–49) (?)'],,
11,"1879,0708.318",2,4,AKKADIAN,UD.DA,UD.DA,[],['CANONICAL ➝ Divination ➝ Celestial ➝ Enūma Anu Enlil ➝ Adad (EAE 36–49) (?)'],,
12,"1879,0708.318",2,5,AKKADIAN,ITI,ITI,[],['CANONICAL ➝ Divination ➝ Celestial ➝ Enūma Anu Enlil ➝ Adad (EAE 36–49) (?)'],,
13,"1879,0708.318",2,7,AKKADIAN,NUN,NUN,[],['CANONICAL ➝ Divination ➝ Celestial ➝ Enūma Anu Enlil ➝ Adad (EAE 36–49) (?)'],,
14,"1879,0708.318",2,8,AKKADIAN,UG₇,UG₇,[],['CANONICAL ➝ Divination ➝ Celestial ➝ Enūma Anu Enlil ➝ Adad (EAE 36–49) (?)'],,
15,"1879,0708.318",3,1,AKKADIAN,U₄,U₄,[],['CANONICAL ➝ Divination ➝ Celestial ➝ Enūma Anu Enlil ➝ Adad (EAE 36–49) (?)'],,
16,"1879,0708.318",3,2,AKKADIAN,UD.DA-su,UD.DA-su,[],['CANONICAL ➝ Divination ➝ Celestial ➝ Enūma Anu Enlil ➝ Adad (EAE 36–49) (?)'],,
17,"1879,0708.318",3,3,AKKADIAN,GIN₇,GIN₇,[],['CANONICAL ➝ Divination ➝ Celestial ➝ Enūma Anu Enlil ➝ Adad (EAE 36–49) (?)'],,
18,"1879,0708.318",3,5,AKKADIAN,na-aš-pan-ti₃,na-aš-pan-ti₃,[],['CANONICAL ➝ Divination ➝ Celestial ➝ Enūma Anu Enlil ➝ Adad (EAE 36–49) (?)'],,
19,"1879,0708.318",3,6,AKKADIAN,GAR-ma,GAR-ma,[],['CANONICAL ➝ Divination ➝ Celestial ➝ Enūma Anu Enlil ➝ Adad (EAE 36–49) (?)'],,
20,"1879,0708.318",3,8,AKKADIAN,un-na-aš,un-na-aš,[],['CANONICAL ➝ Divination ➝ Celestial ➝ Enūma Anu Enlil ➝ Adad (EAE 36–49) (?)'],,
21,"1879,0708.318",4,1,AKKADIAN,UD.DA-su,UD.DA-su,[],['CANONICAL ➝ Divination ➝ Celestial ➝ Enūma Anu Enlil ➝ Adad (EAE 36–49) (?)'],,
22,"1879,0708.318",4,3,AKKADIAN,ŠEG₃-MEŠ,ŠEG₃-MEŠ,[],['CANONICAL ➝ Divination ➝ Celestial ➝ Enūma Anu Enlil ➝ Adad (EAE 36–49) (?)'],,
23,"1879,0708.318",4,4,AKKADIAN,ina,ina,[],['CANONICAL ➝ Divination ➝ Celestial ➝ Enūma Anu Enlil ➝ Adad (EAE 36–49) (?)'],,
24,"1879,0708.318",4,5,AKKADIAN,AN-e,AN-e,[],['CANONICAL ➝ Divination ➝ Celestial ➝ Enūma Anu Enlil ➝ Adad (EAE 36–49) (?)'],,
25,"1879,0708.318",4,6,AKKADIAN,ILLU-MEŠ,ILLU-MEŠ,[],['CANONICAL ➝ Divination ➝ Celestial ➝ Enūma Anu Enlil ➝ Adad (EAE 36–49) (?)'],,
26,"1879,0708.318",4,7,AKKADIAN,ina,ina,[],['CANONICAL ➝ Divination ➝ Celestial ➝ Enūma Anu Enlil ➝ Adad (EAE 36–49) (?)'],,
27,"1879,0708.318",4,9,AKKADIAN,GAL₂-MEŠ,GAL₂-MEŠ,[],['CANONICAL ➝ Divination ➝ Celestial ➝ Enūma Anu Enlil ➝ Adad (EAE 36–49) (?)'],,
28,"1879,0708.318",5,1,AKKADIAN,bi-ib-lu₄,bi-ib-lu₄,[],['CANONICAL ➝ Divination ➝ Celestial ➝ Enūma Anu Enlil ➝ Adad (EAE 36–49) (?)'],,
29,"1879,0708.318",5,2,AKKADIAN,KUR,KUR,[],['CANONICAL ➝ Divination ➝ Celestial ➝ Enūma Anu Enlil ➝ Adad (EAE 36–49) (?)'],,
30,"1879,0708.318",5,3,AKKADIAN,TUM₃,TUM₃,[],['CANONICAL ➝ Divination ➝ Celestial ➝ Enūma Anu Enlil ➝ Adad (EAE 36–49) (?)'],,
31,"1879,0708.318",5,5,AKKADIAN,SIG₅,SIG₅,[],['CANONICAL ➝ Divination ➝ Celestial ➝ Enūma Anu Enlil ➝ Adad (EAE 36–49) (?)'],,
32,"1879,0708.318",5,6,AKKADIAN,GAN₂.BA,GAN₂.BA,[],['CANONICAL ➝ Divination ➝ Celestial ➝ Enūma Anu Enlil ➝ Adad (EAE 36–49) (?)'],,
33,"1879,0708.318",5,7,AKKADIAN,GI.NA,GI.NA,[],['CANONICAL ➝ Divination ➝ Celestial ➝ Enūma Anu Enlil ➝ Adad (EAE 36–49) (?)'],,
34,"1879,0708.318",6,1,AKKADIAN,HUL-ti₃,HUL-ti₃,[],['CANONICAL ➝ Divination ➝ Celestial ➝ Enūma Anu Enlil ➝ Adad (EAE 36–49) (?)'],,
35,"1879,0708.318",6,2,AKKADIAN,gu-ti-i,gu-ti-i,[],['CANONICAL ➝ Divination ➝ Celestial ➝ Enūma Anu Enlil ➝ Adad (EAE 36–49) (?)'],,
