,fragment_id,fragment_line_num,index_in_line,word_language,value,clean_value,lemma,domain,place_discovery,place_composition
0,"1880,0719.127",2,2,SUMERIAN,ib-dub₂,ib-dub₂,[],['CANONICAL ➝ Literature ➝ Narrative ➝ Lugal-e'],,
1,"1880,0719.127",2,3,SUMERIAN,ba-tu₉,ba-tu₉,[],['CANONICAL ➝ Literature ➝ Narrative ➝ Lugal-e'],,
2,"1880,0719.127",2,4,SUMERIAN,ša₃,ša₃,[],['CANONICAL ➝ Literature ➝ Narrative ➝ Lugal-e'],,
3,"1880,0719.127",2,6,SUMERIAN,ši-ib₂-ri,ši-ib₂-ri,[],['CANONICAL ➝ Literature ➝ Narrative ➝ Lugal-e'],,
4,"1880,0719.127",3,1,AKKADIAN,i-gu-ug,i-gu-ug,[],['CANONICAL ➝ Literature ➝ Narrative ➝ Lugal-e'],,
5,"1880,0719.127",3,2,AKKADIAN,ir-ʾ-um-ma,ir-ʾ-um-ma,[],['CANONICAL ➝ Literature ➝ Narrative ➝ Lugal-e'],,
6,"1880,0719.127",3,4,AKKADIAN,lib₃-bi-šu₂,lib₃-bi-šu₂,[],['CANONICAL ➝ Literature ➝ Narrative ➝ Lugal-e'],,
7,"1880,0719.127",3,5,AKKADIAN,uš-te-te-il,uš-te-te-il,[],['CANONICAL ➝ Literature ➝ Narrative ➝ Lugal-e'],,
8,"1880,0719.127",5,2,SUMERIAN,ib₂-ur₄-ur₄,ib₂-ur₄-ur₄,[],['CANONICAL ➝ Literature ➝ Narrative ➝ Lugal-e'],,
9,"1880,0719.127",5,4,SUMERIAN,in-ši-ib₂-us₂,in-ši-ib₂-us₂,[],['CANONICAL ➝ Literature ➝ Narrative ➝ Lugal-e'],,
10,"1880,0719.127",6,1,AKKADIAN,i-ru-ur-ma,i-ru-ur-ma,[],['CANONICAL ➝ Literature ➝ Narrative ➝ Lugal-e'],,
11,"1880,0719.127",6,3,AKKADIAN,i-te-mid,i-te-mid,[],['CANONICAL ➝ Literature ➝ Narrative ➝ Lugal-e'],,
12,"1880,0719.127",8,2,AKKADIAN,bi₂-in-ha-ha-za,bi₂-in-ha-ha-za,[],['CANONICAL ➝ Literature ➝ Narrative ➝ Lugal-e'],,
13,"1880,0719.127",9,2,AKKADIAN,i-tah-zu,i-tah-zu,[],['CANONICAL ➝ Literature ➝ Narrative ➝ Lugal-e'],,
14,"1880,0719.127",11,2,SUMERIAN,e₂,e₂,[],['CANONICAL ➝ Literature ➝ Narrative ➝ Lugal-e'],,
15,"1880,0719.127",11,4,SUMERIAN,a-gig-ga,a-gig-ga,[],['CANONICAL ➝ Literature ➝ Narrative ➝ Lugal-e'],,
16,"1880,0719.127",11,5,SUMERIAN,i-i,i-i,[],['CANONICAL ➝ Literature ➝ Narrative ➝ Lugal-e'],,
17,"1880,0719.127",12,1,AKKADIAN,su-um-ma-ti,su-um-ma-ti,[],['CANONICAL ➝ Literature ➝ Narrative ➝ Lugal-e'],,
18,"1880,0719.127",12,2,AKKADIAN,ina,ina,[],['CANONICAL ➝ Literature ➝ Narrative ➝ Lugal-e'],,
19,"1880,0719.127",12,4,AKKADIAN,mar-ṣi-iš,mar-ṣi-iš,[],['CANONICAL ➝ Literature ➝ Narrative ➝ Lugal-e'],,
20,"1880,0719.127",12,5,AKKADIAN,i-nu-uq-qu,i-nu-uq-qu,[],['CANONICAL ➝ Literature ➝ Narrative ➝ Lugal-e'],,
21,"1880,0719.127",14,2,SUMERIAN,{d}en-lil₂-la₂,{d}en-lil₂-la₂,[],['CANONICAL ➝ Literature ➝ Narrative ➝ Lugal-e'],,
22,"1880,0719.127",14,4,SUMERIAN,gu₃,gu₃,[],['CANONICAL ➝ Literature ➝ Narrative ➝ Lugal-e'],,
23,"1880,0719.127",14,5,SUMERIAN,mu-un-na-an-de₂-e,mu-un-na-an-de₂-e,[],['CANONICAL ➝ Literature ➝ Narrative ➝ Lugal-e'],,
24,"1880,0719.127",15,1,AKKADIAN,ra-bu-u₂,ra-bu-u₂,[],['CANONICAL ➝ Literature ➝ Narrative ➝ Lugal-e'],,
25,"1880,0719.127",15,2,AKKADIAN,{d}MIN,{d}MIN,[],['CANONICAL ➝ Literature ➝ Narrative ➝ Lugal-e'],,
26,"1880,0719.127",15,3,AKKADIAN,a-na,a-na,[],['CANONICAL ➝ Literature ➝ Narrative ➝ Lugal-e'],,
27,"1880,0719.127",15,5,AKKADIAN,i-šas-si,i-šas-si,[],['CANONICAL ➝ Literature ➝ Narrative ➝ Lugal-e'],,
28,"1880,0719.127",17,2,SUMERIAN,dumu-gu₁₀,dumu-gu₁₀,[],['CANONICAL ➝ Literature ➝ Narrative ➝ Lugal-e'],,
29,"1880,0719.127",17,3,SUMERIAN,la-ba-tuš,la-ba-tuš,[],['CANONICAL ➝ Literature ➝ Narrative ➝ Lugal-e'],,
30,"1880,0719.127",17,4,SUMERIAN,ga₂-e,ga₂-e,[],['CANONICAL ➝ Literature ➝ Narrative ➝ Lugal-e'],,
31,"1880,0719.127",17,6,SUMERIAN,mu-un-ak-a,mu-un-ak-a,[],['CANONICAL ➝ Literature ➝ Narrative ➝ Lugal-e'],,
32,"1880,0719.127",18,1,AKKADIAN,ma-ri,ma-ri,[],['CANONICAL ➝ Literature ➝ Narrative ➝ Lugal-e'],,
33,"1880,0719.127",18,2,AKKADIAN,ul,ul,[],['CANONICAL ➝ Literature ➝ Narrative ➝ Lugal-e'],,
34,"1880,0719.127",18,3,AKKADIAN,a-šib,a-šib,[],['CANONICAL ➝ Literature ➝ Narrative ➝ Lugal-e'],,
35,"1880,0719.127",18,4,AKKADIAN,a-na-ku,a-na-ku,[],['CANONICAL ➝ Literature ➝ Narrative ➝ Lugal-e'],,
36,"1880,0719.127",18,5,AKKADIAN,mi-na-a,mi-na-a,[],['CANONICAL ➝ Literature ➝ Narrative ➝ Lugal-e'],,
37,"1880,0719.127",20,2,SUMERIAN,teš₂,teš₂,[],['CANONICAL ➝ Literature ➝ Narrative ➝ Lugal-e'],,
38,"1880,0719.127",20,3,SUMERIAN,e₂-kur-ra,e₂-kur-ra,[],['CANONICAL ➝ Literature ➝ Narrative ➝ Lugal-e'],,
39,"1880,0719.127",20,4,SUMERIAN,rab,rab,[],['CANONICAL ➝ Literature ➝ Narrative ➝ Lugal-e'],,
40,"1880,0719.127",20,5,SUMERIAN,mah,mah,[],['CANONICAL ➝ Literature ➝ Narrative ➝ Lugal-e'],,
41,"1880,0719.127",21,1,AKKADIAN,bal-ti,bal-ti,[],['CANONICAL ➝ Literature ➝ Narrative ➝ Lugal-e'],,
42,"1880,0719.127",21,2,AKKADIAN,e₂-kur,e₂-kur,[],['CANONICAL ➝ Literature ➝ Narrative ➝ Lugal-e'],,
43,"1880,0719.127",21,3,AKKADIAN,rap-pi₂,rap-pi₂,[],['CANONICAL ➝ Literature ➝ Narrative ➝ Lugal-e'],,
44,"1880,0719.127",21,4,AKKADIAN,ṣi-i-ri,ṣi-i-ri,[],['CANONICAL ➝ Literature ➝ Narrative ➝ Lugal-e'],,
45,"1880,0719.127",21,5,AKKADIAN,ša₂,ša₂,[],['CANONICAL ➝ Literature ➝ Narrative ➝ Lugal-e'],,
46,"1880,0719.127",23,2,SUMERIAN,abzu,abzu,[],['CANONICAL ➝ Literature ➝ Narrative ➝ Lugal-e'],,
47,"1880,0719.127",23,3,SUMERIAN,mu₂-a,mu₂-a,[],['CANONICAL ➝ Literature ➝ Narrative ➝ Lugal-e'],,
48,"1880,0719.127",23,4,SUMERIAN,aga,aga,[],['CANONICAL ➝ Literature ➝ Narrative ➝ Lugal-e'],,
49,"1880,0719.127",23,5,SUMERIAN,gizzu-bi,gizzu-bi,[],['CANONICAL ➝ Literature ➝ Narrative ➝ Lugal-e'],,
50,"1880,0719.127",24,1,AKKADIAN,ša₂,ša₂,[],['CANONICAL ➝ Literature ➝ Narrative ➝ Lugal-e'],,
51,"1880,0719.127",24,2,AKKADIAN,ina,ina,[],['CANONICAL ➝ Literature ➝ Narrative ➝ Lugal-e'],,
52,"1880,0719.127",24,3,AKKADIAN,ap-si-i,ap-si-i,[],['CANONICAL ➝ Literature ➝ Narrative ➝ Lugal-e'],,
53,"1880,0719.127",24,4,AKKADIAN,ir-bu-u₂,ir-bu-u₂,[],['CANONICAL ➝ Literature ➝ Narrative ➝ Lugal-e'],,
54,"1880,0719.127",24,5,AKKADIAN,a-gu-u,a-gu-u,[],['CANONICAL ➝ Literature ➝ Narrative ➝ Lugal-e'],,
55,"1880,0719.127",24,6,AKKADIAN,ša₂,ša₂,[],['CANONICAL ➝ Literature ➝ Narrative ➝ Lugal-e'],,
56,"1880,0719.127",24,7,AKKADIAN,ṣil-la-šu₂,ṣil-la-šu₂,[],['CANONICAL ➝ Literature ➝ Narrative ➝ Lugal-e'],,
57,"1880,0719.127",28,1,AKKADIAN,ṣi-ra-a-ti,ṣi-ra-a-ti,[],['CANONICAL ➝ Literature ➝ Narrative ➝ Lugal-e'],,
58,"1880,0719.127",28,2,AKKADIAN,ša₂,ša₂,[],['CANONICAL ➝ Literature ➝ Narrative ➝ Lugal-e'],,
59,"1880,0719.127",28,4,AKKADIAN,la,la,[],['CANONICAL ➝ Literature ➝ Narrative ➝ Lugal-e'],,
60,"1880,0719.127",30,2,SUMERIAN,ki-bal-a-še₃,ki-bal-a-še₃,[],['CANONICAL ➝ Literature ➝ Narrative ➝ Lugal-e'],,
61,"1880,0719.127",30,4,SUMERIAN,zi₃-gen₇,zi₃-gen₇,[],['CANONICAL ➝ Literature ➝ Narrative ➝ Lugal-e'],,
62,"1880,0719.127",30,5,SUMERIAN,mu₃-mu₃,mu₃-mu₃,[],['CANONICAL ➝ Literature ➝ Narrative ➝ Lugal-e'],,
63,"1880,0719.127",31,1,AKKADIAN,ša₂,ša₂,[],['CANONICAL ➝ Literature ➝ Narrative ➝ Lugal-e'],,
64,"1880,0719.127",31,2,AKKADIAN,ina,ina,[],['CANONICAL ➝ Literature ➝ Narrative ➝ Lugal-e'],,
65,"1880,0719.127",31,3,AKKADIAN,KUR,KUR,[],['CANONICAL ➝ Literature ➝ Narrative ➝ Lugal-e'],,
66,"1880,0719.127",31,4,AKKADIAN,nu-kur₂-ti,nu-kur₂-ti,[],['CANONICAL ➝ Literature ➝ Narrative ➝ Lugal-e'],,
67,"1880,0719.127",31,6,AKKADIAN,ki-ma,ki-ma,[],['CANONICAL ➝ Literature ➝ Narrative ➝ Lugal-e'],,
68,"1880,0719.127",31,7,AKKADIAN,qe₂-me,qe₂-me,[],['CANONICAL ➝ Literature ➝ Narrative ➝ Lugal-e'],,
69,"1880,0719.127",31,8,AKKADIAN,i-qam-mu-u,i-qam-mu-u,[],['CANONICAL ➝ Literature ➝ Narrative ➝ Lugal-e'],,
70,"1880,0719.127",33,2,SUMERIAN,kišib-la₂,kišib-la₂,[],['CANONICAL ➝ Literature ➝ Narrative ➝ Lugal-e'],,
71,"1880,0719.127",33,4,SUMERIAN,gin-na,gin-na,[],['CANONICAL ➝ Literature ➝ Narrative ➝ Lugal-e'],,
72,"1880,0719.127",33,5,SUMERIAN,na-an-gub-be₂-en,na-an-gub-be₂-en,[],['CANONICAL ➝ Literature ➝ Narrative ➝ Lugal-e'],,
73,"1880,0719.127",34,1,AKKADIAN,u₂-maš,u₂-maš,[],['CANONICAL ➝ Literature ➝ Narrative ➝ Lugal-e'],,
74,"1880,0719.127",34,3,AKKADIAN,a-lik,a-lik,[],['CANONICAL ➝ Literature ➝ Narrative ➝ Lugal-e'],,
75,"1880,0719.127",34,4,AKKADIAN,la,la,[],['CANONICAL ➝ Literature ➝ Narrative ➝ Lugal-e'],,
76,"1880,0719.127",34,5,AKKADIAN,ka-la-a-ta,ka-la-a-ta,[],['CANONICAL ➝ Literature ➝ Narrative ➝ Lugal-e'],,
77,"1880,0719.127",37,2,SUMERIAN,a₂-sag₂,a₂-sag₂,[],['CANONICAL ➝ Literature ➝ Narrative ➝ Lugal-e'],,
78,"1880,0719.127",37,4,SUMERIAN,e₂-gar₈,e₂-gar₈,[],['CANONICAL ➝ Literature ➝ Narrative ➝ Lugal-e'],,
79,"1880,0719.127",37,5,SUMERIAN,DU₃,DU₃,[],['CANONICAL ➝ Literature ➝ Narrative ➝ Lugal-e'],,
80,"1880,0719.127",37,6,SUMERIAN,i₃-ak-a,i₃-ak-a,[],['CANONICAL ➝ Literature ➝ Narrative ➝ Lugal-e'],,
81,"1880,0719.127",39,1,AKKADIAN,LIBIR.RA.BI.GIM,LIBIR.RA.BI.GIM,[],['CANONICAL ➝ Literature ➝ Narrative ➝ Lugal-e'],,
82,"1880,0719.127",39,2,AKKADIAN,AB.SAR,AB.SAR,[],['CANONICAL ➝ Literature ➝ Narrative ➝ Lugal-e'],,
83,"1880,0719.127",39,3,AKKADIAN,BA.AN.E₃,BA.AN.E₃,[],['CANONICAL ➝ Literature ➝ Narrative ➝ Lugal-e'],,
84,"1880,0719.127",40,2,AKKADIAN,LUGAL,LUGAL,[],['CANONICAL ➝ Literature ➝ Narrative ➝ Lugal-e'],,
85,"1880,0719.127",40,3,AKKADIAN,ŠU₂,ŠU₂,[],['CANONICAL ➝ Literature ➝ Narrative ➝ Lugal-e'],,
86,"1880,0719.127",40,4,AKKADIAN,LUGAL,LUGAL,[],['CANONICAL ➝ Literature ➝ Narrative ➝ Lugal-e'],,
87,"1880,0719.127",40,5,AKKADIAN,{kur}AN.ŠAR₂{ki},{kur}AN.ŠAR₂{ki},[],['CANONICAL ➝ Literature ➝ Narrative ➝ Lugal-e'],,
88,"1880,0719.127",41,1,AKKADIAN,a-na,a-na,[],['CANONICAL ➝ Literature ➝ Narrative ➝ Lugal-e'],,
89,"1880,0719.127",41,2,AKKADIAN,{d}+AG,{d}+AG,[],['CANONICAL ➝ Literature ➝ Narrative ➝ Lugal-e'],,
90,"1880,0719.127",41,3,AKKADIAN,u,u,[],['CANONICAL ➝ Literature ➝ Narrative ➝ Lugal-e'],,
91,"1880,0719.127",41,4,AKKADIAN,{d}PAPNUN,{d}PAPNUN,[],['CANONICAL ➝ Literature ➝ Narrative ➝ Lugal-e'],,
92,"1880,0719.127",41,5,AKKADIAN,tak-lu-ma,tak-lu-ma,[],['CANONICAL ➝ Literature ➝ Narrative ➝ Lugal-e'],,
93,"1880,0719.127",41,7,AKKADIAN,GAL-tu,GAL-tu,[],['CANONICAL ➝ Literature ➝ Narrative ➝ Lugal-e'],,
94,"1880,0719.127",41,8,AKKADIAN,DINGIR-us-su-un,DINGIR-us-su-un,[],['CANONICAL ➝ Literature ➝ Narrative ➝ Lugal-e'],,
95,"1880,0719.127",42,1,AKKADIAN,su-pi-šu₂-nu,su-pi-šu₂-nu,[],['CANONICAL ➝ Literature ➝ Narrative ➝ Lugal-e'],,
96,"1880,0719.127",42,2,AKKADIAN,GEŠTU-MIN,GEŠTU-MIN,[],['CANONICAL ➝ Literature ➝ Narrative ➝ Lugal-e'],,
97,"1880,0719.127",42,4,AKKADIAN,iš-ru-ku-uš,iš-ru-ku-uš,[],['CANONICAL ➝ Literature ➝ Narrative ➝ Lugal-e'],,
98,"1880,0719.127",43,1,AKKADIAN,pal-ku-u₂-te,pal-ku-u₂-te,[],['CANONICAL ➝ Literature ➝ Narrative ➝ Lugal-e'],,
99,"1880,0719.127",43,3,AKKADIAN,ka-ras-su,ka-ras-su,[],['CANONICAL ➝ Literature ➝ Narrative ➝ Lugal-e'],,
100,"1880,0719.127",44,1,AKKADIAN,ki-ma,ki-ma,[],['CANONICAL ➝ Literature ➝ Narrative ➝ Lugal-e'],,
101,"1880,0719.127",44,2,AKKADIAN,u₂-lu,u₂-lu,[],['CANONICAL ➝ Literature ➝ Narrative ➝ Lugal-e'],,
102,"1880,0719.127",44,3,AKKADIAN,I₃.GIŠ,I₃.GIŠ,[],['CANONICAL ➝ Literature ➝ Narrative ➝ Lugal-e'],,
103,"1880,0719.127",44,5,AKKADIAN,UGU,UGU,[],['CANONICAL ➝ Literature ➝ Narrative ➝ Lugal-e'],,
104,"1880,0719.127",44,6,AKKADIAN,UN-MEŠ,UN-MEŠ,[],['CANONICAL ➝ Literature ➝ Narrative ➝ Lugal-e'],,
105,"1880,0719.127",44,7,AKKADIAN,DAGAL-MEŠ,DAGAL-MEŠ,[],['CANONICAL ➝ Literature ➝ Narrative ➝ Lugal-e'],,
