,fragment_id,fragment_line_num,index_in_line,word_language,value,clean_value,lemma,domain,place_discovery,place_composition
0,"1879,0708.276",1,2,AKKADIAN,ša₂,ša₂,[],['CANONICAL'],,
1,"1879,0708.276",1,3,AKKADIAN,SAG.KI,SAG.KI,[],['CANONICAL'],,
2,"1879,0708.276",1,4,AKKADIAN,KIMIN,KIMIN,[],['CANONICAL'],,
3,"1879,0708.276",2,2,AKKADIAN,KIMIN,KIMIN,[],['CANONICAL'],,
4,"1879,0708.276",3,2,AKKADIAN,KIMIN,KIMIN,[],['CANONICAL'],,
5,"1879,0708.276",4,2,AKKADIAN,KIMIN,KIMIN,[],['CANONICAL'],,
6,"1879,0708.276",7,1,AKKADIAN,KIMIN,KIMIN,[],['CANONICAL'],,
