,fragment_id,fragment_line_num,index_in_line,word_language,value,clean_value,lemma,domain,place_discovery,place_composition
0,"1879,0708.200",1,0,AKKADIAN,3,3,[],['ARCHIVAL ➝ Administrative'],,
1,"1879,0708.200",1,1,AKKADIAN,DUMU-MEŠ,DUMU-MEŠ,['māru I'],['ARCHIVAL ➝ Administrative'],,
2,"1879,0708.200",1,2,AKKADIAN,mah-ru-te,mah-ru-te,['mahrû I'],['ARCHIVAL ➝ Administrative'],,
3,"1879,0708.200",2,0,AKKADIAN,a-na,a-na,['ana I'],['ARCHIVAL ➝ Administrative'],,
4,"1879,0708.200",2,1,AKKADIAN,{lu₂}GID₂.DA-a-a,{lu₂}GID₂.DA-a-a,[],['ARCHIVAL ➝ Administrative'],,
5,"1879,0708.200",2,2,AKKADIAN,LU₂,LU₂,['awīlu I'],['ARCHIVAL ➝ Administrative'],,
6,"1879,0708.200",3,0,AKKADIAN,{lu₂}EN-{giš}GIGIR-MEŠ,{lu₂}EN-{giš}GIGIR-MEŠ,[],['ARCHIVAL ➝ Administrative'],,
7,"1879,0708.200",4,0,AKKADIAN,{lu₂}{giš}GIGIR-na-kam₂-te,{lu₂}{giš}GIGIR-na-kam₂-te,"['susānu I', 'nakkamtu I']",['ARCHIVAL ➝ Administrative'],,
8,"1879,0708.200",5,0,AKKADIAN,{lu₂}UM.ME.A,{lu₂}UM.ME.A,['ummiānu I'],['ARCHIVAL ➝ Administrative'],,
9,"1879,0708.200",6,0,AKKADIAN,UN-MEŠ,UN-MEŠ,['nišu I'],['ARCHIVAL ➝ Administrative'],,
10,"1879,0708.200",6,1,AKKADIAN,TUR,TUR,['ṣehru I'],['ARCHIVAL ➝ Administrative'],,
11,"1879,0708.200",6,2,AKKADIAN,GAL,GAL,['rabû I'],['ARCHIVAL ➝ Administrative'],,
12,"1879,0708.200",6,3,AKKADIAN,NITA,NITA,['zikaru I'],['ARCHIVAL ➝ Administrative'],,
13,"1879,0708.200",6,4,AKKADIAN,u,u,['u I'],['ARCHIVAL ➝ Administrative'],,
