,fragment_id,fragment_line_num,index_in_line,word_language,value,clean_value,lemma,domain,place_discovery,place_composition
0,"1880,0719.292",15,1,AKKADIAN,ṭup-šar-ru-tu₂,ṭup-šar-ru-tu₂,['ṭupšarrūtu I'],['CANONICAL ➝ Divination'],,
1,"1880,0719.292",15,2,AKKADIAN,ša,ša,['ša I'],['CANONICAL ➝ Divination'],,
2,"1880,0719.292",15,3,AKKADIAN,ina,ina,['ina I'],['CANONICAL ➝ Divination'],,
3,"1880,0719.292",15,5,AKKADIAN,a-lik,a-lik,['āliku I'],['CANONICAL ➝ Divination'],,
4,"1880,0719.292",16,1,AKKADIAN,šip-ru,šip-ru,['šipru I'],['CANONICAL ➝ Divination'],,
5,"1880,0719.292",16,2,AKKADIAN,šu-a-tu,šu-a-tu,['šuāti I'],['CANONICAL ➝ Divination'],,
6,"1880,0719.292",16,3,AKKADIAN,la,la,['lā I'],['CANONICAL ➝ Divination'],,
7,"1880,0719.292",16,4,AKKADIAN,e-hu-uz-zu,e-hu-uz-zu,['ahāzu I'],['CANONICAL ➝ Divination'],,
8,"1880,0719.292",16,5,AKKADIAN,ne₂-me-eq,ne₂-me-eq,['nēmequ I'],['CANONICAL ➝ Divination'],,
9,"1880,0719.292",16,7,AKKADIAN,ti-kip,ti-kip,['tikpu I'],['CANONICAL ➝ Divination'],,
10,"1880,0719.292",17,1,AKKADIAN,ba-aš₂-mu,ba-aš₂-mu,['bašāmu II'],['CANONICAL ➝ Divination'],,
11,"1880,0719.292",17,2,AKKADIAN,ina,ina,['ina I'],['CANONICAL ➝ Divination'],,
12,"1880,0719.292",17,3,AKKADIAN,DUB-MEŠ,DUB-MEŠ,['ṭuppu I'],['CANONICAL ➝ Divination'],,
13,"1880,0719.292",17,4,AKKADIAN,aš₂-ṭur,aš₂-ṭur,['šaṭāru II'],['CANONICAL ➝ Divination'],,
14,"1880,0719.292",17,6,AKKADIAN,ab-re-e-ma,ab-re-e-ma,['barû I'],['CANONICAL ➝ Divination'],,
15,"1880,0719.292",18,1,AKKADIAN,ta-mar-ti,ta-mar-ti,['tāmartu I'],['CANONICAL ➝ Divination'],,
16,"1880,0719.292",18,2,AKKADIAN,ši-ta-as-si-ia,ši-ta-as-si-ia,['šasû I'],['CANONICAL ➝ Divination'],,
17,"1880,0719.292",18,4,AKKADIAN,E₂.GAL-ia,E₂.GAL-ia,['ēkallu I'],['CANONICAL ➝ Divination'],,
18,"1880,0719.292",18,5,AKKADIAN,u₂-kin,u₂-kin,['kânu I'],['CANONICAL ➝ Divination'],,
