,fragment_id,fragment_line_num,index_in_line,word_language,value,clean_value,lemma,domain,place_discovery,place_composition
0,"1879,0708.61",2,4,AKKADIAN,zu,zu,[],['CANONICAL ➝ Magic (?)'],,
1,"1879,0708.61",3,1,AKKADIAN,u,u,[],['CANONICAL ➝ Magic (?)'],,
2,"1879,0708.61",3,4,AKKADIAN,mu,mu,[],['CANONICAL ➝ Magic (?)'],,
3,"1879,0708.61",3,6,AKKADIAN,sar,sar,[],['CANONICAL ➝ Magic (?)'],,
4,"1879,0708.61",4,2,AKKADIAN,ma,ma,[],['CANONICAL ➝ Magic (?)'],,
5,"1879,0708.61",4,3,AKKADIAN,giskim-me,giskim-me,[],['CANONICAL ➝ Magic (?)'],,
6,"1879,0708.61",5,4,AKKADIAN,na,na,[],['CANONICAL ➝ Magic (?)'],,
7,"1879,0708.61",5,5,AKKADIAN,agrig,agrig,[],['CANONICAL ➝ Magic (?)'],,
8,"1879,0708.61",6,1,AKKADIAN,gu-za,gu-za,[],['CANONICAL ➝ Magic (?)'],,
9,"1879,0708.61",6,3,AKKADIAN,ad-da,ad-da,[],['CANONICAL ➝ Magic (?)'],,
10,"1879,0708.61",7,3,AKKADIAN,diš,diš,[],['CANONICAL ➝ Magic (?)'],,
11,"1879,0708.61",7,4,AKKADIAN,eš/niš,eš/niš,[],['CANONICAL ➝ Magic (?)'],,
12,"1879,0708.61",11,1,AKKADIAN,i-na,i-na,[],['CANONICAL ➝ Magic (?)'],,
13,"1879,0708.61",12,2,AKKADIAN,šu-a-tu₄,šu-a-tu₄,[],['CANONICAL ➝ Magic (?)'],,
14,"1879,0708.61",13,1,AKKADIAN,{d}+AG,{d}+AG,[],['CANONICAL ➝ Magic (?)'],,
15,"1879,0708.61",13,2,AKKADIAN,ti-kip,ti-kip,[],['CANONICAL ➝ Magic (?)'],,
16,"1879,0708.61",13,4,AKKADIAN,ma-la,ma-la,[],['CANONICAL ➝ Magic (?)'],,
17,"1879,0708.61",14,2,AKKADIAN,aš₂-ṭur,aš₂-ṭur,[],['CANONICAL ➝ Magic (?)'],,
18,"1879,0708.61",14,3,AKKADIAN,as-niq,as-niq,[],['CANONICAL ➝ Magic (?)'],,
19,"1879,0708.61",15,1,AKKADIAN,ta-mar-ti,ta-mar-ti,[],['CANONICAL ➝ Magic (?)'],,
20,"1879,0708.61",15,2,AKKADIAN,ši-ta-as-si-ia,ši-ta-as-si-ia,[],['CANONICAL ➝ Magic (?)'],,
21,"1879,0708.61",16,1,AKKADIAN,E₂.GAL-ia,E₂.GAL-ia,[],['CANONICAL ➝ Magic (?)'],,
22,"1879,0708.61",17,1,AKKADIAN,NU,NU,[],['CANONICAL ➝ Magic (?)'],,
23,"1879,0708.61",17,2,AKKADIAN,TEŠ₂,TEŠ₂,[],['CANONICAL ➝ Magic (?)'],,
24,"1879,0708.61",17,3,AKKADIAN,LUGAL,LUGAL,[],['CANONICAL ➝ Magic (?)'],,
25,"1879,0708.61",17,4,AKKADIAN,DINGIR-MEŠ,DINGIR-MEŠ,[],['CANONICAL ➝ Magic (?)'],,
26,"1879,0708.61",17,5,AKKADIAN,AN.ŠAR₂,AN.ŠAR₂,[],['CANONICAL ➝ Magic (?)'],,
27,"1879,0708.61",18,3,AKKADIAN,u₃,u₃,[],['CANONICAL ➝ Magic (?)'],,
28,"1879,0708.61",18,4,AKKADIAN,lu,lu,[],['CANONICAL ➝ Magic (?)'],,
29,"1879,0708.61",18,5,AKKADIAN,MU-šu₂,MU-šu₂,[],['CANONICAL ➝ Magic (?)'],,
30,"1879,0708.61",18,6,AKKADIAN,KI,KI,[],['CANONICAL ➝ Magic (?)'],,
31,"1879,0708.61",18,7,AKKADIAN,MU-ia,MU-ia,[],['CANONICAL ➝ Magic (?)'],,
32,"1879,0708.61",19,1,AKKADIAN,u₃,u₃,[],['CANONICAL ➝ Magic (?)'],,
33,"1879,0708.61",19,2,AKKADIAN,{d}NIN.LIL₂,{d}NIN.LIL₂,[],['CANONICAL ➝ Magic (?)'],,
34,"1879,0708.61",19,6,AKKADIAN,tab,tab,[],['CANONICAL ➝ Magic (?)'],,
35,"1879,0708.61",19,7,AKKADIAN,mu,mu,[],['CANONICAL ➝ Magic (?)'],,
