,fragment_id,fragment_line_num,index_in_line,word_language,value,clean_value,lemma,domain,place_discovery,place_composition
0,"1879,0708.205",1,2,AKKADIAN,i-ru-bu,i-ru-bu,['erēbu I'],"['CANONICAL', 'CANONICAL ➝ Magic (?)']",,
1,"1879,0708.205",1,3,AKKADIAN,ina,ina,['ina I'],"['CANONICAL', 'CANONICAL ➝ Magic (?)']",,
2,"1879,0708.205",2,2,AKKADIAN,tam-li-i,tam-li-i,['tamlīu I'],"['CANONICAL', 'CANONICAL ➝ Magic (?)']",,
3,"1879,0708.205",2,3,AKKADIAN,ša₂,ša₂,['ša I'],"['CANONICAL', 'CANONICAL ➝ Magic (?)']",,
4,"1879,0708.205",2,4,AKKADIAN,ma-la-at,ma-la-at,['malû IV'],"['CANONICAL', 'CANONICAL ➝ Magic (?)']",,
5,"1879,0708.205",2,5,AKKADIAN,di-ig-lu,di-ig-lu,['diglu I'],"['CANONICAL', 'CANONICAL ➝ Magic (?)']",,
6,"1879,0708.205",3,1,AKKADIAN,la-biš,la-biš,['labāšu I'],"['CANONICAL', 'CANONICAL ➝ Magic (?)']",,
7,"1879,0708.205",3,2,AKKADIAN,ša,ša,['ša I'],"['CANONICAL', 'CANONICAL ➝ Magic (?)']",,
8,"1879,0708.205",3,3,AKKADIAN,{tug₂}GADA,{tug₂}GADA,[],"['CANONICAL', 'CANONICAL ➝ Magic (?)']",,
9,"1879,0708.205",3,4,AKKADIAN,ta-kil-te,ta-kil-te,['takiltu I'],"['CANONICAL', 'CANONICAL ➝ Magic (?)']",,
10,"1879,0708.205",4,1,AKKADIAN,ku-lu-lu,ku-lu-lu,['kulūlu I'],"['CANONICAL', 'CANONICAL ➝ Magic (?)']",,
11,"1879,0708.205",4,2,AKKADIAN,LUGAL-u-te,LUGAL-u-te,['šarrūtu I'],"['CANONICAL', 'CANONICAL ➝ Magic (?)']",,
12,"1879,0708.205",4,3,AKKADIAN,ša₂,ša₂,['ša I'],"['CANONICAL', 'CANONICAL ➝ Magic (?)']",,
13,"1879,0708.205",4,4,AKKADIAN,KU₃.GI,KU₃.GI,['hurāṣu I'],"['CANONICAL', 'CANONICAL ➝ Magic (?)']",,
14,"1879,0708.205",5,2,AKKADIAN,ša₂,ša₂,['ša I'],"['CANONICAL', 'CANONICAL ➝ Magic (?)']",,
15,"1879,0708.205",5,3,AKKADIAN,nap-ta-ni,nap-ta-ni,['naptanu I'],"['CANONICAL', 'CANONICAL ➝ Magic (?)']",,
16,"1879,0708.205",6,1,AKKADIAN,nam-ṣa-a-ti,nam-ṣa-a-ti,['lamṣu I'],"['CANONICAL', 'CANONICAL ➝ Magic (?)']",,
17,"1879,0708.205",6,2,AKKADIAN,ša₂,ša₂,['ša I'],"['CANONICAL', 'CANONICAL ➝ Magic (?)']",,
18,"1879,0708.205",6,3,AKKADIAN,KU₃.GI,KU₃.GI,['hurāṣu I'],"['CANONICAL', 'CANONICAL ➝ Magic (?)']",,
19,"1879,0708.205",7,2,AKKADIAN,GEŠTIN,GEŠTIN,['karānu I'],"['CANONICAL', 'CANONICAL ➝ Magic (?)']",,
20,"1879,0708.205",7,3,AKKADIAN,el-lu,el-lu,['ellu I'],"['CANONICAL', 'CANONICAL ➝ Magic (?)']",,
