,fragment_id,fragment_line_num,index_in_line,word_language,value,clean_value,lemma,domain,place_discovery,place_composition
0,"1881,0204.309",1,1,AKKADIAN,LUH-ma,LUH-ma,[],[],,
1,"1881,0204.309",1,3,AKKADIAN,IL₂-ma,IL₂-ma,[],[],,
2,"1881,0204.309",2,2,AKKADIAN,ZI₃.MAD.GA₂,ZI₃.MAD.GA₂,[],[],,
3,"1881,0204.309",2,3,AKKADIAN,i-sar-raq,i-sar-raq,[],[],,
4,"1881,0204.309",3,2,AKKADIAN,A,A,[],[],,
5,"1881,0204.309",3,3,AKKADIAN,SUD,SUD,[],[],,
6,"1881,0204.309",3,4,AKKADIAN,GEŠTIN,GEŠTIN,[],[],,
7,"1881,0204.309",3,5,AKKADIAN,BAL-qi₂,BAL-qi₂,[],[],,
8,"1881,0204.309",3,6,AKKADIAN,ana,ana,[],[],,
9,"1881,0204.309",3,7,AKKADIAN,{d}na-na-a,{d}na-na-a,[],[],,
10,"1881,0204.309",4,2,AKKADIAN,uri₃-gal,uri₃-gal,[],[],,
11,"1881,0204.309",4,3,AKKADIAN,u,u,[],[],,
12,"1881,0204.309",4,4,AKKADIAN,ma-ṭe-e,ma-ṭe-e,[],[],,
13,"1881,0204.309",4,5,AKKADIAN,mi-ih-ha,mi-ih-ha,[],[],,
14,"1881,0204.309",5,2,AKKADIAN,GIŠ.GI,GIŠ.GI,[],[],,
15,"1881,0204.309",5,3,AKKADIAN,ZI₃.MAD.GA₂,ZI₃.MAD.GA₂,[],[],,
16,"1881,0204.309",6,2,AKKADIAN,i-ṣab-bat-ma,i-ṣab-bat-ma,[],[],,
17,"1881,0204.309",6,3,AKKADIAN,ṣa-lam,ṣa-lam,[],[],,
18,"1881,0204.309",6,4,AKKADIAN,E₂,E₂,[],[],,
19,"1881,0204.309",6,5,AKKADIAN,i-qab-bi,i-qab-bi,[],[],,
20,"1881,0204.309",7,2,AKKADIAN,u₂-kan,u₂-kan,[],[],,
21,"1881,0204.309",7,3,AKKADIAN,mi-ih-ha,mi-ih-ha,[],[],,
22,"1881,0204.309",7,4,AKKADIAN,i-nam-din,i-nam-din,[],[],,
23,"1881,0204.309",8,3,AKKADIAN,he-pi₂,he-pi₂,[],[],,
24,"1881,0204.309",8,4,AKKADIAN,eš-šu₂,eš-šu₂,[],[],,
25,"1881,0204.309",9,2,AKKADIAN,KUR-MEŠ,KUR-MEŠ,[],[],,
26,"1881,0204.309",9,4,AKKADIAN,he-pi₂,he-pi₂,[],[],,
27,"1881,0204.309",9,5,AKKADIAN,eš-šu₂,eš-šu₂,[],[],,
28,"1881,0204.309",10,1,AKKADIAN,LUGAL,LUGAL,[],[],,
29,"1881,0204.309",10,2,AKKADIAN,a-na,a-na,[],[],,
30,"1881,0204.309",10,3,AKKADIAN,E₂,E₂,[],[],,
31,"1881,0204.309",11,2,AKKADIAN,{tug₂}UR₂,{tug₂}UR₂,[],[],,
32,"1881,0204.309",11,3,AKKADIAN,ana,ana,[],[],,
33,"1881,0204.309",11,4,AKKADIAN,{d}NA₃,{d}NA₃,[],[],,
34,"1881,0204.309",11,5,AKKADIAN,i-qar-ru-bu,i-qar-ru-bu,[],[],,
35,"1881,0204.309",12,2,AKKADIAN,{d}KIMIN,{d}KIMIN,[],[],,
36,"1881,0204.309",12,3,AKKADIAN,EGIR-šu₂,EGIR-šu₂,[],[],,
37,"1881,0204.309",12,5,AKKADIAN,he-pi₂,he-pi₂,[],[],,
38,"1881,0204.309",12,6,AKKADIAN,eš-šu₂,eš-šu₂,[],[],,
39,"1881,0204.309",13,2,AKKADIAN,lam,lam,[],[],,
40,"1881,0204.309",13,7,AKKADIAN,u₂-ŠE/BU-ba,u₂-ŠE/BU-ba,[],[],,
41,"1881,0204.309",14,4,AKKADIAN,ZI,ZI,[],[],,
