,fragment_id,fragment_line_num,index_in_line,word_language,value,clean_value,lemma,domain,place_discovery,place_composition
0,"1879,0708.254",2,2,AKKADIAN,IGI,IGI,[],['CANONICAL ➝ Divination'],,
1,"1879,0708.254",2,3,AKKADIAN,{giš}TUKUL,{giš}TUKUL,[],['CANONICAL ➝ Divination'],,
2,"1879,0708.254",2,4,AKKADIAN,{d}UTU,{d}UTU,[],['CANONICAL ➝ Divination'],,
3,"1879,0708.254",4,2,AKKADIAN,KI.KAL-MU,KI.KAL-MU,[],['CANONICAL ➝ Divination'],,
4,"1879,0708.254",4,3,AKKADIAN,KUR₂,KUR₂,[],['CANONICAL ➝ Divination'],,
5,"1879,0708.254",4,4,AKKADIAN,DIB-bat,DIB-bat,[],['CANONICAL ➝ Divination'],,
6,"1879,0708.254",5,1,AKKADIAN,ZI-bu,ZI-bu,[],['CANONICAL ➝ Divination'],,
7,"1879,0708.254",5,2,AKKADIAN,kaš-du,kaš-du,[],['CANONICAL ➝ Divination'],,
8,"1879,0708.254",6,2,AKKADIAN,ana,ana,[],['CANONICAL ➝ Divination'],,
9,"1879,0708.254",6,3,AKKADIAN,KUR!,KUR,[],['CANONICAL ➝ Divination'],,
10,"1879,0708.254",6,4,AKKADIAN,KUR₂,KUR₂,[],['CANONICAL ➝ Divination'],,
