,fragment_id,fragment_line_num,index_in_line,word_language,value,clean_value,lemma,domain,place_discovery,place_composition
0,"1879,0708.164",2,1,AKKADIAN,DINGIR,DINGIR,[],['CANONICAL ➝ Lexicography ➝ God List'],,
1,"1879,0708.164",3,2,AKKADIAN,DINGIR,DINGIR,[],['CANONICAL ➝ Lexicography ➝ God List'],,
2,"1879,0708.164",4,1,AKKADIAN,a,a,[],['CANONICAL ➝ Lexicography ➝ God List'],,
3,"1879,0708.164",4,2,AKKADIAN,DINGIR,DINGIR,[],['CANONICAL ➝ Lexicography ➝ God List'],,
4,"1879,0708.164",5,2,AKKADIAN,DINGIR,DINGIR,[],['CANONICAL ➝ Lexicography ➝ God List'],,
5,"1879,0708.164",6,1,AKKADIAN,lil₂,lil₂,[],['CANONICAL ➝ Lexicography ➝ God List'],,
6,"1879,0708.164",6,2,AKKADIAN,DINGIR,DINGIR,[],['CANONICAL ➝ Lexicography ➝ God List'],,
7,"1879,0708.164",7,1,AKKADIAN,a,a,[],['CANONICAL ➝ Lexicography ➝ God List'],,
8,"1879,0708.164",7,2,AKKADIAN,DINGIR,DINGIR,[],['CANONICAL ➝ Lexicography ➝ God List'],,
