,fragment_id,fragment_line_num,index_in_line,word_language,value,clean_value,lemma,domain,place_discovery,place_composition
0,"1881,0204.306",1,5,AKKADIAN,u₃,u₃,['u I'],['CANONICAL'],,
1,"1881,0204.306",1,6,AKKADIAN,a-na,a-na,['ana I'],['CANONICAL'],,
2,"1881,0204.306",1,7,AKKADIAN,ZAG,ZAG,['pāṭu I'],['CANONICAL'],,
3,"1881,0204.306",1,8,AKKADIAN,KUR-ka,KUR-ka,['mātu I'],['CANONICAL'],,
4,"1881,0204.306",1,9,AKKADIAN,NU,NU,['lā I'],['CANONICAL'],,
5,"1881,0204.306",1,10,AKKADIAN,TE.GA₂,TE.GA₂,['ṭehû I'],['CANONICAL'],,
6,"1881,0204.306",3,0,AKKADIAN,ZAG-BI,ZAG-BI,"['imittu I', '-šu I']",['CANONICAL'],,
7,"1881,0204.306",3,1,AKKADIAN,NU,NU,['lā I'],['CANONICAL'],,
8,"1881,0204.306",3,2,AKKADIAN,BALA-e,BALA-e,['enû III'],['CANONICAL'],,
9,"1881,0204.306",3,3,AKKADIAN,ir-ta-šu,ir-ta-šu,"['irtu I', '-šu I']",['CANONICAL'],,
10,"1881,0204.306",3,4,AKKADIAN,sa-ka-pi,sa-ka-pi,['sakāpu I'],['CANONICAL'],,
11,"1881,0204.306",3,5,AKKADIAN,a-na,a-na,['ana I'],['CANONICAL'],,
12,"1881,0204.306",3,6,AKKADIAN,e-pe-ši-ka,e-pe-ši-ka,['epēšu I'],['CANONICAL'],,
13,"1881,0204.306",5,0,AKKADIAN,i-na,i-na,['ina I'],['CANONICAL'],,
14,"1881,0204.306",5,1,AKKADIAN,ITI,ITI,['warhu I'],['CANONICAL'],,
15,"1881,0204.306",5,2,AKKADIAN,šal-me,šal-me,['šalmu I'],['CANONICAL'],,
16,"1881,0204.306",5,3,AKKADIAN,U₄,U₄,['ūmu I'],['CANONICAL'],,
17,"1881,0204.306",5,4,AKKADIAN,ŠE.GA,ŠE.GA,['mitgāru I'],['CANONICAL'],,
18,"1881,0204.306",5,5,AKKADIAN,KIN.KIN-ma,KIN.KIN-ma,"[""še'û I""]",['CANONICAL'],,
19,"1881,0204.306",5,6,AKKADIAN,{giš}TUKUL.SAG.NA₄,{giš}TUKUL.SAG.NA₄,['huppalû I'],['CANONICAL'],,
20,"1881,0204.306",5,7,AKKADIAN,ša,ša,['ša I'],['CANONICAL'],,
21,"1881,0204.306",5,8,AKKADIAN,{giš}MA.NU.TUR.TUR,{giš}MA.NU.TUR.TUR,['martû I'],['CANONICAL'],,
22,"1881,0204.306",5,9,AKKADIAN,DU₃-uš,DU₃-uš,['epēšu II'],['CANONICAL'],,
23,"1881,0204.306",6,1,AKKADIAN,ina,ina,['ina I'],['CANONICAL'],,
24,"1881,0204.306",6,5,AKKADIAN,KUR,KUR,['mātu I'],['CANONICAL'],,
25,"1881,0204.306",6,6,AKKADIAN,NU,NU,['lā I'],['CANONICAL'],,
26,"1881,0204.306",6,7,AKKADIAN,ŠE.GA,ŠE.GA,['māgiru I'],['CANONICAL'],,
27,"1881,0204.306",6,8,AKKADIAN,MU-NE,MU-NE,"['šumu I', '-šu I']",['CANONICAL'],,
28,"1881,0204.306",7,1,AKKADIAN,GE₆,GE₆,['mūšu I'],['CANONICAL'],,
29,"1881,0204.306",7,2,AKKADIAN,KI,KI,['qaqqaru I'],['CANONICAL'],,
30,"1881,0204.306",7,3,AKKADIAN,SAR,SAR,['šabāṭu II'],['CANONICAL'],,
31,"1881,0204.306",7,4,AKKADIAN,A,A,['mû I'],['CANONICAL'],,
32,"1881,0204.306",7,5,AKKADIAN,KU₃,KU₃,['ellu I'],['CANONICAL'],,
33,"1881,0204.306",7,6,AKKADIAN,SUD,SUD,['salāhu I'],['CANONICAL'],,
34,"1881,0204.306",7,8,AKKADIAN,1,1,['ištēn I'],['CANONICAL'],,
35,"1881,0204.306",7,9,AKKADIAN,ER₂.ŠA₃.HUN.GA₂,ER₂.ŠA₃.HUN.GA₂,[],['CANONICAL'],,
36,"1881,0204.306",7,10,AKKADIAN,ana,ana,['ana I'],['CANONICAL'],,
37,"1881,0204.306",7,11,AKKADIAN,{d}en-lil₂,{d}en-lil₂,['Ellil I'],['CANONICAL'],,
38,"1881,0204.306",7,12,AKKADIAN,tara-kas₂,tara-kas₂,['rakāsu I'],['CANONICAL'],,
39,"1881,0204.306",8,1,AKKADIAN,ina,ina,['ina I'],['CANONICAL'],,
40,"1881,0204.306",8,2,AKKADIAN,IGI,IGI,['pānu I'],['CANONICAL'],,
41,"1881,0204.306",8,3,AKKADIAN,KEŠDA,KEŠDA,['riksu I'],['CANONICAL'],,
42,"1881,0204.306",8,4,AKKADIAN,tuš-za-za,tuš-za-za,['izuzzu I'],['CANONICAL'],,
43,"1881,0204.306",8,6,AKKADIAN,BAL-qi₂,BAL-qi₂,['naqû I'],['CANONICAL'],,
44,"1881,0204.306",9,2,EMESAL,am-e,am-e,[],['CANONICAL'],,
45,"1881,0204.306",9,3,EMESAL,amaš-a-na,amaš-a-na,[],['CANONICAL'],,
46,"1881,0204.306",9,4,EMESAL,er₂,er₂,[],['CANONICAL'],,
47,"1881,0204.306",9,5,EMESAL,ur-sag,ur-sag,[],['CANONICAL'],,
48,"1881,0204.306",9,10,AKKADIAN,ER₂.ŠEM₃.MA,ER₂.ŠEM₃.MA,['eršemmakku I'],['CANONICAL'],,
49,"1881,0204.306",10,2,EMESAL,me-e,me-e,[],['CANONICAL'],,
50,"1881,0204.306",10,3,EMESAL,{d}+en-lil₂-le,{d}+en-lil₂-le,[],['CANONICAL'],,
51,"1881,0204.306",16,4,AKKADIAN,URU,URU,['ālu I'],['CANONICAL'],,
52,"1881,0204.306",17,1,AKKADIAN,u₃,u₃,['u I'],['CANONICAL'],,
53,"1881,0204.306",17,2,AKKADIAN,LILIZ,LILIZ,['lilissu I'],['CANONICAL'],,
54,"1881,0204.306",18,1,AKKADIAN,{d}AMAR.UTU,{d}AMAR.UTU,['Marduk I'],['CANONICAL'],,
55,"1881,0204.306",18,2,AKKADIAN,u₃,u₃,['u I'],['CANONICAL'],,
56,"1881,0204.306",18,3,AKKADIAN,DINGIR-MEŠ,DINGIR-MEŠ,['ilu I'],['CANONICAL'],,
57,"1881,0204.306",19,1,AKKADIAN,KI-šu₂,KI-šu₂,"['itti I', '-šu I']",['CANONICAL'],,
58,"1881,0204.306",19,2,AKKADIAN,sal-mu,sal-mu,['salāmu II'],['CANONICAL'],,
59,"1881,0204.306",19,3,AKKADIAN,LUGAL,LUGAL,['šarru I'],['CANONICAL'],,
60,"1881,0204.306",21,1,AKKADIAN,ša₂,ša₂,['ša I'],['CANONICAL'],,
61,"1881,0204.306",21,2,AKKADIAN,ŠU+MIN,ŠU+MIN,['qātu I'],['CANONICAL'],,
62,"1881,0204.306",21,3,AKKADIAN,{lu₂}GALA,{lu₂}GALA,['kalû III'],['CANONICAL'],,
63,"1881,0204.306",24,0,AKKADIAN,e-nu-ma,e-nu-ma,['inūma I'],['CANONICAL'],,
64,"1881,0204.306",24,1,AKKADIAN,LUGAL,LUGAL,['šarru I'],['CANONICAL'],,
65,"1881,0204.306",24,2,AKKADIAN,it-ti,it-ti,['itti I'],['CANONICAL'],,
66,"1881,0204.306",24,3,AKKADIAN,{lu₂}KUR₂-šu,{lu₂}KUR₂-šu,"['nakru I', '-šu I']",['CANONICAL'],,
67,"1881,0204.306",24,4,AKKADIAN,DU₁₄,DU₁₄,['ṣāltu I'],['CANONICAL'],,
68,"1881,0204.306",25,0,AKKADIAN,ki-i,ki-i,['kī I'],['CANONICAL'],,
69,"1881,0204.306",25,1,AKKADIAN,pi-i,pi-i,['pû I'],['CANONICAL'],,
70,"1881,0204.306",25,2,AKKADIAN,{giš}ZU-ʾi,{giš}ZU-ʾi,"[""lē'u I""]",['CANONICAL'],,
71,"1881,0204.306",25,3,AKKADIAN,GABA.RI,GABA.RI,['gabarû I'],['CANONICAL'],,
72,"1881,0204.306",25,4,AKKADIAN,TIN.TIR{ki},TIN.TIR{ki},['Babili I'],['CANONICAL'],,
73,"1881,0204.306",25,5,AKKADIAN,ša₂,ša₂,['ša I'],['CANONICAL'],,
74,"1881,0204.306",25,6,AKKADIAN,ER₂.ŠA₃.HUN.GA₂-MEŠ,ER₂.ŠA₃.HUN.GA₂-MEŠ,['eršahungû I'],['CANONICAL'],,
75,"1881,0204.306",25,7,AKKADIAN,ša₂,ša₂,['ša I'],['CANONICAL'],,
76,"1881,0204.306",25,8,AKKADIAN,ŠU-MIN,ŠU-MIN,['qātu I'],['CANONICAL'],,
77,"1881,0204.306",26,0,AKKADIAN,GALA.MAH,GALA.MAH,['galamāhu I'],['CANONICAL'],,
78,"1881,0204.306",26,1,AKKADIAN,e₂-sag-il₂,e₂-sag-il₂,['Esaggil I'],['CANONICAL'],,
79,"1881,0204.306",26,2,AKKADIAN,{m}{d}AG-NUMUN-SUM-na,{m}{d}AG-NUMUN-SUM-na,['Nabu-zer-iddin I'],['CANONICAL'],,
80,"1881,0204.306",26,3,AKKADIAN,aš₂-ta-lu-u,aš₂-ta-lu-u,['aštalû I'],['CANONICAL'],,
81,"1881,0204.306",26,4,AKKADIAN,{d}30,{d}30,['Sîn I'],['CANONICAL'],,
82,"1881,0204.306",26,5,AKKADIAN,A,A,['māru I'],['CANONICAL'],,
83,"1881,0204.306",26,6,AKKADIAN,{m}IR₃-{d}e₂-a,{m}IR₃-{d}e₂-a,['Arad-Ea I'],['CANONICAL'],,
84,"1881,0204.306",27,0,AKKADIAN,GALA.MAH,GALA.MAH,['galamāhu I'],['CANONICAL'],,
85,"1881,0204.306",27,1,AKKADIAN,{d}EN.ZU,{d}EN.ZU,['Sîn I'],['CANONICAL'],,
86,"1881,0204.306",27,2,AKKADIAN,ša₃,ša₃,['ša I'],['CANONICAL'],,
87,"1881,0204.306",27,3,AKKADIAN,ŠA₃,ŠA₃,['libbu I'],['CANONICAL'],,
88,"1881,0204.306",27,4,AKKADIAN,{uru}har-ra-an,{uru}har-ra-an,['Harran I'],['CANONICAL'],,
89,"1881,0204.306",27,5,AKKADIAN,ŠA₃.BAL.BAL,ŠA₃.BAL.BAL,['līpu I'],['CANONICAL'],,
90,"1881,0204.306",27,6,AKKADIAN,{m}MU-HE₂.GAL₂,{m}MU-HE₂.GAL₂,['Šumu-libšu I'],['CANONICAL'],,
91,"1881,0204.306",28,0,AKKADIAN,GALA.MAH,GALA.MAH,['galamāhu I'],['CANONICAL'],,
92,"1881,0204.306",28,1,AKKADIAN,e₂-sag-il₂,e₂-sag-il₂,['Esaggil I'],['CANONICAL'],,
93,"1881,0204.306",28,2,AKKADIAN,a-na,a-na,['ana I'],['CANONICAL'],,
94,"1881,0204.306",28,3,AKKADIAN,IGI.DU₈.A-šu₂,IGI.DU₈.A-šu₂,['tāmartu I'],['CANONICAL'],,
95,"1881,0204.306",28,4,AKKADIAN,iš-ṭur-ma,iš-ṭur-ma,['šaṭāru II'],['CANONICAL'],,
96,"1881,0204.306",28,5,AKKADIAN,ib-ri,ib-ri,['ibru I'],['CANONICAL'],,
97,"1881,0204.306",29,0,AKKADIAN,NIR.GAL₂-ZU,NIR.GAL₂-ZU,['takālu I'],['CANONICAL'],,
98,"1881,0204.306",29,1,AKKADIAN,NU.MU.UN.TEŠ₂,NU.MU.UN.TEŠ₂,"['ul I', 'bâšu I']",['CANONICAL'],,
99,"1881,0204.306",29,2,AKKADIAN,{d}EN.KI,{d}EN.KI,['Ea I'],['CANONICAL'],,
100,"1881,0204.306",29,3,AKKADIAN,u,u,['u I'],['CANONICAL'],,
101,"1881,0204.306",29,4,AKKADIAN,{d}asar-lu₂-hi,{d}asar-lu₂-hi,['Asalluhi I'],['CANONICAL'],,
