,fragment_id,fragment_line_num,index_in_line,word_language,value,clean_value,lemma,domain,place_discovery,place_composition
0,"1881,0204.229",0,0,AKKADIAN,DIŠ,DIŠ,[],['CANONICAL ➝ Divination ➝ Celestial'],,
1,"1881,0204.229",0,1,AKKADIAN,{mul}DIL.BAD,{mul}DIL.BAD,[],['CANONICAL ➝ Divination ➝ Celestial'],,
2,"1881,0204.229",0,2,AKKADIAN,ina,ina,[],['CANONICAL ➝ Divination ➝ Celestial'],,
3,"1881,0204.229",0,3,AKKADIAN,KASKAL,KASKAL,[],['CANONICAL ➝ Divination ➝ Celestial'],,
4,"1881,0204.229",0,4,AKKADIAN,šu-ut,šu-ut,[],['CANONICAL ➝ Divination ➝ Celestial'],,
5,"1881,0204.229",0,5,AKKADIAN,{d}a-nim,{d}a-nim,[],['CANONICAL ➝ Divination ➝ Celestial'],,
6,"1881,0204.229",0,6,AKKADIAN,IGI-ir,IGI-ir,[],['CANONICAL ➝ Divination ➝ Celestial'],,
7,"1881,0204.229",0,7,AKKADIAN,DIGIR-MEŠ,DIGIR-MEŠ,[],['CANONICAL ➝ Divination ➝ Celestial'],,
8,"1881,0204.229",0,8,AKKADIAN,KI,KI,[],['CANONICAL ➝ Divination ➝ Celestial'],,
9,"1881,0204.229",0,12,AKKADIAN,TUKU-MEŠ,TUKU-MEŠ,[],['CANONICAL ➝ Divination ➝ Celestial'],,
10,"1881,0204.229",0,13,AKKADIAN,LUGAL,LUGAL,[],['CANONICAL ➝ Divination ➝ Celestial'],,
11,"1881,0204.229",1,0,AKKADIAN,DIŠ,DIŠ,[],['CANONICAL ➝ Divination ➝ Celestial'],,
12,"1881,0204.229",1,1,AKKADIAN,{mul}DIL.BAD,{mul}DIL.BAD,[],['CANONICAL ➝ Divination ➝ Celestial'],,
13,"1881,0204.229",1,2,AKKADIAN,ina,ina,[],['CANONICAL ➝ Divination ➝ Celestial'],,
14,"1881,0204.229",1,3,AKKADIAN,KASKAL,KASKAL,[],['CANONICAL ➝ Divination ➝ Celestial'],,
15,"1881,0204.229",1,4,AKKADIAN,šu-ut,šu-ut,[],['CANONICAL ➝ Divination ➝ Celestial'],,
16,"1881,0204.229",1,5,AKKADIAN,{d}+en-lil₂,{d}+en-lil₂,[],['CANONICAL ➝ Divination ➝ Celestial'],,
17,"1881,0204.229",1,6,AKKADIAN,IGI-ir,IGI-ir,[],['CANONICAL ➝ Divination ➝ Celestial'],,
18,"1881,0204.229",1,7,AKKADIAN,DIGIR-MEŠ,DIGIR-MEŠ,[],['CANONICAL ➝ Divination ➝ Celestial'],,
19,"1881,0204.229",1,8,AKKADIAN,KI,KI,[],['CANONICAL ➝ Divination ➝ Celestial'],,
20,"1881,0204.229",1,9,AKKADIAN,KUR,KUR,[],['CANONICAL ➝ Divination ➝ Celestial'],,
21,"1881,0204.229",1,10,AKKADIAN,URI{ki},URI{ki},[],['CANONICAL ➝ Divination ➝ Celestial'],,
22,"1881,0204.229",1,11,AKKADIAN,SILIM.MA,SILIM.MA,[],['CANONICAL ➝ Divination ➝ Celestial'],,
23,"1881,0204.229",1,12,AKKADIAN,TUKU-MEŠ,TUKU-MEŠ,[],['CANONICAL ➝ Divination ➝ Celestial'],,
24,"1881,0204.229",1,13,AKKADIAN,LUGAL,LUGAL,[],['CANONICAL ➝ Divination ➝ Celestial'],,
25,"1881,0204.229",1,15,AKKADIAN,NU,NU,[],['CANONICAL ➝ Divination ➝ Celestial'],,
26,"1881,0204.229",2,0,AKKADIAN,DIŠ,DIŠ,[],['CANONICAL ➝ Divination ➝ Celestial'],,
27,"1881,0204.229",2,1,AKKADIAN,{mul}DIL.BAD,{mul}DIL.BAD,[],['CANONICAL ➝ Divination ➝ Celestial'],,
28,"1881,0204.229",2,2,AKKADIAN,ina,ina,[],['CANONICAL ➝ Divination ➝ Celestial'],,
29,"1881,0204.229",2,3,AKKADIAN,KASKAL,KASKAL,[],['CANONICAL ➝ Divination ➝ Celestial'],,
30,"1881,0204.229",2,4,AKKADIAN,šu-ut,šu-ut,[],['CANONICAL ➝ Divination ➝ Celestial'],,
31,"1881,0204.229",2,5,AKKADIAN,{d}e₂-a,{d}e₂-a,[],['CANONICAL ➝ Divination ➝ Celestial'],,
32,"1881,0204.229",2,6,AKKADIAN,IGI-ir,IGI-ir,[],['CANONICAL ➝ Divination ➝ Celestial'],,
33,"1881,0204.229",2,7,AKKADIAN,DIGIR-MEŠ,DIGIR-MEŠ,[],['CANONICAL ➝ Divination ➝ Celestial'],,
34,"1881,0204.229",2,8,AKKADIAN,KI,KI,[],['CANONICAL ➝ Divination ➝ Celestial'],,
35,"1881,0204.229",2,9,AKKADIAN,KUR,KUR,[],['CANONICAL ➝ Divination ➝ Celestial'],,
36,"1881,0204.229",2,10,AKKADIAN,MAR{ki},MAR{ki},[],['CANONICAL ➝ Divination ➝ Celestial'],,
37,"1881,0204.229",2,11,AKKADIAN,SILIM.MA,SILIM.MA,[],['CANONICAL ➝ Divination ➝ Celestial'],,
38,"1881,0204.229",2,12,AKKADIAN,TUKU-MEŠ,TUKU-MEŠ,[],['CANONICAL ➝ Divination ➝ Celestial'],,
39,"1881,0204.229",2,13,AKKADIAN,LUGAL,LUGAL,[],['CANONICAL ➝ Divination ➝ Celestial'],,
40,"1881,0204.229",2,14,AKKADIAN,MAR{ki},MAR{ki},[],['CANONICAL ➝ Divination ➝ Celestial'],,
41,"1881,0204.229",2,16,AKKADIAN,NU,NU,[],['CANONICAL ➝ Divination ➝ Celestial'],,
42,"1881,0204.229",3,0,AKKADIAN,DIŠ,DIŠ,[],['CANONICAL ➝ Divination ➝ Celestial'],,
43,"1881,0204.229",3,1,AKKADIAN,{mul}DIL.BAD,{mul}DIL.BAD,[],['CANONICAL ➝ Divination ➝ Celestial'],,
44,"1881,0204.229",3,2,AKKADIAN,ina,ina,[],['CANONICAL ➝ Divination ➝ Celestial'],,
45,"1881,0204.229",3,3,AKKADIAN,RI,RI,[],['CANONICAL ➝ Divination ➝ Celestial'],,
46,"1881,0204.229",3,4,AKKADIAN,BI,BI,[],['CANONICAL ➝ Divination ➝ Celestial'],,
47,"1881,0204.229",3,5,AKKADIAN,KASKAL,KASKAL,[],['CANONICAL ➝ Divination ➝ Celestial'],,
48,"1881,0204.229",3,6,AKKADIAN,šu-ut,šu-ut,[],['CANONICAL ➝ Divination ➝ Celestial'],,
49,"1881,0204.229",3,7,AKKADIAN,{d}a-nim,{d}a-nim,[],['CANONICAL ➝ Divination ➝ Celestial'],,
50,"1881,0204.229",3,8,AKKADIAN,IGI-ir,IGI-ir,[],['CANONICAL ➝ Divination ➝ Celestial'],,
51,"1881,0204.229",4,1,AKKADIAN,{mul}DIL.BAD,{mul}DIL.BAD,[],['CANONICAL ➝ Divination ➝ Celestial'],,
52,"1881,0204.229",4,2,AKKADIAN,ina,ina,[],['CANONICAL ➝ Divination ➝ Celestial'],,
53,"1881,0204.229",4,3,AKKADIAN,RI,RI,[],['CANONICAL ➝ Divination ➝ Celestial'],,
54,"1881,0204.229",4,4,AKKADIAN,BI,BI,[],['CANONICAL ➝ Divination ➝ Celestial'],,
55,"1881,0204.229",4,5,AKKADIAN,KASKAL,KASKAL,[],['CANONICAL ➝ Divination ➝ Celestial'],,
56,"1881,0204.229",4,6,AKKADIAN,šu-ut,šu-ut,[],['CANONICAL ➝ Divination ➝ Celestial'],,
57,"1881,0204.229",4,7,AKKADIAN,{d}+en.lil₂,{d}+en.lil₂,[],['CANONICAL ➝ Divination ➝ Celestial'],,
58,"1881,0204.229",4,8,AKKADIAN,IGI-ir,IGI-ir,[],['CANONICAL ➝ Divination ➝ Celestial'],,
59,"1881,0204.229",5,2,AKKADIAN,i-na,i-na,[],['CANONICAL ➝ Divination ➝ Celestial'],,
60,"1881,0204.229",5,3,AKKADIAN,RI,RI,[],['CANONICAL ➝ Divination ➝ Celestial'],,
61,"1881,0204.229",5,4,AKKADIAN,BI,BI,[],['CANONICAL ➝ Divination ➝ Celestial'],,
62,"1881,0204.229",5,5,AKKADIAN,KASKAL,KASKAL,[],['CANONICAL ➝ Divination ➝ Celestial'],,
63,"1881,0204.229",5,6,AKKADIAN,šu-ut,šu-ut,[],['CANONICAL ➝ Divination ➝ Celestial'],,
64,"1881,0204.229",5,7,AKKADIAN,{d}e₂-a,{d}e₂-a,[],['CANONICAL ➝ Divination ➝ Celestial'],,
65,"1881,0204.229",5,8,AKKADIAN,IGI-ir,IGI-ir,[],['CANONICAL ➝ Divination ➝ Celestial'],,
66,"1881,0204.229",6,1,AKKADIAN,{mul}DIL.BAD,{mul}DIL.BAD,[],['CANONICAL ➝ Divination ➝ Celestial'],,
67,"1881,0204.229",6,3,AKKADIAN,RI,RI,[],['CANONICAL ➝ Divination ➝ Celestial'],,
68,"1881,0204.229",6,4,AKKADIAN,BI,BI,[],['CANONICAL ➝ Divination ➝ Celestial'],,
69,"1881,0204.229",6,5,AKKADIAN,KASKAL,KASKAL,[],['CANONICAL ➝ Divination ➝ Celestial'],,
70,"1881,0204.229",6,6,AKKADIAN,šu-ut,šu-ut,[],['CANONICAL ➝ Divination ➝ Celestial'],,
71,"1881,0204.229",6,7,AKKADIAN,{d}a-nim,{d}a-nim,[],['CANONICAL ➝ Divination ➝ Celestial'],,
72,"1881,0204.229",6,8,AKKADIAN,i-kun,i-kun,[],['CANONICAL ➝ Divination ➝ Celestial'],,
73,"1881,0204.229",7,1,AKKADIAN,{mul}DIL.BAD,{mul}DIL.BAD,[],['CANONICAL ➝ Divination ➝ Celestial'],,
74,"1881,0204.229",7,2,AKKADIAN,i-na,i-na,[],['CANONICAL ➝ Divination ➝ Celestial'],,
75,"1881,0204.229",7,4,AKKADIAN,BI,BI,[],['CANONICAL ➝ Divination ➝ Celestial'],,
76,"1881,0204.229",7,5,AKKADIAN,KASKAL,KASKAL,[],['CANONICAL ➝ Divination ➝ Celestial'],,
77,"1881,0204.229",7,6,AKKADIAN,šu-ut,šu-ut,[],['CANONICAL ➝ Divination ➝ Celestial'],,
78,"1881,0204.229",7,7,AKKADIAN,{d}en.lil₂,{d}en.lil₂,[],['CANONICAL ➝ Divination ➝ Celestial'],,
79,"1881,0204.229",7,8,AKKADIAN,i-kun,i-kun,[],['CANONICAL ➝ Divination ➝ Celestial'],,
80,"1881,0204.229",8,1,AKKADIAN,{mul}DIL.BAD,{mul}DIL.BAD,[],['CANONICAL ➝ Divination ➝ Celestial'],,
81,"1881,0204.229",8,2,AKKADIAN,i-na,i-na,[],['CANONICAL ➝ Divination ➝ Celestial'],,
82,"1881,0204.229",8,3,AKKADIAN,RI,RI,[],['CANONICAL ➝ Divination ➝ Celestial'],,
83,"1881,0204.229",8,5,AKKADIAN,KASKAL,KASKAL,[],['CANONICAL ➝ Divination ➝ Celestial'],,
84,"1881,0204.229",8,6,AKKADIAN,šu-ut,šu-ut,[],['CANONICAL ➝ Divination ➝ Celestial'],,
85,"1881,0204.229",8,7,AKKADIAN,{d}e₂-a,{d}e₂-a,[],['CANONICAL ➝ Divination ➝ Celestial'],,
86,"1881,0204.229",8,8,AKKADIAN,i-kun,i-kun,[],['CANONICAL ➝ Divination ➝ Celestial'],,
87,"1881,0204.229",9,1,AKKADIAN,{mul}DIL.BAD,{mul}DIL.BAD,[],['CANONICAL ➝ Divination ➝ Celestial'],,
88,"1881,0204.229",9,2,AKKADIAN,ina,ina,[],['CANONICAL ➝ Divination ➝ Celestial'],,
89,"1881,0204.229",9,3,AKKADIAN,KASKAL,KASKAL,[],['CANONICAL ➝ Divination ➝ Celestial'],,
90,"1881,0204.229",9,4,AKKADIAN,šu-ut,šu-ut,[],['CANONICAL ➝ Divination ➝ Celestial'],,
91,"1881,0204.229",9,6,AKKADIAN,IGI-ma,IGI-ma,[],['CANONICAL ➝ Divination ➝ Celestial'],,
92,"1881,0204.229",9,7,AKKADIAN,i-na,i-na,[],['CANONICAL ➝ Divination ➝ Celestial'],,
93,"1881,0204.229",9,8,AKKADIAN,RI,RI,[],['CANONICAL ➝ Divination ➝ Celestial'],,
94,"1881,0204.229",9,9,AKKADIAN,BI,BI,[],['CANONICAL ➝ Divination ➝ Celestial'],,
95,"1881,0204.229",9,10,AKKADIAN,KASKAL,KASKAL,[],['CANONICAL ➝ Divination ➝ Celestial'],,
96,"1881,0204.229",9,11,AKKADIAN,šu-ut,šu-ut,[],['CANONICAL ➝ Divination ➝ Celestial'],,
97,"1881,0204.229",9,12,AKKADIAN,{d}a-nim,{d}a-nim,[],['CANONICAL ➝ Divination ➝ Celestial'],,
98,"1881,0204.229",9,13,AKKADIAN,i-kun,i-kun,[],['CANONICAL ➝ Divination ➝ Celestial'],,
99,"1881,0204.229",10,1,AKKADIAN,{mul}DIL.BAD,{mul}DIL.BAD,[],['CANONICAL ➝ Divination ➝ Celestial'],,
100,"1881,0204.229",10,2,AKKADIAN,ina,ina,[],['CANONICAL ➝ Divination ➝ Celestial'],,
101,"1881,0204.229",10,3,AKKADIAN,KASKAL,KASKAL,[],['CANONICAL ➝ Divination ➝ Celestial'],,
102,"1881,0204.229",10,4,AKKADIAN,šu-ut,šu-ut,[],['CANONICAL ➝ Divination ➝ Celestial'],,
103,"1881,0204.229",10,5,AKKADIAN,{d}+en.lil₂,{d}+en.lil₂,[],['CANONICAL ➝ Divination ➝ Celestial'],,
104,"1881,0204.229",10,7,AKKADIAN,i-na,i-na,[],['CANONICAL ➝ Divination ➝ Celestial'],,
105,"1881,0204.229",10,8,AKKADIAN,RI,RI,[],['CANONICAL ➝ Divination ➝ Celestial'],,
106,"1881,0204.229",10,9,AKKADIAN,BI,BI,[],['CANONICAL ➝ Divination ➝ Celestial'],,
107,"1881,0204.229",10,10,AKKADIAN,KASKAL,KASKAL,[],['CANONICAL ➝ Divination ➝ Celestial'],,
108,"1881,0204.229",10,11,AKKADIAN,šu-ut,šu-ut,[],['CANONICAL ➝ Divination ➝ Celestial'],,
109,"1881,0204.229",10,12,AKKADIAN,{d}+en.lil₂,{d}+en.lil₂,[],['CANONICAL ➝ Divination ➝ Celestial'],,
110,"1881,0204.229",10,13,AKKADIAN,i-kun,i-kun,[],['CANONICAL ➝ Divination ➝ Celestial'],,
111,"1881,0204.229",11,1,AKKADIAN,{mul}DIL.BAD,{mul}DIL.BAD,[],['CANONICAL ➝ Divination ➝ Celestial'],,
112,"1881,0204.229",11,2,AKKADIAN,ina,ina,[],['CANONICAL ➝ Divination ➝ Celestial'],,
113,"1881,0204.229",11,3,AKKADIAN,KASKAL,KASKAL,[],['CANONICAL ➝ Divination ➝ Celestial'],,
114,"1881,0204.229",11,4,AKKADIAN,šu-ut,šu-ut,[],['CANONICAL ➝ Divination ➝ Celestial'],,
115,"1881,0204.229",11,5,AKKADIAN,{d}e₂-a,{d}e₂-a,[],['CANONICAL ➝ Divination ➝ Celestial'],,
116,"1881,0204.229",11,6,AKKADIAN,IGI-ma,IGI-ma,[],['CANONICAL ➝ Divination ➝ Celestial'],,
117,"1881,0204.229",11,8,AKKADIAN,RI,RI,[],['CANONICAL ➝ Divination ➝ Celestial'],,
118,"1881,0204.229",11,9,AKKADIAN,BI,BI,[],['CANONICAL ➝ Divination ➝ Celestial'],,
119,"1881,0204.229",11,10,AKKADIAN,KASKAL,KASKAL,[],['CANONICAL ➝ Divination ➝ Celestial'],,
120,"1881,0204.229",11,11,AKKADIAN,šu-ut,šu-ut,[],['CANONICAL ➝ Divination ➝ Celestial'],,
121,"1881,0204.229",11,12,AKKADIAN,{d}e₂-a,{d}e₂-a,[],['CANONICAL ➝ Divination ➝ Celestial'],,
122,"1881,0204.229",11,13,AKKADIAN,i-kun,i-kun,[],['CANONICAL ➝ Divination ➝ Celestial'],,
123,"1881,0204.229",12,1,AKKADIAN,i-na,i-na,[],['CANONICAL ➝ Divination ➝ Celestial'],,
124,"1881,0204.229",12,3,AKKADIAN,BI,BI,[],['CANONICAL ➝ Divination ➝ Celestial'],,
125,"1881,0204.229",12,4,AKKADIAN,KASKAL,KASKAL,[],['CANONICAL ➝ Divination ➝ Celestial'],,
126,"1881,0204.229",12,5,AKKADIAN,šu-ut,šu-ut,[],['CANONICAL ➝ Divination ➝ Celestial'],,
127,"1881,0204.229",12,6,AKKADIAN,{d}+en-lil₂,{d}+en-lil₂,[],['CANONICAL ➝ Divination ➝ Celestial'],,
128,"1881,0204.229",12,7,AKKADIAN,i-kun,i-kun,[],['CANONICAL ➝ Divination ➝ Celestial'],,
129,"1881,0204.229",13,1,AKKADIAN,{d}e₂-a,{d}e₂-a,[],['CANONICAL ➝ Divination ➝ Celestial'],,
130,"1881,0204.229",13,2,AKKADIAN,i-kun,i-kun,[],['CANONICAL ➝ Divination ➝ Celestial'],,
131,"1881,0204.229",14,1,AKKADIAN,i-kun,i-kun,[],['CANONICAL ➝ Divination ➝ Celestial'],,
