,fragment_id,fragment_line_num,index_in_line,word_language,value,clean_value,lemma,domain,place_discovery,place_composition
0,"1879,0708.66",1,0,AKKADIAN,EN₂,EN₂,['šiptu I'],['CANONICAL ➝ Magic ➝ Varia ➝ Zuburudabeda'],,
1,"1879,0708.66",1,2,AKKADIAN,EN,EN,['bēlu I'],['CANONICAL ➝ Magic ➝ Varia ➝ Zuburudabeda'],,
2,"1879,0708.66",1,4,AKKADIAN,e₂-kur,e₂-kur,['Ēkur I'],['CANONICAL ➝ Magic ➝ Varia ➝ Zuburudabeda'],,
3,"1879,0708.66",2,1,AKKADIAN,ṣi-i-ru,ṣi-i-ru,['ṣīru I'],['CANONICAL ➝ Magic ➝ Varia ➝ Zuburudabeda'],,
4,"1879,0708.66",2,2,AKKADIAN,ka-šid,ka-šid,['kāšidu I'],['CANONICAL ➝ Magic ➝ Varia ➝ Zuburudabeda'],,
5,"1879,0708.66",2,3,AKKADIAN,an-zi-i,an-zi-i,['Anzû I'],['CANONICAL ➝ Magic ➝ Varia ➝ Zuburudabeda'],,
6,"1879,0708.66",3,1,AKKADIAN,a-sak-ki,a-sak-ki,['asakku I'],['CANONICAL ➝ Magic ➝ Varia ➝ Zuburudabeda'],,
7,"1879,0708.66",3,2,AKKADIAN,mu-šam-qit,mu-šam-qit,['maqātu I'],['CANONICAL ➝ Magic ➝ Varia ➝ Zuburudabeda'],,
8,"1879,0708.66",4,0,AKKADIAN,qar-ra-du,qar-ra-du,['qarrādu I'],['CANONICAL ➝ Magic ➝ Varia ➝ Zuburudabeda'],,
9,"1879,0708.66",4,1,AKKADIAN,šit-ra-hu,šit-ra-hu,['šitrāhu I'],['CANONICAL ➝ Magic ➝ Varia ➝ Zuburudabeda'],,
10,"1879,0708.66",4,2,AKKADIAN,i-lit-ti,i-lit-ti,['ilittu I'],['CANONICAL ➝ Magic ➝ Varia ➝ Zuburudabeda'],,
11,"1879,0708.66",4,3,AKKADIAN,e₂-šar₂-ra,e₂-šar₂-ra,['Ešarra I'],['CANONICAL ➝ Magic ➝ Varia ➝ Zuburudabeda'],,
12,"1879,0708.66",5,0,AKKADIAN,DU₃-ut,DU₃-ut,['binûtu I'],['CANONICAL ➝ Magic ➝ Varia ➝ Zuburudabeda'],,
13,"1879,0708.66",5,1,AKKADIAN,{d}+en-lil₂,{d}+en-lil₂,['Ellil I'],['CANONICAL ➝ Magic ➝ Varia ➝ Zuburudabeda'],,
14,"1879,0708.66",5,2,AKKADIAN,u,u,['u I'],['CANONICAL ➝ Magic ➝ Varia ➝ Zuburudabeda'],,
15,"1879,0708.66",5,3,AKKADIAN,{d}nin-lil₂,{d}nin-lil₂,['Ninlil I'],['CANONICAL ➝ Magic ➝ Varia ➝ Zuburudabeda'],,
16,"1879,0708.66",5,4,AKKADIAN,ša₂,ša₂,['ša I'],['CANONICAL ➝ Magic ➝ Varia ➝ Zuburudabeda'],,
17,"1879,0708.66",5,5,AKKADIAN,ra-šub-bata,ra-šub-bata,[],['CANONICAL ➝ Magic ➝ Varia ➝ Zuburudabeda'],,
18,"1879,0708.66",6,0,AKKADIAN,EN,EN,['bēlu I'],['CANONICAL ➝ Magic ➝ Varia ➝ Zuburudabeda'],,
19,"1879,0708.66",6,2,AKKADIAN,{giš}AŠ.TE,{giš}AŠ.TE,['kussû I'],['CANONICAL ➝ Magic ➝ Varia ➝ Zuburudabeda'],,
20,"1879,0708.66",6,3,AKKADIAN,BAL-e,BAL-e,['palû I'],['CANONICAL ➝ Magic ➝ Varia ➝ Zuburudabeda'],,
21,"1879,0708.66",7,0,AKKADIAN,ša₂-pik,ša₂-pik,['šapāku I'],['CANONICAL ➝ Magic ➝ Varia ➝ Zuburudabeda'],,
22,"1879,0708.66",7,1,AKKADIAN,NUMUN,NUMUN,['zēru II'],['CANONICAL ➝ Magic ➝ Varia ➝ Zuburudabeda'],,
23,"1879,0708.66",7,2,AKKADIAN,{d}a-la-la,{d}a-la-la,['Alalu I'],['CANONICAL ➝ Magic ➝ Varia ➝ Zuburudabeda'],,
24,"1879,0708.66",7,3,AKKADIAN,ana,ana,['ana I'],['CANONICAL ➝ Magic ➝ Varia ➝ Zuburudabeda'],,
25,"1879,0708.66",7,4,AKKADIAN,KI,KI,['erṣetu I'],['CANONICAL ➝ Magic ➝ Varia ➝ Zuburudabeda'],,
26,"1879,0708.66",7,5,AKKADIAN,DAGAL-ti,DAGAL-ti,['rapšu I'],['CANONICAL ➝ Magic ➝ Varia ➝ Zuburudabeda'],,
27,"1879,0708.66",7,6,AKKADIAN,na-din,na-din,['nādinu I'],['CANONICAL ➝ Magic ➝ Varia ➝ Zuburudabeda'],,
28,"1879,0708.66",8,0,AKKADIAN,mu-pal-lik,mu-pal-lik,['palāku I'],['CANONICAL ➝ Magic ➝ Varia ➝ Zuburudabeda'],,
29,"1879,0708.66",8,1,AKKADIAN,pil-ki,pil-ki,['pilku II'],['CANONICAL ➝ Magic ➝ Varia ➝ Zuburudabeda'],,
30,"1879,0708.66",8,2,AKKADIAN,be-lu₄,be-lu₄,['bēlu I'],['CANONICAL ➝ Magic ➝ Varia ➝ Zuburudabeda'],,
31,"1879,0708.66",8,3,AKKADIAN,ti-ra-nu-u₂,ti-ra-nu-u₂,['tīrānû I'],['CANONICAL ➝ Magic ➝ Varia ➝ Zuburudabeda'],,
32,"1879,0708.66",8,4,AKKADIAN,ša₂,ša₂,['ša I'],['CANONICAL ➝ Magic ➝ Varia ➝ Zuburudabeda'],,
33,"1879,0708.66",9,0,AKKADIAN,ana-ku,ana-ku,['anāku I'],['CANONICAL ➝ Magic ➝ Varia ➝ Zuburudabeda'],,
34,"1879,0708.66",9,2,AKKADIAN,ša₂,ša₂,['ša I'],['CANONICAL ➝ Magic ➝ Varia ➝ Zuburudabeda'],,
35,"1879,0708.66",9,3,AKKADIAN,{d}e₂-a,{d}e₂-a,['Ea I'],['CANONICAL ➝ Magic ➝ Varia ➝ Zuburudabeda'],,
36,"1879,0708.66",9,4,AKKADIAN,u,u,['u I'],['CANONICAL ➝ Magic ➝ Varia ➝ Zuburudabeda'],,
37,"1879,0708.66",9,6,AKKADIAN,al-si-ka,al-si-ka,"['šasû I', '-ka I']",['CANONICAL ➝ Magic ➝ Varia ➝ Zuburudabeda'],,
38,"1879,0708.66",10,1,AKKADIAN,rik-sa,rik-sa,['riksu I'],['CANONICAL ➝ Magic ➝ Varia ➝ Zuburudabeda'],,
39,"1879,0708.66",10,2,AKKADIAN,KU₃,KU₃,['ellu I'],['CANONICAL ➝ Magic ➝ Varia ➝ Zuburudabeda'],,
40,"1879,0708.66",10,3,AKKADIAN,ni-qu-u,ni-qu-u,['nīqu I'],['CANONICAL ➝ Magic ➝ Varia ➝ Zuburudabeda'],,
41,"1879,0708.66",10,4,AKKADIAN,eb-bu,eb-bu,['ebbu I'],['CANONICAL ➝ Magic ➝ Varia ➝ Zuburudabeda'],,
42,"1879,0708.66",11,1,AKKADIAN,da-aš₂-pa,da-aš₂-pa,['dašpu I'],['CANONICAL ➝ Magic ➝ Varia ➝ Zuburudabeda'],,
43,"1879,0708.66",11,3,AKKADIAN,si-mat,si-mat,['simtu I'],['CANONICAL ➝ Magic ➝ Varia ➝ Zuburudabeda'],,
44,"1879,0708.66",12,2,AKKADIAN,SAG.KAL,SAG.KAL,['ašarēdu I'],['CANONICAL ➝ Magic ➝ Varia ➝ Zuburudabeda'],,
45,"1879,0708.66",16,0,AKKADIAN,man-nu,man-nu,['mannu I'],['CANONICAL ➝ Magic ➝ Varia ➝ Zuburudabeda'],,
46,"1879,0708.66",16,2,AKKADIAN,TUM₃,TUM₃,['tabālu I'],['CANONICAL ➝ Magic ➝ Varia ➝ Zuburudabeda'],,
47,"1879,0708.66",16,3,AKKADIAN,u,u,['u I'],['CANONICAL ➝ Magic ➝ Varia ➝ Zuburudabeda'],,
48,"1879,0708.66",16,4,AKKADIAN,lu-u,lu-u,['lū I'],['CANONICAL ➝ Magic ➝ Varia ➝ Zuburudabeda'],,
49,"1879,0708.66",16,5,AKKADIAN,MU-šu₂,MU-šu₂,"['šumu I', '-šu I']",['CANONICAL ➝ Magic ➝ Varia ➝ Zuburudabeda'],,
50,"1879,0708.66",16,6,AKKADIAN,KI,KI,['itti I'],['CANONICAL ➝ Magic ➝ Varia ➝ Zuburudabeda'],,
51,"1879,0708.66",16,7,AKKADIAN,MU-ia,MU-ia,['šumu I'],['CANONICAL ➝ Magic ➝ Varia ➝ Zuburudabeda'],,
52,"1879,0708.66",17,0,AKKADIAN,AN.ŠAR₂,AN.ŠAR₂,['Aššur I'],['CANONICAL ➝ Magic ➝ Varia ➝ Zuburudabeda'],,
53,"1879,0708.66",17,1,AKKADIAN,u,u,['u I'],['CANONICAL ➝ Magic ➝ Varia ➝ Zuburudabeda'],,
54,"1879,0708.66",17,3,AKKADIAN,ag-giš,ag-giš,['aggiš I'],['CANONICAL ➝ Magic ➝ Varia ➝ Zuburudabeda'],,
55,"1879,0708.66",17,4,AKKADIAN,ez-zi-iš,ez-zi-iš,['ezziš I'],['CANONICAL ➝ Magic ➝ Varia ➝ Zuburudabeda'],,
56,"1879,0708.66",18,0,AKKADIAN,MU-šu₂,MU-šu₂,"['šumu I', '-šu I']",['CANONICAL ➝ Magic ➝ Varia ➝ Zuburudabeda'],,
57,"1879,0708.66",18,1,AKKADIAN,NUMUN-šu₂,NUMUN-šu₂,"['zēru II', '-šu I']",['CANONICAL ➝ Magic ➝ Varia ➝ Zuburudabeda'],,
58,"1879,0708.66",18,2,AKKADIAN,ina,ina,['ina I'],['CANONICAL ➝ Magic ➝ Varia ➝ Zuburudabeda'],,
59,"1879,0708.66",18,3,AKKADIAN,KUR,KUR,['mātu I'],['CANONICAL ➝ Magic ➝ Varia ➝ Zuburudabeda'],,
