,fragment_id,fragment_line_num,index_in_line,word_language,value,clean_value,lemma,domain,place_discovery,place_composition
0,"1879,0708.75",1,3,EMESAL,ši,ši,[],['CANONICAL ➝ Literature ➝ Lamentations'],,
1,"1879,0708.75",1,4,EMESAL,en₃-še₃,en₃-še₃,[],['CANONICAL ➝ Literature ➝ Lamentations'],,
2,"1879,0708.75",2,3,AKKADIAN,it-taš-kan,it-taš-kan,[],['CANONICAL ➝ Literature ➝ Lamentations'],,
3,"1879,0708.75",2,4,AKKADIAN,a-di,a-di,[],['CANONICAL ➝ Literature ➝ Lamentations'],,
4,"1879,0708.75",2,5,AKKADIAN,ma-ti₃,ma-ti₃,[],['CANONICAL ➝ Literature ➝ Lamentations'],,
5,"1879,0708.75",3,3,EMESAL,mu-un-di-di,mu-un-di-di,[],['CANONICAL ➝ Literature ➝ Lamentations'],,
6,"1879,0708.75",4,2,AKKADIAN,i-la-as-su-mu,i-la-as-su-mu,[],['CANONICAL ➝ Literature ➝ Lamentations'],,
7,"1879,0708.75",6,2,AKKADIAN,i-qab-bi,i-qab-bi,[],['CANONICAL ➝ Literature ➝ Lamentations'],,
