,fragment_id,fragment_line_num,index_in_line,word_language,value,clean_value,lemma,domain,place_discovery,place_composition
0,"1879,0708.5",0,2,AKKADIAN,pa/giš,pa/giš,[],['MONUMENTAL (?)'],,
1,"1879,0708.5",1,1,AKKADIAN,ni,ni,[],['MONUMENTAL (?)'],,
2,"1879,0708.5",1,2,AKKADIAN,šu,šu,[],['MONUMENTAL (?)'],,
3,"1879,0708.5",2,1,AKKADIAN,ni,ni,[],['MONUMENTAL (?)'],,
4,"1879,0708.5",2,3,AKKADIAN,GIR₃-MIN-šu/na,GIR₃-MIN-šu/na,[],['MONUMENTAL (?)'],,
5,"1879,0708.5",3,2,AKKADIAN,šu₂,šu₂,[],['MONUMENTAL (?)'],,
6,"1879,0708.5",4,2,AKKADIAN,šu,šu,[],['MONUMENTAL (?)'],,
7,"1879,0708.5",4,4,AKKADIAN,i+na,i+na,[],['MONUMENTAL (?)'],,
8,"1879,0708.5",4,5,AKKADIAN,ma,ma,[],['MONUMENTAL (?)'],,
9,"1879,0708.5",5,1,AKKADIAN,u₂,u₂,[],['MONUMENTAL (?)'],,
10,"1879,0708.5",5,2,AKKADIAN,ni,ni,[],['MONUMENTAL (?)'],,
11,"1879,0708.5",5,3,AKKADIAN,ma-a,ma-a,[],['MONUMENTAL (?)'],,
12,"1879,0708.5",6,2,AKKADIAN,na,na,[],['MONUMENTAL (?)'],,
