,fragment_id,fragment_line_num,index_in_line,word_language,value,clean_value,lemma,domain,place_discovery,place_composition
0,"1881,0204.236",1,0,AKKADIAN,BE,BE,[],['CANONICAL ➝ Divination ➝ Extispicy'],,
1,"1881,0204.236",2,0,AKKADIAN,BE,BE,[],['CANONICAL ➝ Divination ➝ Extispicy'],,
2,"1881,0204.236",2,1,AKKADIAN,ina,ina,[],['CANONICAL ➝ Divination ➝ Extispicy'],,
3,"1881,0204.236",2,3,AKKADIAN,15,15,[],['CANONICAL ➝ Divination ➝ Extispicy'],,
4,"1881,0204.236",2,4,AKKADIAN,,,[],['CANONICAL ➝ Divination ➝ Extispicy'],,
5,"1881,0204.236",3,0,AKKADIAN,BE,BE,[],['CANONICAL ➝ Divination ➝ Extispicy'],,
6,"1881,0204.236",3,1,AKKADIAN,ina,ina,[],['CANONICAL ➝ Divination ➝ Extispicy'],,
7,"1881,0204.236",3,2,AKKADIAN,SAG,SAG,[],['CANONICAL ➝ Divination ➝ Extispicy'],,
8,"1881,0204.236",3,3,AKKADIAN,15,15,[],['CANONICAL ➝ Divination ➝ Extispicy'],,
9,"1881,0204.236",3,4,AKKADIAN,,,[],['CANONICAL ➝ Divination ➝ Extispicy'],,
10,"1881,0204.236",3,5,AKKADIAN,{giš}TUKUL,{giš}TUKUL,[],['CANONICAL ➝ Divination ➝ Extispicy'],,
11,"1881,0204.236",4,0,AKKADIAN,BE,BE,[],['CANONICAL ➝ Divination ➝ Extispicy'],,
12,"1881,0204.236",4,1,AKKADIAN,ina,ina,[],['CANONICAL ➝ Divination ➝ Extispicy'],,
13,"1881,0204.236",4,2,AKKADIAN,MURU₄,MURU₄,[],['CANONICAL ➝ Divination ➝ Extispicy'],,
14,"1881,0204.236",4,3,AKKADIAN,15,15,[],['CANONICAL ➝ Divination ➝ Extispicy'],,
15,"1881,0204.236",4,4,AKKADIAN,,,[],['CANONICAL ➝ Divination ➝ Extispicy'],,
16,"1881,0204.236",4,5,AKKADIAN,{giš}TUKUL,{giš}TUKUL,[],['CANONICAL ➝ Divination ➝ Extispicy'],,
17,"1881,0204.236",5,0,AKKADIAN,BE,BE,[],['CANONICAL ➝ Divination ➝ Extispicy'],,
18,"1881,0204.236",5,1,AKKADIAN,ina,ina,[],['CANONICAL ➝ Divination ➝ Extispicy'],,
19,"1881,0204.236",5,2,AKKADIAN,SAG,SAG,[],['CANONICAL ➝ Divination ➝ Extispicy'],,
20,"1881,0204.236",5,3,AKKADIAN,150,150,[],['CANONICAL ➝ Divination ➝ Extispicy'],,
21,"1881,0204.236",5,4,AKKADIAN,,,[],['CANONICAL ➝ Divination ➝ Extispicy'],,
22,"1881,0204.236",5,5,AKKADIAN,{giš}TUKUL,{giš}TUKUL,[],['CANONICAL ➝ Divination ➝ Extispicy'],,
23,"1881,0204.236",6,0,AKKADIAN,BE,BE,[],['CANONICAL ➝ Divination ➝ Extispicy'],,
24,"1881,0204.236",6,1,AKKADIAN,ina,ina,[],['CANONICAL ➝ Divination ➝ Extispicy'],,
25,"1881,0204.236",6,2,AKKADIAN,MURU₂,MURU₂,[],['CANONICAL ➝ Divination ➝ Extispicy'],,
26,"1881,0204.236",6,3,AKKADIAN,150,150,[],['CANONICAL ➝ Divination ➝ Extispicy'],,
27,"1881,0204.236",6,4,AKKADIAN,,,[],['CANONICAL ➝ Divination ➝ Extispicy'],,
28,"1881,0204.236",6,5,AKKADIAN,{giš}TUKUL,{giš}TUKUL,[],['CANONICAL ➝ Divination ➝ Extispicy'],,
29,"1881,0204.236",7,0,AKKADIAN,BE,BE,[],['CANONICAL ➝ Divination ➝ Extispicy'],,
30,"1881,0204.236",7,1,AKKADIAN,ina,ina,[],['CANONICAL ➝ Divination ➝ Extispicy'],,
31,"1881,0204.236",7,2,AKKADIAN,SUHUŠ,SUHUŠ,[],['CANONICAL ➝ Divination ➝ Extispicy'],,
32,"1881,0204.236",7,3,AKKADIAN,150,150,[],['CANONICAL ➝ Divination ➝ Extispicy'],,
33,"1881,0204.236",7,4,AKKADIAN,,,[],['CANONICAL ➝ Divination ➝ Extispicy'],,
34,"1881,0204.236",7,5,AKKADIAN,{giš}TUKUL,{giš}TUKUL,[],['CANONICAL ➝ Divination ➝ Extispicy'],,
35,"1881,0204.236",8,0,AKKADIAN,BE,BE,[],['CANONICAL ➝ Divination ➝ Extispicy'],,
36,"1881,0204.236",8,1,AKKADIAN,ina,ina,[],['CANONICAL ➝ Divination ➝ Extispicy'],,
37,"1881,0204.236",8,4,AKKADIAN,,,[],['CANONICAL ➝ Divination ➝ Extispicy'],,
38,"1881,0204.236",8,5,AKKADIAN,{giš}TUKUL,{giš}TUKUL,[],['CANONICAL ➝ Divination ➝ Extispicy'],,
39,"1881,0204.236",9,0,AKKADIAN,BE,BE,[],['CANONICAL ➝ Divination ➝ Extispicy'],,
40,"1881,0204.236",9,1,AKKADIAN,UGU,UGU,[],['CANONICAL ➝ Divination ➝ Extispicy'],,
41,"1881,0204.236",9,2,AKKADIAN,BURU₃,BURU₃,[],['CANONICAL ➝ Divination ➝ Extispicy'],,
42,"1881,0204.236",9,3,AKKADIAN,ME-NI,ME-NI,[],['CANONICAL ➝ Divination ➝ Extispicy'],,
43,"1881,0204.236",9,4,AKKADIAN,{giš}TUKUL,{giš}TUKUL,[],['CANONICAL ➝ Divination ➝ Extispicy'],,
44,"1881,0204.236",10,0,AKKADIAN,BE,BE,[],['CANONICAL ➝ Divination ➝ Extispicy'],,
45,"1881,0204.236",10,3,AKKADIAN,ZE₂,ZE₂,[],['CANONICAL ➝ Divination ➝ Extispicy'],,
46,"1881,0204.236",10,4,AKKADIAN,{giš}TUKUL,{giš}TUKUL,[],['CANONICAL ➝ Divination ➝ Extispicy'],,
47,"1881,0204.236",11,1,AKKADIAN,U,U,[],['CANONICAL ➝ Divination ➝ Extispicy'],,
48,"1881,0204.236",12,0,AKKADIAN,BE,BE,[],['CANONICAL ➝ Divination ➝ Extispicy'],,
49,"1881,0204.236",12,1,AKKADIAN,ina,ina,[],['CANONICAL ➝ Divination ➝ Extispicy'],,
50,"1881,0204.236",12,2,AKKADIAN,15,15,[],['CANONICAL ➝ Divination ➝ Extispicy'],,
51,"1881,0204.236",12,3,AKKADIAN,SUR,SUR,[],['CANONICAL ➝ Divination ➝ Extispicy'],,
52,"1881,0204.236",12,4,AKKADIAN,ZE₂,ZE₂,[],['CANONICAL ➝ Divination ➝ Extispicy'],,
53,"1881,0204.236",12,5,AKKADIAN,{giš}TUKUL,{giš}TUKUL,[],['CANONICAL ➝ Divination ➝ Extispicy'],,
54,"1881,0204.236",13,0,AKKADIAN,BE,BE,[],['CANONICAL ➝ Divination ➝ Extispicy'],,
55,"1881,0204.236",13,3,AKKADIAN,ZE₂,ZE₂,[],['CANONICAL ➝ Divination ➝ Extispicy'],,
56,"1881,0204.236",13,4,AKKADIAN,{giš}TUKUL,{giš}TUKUL,[],['CANONICAL ➝ Divination ➝ Extispicy'],,
57,"1881,0204.236",13,5,AKKADIAN,GAR,GAR,[],['CANONICAL ➝ Divination ➝ Extispicy'],,
58,"1881,0204.236",14,0,AKKADIAN,BE,BE,[],['CANONICAL ➝ Divination ➝ Extispicy'],,
59,"1881,0204.236",14,2,AKKADIAN,{giš}TUKUL,{giš}TUKUL,[],['CANONICAL ➝ Divination ➝ Extispicy'],,
60,"1881,0204.236",14,3,AKKADIAN,GAR-ma,GAR-ma,[],['CANONICAL ➝ Divination ➝ Extispicy'],,
61,"1881,0204.236",15,2,AKKADIAN,{giš}TUKUL,{giš}TUKUL,[],['CANONICAL ➝ Divination ➝ Extispicy'],,
62,"1881,0204.236",15,3,AKKADIAN,GAR-ma,GAR-ma,[],['CANONICAL ➝ Divination ➝ Extispicy'],,
63,"1881,0204.236",17,2,AKKADIAN,{giš}TUKUL,{giš}TUKUL,[],['CANONICAL ➝ Divination ➝ Extispicy'],,
64,"1881,0204.236",17,3,AKKADIAN,GAR-ma,GAR-ma,[],['CANONICAL ➝ Divination ➝ Extispicy'],,
65,"1881,0204.236",17,4,AKKADIAN,EDEN,EDEN,[],['CANONICAL ➝ Divination ➝ Extispicy'],,
66,"1881,0204.236",18,1,AKKADIAN,u₃,u₃,[],['CANONICAL ➝ Divination ➝ Extispicy'],,
67,"1881,0204.236",19,2,AKKADIAN,GAR-ma,GAR-ma,[],['CANONICAL ➝ Divination ➝ Extispicy'],,
68,"1881,0204.236",19,3,AKKADIAN,EDEN-su₂,EDEN-su₂,[],['CANONICAL ➝ Divination ➝ Extispicy'],,
69,"1881,0204.236",25,2,AKKADIAN,UŠ,UŠ,[],['CANONICAL ➝ Divination ➝ Extispicy'],,
70,"1881,0204.236",25,3,AKKADIAN,MI,MI,[],['CANONICAL ➝ Divination ➝ Extispicy'],,
71,"1881,0204.236",26,1,AKKADIAN,ZI,ZI,[],['CANONICAL ➝ Divination ➝ Extispicy'],,
72,"1881,0204.236",26,2,AKKADIAN,ME,ME,[],['CANONICAL ➝ Divination ➝ Extispicy'],,
73,"1881,0204.236",27,1,AKKADIAN,TAK-ti,TAK-ti,[],['CANONICAL ➝ Divination ➝ Extispicy'],,
74,"1881,0204.236",28,3,AKKADIAN,UGU,UGU,[],['CANONICAL ➝ Divination ➝ Extispicy'],,
75,"1881,0204.236",28,4,AKKADIAN,{munus}PEŠ₄,{munus}PEŠ₄,[],['CANONICAL ➝ Divination ➝ Extispicy'],,
76,"1881,0204.236",29,1,AKKADIAN,ina,ina,[],['CANONICAL ➝ Divination ➝ Extispicy'],,
77,"1881,0204.236",29,2,AKKADIAN,SILIM-ti,SILIM-ti,[],['CANONICAL ➝ Divination ➝ Extispicy'],,
78,"1881,0204.236",31,1,AKKADIAN,LUGAL,LUGAL,[],['CANONICAL ➝ Divination ➝ Extispicy'],,
79,"1881,0204.236",31,2,AKKADIAN,lu,lu,[],['CANONICAL ➝ Divination ➝ Extispicy'],,
80,"1881,0204.236",31,3,AKKADIAN,LU₂,LU₂,[],['CANONICAL ➝ Divination ➝ Extispicy'],,
81,"1881,0204.236",32,1,AKKADIAN,ana,ana,[],['CANONICAL ➝ Divination ➝ Extispicy'],,
82,"1881,0204.236",32,2,AKKADIAN,GAZ-šu₂,GAZ-šu₂,[],['CANONICAL ➝ Divination ➝ Extispicy'],,
83,"1881,0204.236",32,3,AKKADIAN,DU₃-uš,DU₃-uš,[],['CANONICAL ➝ Divination ➝ Extispicy'],,
84,"1881,0204.236",33,1,AKKADIAN,la,la,[],['CANONICAL ➝ Divination ➝ Extispicy'],,
85,"1881,0204.236",34,1,AKKADIAN,GAZ-šu₂,GAZ-šu₂,[],['CANONICAL ➝ Divination ➝ Extispicy'],,
86,"1881,0204.236",34,2,AKKADIAN,UGU,UGU,[],['CANONICAL ➝ Divination ➝ Extispicy'],,
87,"1881,0204.236",34,3,AKKADIAN,AN,AN,[],['CANONICAL ➝ Divination ➝ Extispicy'],,
88,"1881,0204.236",35,1,AKKADIAN,ina,ina,[],['CANONICAL ➝ Divination ➝ Extispicy'],,
89,"1881,0204.236",35,2,AKKADIAN,SILIM-ti,SILIM-ti,[],['CANONICAL ➝ Divination ➝ Extispicy'],,
90,"1881,0204.236",37,0,AKKADIAN,šum₄-ma,šum₄-ma,[],['CANONICAL ➝ Divination ➝ Extispicy'],,
91,"1881,0204.236",37,1,AKKADIAN,lu,lu,[],['CANONICAL ➝ Divination ➝ Extispicy'],,
92,"1881,0204.236",37,2,AKKADIAN,LUGAL,LUGAL,[],['CANONICAL ➝ Divination ➝ Extispicy'],,
93,"1881,0204.236",38,0,AKKADIAN,DU₃-uš,DU₃-uš,[],['CANONICAL ➝ Divination ➝ Extispicy'],,
94,"1881,0204.236",39,0,AKKADIAN,15,15,[],['CANONICAL ➝ Divination ➝ Extispicy'],,
95,"1881,0204.236",39,1,AKKADIAN,KAK,KAK,[],['CANONICAL ➝ Divination ➝ Extispicy'],,
96,"1881,0204.236",41,0,AKKADIAN,šum₄-ma,šum₄-ma,[],['CANONICAL ➝ Divination ➝ Extispicy'],,
97,"1881,0204.236",41,1,AKKADIAN,DIŠ,DIŠ,[],['CANONICAL ➝ Divination ➝ Extispicy'],,
98,"1881,0204.236",42,0,AKKADIAN,šum₄-ma,šum₄-ma,[],['CANONICAL ➝ Divination ➝ Extispicy'],,
99,"1881,0204.236",42,1,AKKADIAN,DIŠ,DIŠ,[],['CANONICAL ➝ Divination ➝ Extispicy'],,
100,"1881,0204.236",44,0,AKKADIAN,šum₄-ma,šum₄-ma,[],['CANONICAL ➝ Divination ➝ Extispicy'],,
