,fragment_id,fragment_line_num,index_in_line,word_language,value,clean_value,lemma,domain,place_discovery,place_composition
0,"1880,1112.2183",1,0,AKKADIAN,DIŠ,DIŠ,[],[],,
1,"1880,1112.2183",2,0,AKKADIAN,DIŠ,DIŠ,[],[],,
2,"1880,1112.2183",3,0,AKKADIAN,DIŠ,DIŠ,[],[],,
3,"1880,1112.2183",4,0,AKKADIAN,DIŠ,DIŠ,[],[],,
4,"1880,1112.2183",5,0,AKKADIAN,DIŠ,DIŠ,[],[],,
5,"1880,1112.2183",6,0,AKKADIAN,DIŠ,DIŠ,[],[],,
6,"1880,1112.2183",7,0,AKKADIAN,DIŠ,DIŠ,[],[],,
7,"1880,1112.2183",13,0,AKKADIAN,mi,mi,[],[],,
8,"1880,1112.2183",17,0,AKKADIAN,mi,mi,[],[],,
