,fragment_id,fragment_line_num,index_in_line,word_language,value,clean_value,lemma,domain,place_discovery,place_composition
0,"1880,0719.96",0,2,AKKADIAN,{im}U₁₈.LU,{im}U₁₈.LU,[],['CANONICAL ➝ Divination ➝ Celestial'],,
1,"1880,0719.96",2,1,AKKADIAN,{d}UTU-ši,{d}UTU-ši,[],['CANONICAL ➝ Divination ➝ Celestial'],,
2,"1880,0719.96",2,2,AKKADIAN,GAR-at,GAR-at,[],['CANONICAL ➝ Divination ➝ Celestial'],,
3,"1880,0719.96",2,3,AKKADIAN,u,u,[],['CANONICAL ➝ Divination ➝ Celestial'],,
4,"1880,0719.96",2,4,AKKADIAN,DUNGU,DUNGU,[],['CANONICAL ➝ Divination ➝ Celestial'],,
5,"1880,0719.96",3,2,AKKADIAN,MIN,MIN,[],['CANONICAL ➝ Divination ➝ Celestial'],,
6,"1880,0719.96",3,3,AKKADIAN,DUNGU-MEŠ,DUNGU-MEŠ,[],['CANONICAL ➝ Divination ➝ Celestial'],,
7,"1880,0719.96",3,4,AKKADIAN,ina,ina,[],['CANONICAL ➝ Divination ➝ Celestial'],,
8,"1880,0719.96",3,5,AKKADIAN,KUR,KUR,[],['CANONICAL ➝ Divination ➝ Celestial'],,
9,"1880,0719.96",3,6,AKKADIAN,20,20,[],['CANONICAL ➝ Divination ➝ Celestial'],,
10,"1880,0719.96",5,3,AKKADIAN,NU,NU,[],['CANONICAL ➝ Divination ➝ Celestial'],,
11,"1880,0719.96",5,4,AKKADIAN,GAL₂,GAL₂,[],['CANONICAL ➝ Divination ➝ Celestial'],,
12,"1880,0719.96",5,5,AKKADIAN,30,30,[],['CANONICAL ➝ Divination ➝ Celestial'],,
13,"1880,0719.96",5,6,AKKADIAN,u,u,[],['CANONICAL ➝ Divination ➝ Celestial'],,
14,"1880,0719.96",5,7,AKKADIAN,20,20,[],['CANONICAL ➝ Divination ➝ Celestial'],,
15,"1880,0719.96",6,1,AKKADIAN,ina,ina,[],['CANONICAL ➝ Divination ➝ Celestial'],,
16,"1880,0719.96",6,3,AKKADIAN,MIN,MIN,[],['CANONICAL ➝ Divination ➝ Celestial'],,
17,"1880,0719.96",6,4,AKKADIAN,mu-še-lu-u₂,mu-še-lu-u₂,[],['CANONICAL ➝ Divination ➝ Celestial'],,
18,"1880,0719.96",6,5,AKKADIAN,DIRI-MEŠ,DIRI-MEŠ,[],['CANONICAL ➝ Divination ➝ Celestial'],,
19,"1880,0719.96",6,6,AKKADIAN,GAR-MEŠ,GAR-MEŠ,[],['CANONICAL ➝ Divination ➝ Celestial'],,
20,"1880,0719.96",7,2,AKKADIAN,MIN,MIN,[],['CANONICAL ➝ Divination ➝ Celestial'],,
21,"1880,0719.96",7,3,AKKADIAN,i-mah-ha-ra,i-mah-ha-ra,[],['CANONICAL ➝ Divination ➝ Celestial'],,
22,"1880,0719.96",7,4,AKKADIAN,ana,ana,[],['CANONICAL ➝ Divination ➝ Celestial'],,
23,"1880,0719.96",8,3,AKKADIAN,u,u,[],['CANONICAL ➝ Divination ➝ Celestial'],,
24,"1880,0719.96",8,4,AKKADIAN,{im}KUR.RA,{im}KUR.RA,[],['CANONICAL ➝ Divination ➝ Celestial'],,
25,"1880,0719.96",8,5,AKKADIAN,ana,ana,[],['CANONICAL ➝ Divination ➝ Celestial'],,
26,"1880,0719.96",8,6,AKKADIAN,20,20,[],['CANONICAL ➝ Divination ➝ Celestial'],,
27,"1880,0719.96",9,2,AKKADIAN,GAR,GAR,[],['CANONICAL ➝ Divination ➝ Celestial'],,
28,"1880,0719.96",9,3,AKKADIAN,i-la-nim-ma,i-la-nim-ma,[],['CANONICAL ➝ Divination ➝ Celestial'],,
29,"1880,0719.96",9,4,AKKADIAN,MAŠ-tu₄,MAŠ-tu₄,[],['CANONICAL ➝ Divination ➝ Celestial'],,
30,"1880,0719.96",9,5,AKKADIAN,UGU,UGU,[],['CANONICAL ➝ Divination ➝ Celestial'],,
31,"1880,0719.96",9,6,AKKADIAN,MAŠ-ti,MAŠ-ti,[],['CANONICAL ➝ Divination ➝ Celestial'],,
32,"1880,0719.96",10,2,AKKADIAN,SIG₇,SIG₇,[],['CANONICAL ➝ Divination ➝ Celestial'],,
33,"1880,0719.96",10,3,AKKADIAN,ina,ina,[],['CANONICAL ➝ Divination ➝ Celestial'],,
34,"1880,0719.96",10,4,AKKADIAN,GE₆,GE₆,[],['CANONICAL ➝ Divination ➝ Celestial'],,
35,"1880,0719.96",10,5,AKKADIAN,ana,ana,[],['CANONICAL ➝ Divination ➝ Celestial'],,
36,"1880,0719.96",10,6,AKKADIAN,IGI,IGI,[],['CANONICAL ➝ Divination ➝ Celestial'],,
37,"1880,0719.96",10,7,AKKADIAN,{mul}MAR.GID₂.DA,{mul}MAR.GID₂.DA,[],['CANONICAL ➝ Divination ➝ Celestial'],,
38,"1880,0719.96",10,8,AKKADIAN,GUB,GUB,[],['CANONICAL ➝ Divination ➝ Celestial'],,
39,"1880,0719.96",11,3,AKKADIAN,ana,ana,[],['CANONICAL ➝ Divination ➝ Celestial'],,
40,"1880,0719.96",11,4,AKKADIAN,A₂,A₂,[],['CANONICAL ➝ Divination ➝ Celestial'],,
41,"1880,0719.96",11,5,AKKADIAN,{im}MAR,{im}MAR,[],['CANONICAL ➝ Divination ➝ Celestial'],,
42,"1880,0719.96",11,6,AKKADIAN,ša-paṭ,ša-paṭ,[],['CANONICAL ➝ Divination ➝ Celestial'],,
43,"1880,0719.96",11,7,AKKADIAN,ILLU,ILLU,[],['CANONICAL ➝ Divination ➝ Celestial'],,
44,"1880,0719.96",11,8,AKKADIAN,GIN-kam₂,GIN-kam₂,[],['CANONICAL ➝ Divination ➝ Celestial'],,
45,"1880,0719.96",12,1,AKKADIAN,ina,ina,[],['CANONICAL ➝ Divination ➝ Celestial'],,
46,"1880,0719.96",12,2,AKKADIAN,U₄,U₄,[],['CANONICAL ➝ Divination ➝ Celestial'],,
47,"1880,0719.96",12,4,AKKADIAN,i-ku-lu,i-ku-lu,[],['CANONICAL ➝ Divination ➝ Celestial'],,
48,"1880,0719.96",12,5,AKKADIAN,DUNGU,DUNGU,[],['CANONICAL ➝ Divination ➝ Celestial'],,
49,"1880,0719.96",12,6,AKKADIAN,SIG₇,SIG₇,[],['CANONICAL ➝ Divination ➝ Celestial'],,
50,"1880,0719.96",12,7,AKKADIAN,GAR,GAR,[],['CANONICAL ➝ Divination ➝ Celestial'],,
51,"1880,0719.96",12,8,AKKADIAN,GIM,GIM,[],['CANONICAL ➝ Divination ➝ Celestial'],,
52,"1880,0719.96",12,9,AKKADIAN,di-pa-ru₃,di-pa-ru₃,[],['CANONICAL ➝ Divination ➝ Celestial'],,
53,"1880,0719.96",14,2,AKKADIAN,{im}U₁₈.LU,{im}U₁₈.LU,[],['CANONICAL ➝ Divination ➝ Celestial'],,
54,"1880,0719.96",14,3,AKKADIAN,DUNGU,DUNGU,[],['CANONICAL ➝ Divination ➝ Celestial'],,
55,"1880,0719.96",14,4,AKKADIAN,GE₆,GE₆,[],['CANONICAL ➝ Divination ➝ Celestial'],,
56,"1880,0719.96",14,5,AKKADIAN,ša-paṭ,ša-paṭ,[],['CANONICAL ➝ Divination ➝ Celestial'],,
57,"1880,0719.96",15,2,AKKADIAN,GE₆,GE₆,[],['CANONICAL ➝ Divination ➝ Celestial'],,
58,"1880,0719.96",15,3,AKKADIAN,ša-paṭ-ma,ša-paṭ-ma,[],['CANONICAL ➝ Divination ➝ Celestial'],,
59,"1880,0719.96",15,4,AKKADIAN,ina,ina,[],['CANONICAL ➝ Divination ➝ Celestial'],,
60,"1880,0719.96",15,5,AKKADIAN,AN.BIR₉,AN.BIR₉,[],['CANONICAL ➝ Divination ➝ Celestial'],,
61,"1880,0719.96",16,3,AKKADIAN,{im}U₁₈,{im}U₁₈,[],['CANONICAL ➝ Divination ➝ Celestial'],,
62,"1880,0719.96",17,1,AKKADIAN,DUNGU,DUNGU,[],['CANONICAL ➝ Divination ➝ Celestial'],,
63,"1880,0719.96",17,2,AKKADIAN,GE₆,GE₆,[],['CANONICAL ➝ Divination ➝ Celestial'],,
64,"1880,0719.96",17,4,AKKADIAN,A₂,A₂,[],['CANONICAL ➝ Divination ➝ Celestial'],,
65,"1880,0719.96",18,1,AKKADIAN,DUNGU,DUNGU,[],['CANONICAL ➝ Divination ➝ Celestial'],,
66,"1880,0719.96",18,2,AKKADIAN,ina,ina,[],['CANONICAL ➝ Divination ➝ Celestial'],,
67,"1880,0719.96",18,3,AKKADIAN,AN-e,AN-e,[],['CANONICAL ➝ Divination ➝ Celestial'],,
68,"1880,0719.96",18,4,AKKADIAN,ka-ša-at,ka-ša-at,[],['CANONICAL ➝ Divination ➝ Celestial'],,
69,"1880,0719.96",18,5,AKKADIAN,{im}U₁₈,{im}U₁₈,[],['CANONICAL ➝ Divination ➝ Celestial'],,
