,fragment_id,fragment_line_num,index_in_line,word_language,value,clean_value,lemma,domain,place_discovery,place_composition
0,"1881,0204.228",1,1,AKKADIAN,ina,ina,[],"['CANONICAL ➝ Divination ➝ Extispicy', 'CANONICAL ➝ Technical ➝ Commentary']",,
1,"1881,0204.228",1,2,AKKADIAN,EME,EME,[],"['CANONICAL ➝ Divination ➝ Extispicy', 'CANONICAL ➝ Technical ➝ Commentary']",,
2,"1881,0204.228",3,1,AKKADIAN,GIŠ.HUR,GIŠ.HUR,[],"['CANONICAL ➝ Divination ➝ Extispicy', 'CANONICAL ➝ Technical ➝ Commentary']",,
3,"1881,0204.228",3,2,AKKADIAN,GAR,GAR,[],"['CANONICAL ➝ Divination ➝ Extispicy', 'CANONICAL ➝ Technical ➝ Commentary']",,
4,"1881,0204.228",4,2,AKKADIAN,la/ki,la/ki,[],"['CANONICAL ➝ Divination ➝ Extispicy', 'CANONICAL ➝ Technical ➝ Commentary']",,
5,"1881,0204.228",4,3,AKKADIAN,ana,ana,[],"['CANONICAL ➝ Divination ➝ Extispicy', 'CANONICAL ➝ Technical ➝ Commentary']",,
6,"1881,0204.228",4,4,AKKADIAN,IGI-ka,IGI-ka,[],"['CANONICAL ➝ Divination ➝ Extispicy', 'CANONICAL ➝ Technical ➝ Commentary']",,
7,"1881,0204.228",6,2,AKKADIAN,lam/su,lam/su,[],"['CANONICAL ➝ Divination ➝ Extispicy', 'CANONICAL ➝ Technical ➝ Commentary']",,
8,"1881,0204.228",6,3,AKKADIAN,piš-ra-ti,piš-ra-ti,[],"['CANONICAL ➝ Divination ➝ Extispicy', 'CANONICAL ➝ Technical ➝ Commentary']",,
9,"1881,0204.228",7,1,AKKADIAN,GIŠ.HUR-šu,GIŠ.HUR-šu,[],"['CANONICAL ➝ Divination ➝ Extispicy', 'CANONICAL ➝ Technical ➝ Commentary']",,
10,"1881,0204.228",10,1,AKKADIAN,i-be-lu,i-be-lu,[],"['CANONICAL ➝ Divination ➝ Extispicy', 'CANONICAL ➝ Technical ➝ Commentary']",,
11,"1881,0204.228",13,0,AKKADIAN,BE,BE,[],"['CANONICAL ➝ Divination ➝ Extispicy', 'CANONICAL ➝ Technical ➝ Commentary']",,
12,"1881,0204.228",13,1,AKKADIAN,5-šu₂,5-šu₂,[],"['CANONICAL ➝ Divination ➝ Extispicy', 'CANONICAL ➝ Technical ➝ Commentary']",,
13,"1881,0204.228",14,0,AKKADIAN,BE,BE,[],"['CANONICAL ➝ Divination ➝ Extispicy', 'CANONICAL ➝ Technical ➝ Commentary']",,
14,"1881,0204.228",14,1,AKKADIAN,6-šu₂,6-šu₂,[],"['CANONICAL ➝ Divination ➝ Extispicy', 'CANONICAL ➝ Technical ➝ Commentary']",,
15,"1881,0204.228",14,2,AKKADIAN,MU-NI,MU-NI,[],"['CANONICAL ➝ Divination ➝ Extispicy', 'CANONICAL ➝ Technical ➝ Commentary']",,
16,"1881,0204.228",14,3,AKKADIAN,ina,ina,[],"['CANONICAL ➝ Divination ➝ Extispicy', 'CANONICAL ➝ Technical ➝ Commentary']",,
17,"1881,0204.228",15,1,AKKADIAN,KUR₂,KUR₂,[],"['CANONICAL ➝ Divination ➝ Extispicy', 'CANONICAL ➝ Technical ➝ Commentary']",,
18,"1881,0204.228",15,3,AKKADIAN,BE,BE,[],"['CANONICAL ➝ Divination ➝ Extispicy', 'CANONICAL ➝ Technical ➝ Commentary']",,
19,"1881,0204.228",15,4,AKKADIAN,7-u₂,7-u₂,[],"['CANONICAL ➝ Divination ➝ Extispicy', 'CANONICAL ➝ Technical ➝ Commentary']",,
20,"1881,0204.228",15,5,AKKADIAN,MU-NI,MU-NI,[],"['CANONICAL ➝ Divination ➝ Extispicy', 'CANONICAL ➝ Technical ➝ Commentary']",,
21,"1881,0204.228",15,6,AKKADIAN,ina,ina,[],"['CANONICAL ➝ Divination ➝ Extispicy', 'CANONICAL ➝ Technical ➝ Commentary']",,
22,"1881,0204.228",15,7,AKKADIAN,bi!-rit,bi-rit,[],"['CANONICAL ➝ Divination ➝ Extispicy', 'CANONICAL ➝ Technical ➝ Commentary']",,
23,"1881,0204.228",16,1,AKKADIAN,ŠUB-ti,ŠUB-ti,[],"['CANONICAL ➝ Divination ➝ Extispicy', 'CANONICAL ➝ Technical ➝ Commentary']",,
24,"1881,0204.228",16,2,AKKADIAN,DU,DU,[],"['CANONICAL ➝ Divination ➝ Extispicy', 'CANONICAL ➝ Technical ➝ Commentary']",,
25,"1881,0204.228",16,3,AKKADIAN,IGI,IGI,[],"['CANONICAL ➝ Divination ➝ Extispicy', 'CANONICAL ➝ Technical ➝ Commentary']",,
26,"1881,0204.228",16,4,AKKADIAN,ERIN₂-ni,ERIN₂-ni,[],"['CANONICAL ➝ Divination ➝ Extispicy', 'CANONICAL ➝ Technical ➝ Commentary']",,
27,"1881,0204.228",17,1,AKKADIAN,KUR₂,KUR₂,[],"['CANONICAL ➝ Divination ➝ Extispicy', 'CANONICAL ➝ Technical ➝ Commentary']",,
28,"1881,0204.228",17,3,AKKADIAN,BE,BE,[],"['CANONICAL ➝ Divination ➝ Extispicy', 'CANONICAL ➝ Technical ➝ Commentary']",,
29,"1881,0204.228",17,4,AKKADIAN,8-u₂,8-u₂,[],"['CANONICAL ➝ Divination ➝ Extispicy', 'CANONICAL ➝ Technical ➝ Commentary']",,
30,"1881,0204.228",17,5,AKKADIAN,MU-NI,MU-NI,[],"['CANONICAL ➝ Divination ➝ Extispicy', 'CANONICAL ➝ Technical ➝ Commentary']",,
31,"1881,0204.228",18,1,AKKADIAN,ŠU/KU-šu₂,ŠU/KU-šu₂,[],"['CANONICAL ➝ Divination ➝ Extispicy', 'CANONICAL ➝ Technical ➝ Commentary']",,
32,"1881,0204.228",18,2,AKKADIAN,UGU,UGU,[],"['CANONICAL ➝ Divination ➝ Extispicy', 'CANONICAL ➝ Technical ➝ Commentary']",,
33,"1881,0204.228",18,3,AKKADIAN,LU₂,LU₂,[],"['CANONICAL ➝ Divination ➝ Extispicy', 'CANONICAL ➝ Technical ➝ Commentary']",,
34,"1881,0204.228",18,4,AKKADIAN,ŠUB-ut,ŠUB-ut,[],"['CANONICAL ➝ Divination ➝ Extispicy', 'CANONICAL ➝ Technical ➝ Commentary']",,
35,"1881,0204.228",20,0,AKKADIAN,BE,BE,[],"['CANONICAL ➝ Divination ➝ Extispicy', 'CANONICAL ➝ Technical ➝ Commentary']",,
36,"1881,0204.228",20,1,AKKADIAN,ina,ina,[],"['CANONICAL ➝ Divination ➝ Extispicy', 'CANONICAL ➝ Technical ➝ Commentary']",,
37,"1881,0204.228",20,2,AKKADIAN,bi!-rit,bi-rit,[],"['CANONICAL ➝ Divination ➝ Extispicy', 'CANONICAL ➝ Technical ➝ Commentary']",,
38,"1881,0204.228",20,3,AKKADIAN,ŠU.SI!,ŠU.SI,[],"['CANONICAL ➝ Divination ➝ Extispicy', 'CANONICAL ➝ Technical ➝ Commentary']",,
39,"1881,0204.228",20,4,AKKADIAN,MUR,MUR,[],"['CANONICAL ➝ Divination ➝ Extispicy', 'CANONICAL ➝ Technical ➝ Commentary']",,
40,"1881,0204.228",21,1,AKKADIAN,ša₂,ša₂,[],"['CANONICAL ➝ Divination ➝ Extispicy', 'CANONICAL ➝ Technical ➝ Commentary']",,
41,"1881,0204.228",21,2,AKKADIAN,MIN,MIN,[],"['CANONICAL ➝ Divination ➝ Extispicy', 'CANONICAL ➝ Technical ➝ Commentary']",,
42,"1881,0204.228",21,4,AKKADIAN,he-pi₂,he-pi₂,[],"['CANONICAL ➝ Divination ➝ Extispicy', 'CANONICAL ➝ Technical ➝ Commentary']",,
43,"1881,0204.228",22,0,AKKADIAN,BE,BE,[],"['CANONICAL ➝ Divination ➝ Extispicy', 'CANONICAL ➝ Technical ➝ Commentary']",,
44,"1881,0204.228",22,1,AKKADIAN,ina,ina,[],"['CANONICAL ➝ Divination ➝ Extispicy', 'CANONICAL ➝ Technical ➝ Commentary']",,
45,"1881,0204.228",22,2,AKKADIAN,KI!-MU,KI-MU,[],"['CANONICAL ➝ Divination ➝ Extispicy', 'CANONICAL ➝ Technical ➝ Commentary']",,
46,"1881,0204.228",22,3,AKKADIAN,mu,mu,[],"['CANONICAL ➝ Divination ➝ Extispicy', 'CANONICAL ➝ Technical ➝ Commentary']",,
47,"1881,0204.228",23,0,AKKADIAN,BE,BE,[],"['CANONICAL ➝ Divination ➝ Extispicy', 'CANONICAL ➝ Technical ➝ Commentary']",,
48,"1881,0204.228",23,1,AKKADIAN,MIN₃-u₂,MIN₃-u₂,[],"['CANONICAL ➝ Divination ➝ Extispicy', 'CANONICAL ➝ Technical ➝ Commentary']",,
49,"1881,0204.228",23,2,AKKADIAN,MU-NI,MU-NI,[],"['CANONICAL ➝ Divination ➝ Extispicy', 'CANONICAL ➝ Technical ➝ Commentary']",,
