,fragment_id,fragment_line_num,index_in_line,word_language,value,clean_value,lemma,domain,place_discovery,place_composition
0,"1880,0719.313",0,1,AKKADIAN,NIG₂.ŠU-šu₂-nu,NIG₂.ŠU-šu₂-nu,[],['MONUMENTAL'],,
1,"1880,0719.313",0,2,AKKADIAN,NIG₂.GA-šu₂-nu,NIG₂.GA-šu₂-nu,[],['MONUMENTAL'],,
2,"1880,0719.313",0,3,AKKADIAN,u₃,u₃,[],['MONUMENTAL'],,
3,"1880,0719.313",0,6,AKKADIAN,a-na,a-na,[],['MONUMENTAL'],,
4,"1880,0719.313",0,7,AKKADIAN,qe₂-reb,qe₂-reb,[],['MONUMENTAL'],,
5,"1880,0719.313",1,1,AKKADIAN,LUGAL,LUGAL,[],['MONUMENTAL'],,
6,"1880,0719.313",1,2,AKKADIAN,{uru}ia-di-iʾ,{uru}ia-di-iʾ,[],['MONUMENTAL'],,
7,"1880,0719.313",1,4,AKKADIAN,la-pa-an,la-pa-an,[],['MONUMENTAL'],,
8,"1880,0719.313",2,1,AKKADIAN,ha-at-tu,ha-at-tu,[],['MONUMENTAL'],,
9,"1880,0719.313",2,2,AKKADIAN,ra-ma-ni-šu₂,ra-ma-ni-šu₂,[],['MONUMENTAL'],,
10,"1880,0719.313",2,4,AKKADIAN,a-na,a-na,['ana I'],['MONUMENTAL'],,
11,"1880,0719.313",3,1,AKKADIAN,mah-ri-ia,mah-ri-ia,[],['MONUMENTAL'],,
12,"1880,0719.313",3,3,AKKADIAN,u₂-na-aš₂-ši-iq,u₂-na-aš₂-ši-iq,['našāqu I'],['MONUMENTAL'],,
13,"1880,0719.313",4,1,AKKADIAN,ar-ši-šu₂-ma,ar-ši-šu₂-ma,[],['MONUMENTAL'],,
14,"1880,0719.313",4,2,AKKADIAN,na-ge-e,na-ge-e,[],['MONUMENTAL'],,
15,"1880,0719.313",4,4,AKKADIAN,šu-a-tu₂,šu-a-tu₂,[],['MONUMENTAL'],,
16,"1880,0719.313",5,1,AKKADIAN,e-muq,e-muq,[],['MONUMENTAL'],,
17,"1880,0719.313",5,2,AKKADIAN,{d}aš-šur,{d}aš-šur,[],['MONUMENTAL'],,
18,"1880,0719.313",5,3,AKKADIAN,{d}30,{d}30,[],['MONUMENTAL'],,
19,"1880,0719.313",5,4,AKKADIAN,{d}UTU,{d}UTU,[],['MONUMENTAL'],,
20,"1880,0719.313",5,5,AKKADIAN,{d}AG,{d}AG,[],['MONUMENTAL'],,
21,"1880,0719.313",5,7,AKKADIAN,{d}15,{d}15,['ištaru I'],['MONUMENTAL'],,
22,"1880,0719.313",5,8,AKKADIAN,ša₂,ša₂,['ša I'],['MONUMENTAL'],,
23,"1880,0719.313",6,1,AKKADIAN,ša₂,ša₂,[],['MONUMENTAL'],,
24,"1880,0719.313",6,2,AKKADIAN,{uru}LIMMU₂-DINGIR,{uru}LIMMU₂-DINGIR,[],['MONUMENTAL'],,
25,"1880,0719.313",6,3,AKKADIAN,ak-šu-ud,ak-šu-ud,[],['MONUMENTAL'],,
26,"1880,0719.313",6,4,AKKADIAN,kul-lat,kul-lat,[],['MONUMENTAL'],,
27,"1880,0719.313",7,1,AKKADIAN,zik-ri,zik-ri,[],['MONUMENTAL'],,
28,"1880,0719.313",7,2,AKKADIAN,DINGIR-u-ti-šu₂-nu,DINGIR-u-ti-šu₂-nu,[],['MONUMENTAL'],,
