,fragment_id,fragment_line_num,index_in_line,word_language,value,clean_value,lemma,domain,place_discovery,place_composition
0,"1881,0204.272",2,0,AKKADIAN,GIŠ,GIŠ,[],['CANONICAL ➝ Lexicography ➝ Plant List'],,
1,"1881,0204.272",2,1,AKKADIAN,šu-šum,šu-šum,[],['CANONICAL ➝ Lexicography ➝ Plant List'],,
2,"1881,0204.272",2,3,AKKADIAN,AŠ,AŠ,[],['CANONICAL ➝ Lexicography ➝ Plant List'],,
3,"1881,0204.272",2,4,AKKADIAN,KUN,KUN,[],['CANONICAL ➝ Lexicography ➝ Plant List'],,
4,"1881,0204.272",4,0,AKKADIAN,GIŠ,GIŠ,[],['CANONICAL ➝ Lexicography ➝ Plant List'],,
5,"1881,0204.272",4,1,AKKADIAN,bi-nu,bi-nu,[],['CANONICAL ➝ Lexicography ➝ Plant List'],,
6,"1881,0204.272",4,3,AKKADIAN,AŠ,AŠ,[],['CANONICAL ➝ Lexicography ➝ Plant List'],,
7,"1881,0204.272",4,4,AKKADIAN,GU₂,GU₂,[],['CANONICAL ➝ Lexicography ➝ Plant List'],,
8,"1881,0204.272",4,5,AKKADIAN,UR.GI₇,UR.GI₇,[],['CANONICAL ➝ Lexicography ➝ Plant List'],,
9,"1881,0204.272",6,0,AKKADIAN,GIŠ,GIŠ,[],['CANONICAL ➝ Lexicography ➝ Plant List'],,
10,"1881,0204.272",6,1,AKKADIAN,mur-din-nu,mur-din-nu,[],['CANONICAL ➝ Lexicography ➝ Plant List'],,
11,"1881,0204.272",6,3,AKKADIAN,AŠ,AŠ,[],['CANONICAL ➝ Lexicography ➝ Plant List'],,
12,"1881,0204.272",6,4,AKKADIAN,GIR₃,GIR₃,[],['CANONICAL ➝ Lexicography ➝ Plant List'],,
13,"1881,0204.272",6,5,AKKADIAN,an-zu-zi,an-zu-zi,[],['CANONICAL ➝ Lexicography ➝ Plant List'],,
14,"1881,0204.272",8,0,AKKADIAN,GIŠ,GIŠ,[],['CANONICAL ➝ Lexicography ➝ Plant List'],,
15,"1881,0204.272",8,1,AKKADIAN,U₂,U₂,[],['CANONICAL ➝ Lexicography ➝ Plant List'],,
16,"1881,0204.272",8,2,AKKADIAN,SIKIL,SIKIL,[],['CANONICAL ➝ Lexicography ➝ Plant List'],,
17,"1881,0204.272",8,4,AKKADIAN,AŠ,AŠ,[],['CANONICAL ➝ Lexicography ➝ Plant List'],,
18,"1881,0204.272",8,5,AKKADIAN,I₃.UDU,I₃.UDU,[],['CANONICAL ➝ Lexicography ➝ Plant List'],,
19,"1881,0204.272",8,6,AKKADIAN,muš-kin-ni,muš-kin-ni,[],['CANONICAL ➝ Lexicography ➝ Plant List'],,
20,"1881,0204.272",10,0,AKKADIAN,GIŠ,GIŠ,[],['CANONICAL ➝ Lexicography ➝ Plant List'],,
21,"1881,0204.272",10,1,AKKADIAN,SUMUN.DAR,SUMUN.DAR,[],['CANONICAL ➝ Lexicography ➝ Plant List'],,
22,"1881,0204.272",10,3,AKKADIAN,AŠ,AŠ,[],['CANONICAL ➝ Lexicography ➝ Plant List'],,
23,"1881,0204.272",10,4,AKKADIAN,ŠE₃,ŠE₃,[],['CANONICAL ➝ Lexicography ➝ Plant List'],,
24,"1881,0204.272",10,5,AKKADIAN,LU₂,LU₂,[],['CANONICAL ➝ Lexicography ➝ Plant List'],,
25,"1881,0204.272",12,0,AKKADIAN,GIŠ,GIŠ,[],['CANONICAL ➝ Lexicography ➝ Plant List'],,
26,"1881,0204.272",12,1,AKKADIAN,GURUN,GURUN,[],['CANONICAL ➝ Lexicography ➝ Plant List'],,
27,"1881,0204.272",12,3,AKKADIAN,AŠ,AŠ,[],['CANONICAL ➝ Lexicography ➝ Plant List'],,
28,"1881,0204.272",12,4,AKKADIAN,ŠIR,ŠIR,[],['CANONICAL ➝ Lexicography ➝ Plant List'],,
29,"1881,0204.272",12,5,AKKADIAN,LU₂,LU₂,[],['CANONICAL ➝ Lexicography ➝ Plant List'],,
30,"1881,0204.272",14,0,AKKADIAN,GIŠ,GIŠ,[],['CANONICAL ➝ Lexicography ➝ Plant List'],,
31,"1881,0204.272",14,1,AKKADIAN,kam₂-ka-du,kam₂-ka-du,[],['CANONICAL ➝ Lexicography ➝ Plant List'],,
32,"1881,0204.272",14,3,AKKADIAN,AŠ,AŠ,[],['CANONICAL ➝ Lexicography ➝ Plant List'],,
33,"1881,0204.272",14,4,AKKADIAN,iš-qip-pu,iš-qip-pu,[],['CANONICAL ➝ Lexicography ➝ Plant List'],,
34,"1881,0204.272",16,1,AKKADIAN,U₂,U₂,[],['CANONICAL ➝ Lexicography ➝ Plant List'],,
35,"1881,0204.272",16,2,AKKADIAN,LAGAB,LAGAB,[],['CANONICAL ➝ Lexicography ➝ Plant List'],,
36,"1881,0204.272",16,4,AKKADIAN,AŠ,AŠ,[],['CANONICAL ➝ Lexicography ➝ Plant List'],,
37,"1881,0204.272",16,5,AKKADIAN,NIM,NIM,[],['CANONICAL ➝ Lexicography ➝ Plant List'],,
38,"1881,0204.272",16,6,AKKADIAN,UR.GI₇,UR.GI₇,[],['CANONICAL ➝ Lexicography ➝ Plant List'],,
39,"1881,0204.272",18,1,AKKADIAN,U₂,U₂,[],['CANONICAL ➝ Lexicography ➝ Plant List'],,
40,"1881,0204.272",18,2,AKKADIAN,ak-tam,ak-tam,[],['CANONICAL ➝ Lexicography ➝ Plant List'],,
41,"1881,0204.272",18,4,AKKADIAN,AŠ,AŠ,[],['CANONICAL ➝ Lexicography ➝ Plant List'],,
42,"1881,0204.272",18,5,AKKADIAN,tim-bu-ut,tim-bu-ut,[],['CANONICAL ➝ Lexicography ➝ Plant List'],,
43,"1881,0204.272",18,6,AKKADIAN,A.ŠA₃,A.ŠA₃,[],['CANONICAL ➝ Lexicography ➝ Plant List'],,
44,"1881,0204.272",18,7,AKKADIAN,ŠUB-MEŠ-tu₂,ŠUB-MEŠ-tu₂,[],['CANONICAL ➝ Lexicography ➝ Plant List'],,
45,"1881,0204.272",20,1,AKKADIAN,U₂,U₂,[],['CANONICAL ➝ Lexicography ➝ Plant List'],,
46,"1881,0204.272",20,5,AKKADIAN,hi-lu-u₂,hi-lu-u₂,[],['CANONICAL ➝ Lexicography ➝ Plant List'],,
47,"1881,0204.272",20,6,AKKADIAN,GIŠ.GI,GIŠ.GI,[],['CANONICAL ➝ Lexicography ➝ Plant List'],,
48,"1881,0204.272",22,1,AKKADIAN,U₂,U₂,[],['CANONICAL ➝ Lexicography ➝ Plant List'],,
49,"1881,0204.272",22,4,AKKADIAN,AŠ,AŠ,[],['CANONICAL ➝ Lexicography ➝ Plant List'],,
50,"1881,0204.272",22,5,AKKADIAN,NAM.TAR,NAM.TAR,[],['CANONICAL ➝ Lexicography ➝ Plant List'],,
51,"1881,0204.272",26,0,AKKADIAN,GIŠ,GIŠ,[],['CANONICAL ➝ Lexicography ➝ Plant List'],,
52,"1881,0204.272",27,0,AKKADIAN,GIŠ,GIŠ,[],['CANONICAL ➝ Lexicography ➝ Plant List'],,
53,"1881,0204.272",28,0,AKKADIAN,GIŠ,GIŠ,[],['CANONICAL ➝ Lexicography ➝ Plant List'],,
54,"1881,0204.272",29,0,AKKADIAN,GIŠ,GIŠ,[],['CANONICAL ➝ Lexicography ➝ Plant List'],,
55,"1881,0204.272",30,0,AKKADIAN,GIŠ,GIŠ,[],['CANONICAL ➝ Lexicography ➝ Plant List'],,
56,"1881,0204.272",31,0,AKKADIAN,GIŠ,GIŠ,[],['CANONICAL ➝ Lexicography ➝ Plant List'],,
