,fragment_id,fragment_line_num,index_in_line,word_language,value,clean_value,lemma,domain,place_discovery,place_composition
0,"1880,0719.278",0,1,AKKADIAN,{uru}ia-ar-qi₂,{uru}ia-ar-qi₂,[],['MONUMENTAL'],,
1,"1880,0719.278",1,2,AKKADIAN,ru-u-qu,ru-u-qu,['rūqu I'],['MONUMENTAL'],,
2,"1880,0719.278",2,2,AKKADIAN,ib-ba-šu₂-u,ib-ba-šu₂-u,['bašû I'],['MONUMENTAL'],,
3,"1880,0719.278",3,2,AKKADIAN,qin-nu,qin-nu,['qinnu I'],['MONUMENTAL'],,
4,"1880,0719.278",6,2,AKKADIAN,aš₂-kun,aš₂-kun,['šakānu I'],['MONUMENTAL'],,
5,"1880,0719.278",7,2,AKKADIAN,u,u,['u I'],['MONUMENTAL'],,
6,"1880,0719.278",7,3,AKKADIAN,U₈.UDU-HI.A,U₈.UDU-HI.A,['ṣēnu III'],['MONUMENTAL'],,
7,"1880,0719.278",8,1,AKKADIAN,la,la,[],['MONUMENTAL'],,
8,"1880,0719.278",8,3,AKKADIAN,ah-bu-ta,ah-bu-ta,['habātu I'],['MONUMENTAL'],,
