,fragment_id,fragment_line_num,index_in_line,word_language,value,clean_value,lemma,domain,place_discovery,place_composition
0,"1880,0719.287",1,1,AKKADIAN,šur-bu-u₂,šur-bu-u₂,[],['CANONICAL ➝ Literature ➝ Hymns ➝ Divine'],,
1,"1880,0719.287",2,2,AKKADIAN,NUN,NUN,['rubû I'],['CANONICAL ➝ Literature ➝ Hymns ➝ Divine'],,
2,"1880,0719.287",2,3,AKKADIAN,muš-ta-lu₄,muš-ta-lu₄,['muštālu I'],['CANONICAL ➝ Literature ➝ Hymns ➝ Divine'],,
3,"1880,0719.287",3,1,AKKADIAN,EN,EN,[],['CANONICAL ➝ Literature ➝ Hymns ➝ Divine'],,
4,"1880,0719.287",3,2,AKKADIAN,šur-bu-u₂,šur-bu-u₂,[],['CANONICAL ➝ Literature ➝ Hymns ➝ Divine'],,
5,"1880,0719.287",3,4,AKKADIAN,{d}i-gi₄-gi₄,{d}i-gi₄-gi₄,['Igigû I'],['CANONICAL ➝ Literature ➝ Hymns ➝ Divine'],,
6,"1880,0719.287",4,1,AKKADIAN,{d}A.NUN.NA,{d}A.NUN.NA,[],['CANONICAL ➝ Literature ➝ Hymns ➝ Divine'],,
7,"1880,0719.287",4,3,AKKADIAN,muš-ta-lu₄,muš-ta-lu₄,['muštālu I'],['CANONICAL ➝ Literature ➝ Hymns ➝ Divine'],,
8,"1880,0719.287",5,1,AKKADIAN,ša₂,ša₂,[],['CANONICAL ➝ Literature ➝ Hymns ➝ Divine'],,
9,"1880,0719.287",5,2,AKKADIAN,la,la,[],['CANONICAL ➝ Literature ➝ Hymns ➝ Divine'],,
10,"1880,0719.287",5,3,AKKADIAN,ut-tak-ka-ru,ut-tak-ka-ru,[],['CANONICAL ➝ Literature ➝ Hymns ➝ Divine'],,
11,"1880,0719.287",5,5,AKKADIAN,pi-i-šu₂,pi-i-šu₂,['pû I'],['CANONICAL ➝ Literature ➝ Hymns ➝ Divine'],,
12,"1880,0719.287",6,1,AKKADIAN,ma-am-man,ma-am-man,[],['CANONICAL ➝ Literature ➝ Hymns ➝ Divine'],,
13,"1880,0719.287",6,2,AKKADIAN,la,la,[],['CANONICAL ➝ Literature ➝ Hymns ➝ Divine'],,
14,"1880,0719.287",6,3,AKKADIAN,u₂-šam-sa-ku,u₂-šam-sa-ku,[],['CANONICAL ➝ Literature ➝ Hymns ➝ Divine'],,
15,"1880,0719.287",6,4,AKKADIAN,zi-kir,zi-kir,[],['CANONICAL ➝ Literature ➝ Hymns ➝ Divine'],,
16,"1880,0719.287",9,1,AKKADIAN,NU,NU,['lā I'],['CANONICAL ➝ Literature ➝ Hymns ➝ Divine'],,
17,"1880,0719.287",9,2,AKKADIAN,TEŠ₂,TEŠ₂,['bâšu I'],['CANONICAL ➝ Literature ➝ Hymns ➝ Divine'],,
18,"1880,0719.287",9,3,AKKADIAN,LUGAL,LUGAL,['šarru I'],['CANONICAL ➝ Literature ➝ Hymns ➝ Divine'],,
19,"1880,0719.287",9,5,AKKADIAN,AN.ŠAR₂,AN.ŠAR₂,[],['CANONICAL ➝ Literature ➝ Hymns ➝ Divine'],,
20,"1880,0719.287",10,1,AKKADIAN,ša₂,ša₂,['ša I'],['CANONICAL ➝ Literature ➝ Hymns ➝ Divine'],,
21,"1880,0719.287",10,2,AKKADIAN,TUM₃,TUM₃,['tabālu I'],['CANONICAL ➝ Literature ➝ Hymns ➝ Divine'],,
22,"1880,0719.287",10,3,AKKADIAN,u₃,u₃,['u I'],['CANONICAL ➝ Literature ➝ Hymns ➝ Divine'],,
23,"1880,0719.287",10,4,AKKADIAN,lu,lu,['lū I'],['CANONICAL ➝ Literature ➝ Hymns ➝ Divine'],,
24,"1880,0719.287",10,5,AKKADIAN,MU-šu₂,MU-šu₂,['šumu I'],['CANONICAL ➝ Literature ➝ Hymns ➝ Divine'],,
25,"1880,0719.287",10,7,AKKADIAN,MU-ia₂,MU-ia₂,['šumu I'],['CANONICAL ➝ Literature ➝ Hymns ➝ Divine'],,
26,"1880,0719.287",10,8,AKKADIAN,i-šaṭ-ṭa-ru,i-šaṭ-ṭa-ru,['šaṭāru II'],['CANONICAL ➝ Literature ➝ Hymns ➝ Divine'],,
27,"1880,0719.287",11,1,AKKADIAN,u,u,['u I'],['CANONICAL ➝ Literature ➝ Hymns ➝ Divine'],,
28,"1880,0719.287",11,2,AKKADIAN,{d}nin-lil₂,{d}nin-lil₂,[],['CANONICAL ➝ Literature ➝ Hymns ➝ Divine'],,
29,"1880,0719.287",11,3,AKKADIAN,ez-zi-iš,ez-zi-iš,['ezziš I'],['CANONICAL ➝ Literature ➝ Hymns ➝ Divine'],,
30,"1880,0719.287",11,4,AKKADIAN,ag-giš,ag-giš,['aggiš I'],['CANONICAL ➝ Literature ➝ Hymns ➝ Divine'],,
31,"1880,0719.287",12,1,AKKADIAN,NUMUN-šu₂,NUMUN-šu₂,['zēru II'],['CANONICAL ➝ Literature ➝ Hymns ➝ Divine'],,
32,"1880,0719.287",12,2,AKKADIAN,ina,ina,['ina I'],['CANONICAL ➝ Literature ➝ Hymns ➝ Divine'],,
