,fragment_id,fragment_line_num,index_in_line,word_language,value,clean_value,lemma,domain,place_discovery,place_composition
0,"1880,0719.330",1,1,AKKADIAN,A₂,A₂,['idu I'],['CANONICAL ➝ Divination ➝ Celestial'],,
1,"1880,0719.330",2,1,AKKADIAN,EGIR-MEŠ,EGIR-MEŠ,['arkatu I'],['CANONICAL ➝ Divination ➝ Celestial'],,
2,"1880,0719.330",3,1,AKKADIAN,ina,ina,['ina I'],['CANONICAL ➝ Divination ➝ Celestial'],,
3,"1880,0719.330",3,2,AKKADIAN,{iti}BARA₂,{iti}BARA₂,['Nisannu I'],['CANONICAL ➝ Divination ➝ Celestial'],,
4,"1880,0719.330",4,1,AKKADIAN,AN.GI₆,AN.GI₆,['antalû I'],['CANONICAL ➝ Divination ➝ Celestial'],,
5,"1880,0719.330",6,2,AKKADIAN,{iti}BARA₂,{iti}BARA₂,['Nisannu I'],['CANONICAL ➝ Divination ➝ Celestial'],,
6,"1880,0719.330",6,3,AKKADIAN,U₄.14.KAM₂,U₄.14.KAM₂,[],['CANONICAL ➝ Divination ➝ Celestial'],,
7,"1880,0719.330",6,4,AKKADIAN,AN.GI₆,AN.GI₆,['antalû I'],['CANONICAL ➝ Divination ➝ Celestial'],,
8,"1880,0719.330",7,1,AKKADIAN,A₂,A₂,['idu I'],['CANONICAL ➝ Divination ➝ Celestial'],,
9,"1880,0719.330",7,2,AKKADIAN,{im}U₁₈.LU,{im}U₁₈.LU,['šūtu II'],['CANONICAL ➝ Divination ➝ Celestial'],,
10,"1880,0719.330",8,2,AKKADIAN,ZALAG₂,ZALAG₂,['nawāru I'],['CANONICAL ➝ Divination ➝ Celestial'],,
11,"1880,0719.330",8,3,AKKADIAN,DU,DU,['alāku I'],['CANONICAL ➝ Divination ➝ Celestial'],,
12,"1880,0719.330",8,4,AKKADIAN,{d}UTU,{d}UTU,['Šamaš I'],['CANONICAL ➝ Divination ➝ Celestial'],,
13,"1880,0719.330",8,5,AKKADIAN,NU,NU,[],['CANONICAL ➝ Divination ➝ Celestial'],,
14,"1880,0719.330",9,1,AKKADIAN,A₂,A₂,['idu I'],['CANONICAL ➝ Divination ➝ Celestial'],,
15,"1880,0719.330",9,2,AKKADIAN,{im}U₁₈.LU,{im}U₁₈.LU,['šūtu II'],['CANONICAL ➝ Divination ➝ Celestial'],,
16,"1880,0719.330",9,3,AKKADIAN,KI.TA,KI.TA,['šapliš I'],['CANONICAL ➝ Divination ➝ Celestial'],,
17,"1880,0719.330",10,5,AKKADIAN,SUM,SUM,['nadānu II'],['CANONICAL ➝ Divination ➝ Celestial'],,
