,fragment_id,fragment_line_num,index_in_line,word_language,value,clean_value,lemma,domain,place_discovery,place_composition
0,"1879,0708.157",5,0,AKKADIAN,ina,ina,[],['CANONICAL ➝ Technical ➝ Ritual texts (?)'],,
1,"1879,0708.157",6,0,AKKADIAN,ina,ina,[],['CANONICAL ➝ Technical ➝ Ritual texts (?)'],,
2,"1879,0708.157",8,0,AKKADIAN,ezen/ka,ezen/ka,[],['CANONICAL ➝ Technical ➝ Ritual texts (?)'],,
3,"1879,0708.157",9,0,AKKADIAN,gi,gi,[],['CANONICAL ➝ Technical ➝ Ritual texts (?)'],,
4,"1879,0708.157",11,0,AKKADIAN,ana,ana,[],['CANONICAL ➝ Technical ➝ Ritual texts (?)'],,
5,"1879,0708.157",11,1,AKKADIAN,IGI,IGI,[],['CANONICAL ➝ Technical ➝ Ritual texts (?)'],,
