,fragment_id,fragment_line_num,index_in_line,word_language,value,clean_value,lemma,domain,place_discovery,place_composition
0,"1881,0204.294",10,0,AKKADIAN,UR.GI₇,UR.GI₇,['kalbu I'],[],,
1,"1881,0204.294",10,2,AKKADIAN,KA₂,KA₂,['bābu I'],[],,
2,"1881,0204.294",11,0,AKKADIAN,ha-ah-hu-ru,ha-ah-hu-ru,['hahhūru I'],[],,
3,"1881,0204.294",11,1,AKKADIAN,u₂-še-rab,u₂-še-rab,['erēbu I'],[],,
4,"1881,0204.294",11,2,AKKADIAN,qin-na,qin-na,['qinnu I'],[],,
5,"1881,0204.294",12,0,AKKADIAN,it-ti,it-ti,['itti I'],[],,
6,"1881,0204.294",12,1,AKKADIAN,a-ṣi-ia,a-ṣi-ia,['aṣû I'],[],,
7,"1881,0204.294",12,2,AKKADIAN,it-ti,it-ti,['itti I'],[],,
8,"1881,0204.294",13,0,AKKADIAN,ha-ah-hu-ri-ti-ia,ha-ah-hu-ri-ti-ia,['hahhūru I'],[],,
9,"1881,0204.294",13,1,AKKADIAN,ṭe₃-mu,ṭe₃-mu,['ṭēmu I'],[],,
10,"1881,0204.294",14,0,AKKADIAN,ad-da-ni-ka,ad-da-ni-ka,[],[],,
11,"1881,0204.294",15,0,AKKADIAN,ina,ina,['ina I'],[],,
12,"1881,0204.294",15,1,AKKADIAN,UGU,UGU,['muhhu I'],[],,
13,"1881,0204.294",15,2,AKKADIAN,UZU.DIRI,UZU.DIRI,['kamūnu II'],[],,
14,"1881,0204.294",15,3,AKKADIAN,la,la,['lā I'],[],,
15,"1881,0204.294",16,0,AKKADIAN,KIMIN,KIMIN,[],[],,
16,"1881,0204.294",16,1,AKKADIAN,ša,ša,['ša I'],[],,
17,"1881,0204.294",16,2,AKKADIAN,su-ha-ti,su-ha-ti,['suhātu I'],[],,
18,"1881,0204.294",18,0,AKKADIAN,at-ti,at-ti,['attī I'],[],,
19,"1881,0204.294",18,1,AKKADIAN,um-me-e,um-me-e,[],[],,
20,"1881,0204.294",18,2,AKKADIAN,INNIN,INNIN,[],[],,
21,"1881,0204.294",19,0,AKKADIAN,DU₃-ti,DU₃-ti,[],[],,
22,"1881,0204.294",19,1,AKKADIAN,šar-rat,šar-rat,['šarratu I'],[],,
23,"1881,0204.294",19,2,AKKADIAN,INNIN,INNIN,[],[],,
24,"1881,0204.294",20,0,AKKADIAN,at-ti,at-ti,['attī I'],[],,
25,"1881,0204.294",20,1,AKKADIAN,um-me-e,um-me-e,[],[],,
26,"1881,0204.294",20,2,AKKADIAN,{giš}GIŠIMMAR,{giš}GIŠIMMAR,['gišimmaru I'],[],,
27,"1881,0204.294",21,0,AKKADIAN,DU₃-ti,DU₃-ti,[],[],,
28,"1881,0204.294",21,1,AKKADIAN,ša,ša,['ša I'],[],,
29,"1881,0204.294",21,2,AKKADIAN,a-na,a-na,['ana I'],[],,
30,"1881,0204.294",21,3,AKKADIAN,ma-gal,ma-gal,['magal I'],[],,
31,"1881,0204.294",22,4,AKKADIAN,ša₂,ša₂,['ša I'],[],,
32,"1881,0204.294",22,5,AKKADIAN,a-na,a-na,['ana I'],[],,
33,"1881,0204.294",22,6,AKKADIAN,ma-gal,ma-gal,['magal I'],[],,
34,"1881,0204.294",27,1,AKKADIAN,ul,ul,[],[],,
35,"1881,0204.294",27,2,AKKADIAN,UDU,UDU,['immeru I'],[],,
36,"1881,0204.294",28,1,AKKADIAN,E₂,E₂,['bītu I'],[],,
37,"1881,0204.294",28,2,AKKADIAN,be-li₂-šu₂,be-li₂-šu₂,['bēlu I'],[],,
38,"1881,0204.294",28,3,AKKADIAN,re-es-su,re-es-su,['rēšu I'],[],,
