,fragment_id,fragment_line_num,index_in_line,word_language,value,clean_value,lemma,domain,place_discovery,place_composition
0,"1881,0204.139",1,0,AKKADIAN,DIŠ,DIŠ,['šumma I'],['CANONICAL ➝ Divination ➝ Celestial'],,
1,"1881,0204.139",1,1,AKKADIAN,20,20,['šamšu I'],['CANONICAL ➝ Divination ➝ Celestial'],,
2,"1881,0204.139",1,2,AKKADIAN,TUR₃,TUR₃,['tarbaṣu I'],['CANONICAL ➝ Divination ➝ Celestial'],,
3,"1881,0204.139",1,3,AKKADIAN,NIGIN₂-ma,NIGIN₂-ma,['lawû II'],['CANONICAL ➝ Divination ➝ Celestial'],,
4,"1881,0204.139",1,4,AKKADIAN,HAD₂-su,HAD₂-su,[],['CANONICAL ➝ Divination ➝ Celestial'],,
5,"1881,0204.139",1,6,AKKADIAN,{d}UTU.E₃,{d}UTU.E₃,"['ṣītu I', 'šamšu I']",['CANONICAL ➝ Divination ➝ Celestial'],,
6,"1881,0204.139",3,2,AKKADIAN,ZI-ut,ZI-ut,['tibûtu I'],['CANONICAL ➝ Divination ➝ Celestial'],,
7,"1881,0204.139",3,3,AKKADIAN,{im}4,{im}4,['amurru I'],['CANONICAL ➝ Divination ➝ Celestial'],,
8,"1881,0204.139",5,0,AKKADIAN,DIŠ,DIŠ,['šumma I'],['CANONICAL ➝ Divination ➝ Celestial'],,
9,"1881,0204.139",5,1,AKKADIAN,20,20,['šamšu I'],['CANONICAL ➝ Divination ➝ Celestial'],,
10,"1881,0204.139",5,2,AKKADIAN,TUR₃,TUR₃,['tarbaṣu I'],['CANONICAL ➝ Divination ➝ Celestial'],,
11,"1881,0204.139",5,3,AKKADIAN,NIGIN₂-ma,NIGIN₂-ma,['lawû II'],['CANONICAL ➝ Divination ➝ Celestial'],,
12,"1881,0204.139",5,4,AKKADIAN,HAD₂-su,HAD₂-su,[],['CANONICAL ➝ Divination ➝ Celestial'],,
13,"1881,0204.139",5,5,AKKADIAN,ana,ana,['ana I'],['CANONICAL ➝ Divination ➝ Celestial'],,
14,"1881,0204.139",7,1,AKKADIAN,{im}3,{im}3,['šadû II'],['CANONICAL ➝ Divination ➝ Celestial'],,
15,"1881,0204.139",9,0,AKKADIAN,DIŠ,DIŠ,['šumma I'],['CANONICAL ➝ Divination ➝ Celestial'],,
16,"1881,0204.139",9,1,AKKADIAN,ina,ina,['ina I'],['CANONICAL ➝ Divination ➝ Celestial'],,
17,"1881,0204.139",9,2,AKKADIAN,ŠA₃,ŠA₃,['libbu I'],['CANONICAL ➝ Divination ➝ Celestial'],,
18,"1881,0204.139",10,0,AKKADIAN,DIŠ,DIŠ,['šumma I'],['CANONICAL ➝ Divination ➝ Celestial'],,
19,"1881,0204.139",10,1,AKKADIAN,ina,ina,['ina I'],['CANONICAL ➝ Divination ➝ Celestial'],,
20,"1881,0204.139",10,2,AKKADIAN,ŠA₃,ŠA₃,['libbu I'],['CANONICAL ➝ Divination ➝ Celestial'],,
21,"1881,0204.139",10,3,AKKADIAN,TUR₃,TUR₃,['tarbaṣu I'],['CANONICAL ➝ Divination ➝ Celestial'],,
22,"1881,0204.139",11,0,AKKADIAN,DIŠ,DIŠ,['šumma I'],['CANONICAL ➝ Divination ➝ Celestial'],,
23,"1881,0204.139",11,1,AKKADIAN,ina,ina,['ina I'],['CANONICAL ➝ Divination ➝ Celestial'],,
24,"1881,0204.139",11,2,AKKADIAN,ŠA₃,ŠA₃,['libbu I'],['CANONICAL ➝ Divination ➝ Celestial'],,
25,"1881,0204.139",11,3,AKKADIAN,TUR₃,TUR₃,['tarbaṣu I'],['CANONICAL ➝ Divination ➝ Celestial'],,
26,"1881,0204.139",12,0,AKKADIAN,DIŠ,DIŠ,['šumma I'],['CANONICAL ➝ Divination ➝ Celestial'],,
27,"1881,0204.139",12,1,AKKADIAN,ina,ina,['ina I'],['CANONICAL ➝ Divination ➝ Celestial'],,
28,"1881,0204.139",12,2,AKKADIAN,ŠA₃,ŠA₃,['libbu I'],['CANONICAL ➝ Divination ➝ Celestial'],,
29,"1881,0204.139",12,3,AKKADIAN,TUR₃,TUR₃,['tarbaṣu I'],['CANONICAL ➝ Divination ➝ Celestial'],,
30,"1881,0204.139",15,0,AKKADIAN,6,6,['šediš I'],['CANONICAL ➝ Divination ➝ Celestial'],,
31,"1881,0204.139",15,1,AKKADIAN,MU-MEŠ,MU-MEŠ,['šumu I'],['CANONICAL ➝ Divination ➝ Celestial'],,
32,"1881,0204.139",18,2,AKKADIAN,AB.SAR,AB.SAR,['šaṭāru II'],['CANONICAL ➝ Divination ➝ Celestial'],,
33,"1881,0204.139",20,2,AKKADIAN,DUB,DUB,['ṭuppu I'],['CANONICAL ➝ Divination ➝ Celestial'],,
34,"1881,0204.139",20,3,AKKADIAN,{m}{d}AG-zu-qup-GI.NA,{m}{d}AG-zu-qup-GI.NA,['Nabu-zuqup-kenu I'],['CANONICAL ➝ Divination ➝ Celestial'],,
35,"1881,0204.139",21,0,AKKADIAN,DUMU,DUMU,['māru I'],['CANONICAL ➝ Divination ➝ Celestial'],,
36,"1881,0204.139",22,0,AKKADIAN,ŠA₃.BAL.BAL,ŠA₃.BAL.BAL,['līpu I'],['CANONICAL ➝ Divination ➝ Celestial'],,
