,fragment_id,fragment_line_num,index_in_line,word_language,value,clean_value,lemma,domain,place_discovery,place_composition
0,"1880,0719.145",1,1,AKKADIAN,ME.NI,ME.NI,"['bābu I', 'ēkallu I']",[],,
1,"1880,0719.145",1,2,AKKADIAN,UGU-nu,UGU-nu,['elēnu I'],[],,
2,"1880,0719.145",1,3,AKKADIAN,ši-ši-tu₂/tu₄,ši-ši-tu₂/tu₄,[],[],,
3,"1880,0719.145",1,4,AKKADIAN,ṣu-ul-lu-ul,ṣu-ul-lu-ul,['ṣullulu II'],[],,
4,"1880,0719.145",3,1,AKKADIAN,AN-TA-nu,AN-TA-nu,['elēnu I'],[],,
5,"1880,0719.145",3,2,AKKADIAN,ME.NI,ME.NI,"['bābu I', 'ēkallu I']",[],,
6,"1880,0719.145",3,4,AKKADIAN,ZI-ib,ZI-ib,['tību I'],[],,
7,"1880,0719.145",5,1,AKKADIAN,KI-TA-nu,KI-TA-nu,['šaplānu I'],[],,
8,"1880,0719.145",5,2,AKKADIAN,ME.NI,ME.NI,"['bābu I', 'ēkallu I']",[],,
9,"1880,0719.145",5,5,AKKADIAN,dum-qu₂,dum-qu₂,['dumqu I'],[],,
10,"1880,0719.145",7,1,AKKADIAN,ina,ina,['ina I'],[],,
11,"1880,0719.145",7,2,AKKADIAN,ŠA₃,ŠA₃,['libbu I'],[],,
12,"1880,0719.145",7,3,AKKADIAN,ME.NI,ME.NI,"['bābu I', 'ēkallu I']",[],,
13,"1880,0719.145",7,7,AKKADIAN,LU₂.UŠ₂,LU₂.UŠ₂,['pagru I'],[],,
14,"1880,0719.145",7,8,AKKADIAN,ŠUB-di,ŠUB-di,['nadû III'],[],,
15,"1880,0719.145",9,1,AKKADIAN,AN-TA-nu,AN-TA-nu,['elēnu I'],[],,
16,"1880,0719.145",9,2,AKKADIAN,ME.NI,ME.NI,"['bābu I', 'ēkallu I']",[],,
17,"1880,0719.145",9,6,AKKADIAN,ŠA₃,ŠA₃,['libbu I'],[],,
18,"1880,0719.145",9,7,AKKADIAN,E₂.GAL,E₂.GAL,['ēkallu I'],[],,
19,"1880,0719.145",11,2,AKKADIAN,ME.NI,ME.NI,"['bābu I', 'ēkallu I']",[],,
20,"1880,0719.145",11,4,AKKADIAN,ŠUB-ti,ŠUB-ti,['miqittu I'],[],,
21,"1880,0719.145",11,5,AKKADIAN,ERIN₂-ni,ERIN₂-ni,['ummānu I'],[],,
22,"1880,0719.145",13,2,AKKADIAN,ŠUB-ti,ŠUB-ti,['miqittu I'],[],,
23,"1880,0719.145",13,3,AKKADIAN,ERIN₂,ERIN₂,['ummānu I'],[],,
24,"1880,0719.145",13,4,AKKADIAN,KUR₂,KUR₂,['nakru I'],[],,
25,"1880,0719.145",14,3,AKKADIAN,hat-tu₄,hat-tu₄,['hātu I'],[],,
26,"1880,0719.145",14,4,AKKADIAN,ana,ana,['ana I'],[],,
27,"1880,0719.145",14,5,AKKADIAN,ERIN₂-ni,ERIN₂-ni,['ummānu I'],[],,
28,"1880,0719.145",15,3,AKKADIAN,ina,ina,['ina I'],[],,
29,"1880,0719.145",16,2,AKKADIAN,LA₂-al,LA₂-al,['qalālu I'],[],,
30,"1880,0719.145",16,3,AKKADIAN,IDIM,IDIM,['kabtu I'],[],,
31,"1880,0719.145",16,5,AKKADIAN,NUN,NUN,['rubû I'],[],,
32,"1880,0719.145",18,2,AKKADIAN,GU,GU,['qû I'],[],,
33,"1880,0719.145",18,3,AKKADIAN,LA₂-al-ma,LA₂-al-ma,['alālu II'],[],,
34,"1880,0719.145",18,4,AKKADIAN,ina,ina,['ina I'],[],,
35,"1880,0719.145",18,5,AKKADIAN,KIR₄-šu₂,KIR₄-šu₂,"['appu I', '-šu I']",[],,
36,"1880,0719.145",18,6,AKKADIAN,UZU,UZU,['šīru I'],[],,
37,"1880,0719.145",18,7,AKKADIAN,GIN₇,GIN₇,['kīma I'],[],,
38,"1880,0719.145",18,8,AKKADIAN,GU₂.TUR,GU₂.TUR,['kakkû I'],[],,
39,"1880,0719.145",18,9,AKKADIAN,GAR-in,GAR-in,['šakānu I'],[],,
40,"1880,0719.145",18,10,AKKADIAN,ša₂,ša₂,['ša I'],[],,
41,"1880,0719.145",18,11,AKKADIAN,{giš}TUKUL,{giš}TUKUL,['kakku I'],[],,
42,"1880,0719.145",18,15,AKKADIAN,E₂.GAL,E₂.GAL,['ēkallu I'],[],,
43,"1880,0719.145",18,16,AKKADIAN,KU₄-MEŠ,KU₄-MEŠ,['erēbu I'],[],,
44,"1880,0719.145",20,2,AKKADIAN,GU,GU,['qû I'],[],,
45,"1880,0719.145",20,3,AKKADIAN,LA₂-al-ma,LA₂-al-ma,['alālu II'],[],,
46,"1880,0719.145",20,4,AKKADIAN,ina,ina,['ina I'],[],,
47,"1880,0719.145",20,5,AKKADIAN,KIR₄-šu₂,KIR₄-šu₂,"['appu I', '-šu I']",[],,
48,"1880,0719.145",20,6,AKKADIAN,UZU,UZU,['šīru I'],[],,
49,"1880,0719.145",20,7,AKKADIAN,GIN₇,GIN₇,['kīma I'],[],,
50,"1880,0719.145",20,8,AKKADIAN,MUG,MUG,[],[],,
51,"1880,0719.145",20,9,AKKADIAN,GAR-in,GAR-in,['šakānu I'],[],,
52,"1880,0719.145",20,10,AKKADIAN,ŠA₃.TAM-MEŠ,ŠA₃.TAM-MEŠ,['šatammu I'],[],,
53,"1880,0719.145",20,14,AKKADIAN,KU,KU,[],[],,
54,"1880,0719.145",22,1,AKKADIAN,EŠ,EŠ,['pašāšu I'],[],,
55,"1880,0719.145",22,2,AKKADIAN,KUR,KUR,[],[],,
56,"1880,0719.145",24,2,AKKADIAN,DU-MEŠ,DU-MEŠ,[],[],,
57,"1880,0719.145",29,1,AKKADIAN,u₂-taš-šar,u₂-taš-šar,[],[],,
58,"1880,0719.145",30,1,AKKADIAN,UGU-nu,UGU-nu,['elēnu I'],[],,
59,"1880,0719.145",30,2,AKKADIAN,ME.NI,ME.NI,"['bābu I', 'ēkallu I']",[],,
60,"1880,0719.145",30,3,AKKADIAN,{giš}TUKUL,{giš}TUKUL,['kakku I'],[],,
61,"1880,0719.145",30,4,AKKADIAN,GAR-ma,GAR-ma,"['šakānu I', '-ma I']",[],,
62,"1880,0719.145",30,5,AKKADIAN,ŠA₃,ŠA₃,['libbu I'],[],,
63,"1880,0719.145",30,6,AKKADIAN,ME.NI,ME.NI,"['bābu I', 'ēkallu I']",[],,
64,"1880,0719.145",30,7,AKKADIAN,IGI,IGI,['naṭālu I'],[],,
65,"1880,0719.145",30,8,AKKADIAN,{giš}TUKUL,{giš}TUKUL,['kakku I'],[],,
66,"1880,0719.145",32,1,AKKADIAN,{giš}TUKUL,{giš}TUKUL,['kakku I'],[],,
67,"1880,0719.145",32,2,AKKADIAN,ŠA₃.HUL,ŠA₃.HUL,"['lumnu I', 'libbu I']",[],,
68,"1880,0719.145",32,3,AKKADIAN,UGU-su₂,UGU-su₂,"['muhhu I', '-šu I']",[],,
69,"1880,0719.145",32,4,AKKADIAN,DU₈,DU₈,['paṭāru I'],[],,
70,"1880,0719.145",32,5,AKKADIAN,ek-let,ek-let,['ekletu I'],[],,
71,"1880,0719.145",34,1,AKKADIAN,{giš}TUKUL,{giš}TUKUL,['kakku I'],[],,
72,"1880,0719.145",34,2,AKKADIAN,ŠA₃.HUL,ŠA₃.HUL,"['lumnu I', 'libbu I']",[],,
73,"1880,0719.145",34,3,AKKADIAN,MIN-ma,MIN-ma,[],[],,
74,"1880,0719.145",34,4,AKKADIAN,ina,ina,['ina I'],[],,
75,"1880,0719.145",34,5,AKKADIAN,UGU,UGU,['muhhu I'],[],,
76,"1880,0719.145",34,6,AKKADIAN,ME.NI,ME.NI,"['bābu I', 'ēkallu I']",[],,
77,"1880,0719.145",34,7,AKKADIAN,GAR-MEŠ,GAR-MEŠ,['šakānu I'],[],,
78,"1880,0719.145",34,8,AKKADIAN,ERIN₂-ni,ERIN₂-ni,['ummānu I'],[],,
79,"1880,0719.145",34,9,AKKADIAN,ERIN₂,ERIN₂,['ummānu I'],[],,
80,"1880,0719.145",34,11,AKKADIAN,i-šal-lal,i-šal-lal,['šalālu I'],[],,
81,"1880,0719.145",36,1,AKKADIAN,ina,ina,['ina I'],[],,
82,"1880,0719.145",36,2,AKKADIAN,UGU,UGU,['muhhu I'],[],,
83,"1880,0719.145",36,3,AKKADIAN,{giš}TUKUL,{giš}TUKUL,['kakku I'],[],,
84,"1880,0719.145",36,4,AKKADIAN,ŠA₃.HUL,ŠA₃.HUL,"['lumnu I', 'libbu I']",[],,
85,"1880,0719.145",36,5,AKKADIAN,BUR₃,BUR₃,['šīlu I'],[],,
86,"1880,0719.145",36,6,AKKADIAN,ŠUB-di,ŠUB-di,['nadû III'],[],,
87,"1880,0719.145",36,7,AKKADIAN,KUR₂,KUR₂,['nakru I'],[],,
88,"1880,0719.145",36,8,AKKADIAN,ša₂,ša₂,['ša I'],[],,
89,"1880,0719.145",36,9,AKKADIAN,ŠA₃.HUL,ŠA₃.HUL,"['lumnu I', 'libbu I']",[],,
90,"1880,0719.145",36,11,AKKADIAN,ta-dak,ta-dak,['dâku I'],[],,
91,"1880,0719.145",38,1,AKKADIAN,{giš}TUKUL,{giš}TUKUL,['kakku I'],[],,
92,"1880,0719.145",38,2,AKKADIAN,ŠA₃.HUL,ŠA₃.HUL,"['lumnu I', 'libbu I']",[],,
93,"1880,0719.145",38,3,AKKADIAN,GAM-iš,GAM-iš,['kanāšu I'],[],,
94,"1880,0719.145",38,4,AKKADIAN,na-piš,na-piš,['napīšu I'],[],,
95,"1880,0719.145",38,5,AKKADIAN,DIGIR,DIGIR,['ilu I'],[],,
96,"1880,0719.145",38,6,AKKADIAN,DUG₃.GA,DUG₃.GA,['ṭiābu I'],[],,
97,"1880,0719.145",38,7,AKKADIAN,ana,ana,['ana I'],[],,
98,"1880,0719.145",38,9,AKKADIAN,E₃,E₃,['aṣû I'],[],,
99,"1880,0719.145",40,2,AKKADIAN,KUR₂,KUR₂,['nakru I'],[],,
100,"1880,0719.145",40,3,AKKADIAN,ša₂,ša₂,['ša I'],[],,
101,"1880,0719.145",40,4,AKKADIAN,ŠA₃.HUL,ŠA₃.HUL,"['lumnu I', 'libbu I']",[],,
102,"1880,0719.145",42,1,AKKADIAN,ina,ina,['ina I'],[],,
103,"1880,0719.145",42,2,AKKADIAN,UGU,UGU,['muhhu I'],[],,
104,"1880,0719.145",42,3,AKKADIAN,ME.NI,ME.NI,"['bābu I', 'ēkallu I']",[],,
105,"1880,0719.145",42,4,AKKADIAN,{giš}TUKUL,{giš}TUKUL,['kakku I'],[],,
106,"1880,0719.145",42,5,AKKADIAN,GAR-ma,GAR-ma,"['šakānu I', '-ma I']",[],,
107,"1880,0719.145",42,6,AKKADIAN,MAŠ₂,MAŠ₂,['ṣibtu II'],[],,
108,"1880,0719.145",42,7,AKKADIAN,IGI,IGI,[],[],,
109,"1880,0719.145",42,8,AKKADIAN,ana,ana,['ana I'],[],,
110,"1880,0719.145",42,9,AKKADIAN,KUR₂-ka,KUR₂-ka,['nakru I'],[],,
111,"1880,0719.145",58,1,AKKADIAN,sip-pi₂,sip-pi₂,['sippu I'],[],,
112,"1880,0719.145",58,2,AKKADIAN,150,150,['šumēlu I'],[],,
113,"1880,0719.145",58,3,AKKADIAN,ME.NI,ME.NI,"['bābu I', 'ēkallu I']",[],,
114,"1880,0719.145",58,4,AKKADIAN,ina,ina,['ina I'],[],,
115,"1880,0719.145",58,5,AKKADIAN,ha-si-si-šu₂,ha-si-si-šu₂,"['hasīsu I', '-šu I']",[],,
116,"1880,0719.145",58,6,AKKADIAN,DU₈-MEŠ,DU₈-MEŠ,['paṭāru I'],[],,
117,"1880,0719.145",58,7,AKKADIAN,re-ṣu-ut,re-ṣu-ut,['rēṣūtu I'],[],,
118,"1880,0719.145",58,8,AKKADIAN,ERIN₂,ERIN₂,['ummānu I'],[],,
119,"1880,0719.145",58,9,AKKADIAN,NUN,NUN,['rubû I'],[],,
120,"1880,0719.145",58,10,AKKADIAN,DINGIR,DINGIR,['ilu I'],[],,
121,"1880,0719.145",58,12,AKKADIAN,GIN-ak,GIN-ak,['alāku I'],[],,
122,"1880,0719.145",60,1,AKKADIAN,SAL.LA,SAL.LA,['ruqqu II'],[],,
123,"1880,0719.145",60,2,AKKADIAN,ša₂,ša₂,['ša I'],[],,
124,"1880,0719.145",60,3,AKKADIAN,IGI-et,IGI-et,['mehretu I'],[],,
125,"1880,0719.145",60,4,AKKADIAN,ME.NI,ME.NI,"['bābu I', 'ēkallu I']",[],,
126,"1880,0719.145",60,5,AKKADIAN,DU₈,DU₈,['paṭāru I'],[],,
127,"1880,0719.145",60,6,AKKADIAN,ZI.GA,ZI.GA,['tību I'],[],,
128,"1880,0719.145",60,7,AKKADIAN,{munus}URU₃,{munus}URU₃,['niṣirtu I'],[],,
129,"1880,0719.145",60,8,AKKADIAN,ina,ina,['ina I'],[],,
130,"1880,0719.145",60,9,AKKADIAN,E₂,E₂,['bītu I'],[],,
131,"1880,0719.145",60,11,AKKADIAN,E₃,E₃,['aṣû I'],[],,
132,"1880,0719.145",62,1,AKKADIAN,SAL.LA,SAL.LA,['ruqqu II'],[],,
133,"1880,0719.145",62,2,AKKADIAN,ša₂,ša₂,['ša I'],[],,
134,"1880,0719.145",62,3,AKKADIAN,IGI-et,IGI-et,['mehretu I'],[],,
135,"1880,0719.145",62,4,AKKADIAN,ME.NI,ME.NI,"['bābu I', 'ēkallu I']",[],,
136,"1880,0719.145",62,5,AKKADIAN,ana,ana,['ana I'],[],,
137,"1880,0719.145",62,6,AKKADIAN,ŠU.SI,ŠU.SI,['ubānu I'],[],,
138,"1880,0719.145",62,7,AKKADIAN,NU,NU,['lā I'],[],,
139,"1880,0719.145",62,8,AKKADIAN,TE-e,TE-e,['ṭehû I'],[],,
140,"1880,0719.145",62,9,AKKADIAN,DU₈,DU₈,['paṭāru I'],[],,
141,"1880,0719.145",62,11,AKKADIAN,SAG,SAG,['rēšu I'],[],,
142,"1880,0719.145",62,12,AKKADIAN,SIG-i,SIG-i,['ēdû I'],[],,
143,"1880,0719.145",64,1,AKKADIAN,sip-pi₂,sip-pi₂,['sippu I'],[],,
144,"1880,0719.145",64,2,AKKADIAN,15,15,['imittu I'],[],,
145,"1880,0719.145",64,3,AKKADIAN,ME.NI,ME.NI,"['bābu I', 'ēkallu I']",[],,
146,"1880,0719.145",64,4,AKKADIAN,DU₈,DU₈,['paṭāru I'],[],,
147,"1880,0719.145",64,6,AKKADIAN,IR₃,IR₃,['ardu I'],[],,
148,"1880,0719.145",66,1,AKKADIAN,sip-pi₂,sip-pi₂,['sippu I'],[],,
149,"1880,0719.145",66,2,AKKADIAN,150,150,['šumēlu I'],[],,
150,"1880,0719.145",66,3,AKKADIAN,ME.NI,ME.NI,"['bābu I', 'ēkallu I']",[],,
151,"1880,0719.145",66,4,AKKADIAN,DU₈,DU₈,['paṭāru I'],[],,
