,fragment_id,fragment_line_num,index_in_line,word_language,value,clean_value,lemma,domain,place_discovery,place_composition
0,"1880,0719.349",1,0,AKKADIAN,DIŠ,DIŠ,[],['CANONICAL'],,
1,"1880,0719.349",1,1,AKKADIAN,,,[],['CANONICAL'],,
2,"1880,0719.349",2,0,AKKADIAN,ina,ina,['ina I'],['CANONICAL'],,
3,"1880,0719.349",2,1,AKKADIAN,I₃,I₃,['šamnu I'],['CANONICAL'],,
4,"1880,0719.349",4,0,AKKADIAN,DIŠ,DIŠ,[],['CANONICAL'],,
5,"1880,0719.349",4,1,AKKADIAN,,,[],['CANONICAL'],,
6,"1880,0719.349",7,0,AKKADIAN,DIŠ,DIŠ,[],['CANONICAL'],,
7,"1880,0719.349",7,1,AKKADIAN,,,[],['CANONICAL'],,
8,"1880,0719.349",8,0,AKKADIAN,I₃,I₃,['šamnu I'],['CANONICAL'],,
9,"1880,0719.349",14,0,AKKADIAN,a-na,a-na,['ana I'],['CANONICAL'],,
10,"1880,0719.349",14,2,AKKADIAN,ši-ta-as-si-ia,ši-ta-as-si-ia,['šasû I'],['CANONICAL'],,
11,"1880,0719.349",14,3,AKKADIAN,qe₂-reb,qe₂-reb,['qerbu II'],['CANONICAL'],,
12,"1880,0719.349",14,4,AKKADIAN,E₂.GAL-ia,E₂.GAL-ia,['ēkallu I'],['CANONICAL'],,
13,"1880,0719.349",15,1,AKKADIAN,NU,NU,['ul I'],['CANONICAL'],,
14,"1880,0719.349",15,2,AKKADIAN,TEŠ₂,TEŠ₂,['bâšu I'],['CANONICAL'],,
15,"1880,0719.349",15,3,AKKADIAN,LUGAL,LUGAL,['šarru I'],['CANONICAL'],,
16,"1880,0719.349",15,4,AKKADIAN,DINGIR-MEŠ,DINGIR-MEŠ,['ilu I'],['CANONICAL'],,
17,"1880,0719.349",16,1,AKKADIAN,ša₂,ša₂,['ša I'],['CANONICAL'],,
18,"1880,0719.349",16,2,AKKADIAN,TUM₃,TUM₃,['tabālu I'],['CANONICAL'],,
19,"1880,0719.349",16,4,AKKADIAN,lu,lu,['lū I'],['CANONICAL'],,
20,"1880,0719.349",16,5,AKKADIAN,MU-šu₂,MU-šu₂,['šumu I'],['CANONICAL'],,
21,"1880,0719.349",16,6,AKKADIAN,it-ti,it-ti,['itti I'],['CANONICAL'],,
22,"1880,0719.349",16,7,AKKADIAN,MU-ia,MU-ia,['šumu I'],['CANONICAL'],,
23,"1880,0719.349",17,1,AKKADIAN,u,u,['u I'],['CANONICAL'],,
24,"1880,0719.349",17,3,AKKADIAN,ag-giš,ag-giš,['aggiš I'],['CANONICAL'],,
25,"1880,0719.349",17,4,AKKADIAN,ez-zi-iš,ez-zi-iš,['ezziš I'],['CANONICAL'],,
