,fragment_id,fragment_line_num,index_in_line,word_language,value,clean_value,lemma,domain,place_discovery,place_composition
0,"1880,0719.84",1,1,AKKADIAN,ana,ana,[],"['CANONICAL ➝ Divination ➝ Extispicy', 'CANONICAL ➝ Technical ➝ Ritual texts']",,
1,"1880,0719.84",1,2,AKKADIAN,IGI,IGI,[],"['CANONICAL ➝ Divination ➝ Extispicy', 'CANONICAL ➝ Technical ➝ Ritual texts']",,
2,"1880,0719.84",1,3,AKKADIAN,NIG₂.NA,NIG₂.NA,[],"['CANONICAL ➝ Divination ➝ Extispicy', 'CANONICAL ➝ Technical ➝ Ritual texts']",,
3,"1880,0719.84",1,5,AKKADIAN,NIG₂.NA,NIG₂.NA,[],"['CANONICAL ➝ Divination ➝ Extispicy', 'CANONICAL ➝ Technical ➝ Ritual texts']",,
4,"1880,0719.84",1,6,AKKADIAN,u₂-nak-kar-ma,u₂-nak-kar-ma,[],"['CANONICAL ➝ Divination ➝ Extispicy', 'CANONICAL ➝ Technical ➝ Ritual texts']",,
5,"1880,0719.84",1,7,AKKADIAN,uš-ke-en-ma,uš-ke-en-ma,[],"['CANONICAL ➝ Divination ➝ Extispicy', 'CANONICAL ➝ Technical ➝ Ritual texts']",,
6,"1880,0719.84",2,1,AKKADIAN,{udu}SISKUR₂,{udu}SISKUR₂,[],"['CANONICAL ➝ Divination ➝ Extispicy', 'CANONICAL ➝ Technical ➝ Ritual texts']",,
7,"1880,0719.84",2,2,AKKADIAN,ŠU₂-su,ŠU₂-su,[],"['CANONICAL ➝ Divination ➝ Extispicy', 'CANONICAL ➝ Technical ➝ Ritual texts']",,
8,"1880,0719.84",2,3,AKKADIAN,IL₂-ši-ma,IL₂-ši-ma,[],"['CANONICAL ➝ Divination ➝ Extispicy', 'CANONICAL ➝ Technical ➝ Ritual texts']",,
9,"1880,0719.84",2,4,AKKADIAN,ut-nen,ut-nen,[],"['CANONICAL ➝ Divination ➝ Extispicy', 'CANONICAL ➝ Technical ➝ Ritual texts']",,
10,"1880,0719.84",2,6,AKKADIAN,{giš}BANŠUR,{giš}BANŠUR,[],"['CANONICAL ➝ Divination ➝ Extispicy', 'CANONICAL ➝ Technical ➝ Ritual texts']",,
11,"1880,0719.84",2,7,AKKADIAN,ša₂,ša₂,[],"['CANONICAL ➝ Divination ➝ Extispicy', 'CANONICAL ➝ Technical ➝ Ritual texts']",,
12,"1880,0719.84",2,8,AKKADIAN,IGI,IGI,[],"['CANONICAL ➝ Divination ➝ Extispicy', 'CANONICAL ➝ Technical ➝ Ritual texts']",,
13,"1880,0719.84",2,9,AKKADIAN,{d}a-a,{d}a-a,[],"['CANONICAL ➝ Divination ➝ Extispicy', 'CANONICAL ➝ Technical ➝ Ritual texts']",,
14,"1880,0719.84",3,0,AKKADIAN,4,4,[],"['CANONICAL ➝ Divination ➝ Extispicy', 'CANONICAL ➝ Technical ➝ Ritual texts']",,
15,"1880,0719.84",3,1,AKKADIAN,{dug}NIG₂.TA.KUR₄,{dug}NIG₂.TA.KUR₄,[],"['CANONICAL ➝ Divination ➝ Extispicy', 'CANONICAL ➝ Technical ➝ Ritual texts']",,
16,"1880,0719.84",3,2,AKKADIAN,KAŠ.SAG,KAŠ.SAG,[],"['CANONICAL ➝ Divination ➝ Extispicy', 'CANONICAL ➝ Technical ➝ Ritual texts']",,
17,"1880,0719.84",3,3,AKKADIAN,ša₂,ša₂,[],"['CANONICAL ➝ Divination ➝ Extispicy', 'CANONICAL ➝ Technical ➝ Ritual texts']",,
18,"1880,0719.84",3,4,AKKADIAN,ina,ina,[],"['CANONICAL ➝ Divination ➝ Extispicy', 'CANONICAL ➝ Technical ➝ Ritual texts']",,
19,"1880,0719.84",3,5,AKKADIAN,{giš}BANŠUR,{giš}BANŠUR,[],"['CANONICAL ➝ Divination ➝ Extispicy', 'CANONICAL ➝ Technical ➝ Ritual texts']",,
20,"1880,0719.84",3,6,AKKADIAN,kun-nu,kun-nu,[],"['CANONICAL ➝ Divination ➝ Extispicy', 'CANONICAL ➝ Technical ➝ Ritual texts']",,
21,"1880,0719.84",3,7,AKKADIAN,IL₂-ši-ma,IL₂-ši-ma,[],"['CANONICAL ➝ Divination ➝ Extispicy', 'CANONICAL ➝ Technical ➝ Ritual texts']",,
22,"1880,0719.84",3,9,AKKADIAN,IGI,IGI,[],"['CANONICAL ➝ Divination ➝ Extispicy', 'CANONICAL ➝ Technical ➝ Ritual texts']",,
23,"1880,0719.84",3,10,AKKADIAN,NIG₂.NA,NIG₂.NA,[],"['CANONICAL ➝ Divination ➝ Extispicy', 'CANONICAL ➝ Technical ➝ Ritual texts']",,
24,"1880,0719.84",3,11,AKKADIAN,BAL-qi₂,BAL-qi₂,[],"['CANONICAL ➝ Divination ➝ Extispicy', 'CANONICAL ➝ Technical ➝ Ritual texts']",,
25,"1880,0719.84",3,12,AKKADIAN,NIG₂.NA,NIG₂.NA,[],"['CANONICAL ➝ Divination ➝ Extispicy', 'CANONICAL ➝ Technical ➝ Ritual texts']",,
26,"1880,0719.84",4,0,AKKADIAN,uš-ke-en-ma,uš-ke-en-ma,[],"['CANONICAL ➝ Divination ➝ Extispicy', 'CANONICAL ➝ Technical ➝ Ritual texts']",,
27,"1880,0719.84",4,1,AKKADIAN,iš-ši-ir,iš-ši-ir,[],"['CANONICAL ➝ Divination ➝ Extispicy', 'CANONICAL ➝ Technical ➝ Ritual texts']",,
28,"1880,0719.84",4,2,AKKADIAN,EN,EN,[],"['CANONICAL ➝ Divination ➝ Extispicy', 'CANONICAL ➝ Technical ➝ Ritual texts']",,
29,"1880,0719.84",4,3,AKKADIAN,{udu}SISKUR₂,{udu}SISKUR₂,[],"['CANONICAL ➝ Divination ➝ Extispicy', 'CANONICAL ➝ Technical ➝ Ritual texts']",,
30,"1880,0719.84",4,4,AKKADIAN,ŠU-su,ŠU-su,[],"['CANONICAL ➝ Divination ➝ Extispicy', 'CANONICAL ➝ Technical ➝ Ritual texts']",,
31,"1880,0719.84",4,6,AKKADIAN,ut-nen,ut-nen,[],"['CANONICAL ➝ Divination ➝ Extispicy', 'CANONICAL ➝ Technical ➝ Ritual texts']",,
32,"1880,0719.84",5,0,AKKADIAN,{giš}BANŠUR,{giš}BANŠUR,[],"['CANONICAL ➝ Divination ➝ Extispicy', 'CANONICAL ➝ Technical ➝ Ritual texts']",,
33,"1880,0719.84",5,1,AKKADIAN,ša₂,ša₂,[],"['CANONICAL ➝ Divination ➝ Extispicy', 'CANONICAL ➝ Technical ➝ Ritual texts']",,
34,"1880,0719.84",5,2,AKKADIAN,IGI,IGI,[],"['CANONICAL ➝ Divination ➝ Extispicy', 'CANONICAL ➝ Technical ➝ Ritual texts']",,
35,"1880,0719.84",5,3,AKKADIAN,{d}AMAR.UTU,{d}AMAR.UTU,[],"['CANONICAL ➝ Divination ➝ Extispicy', 'CANONICAL ➝ Technical ➝ Ritual texts']",,
36,"1880,0719.84",5,4,AKKADIAN,DU₈-ar₂,DU₈-ar₂,[],"['CANONICAL ➝ Divination ➝ Extispicy', 'CANONICAL ➝ Technical ➝ Ritual texts']",,
37,"1880,0719.84",5,5,AKKADIAN,4,4,[],"['CANONICAL ➝ Divination ➝ Extispicy', 'CANONICAL ➝ Technical ➝ Ritual texts']",,
38,"1880,0719.84",5,6,AKKADIAN,{dug}NIG₂.TA.KUR₄,{dug}NIG₂.TA.KUR₄,[],"['CANONICAL ➝ Divination ➝ Extispicy', 'CANONICAL ➝ Technical ➝ Ritual texts']",,
39,"1880,0719.84",5,7,AKKADIAN,KAŠ.SAG,KAŠ.SAG,[],"['CANONICAL ➝ Divination ➝ Extispicy', 'CANONICAL ➝ Technical ➝ Ritual texts']",,
40,"1880,0719.84",5,8,AKKADIAN,ša₂,ša₂,[],"['CANONICAL ➝ Divination ➝ Extispicy', 'CANONICAL ➝ Technical ➝ Ritual texts']",,
41,"1880,0719.84",5,9,AKKADIAN,ina,ina,[],"['CANONICAL ➝ Divination ➝ Extispicy', 'CANONICAL ➝ Technical ➝ Ritual texts']",,
42,"1880,0719.84",5,10,AKKADIAN,{giš}BANŠUR,{giš}BANŠUR,[],"['CANONICAL ➝ Divination ➝ Extispicy', 'CANONICAL ➝ Technical ➝ Ritual texts']",,
43,"1880,0719.84",6,0,AKKADIAN,IL₂-ši-ma,IL₂-ši-ma,[],"['CANONICAL ➝ Divination ➝ Extispicy', 'CANONICAL ➝ Technical ➝ Ritual texts']",,
44,"1880,0719.84",6,1,AKKADIAN,ana,ana,[],"['CANONICAL ➝ Divination ➝ Extispicy', 'CANONICAL ➝ Technical ➝ Ritual texts']",,
45,"1880,0719.84",6,2,AKKADIAN,IGI,IGI,[],"['CANONICAL ➝ Divination ➝ Extispicy', 'CANONICAL ➝ Technical ➝ Ritual texts']",,
46,"1880,0719.84",6,3,AKKADIAN,NIG₂.NA,NIG₂.NA,[],"['CANONICAL ➝ Divination ➝ Extispicy', 'CANONICAL ➝ Technical ➝ Ritual texts']",,
47,"1880,0719.84",6,4,AKKADIAN,BAL-qi₂,BAL-qi₂,[],"['CANONICAL ➝ Divination ➝ Extispicy', 'CANONICAL ➝ Technical ➝ Ritual texts']",,
48,"1880,0719.84",6,5,AKKADIAN,NIG₂.NA,NIG₂.NA,[],"['CANONICAL ➝ Divination ➝ Extispicy', 'CANONICAL ➝ Technical ➝ Ritual texts']",,
49,"1880,0719.84",6,6,AKKADIAN,u₂-nak-kar-ma,u₂-nak-kar-ma,[],"['CANONICAL ➝ Divination ➝ Extispicy', 'CANONICAL ➝ Technical ➝ Ritual texts']",,
50,"1880,0719.84",6,7,AKKADIAN,uš-ke-en-ma,uš-ke-en-ma,[],"['CANONICAL ➝ Divination ➝ Extispicy', 'CANONICAL ➝ Technical ➝ Ritual texts']",,
51,"1880,0719.84",7,0,AKKADIAN,EN,EN,[],"['CANONICAL ➝ Divination ➝ Extispicy', 'CANONICAL ➝ Technical ➝ Ritual texts']",,
52,"1880,0719.84",7,1,AKKADIAN,SISKUR₂,SISKUR₂,[],"['CANONICAL ➝ Divination ➝ Extispicy', 'CANONICAL ➝ Technical ➝ Ritual texts']",,
53,"1880,0719.84",7,2,AKKADIAN,ŠU-su,ŠU-su,[],"['CANONICAL ➝ Divination ➝ Extispicy', 'CANONICAL ➝ Technical ➝ Ritual texts']",,
54,"1880,0719.84",7,3,AKKADIAN,IL₂-ši-ma,IL₂-ši-ma,[],"['CANONICAL ➝ Divination ➝ Extispicy', 'CANONICAL ➝ Technical ➝ Ritual texts']",,
55,"1880,0719.84",7,4,AKKADIAN,ut-nen,ut-nen,[],"['CANONICAL ➝ Divination ➝ Extispicy', 'CANONICAL ➝ Technical ➝ Ritual texts']",,
56,"1880,0719.84",7,5,AKKADIAN,uš-ke-en-ma,uš-ke-en-ma,[],"['CANONICAL ➝ Divination ➝ Extispicy', 'CANONICAL ➝ Technical ➝ Ritual texts']",,
57,"1880,0719.84",7,6,AKKADIAN,{giš}BANŠUR,{giš}BANŠUR,[],"['CANONICAL ➝ Divination ➝ Extispicy', 'CANONICAL ➝ Technical ➝ Ritual texts']",,
58,"1880,0719.84",7,7,AKKADIAN,ša₂,ša₂,[],"['CANONICAL ➝ Divination ➝ Extispicy', 'CANONICAL ➝ Technical ➝ Ritual texts']",,
59,"1880,0719.84",7,8,AKKADIAN,IGI,IGI,[],"['CANONICAL ➝ Divination ➝ Extispicy', 'CANONICAL ➝ Technical ➝ Ritual texts']",,
60,"1880,0719.84",8,0,AKKADIAN,4,4,[],"['CANONICAL ➝ Divination ➝ Extispicy', 'CANONICAL ➝ Technical ➝ Ritual texts']",,
61,"1880,0719.84",8,1,AKKADIAN,{dug}NIG₂.TA.KUR₄,{dug}NIG₂.TA.KUR₄,[],"['CANONICAL ➝ Divination ➝ Extispicy', 'CANONICAL ➝ Technical ➝ Ritual texts']",,
62,"1880,0719.84",8,2,AKKADIAN,KAŠ.SAG,KAŠ.SAG,[],"['CANONICAL ➝ Divination ➝ Extispicy', 'CANONICAL ➝ Technical ➝ Ritual texts']",,
63,"1880,0719.84",8,3,AKKADIAN,ša₂,ša₂,[],"['CANONICAL ➝ Divination ➝ Extispicy', 'CANONICAL ➝ Technical ➝ Ritual texts']",,
64,"1880,0719.84",8,4,AKKADIAN,ina,ina,[],"['CANONICAL ➝ Divination ➝ Extispicy', 'CANONICAL ➝ Technical ➝ Ritual texts']",,
65,"1880,0719.84",8,5,AKKADIAN,{giš}BANŠUR,{giš}BANŠUR,[],"['CANONICAL ➝ Divination ➝ Extispicy', 'CANONICAL ➝ Technical ➝ Ritual texts']",,
66,"1880,0719.84",8,6,AKKADIAN,kun-nu,kun-nu,[],"['CANONICAL ➝ Divination ➝ Extispicy', 'CANONICAL ➝ Technical ➝ Ritual texts']",,
67,"1880,0719.84",8,7,AKKADIAN,IL₂-ši-ma,IL₂-ši-ma,[],"['CANONICAL ➝ Divination ➝ Extispicy', 'CANONICAL ➝ Technical ➝ Ritual texts']",,
68,"1880,0719.84",8,8,AKKADIAN,ana,ana,[],"['CANONICAL ➝ Divination ➝ Extispicy', 'CANONICAL ➝ Technical ➝ Ritual texts']",,
69,"1880,0719.84",8,9,AKKADIAN,IGI,IGI,[],"['CANONICAL ➝ Divination ➝ Extispicy', 'CANONICAL ➝ Technical ➝ Ritual texts']",,
70,"1880,0719.84",8,10,AKKADIAN,NIG₂.NA,NIG₂.NA,[],"['CANONICAL ➝ Divination ➝ Extispicy', 'CANONICAL ➝ Technical ➝ Ritual texts']",,
71,"1880,0719.84",9,0,AKKADIAN,NIG₂.NA,NIG₂.NA,[],"['CANONICAL ➝ Divination ➝ Extispicy', 'CANONICAL ➝ Technical ➝ Ritual texts']",,
72,"1880,0719.84",9,1,AKKADIAN,u₂-nak-kar-ma,u₂-nak-kar-ma,[],"['CANONICAL ➝ Divination ➝ Extispicy', 'CANONICAL ➝ Technical ➝ Ritual texts']",,
73,"1880,0719.84",9,2,AKKADIAN,uš-ke-en-ma,uš-ke-en-ma,[],"['CANONICAL ➝ Divination ➝ Extispicy', 'CANONICAL ➝ Technical ➝ Ritual texts']",,
74,"1880,0719.84",9,3,AKKADIAN,iš-ši-ir,iš-ši-ir,[],"['CANONICAL ➝ Divination ➝ Extispicy', 'CANONICAL ➝ Technical ➝ Ritual texts']",,
75,"1880,0719.84",9,4,AKKADIAN,EN,EN,[],"['CANONICAL ➝ Divination ➝ Extispicy', 'CANONICAL ➝ Technical ➝ Ritual texts']",,
76,"1880,0719.84",9,5,AKKADIAN,SISKUR₂,SISKUR₂,[],"['CANONICAL ➝ Divination ➝ Extispicy', 'CANONICAL ➝ Technical ➝ Ritual texts']",,
77,"1880,0719.84",9,6,AKKADIAN,ŠU-su,ŠU-su,[],"['CANONICAL ➝ Divination ➝ Extispicy', 'CANONICAL ➝ Technical ➝ Ritual texts']",,
78,"1880,0719.84",9,7,AKKADIAN,IL₂-ši-ma,IL₂-ši-ma,[],"['CANONICAL ➝ Divination ➝ Extispicy', 'CANONICAL ➝ Technical ➝ Ritual texts']",,
79,"1880,0719.84",10,0,AKKADIAN,ut-nen,ut-nen,[],"['CANONICAL ➝ Divination ➝ Extispicy', 'CANONICAL ➝ Technical ➝ Ritual texts']",,
80,"1880,0719.84",10,1,AKKADIAN,uš-ke-en-ma,uš-ke-en-ma,[],"['CANONICAL ➝ Divination ➝ Extispicy', 'CANONICAL ➝ Technical ➝ Ritual texts']",,
81,"1880,0719.84",10,2,AKKADIAN,{giš}BANŠUR,{giš}BANŠUR,[],"['CANONICAL ➝ Divination ➝ Extispicy', 'CANONICAL ➝ Technical ➝ Ritual texts']",,
82,"1880,0719.84",10,3,AKKADIAN,ša₂,ša₂,[],"['CANONICAL ➝ Divination ➝ Extispicy', 'CANONICAL ➝ Technical ➝ Ritual texts']",,
83,"1880,0719.84",10,4,AKKADIAN,IGI,IGI,[],"['CANONICAL ➝ Divination ➝ Extispicy', 'CANONICAL ➝ Technical ➝ Ritual texts']",,
84,"1880,0719.84",10,5,AKKADIAN,{d}UTU,{d}UTU,[],"['CANONICAL ➝ Divination ➝ Extispicy', 'CANONICAL ➝ Technical ➝ Ritual texts']",,
85,"1880,0719.84",10,6,AKKADIAN,DU₈-ar₂,DU₈-ar₂,[],"['CANONICAL ➝ Divination ➝ Extispicy', 'CANONICAL ➝ Technical ➝ Ritual texts']",,
86,"1880,0719.84",11,1,AKKADIAN,{dug}NIG₂.TA.KUR₄,{dug}NIG₂.TA.KUR₄,[],"['CANONICAL ➝ Divination ➝ Extispicy', 'CANONICAL ➝ Technical ➝ Ritual texts']",,
87,"1880,0719.84",11,2,AKKADIAN,KAŠ.SAG,KAŠ.SAG,[],"['CANONICAL ➝ Divination ➝ Extispicy', 'CANONICAL ➝ Technical ➝ Ritual texts']",,
88,"1880,0719.84",11,3,AKKADIAN,ša₂,ša₂,[],"['CANONICAL ➝ Divination ➝ Extispicy', 'CANONICAL ➝ Technical ➝ Ritual texts']",,
89,"1880,0719.84",11,4,AKKADIAN,ina,ina,[],"['CANONICAL ➝ Divination ➝ Extispicy', 'CANONICAL ➝ Technical ➝ Ritual texts']",,
90,"1880,0719.84",11,5,AKKADIAN,{giš}BANŠUR,{giš}BANŠUR,[],"['CANONICAL ➝ Divination ➝ Extispicy', 'CANONICAL ➝ Technical ➝ Ritual texts']",,
91,"1880,0719.84",11,6,AKKADIAN,kun-nu,kun-nu,[],"['CANONICAL ➝ Divination ➝ Extispicy', 'CANONICAL ➝ Technical ➝ Ritual texts']",,
92,"1880,0719.84",11,7,AKKADIAN,IL₂-ši-ma,IL₂-ši-ma,[],"['CANONICAL ➝ Divination ➝ Extispicy', 'CANONICAL ➝ Technical ➝ Ritual texts']",,
93,"1880,0719.84",11,8,AKKADIAN,ana,ana,[],"['CANONICAL ➝ Divination ➝ Extispicy', 'CANONICAL ➝ Technical ➝ Ritual texts']",,
94,"1880,0719.84",11,9,AKKADIAN,IGI,IGI,[],"['CANONICAL ➝ Divination ➝ Extispicy', 'CANONICAL ➝ Technical ➝ Ritual texts']",,
95,"1880,0719.84",11,10,AKKADIAN,NIG₂.NA,NIG₂.NA,[],"['CANONICAL ➝ Divination ➝ Extispicy', 'CANONICAL ➝ Technical ➝ Ritual texts']",,
96,"1880,0719.84",11,11,AKKADIAN,BAL-qi₂,BAL-qi₂,[],"['CANONICAL ➝ Divination ➝ Extispicy', 'CANONICAL ➝ Technical ➝ Ritual texts']",,
97,"1880,0719.84",12,1,AKKADIAN,u₂-nak-kar-ma,u₂-nak-kar-ma,[],"['CANONICAL ➝ Divination ➝ Extispicy', 'CANONICAL ➝ Technical ➝ Ritual texts']",,
98,"1880,0719.84",12,2,AKKADIAN,uš-ke-en-ma,uš-ke-en-ma,[],"['CANONICAL ➝ Divination ➝ Extispicy', 'CANONICAL ➝ Technical ➝ Ritual texts']",,
99,"1880,0719.84",12,3,AKKADIAN,iš-ši-ir,iš-ši-ir,[],"['CANONICAL ➝ Divination ➝ Extispicy', 'CANONICAL ➝ Technical ➝ Ritual texts']",,
100,"1880,0719.84",14,1,AKKADIAN,{lu₂}HAL,{lu₂}HAL,[],"['CANONICAL ➝ Divination ➝ Extispicy', 'CANONICAL ➝ Technical ➝ Ritual texts']",,
101,"1880,0719.84",14,3,AKKADIAN,di-na,di-na,[],"['CANONICAL ➝ Divination ➝ Extispicy', 'CANONICAL ➝ Technical ➝ Ritual texts']",,
102,"1880,0719.84",14,4,AKKADIAN,DU₃-uš,DU₃-uš,[],"['CANONICAL ➝ Divination ➝ Extispicy', 'CANONICAL ➝ Technical ➝ Ritual texts']",,
103,"1880,0719.84",14,5,AKKADIAN,ina,ina,[],"['CANONICAL ➝ Divination ➝ Extispicy', 'CANONICAL ➝ Technical ➝ Ritual texts']",,
104,"1880,0719.84",14,6,AKKADIAN,UGU,UGU,[],"['CANONICAL ➝ Divination ➝ Extispicy', 'CANONICAL ➝ Technical ➝ Ritual texts']",,
105,"1880,0719.84",14,7,AKKADIAN,EN,EN,[],"['CANONICAL ➝ Divination ➝ Extispicy', 'CANONICAL ➝ Technical ➝ Ritual texts']",,
106,"1880,0719.84",14,8,AKKADIAN,SISKUR₂,SISKUR₂,[],"['CANONICAL ➝ Divination ➝ Extispicy', 'CANONICAL ➝ Technical ➝ Ritual texts']",,
107,"1880,0719.84",14,9,AKKADIAN,ba-ru-ta,ba-ru-ta,[],"['CANONICAL ➝ Divination ➝ Extispicy', 'CANONICAL ➝ Technical ➝ Ritual texts']",,
108,"1880,0719.84",14,10,AKKADIAN,DU₃-uš,DU₃-uš,[],"['CANONICAL ➝ Divination ➝ Extispicy', 'CANONICAL ➝ Technical ➝ Ritual texts']",,
109,"1880,0719.84",15,1,AKKADIAN,{d}UTU,{d}UTU,[],"['CANONICAL ➝ Divination ➝ Extispicy', 'CANONICAL ➝ Technical ➝ Ritual texts']",,
110,"1880,0719.84",15,2,AKKADIAN,EN,EN,[],"['CANONICAL ➝ Divination ➝ Extispicy', 'CANONICAL ➝ Technical ➝ Ritual texts']",,
111,"1880,0719.84",15,3,AKKADIAN,UMBIN,UMBIN,[],"['CANONICAL ➝ Divination ➝ Extispicy', 'CANONICAL ➝ Technical ➝ Ritual texts']",,
112,"1880,0719.84",15,4,AKKADIAN,ŠU.SI,ŠU.SI,[],"['CANONICAL ➝ Divination ➝ Extispicy', 'CANONICAL ➝ Technical ➝ Ritual texts']",,
113,"1880,0719.84",15,5,AKKADIAN,an-ne-e,an-ne-e,[],"['CANONICAL ➝ Divination ➝ Extispicy', 'CANONICAL ➝ Technical ➝ Ritual texts']",,
114,"1880,0719.84",15,7,AKKADIAN,{d}UTU,{d}UTU,[],"['CANONICAL ➝ Divination ➝ Extispicy', 'CANONICAL ➝ Technical ➝ Ritual texts']",,
115,"1880,0719.84",15,8,AKKADIAN,u₄-mi,u₄-mi,[],"['CANONICAL ➝ Divination ➝ Extispicy', 'CANONICAL ➝ Technical ➝ Ritual texts']",,
116,"1880,0719.84",15,9,AKKADIAN,an-ne-e,an-ne-e,[],"['CANONICAL ➝ Divination ➝ Extispicy', 'CANONICAL ➝ Technical ➝ Ritual texts']",,
117,"1880,0719.84",16,1,AKKADIAN,ina,ina,[],"['CANONICAL ➝ Divination ➝ Extispicy', 'CANONICAL ➝ Technical ➝ Ritual texts']",,
118,"1880,0719.84",16,2,AKKADIAN,IGI,IGI,[],"['CANONICAL ➝ Divination ➝ Extispicy', 'CANONICAL ➝ Technical ➝ Ritual texts']",,
119,"1880,0719.84",16,3,AKKADIAN,{d}UTU,{d}UTU,[],"['CANONICAL ➝ Divination ➝ Extispicy', 'CANONICAL ➝ Technical ➝ Ritual texts']",,
120,"1880,0719.84",16,4,AKKADIAN,u,u,[],"['CANONICAL ➝ Divination ➝ Extispicy', 'CANONICAL ➝ Technical ➝ Ritual texts']",,
121,"1880,0719.84",16,6,AKKADIAN,ina,ina,[],"['CANONICAL ➝ Divination ➝ Extispicy', 'CANONICAL ➝ Technical ➝ Ritual texts']",,
122,"1880,0719.84",16,7,AKKADIAN,SISKUR₂,SISKUR₂,[],"['CANONICAL ➝ Divination ➝ Extispicy', 'CANONICAL ➝ Technical ➝ Ritual texts']",,
123,"1880,0719.84",16,8,AKKADIAN,an-ni-i,an-ni-i,[],"['CANONICAL ➝ Divination ➝ Extispicy', 'CANONICAL ➝ Technical ➝ Ritual texts']",,
124,"1880,0719.84",16,9,AKKADIAN,ina,ina,[],"['CANONICAL ➝ Divination ➝ Extispicy', 'CANONICAL ➝ Technical ➝ Ritual texts']",,
125,"1880,0719.84",16,10,AKKADIAN,{giš}GU.ZA,{giš}GU.ZA,[],"['CANONICAL ➝ Divination ➝ Extispicy', 'CANONICAL ➝ Technical ➝ Ritual texts']",,
126,"1880,0719.84",16,11,AKKADIAN,TUŠ-ma,TUŠ-ma,[],"['CANONICAL ➝ Divination ➝ Extispicy', 'CANONICAL ➝ Technical ➝ Ritual texts']",,
127,"1880,0719.84",17,2,AKKADIAN,UGU,UGU,[],"['CANONICAL ➝ Divination ➝ Extispicy', 'CANONICAL ➝ Technical ➝ Ritual texts']",,
128,"1880,0719.84",17,3,AKKADIAN,{d}UTU,{d}UTU,[],"['CANONICAL ➝ Divination ➝ Extispicy', 'CANONICAL ➝ Technical ➝ Ritual texts']",,
129,"1880,0719.84",17,4,AKKADIAN,u,u,[],"['CANONICAL ➝ Divination ➝ Extispicy', 'CANONICAL ➝ Technical ➝ Ritual texts']",,
130,"1880,0719.84",17,5,AKKADIAN,{d}IM,{d}IM,[],"['CANONICAL ➝ Divination ➝ Extispicy', 'CANONICAL ➝ Technical ➝ Ritual texts']",,
131,"1880,0719.84",17,7,AKKADIAN,DU₁₀-ab,DU₁₀-ab,[],"['CANONICAL ➝ Divination ➝ Extispicy', 'CANONICAL ➝ Technical ➝ Ritual texts']",,
132,"1880,0719.84",17,8,AKKADIAN,I₃+GIŠ,I₃+GIŠ,[],"['CANONICAL ➝ Divination ➝ Extispicy', 'CANONICAL ➝ Technical ➝ Ritual texts']",,
133,"1880,0719.84",17,9,AKKADIAN,an-na-a,an-na-a,[],"['CANONICAL ➝ Divination ➝ Extispicy', 'CANONICAL ➝ Technical ➝ Ritual texts']",,
134,"1880,0719.84",18,1,AKKADIAN,SAG,SAG,[],"['CANONICAL ➝ Divination ➝ Extispicy', 'CANONICAL ➝ Technical ➝ Ritual texts']",,
135,"1880,0719.84",18,2,AKKADIAN,SI,SI,[],"['CANONICAL ➝ Divination ➝ Extispicy', 'CANONICAL ➝ Technical ➝ Ritual texts']",,
136,"1880,0719.84",18,3,AKKADIAN,ana,ana,[],"['CANONICAL ➝ Divination ➝ Extispicy', 'CANONICAL ➝ Technical ➝ Ritual texts']",,
137,"1880,0719.84",18,4,AKKADIAN,KUN,KUN,[],"['CANONICAL ➝ Divination ➝ Extispicy', 'CANONICAL ➝ Technical ➝ Ritual texts']",,
138,"1880,0719.84",18,6,AKKADIAN,ZAG,ZAG,[],"['CANONICAL ➝ Divination ➝ Extispicy', 'CANONICAL ➝ Technical ➝ Ritual texts']",,
139,"1880,0719.84",18,7,AKKADIAN,a-kar-rab,a-kar-rab,[],"['CANONICAL ➝ Divination ➝ Extispicy', 'CANONICAL ➝ Technical ➝ Ritual texts']",,
140,"1880,0719.84",18,8,AKKADIAN,ina,ina,[],"['CANONICAL ➝ Divination ➝ Extispicy', 'CANONICAL ➝ Technical ➝ Ritual texts']",,
141,"1880,0719.84",18,9,AKKADIAN,ZAG-šu₂,ZAG-šu₂,[],"['CANONICAL ➝ Divination ➝ Extispicy', 'CANONICAL ➝ Technical ➝ Ritual texts']",,
142,"1880,0719.84",18,11,AKKADIAN,lu-ša₂-lim,lu-ša₂-lim,[],"['CANONICAL ➝ Divination ➝ Extispicy', 'CANONICAL ➝ Technical ➝ Ritual texts']",,
143,"1880,0719.84",19,1,AKKADIAN,šib-sa-at,šib-sa-at,[],"['CANONICAL ➝ Divination ➝ Extispicy', 'CANONICAL ➝ Technical ➝ Ritual texts']",,
144,"1880,0719.84",19,2,AKKADIAN,DINGIR,DINGIR,[],"['CANONICAL ➝ Divination ➝ Extispicy', 'CANONICAL ➝ Technical ➝ Ritual texts']",,
145,"1880,0719.84",19,4,AKKADIAN,GAL₂-MEŠ,GAL₂-MEŠ,[],"['CANONICAL ➝ Divination ➝ Extispicy', 'CANONICAL ➝ Technical ➝ Ritual texts']",,
146,"1880,0719.84",24,1,AKKADIAN,UH₂.ID₂,UH₂.ID₂,[],"['CANONICAL ➝ Divination ➝ Extispicy', 'CANONICAL ➝ Technical ➝ Ritual texts']",,
147,"1880,0719.84",24,2,AKKADIAN,ina,ina,[],"['CANONICAL ➝ Divination ➝ Extispicy', 'CANONICAL ➝ Technical ➝ Ritual texts']",,
148,"1880,0719.84",24,3,AKKADIAN,DE₃,DE₃,[],"['CANONICAL ➝ Divination ➝ Extispicy', 'CANONICAL ➝ Technical ➝ Ritual texts']",,
149,"1880,0719.84",24,4,AKKADIAN,uq-ta-at-tar,uq-ta-at-tar,[],"['CANONICAL ➝ Divination ➝ Extispicy', 'CANONICAL ➝ Technical ➝ Ritual texts']",,
150,"1880,0719.84",24,6,AKKADIAN,u₂-ka-an,u₂-ka-an,[],"['CANONICAL ➝ Divination ➝ Extispicy', 'CANONICAL ➝ Technical ➝ Ritual texts']",,
151,"1880,0719.84",25,1,AKKADIAN,i-bar-ri-ma,i-bar-ri-ma,[],"['CANONICAL ➝ Divination ➝ Extispicy', 'CANONICAL ➝ Technical ➝ Ritual texts']",,
152,"1880,0719.84",25,2,AKKADIAN,ina,ina,[],"['CANONICAL ➝ Divination ➝ Extispicy', 'CANONICAL ➝ Technical ➝ Ritual texts']",,
153,"1880,0719.84",25,3,AKKADIAN,di-ni-šu₂,di-ni-šu₂,[],"['CANONICAL ➝ Divination ➝ Extispicy', 'CANONICAL ➝ Technical ➝ Ritual texts']",,
154,"1880,0719.84",25,4,AKKADIAN,{d}UTU,{d}UTU,[],"['CANONICAL ➝ Divination ➝ Extispicy', 'CANONICAL ➝ Technical ➝ Ritual texts']",,
155,"1880,0719.84",25,5,AKKADIAN,u,u,[],"['CANONICAL ➝ Divination ➝ Extispicy', 'CANONICAL ➝ Technical ➝ Ritual texts']",,
156,"1880,0719.84",25,7,AKKADIAN,ki-niš,ki-niš,[],"['CANONICAL ➝ Divination ➝ Extispicy', 'CANONICAL ➝ Technical ➝ Ritual texts']",,
157,"1880,0719.84",25,8,AKKADIAN,GUB-MEŠ-zu-ma,GUB-MEŠ-zu-ma,[],"['CANONICAL ➝ Divination ➝ Extispicy', 'CANONICAL ➝ Technical ➝ Ritual texts']",,
158,"1880,0719.84",26,2,AKKADIAN,i-paṭ-ṭar,i-paṭ-ṭar,[],"['CANONICAL ➝ Divination ➝ Extispicy', 'CANONICAL ➝ Technical ➝ Ritual texts']",,
159,"1880,0719.84",26,3,AKKADIAN,{na₄}ZA.MUŠ₂,{na₄}ZA.MUŠ₂,[],"['CANONICAL ➝ Divination ➝ Extispicy', 'CANONICAL ➝ Technical ➝ Ritual texts']",,
160,"1880,0719.84",26,4,AKKADIAN,{na₄}PA,{na₄}PA,[],"['CANONICAL ➝ Divination ➝ Extispicy', 'CANONICAL ➝ Technical ➝ Ritual texts']",,
161,"1880,0719.84",26,5,AKKADIAN,{na₄}AN.ZA.GUL.ME,{na₄}AN.ZA.GUL.ME,[],"['CANONICAL ➝ Divination ➝ Extispicy', 'CANONICAL ➝ Technical ➝ Ritual texts']",,
162,"1880,0719.84",26,6,AKKADIAN,DU₈-ma,DU₈-ma,[],"['CANONICAL ➝ Divination ➝ Extispicy', 'CANONICAL ➝ Technical ➝ Ritual texts']",,
163,"1880,0719.84",26,7,AKKADIAN,NINDA,NINDA,[],"['CANONICAL ➝ Divination ➝ Extispicy', 'CANONICAL ➝ Technical ➝ Ritual texts']",,
164,"1880,0719.84",27,0,AKKADIAN,u,u,[],"['CANONICAL ➝ Divination ➝ Extispicy', 'CANONICAL ➝ Technical ➝ Ritual texts']",,
165,"1880,0719.84",27,1,AKKADIAN,{d}NISABA,{d}NISABA,[],"['CANONICAL ➝ Divination ➝ Extispicy', 'CANONICAL ➝ Technical ➝ Ritual texts']",,
166,"1880,0719.84",27,2,AKKADIAN,ša₂,ša₂,[],"['CANONICAL ➝ Divination ➝ Extispicy', 'CANONICAL ➝ Technical ➝ Ritual texts']",,
167,"1880,0719.84",27,3,AKKADIAN,ina,ina,[],"['CANONICAL ➝ Divination ➝ Extispicy', 'CANONICAL ➝ Technical ➝ Ritual texts']",,
168,"1880,0719.84",27,4,AKKADIAN,KA-šu₂,KA-šu₂,[],"['CANONICAL ➝ Divination ➝ Extispicy', 'CANONICAL ➝ Technical ➝ Ritual texts']",,
169,"1880,0719.84",27,5,AKKADIAN,i-le-mu,i-le-mu,[],"['CANONICAL ➝ Divination ➝ Extispicy', 'CANONICAL ➝ Technical ➝ Ritual texts']",,
170,"1880,0719.84",27,6,AKKADIAN,ina,ina,[],"['CANONICAL ➝ Divination ➝ Extispicy', 'CANONICAL ➝ Technical ➝ Ritual texts']",,
171,"1880,0719.84",27,7,AKKADIAN,KI.KAL,KI.KAL,[],"['CANONICAL ➝ Divination ➝ Extispicy', 'CANONICAL ➝ Technical ➝ Ritual texts']",,
172,"1880,0719.84",27,8,AKKADIAN,GIR₃+MIN-šu₂,GIR₃+MIN-šu₂,[],"['CANONICAL ➝ Divination ➝ Extispicy', 'CANONICAL ➝ Technical ➝ Ritual texts']",,
173,"1880,0719.84",27,9,AKKADIAN,ZUKUM-ma,ZUKUM-ma,[],"['CANONICAL ➝ Divination ➝ Extispicy', 'CANONICAL ➝ Technical ➝ Ritual texts']",,
174,"1880,0719.84",28,0,AKKADIAN,ina,ina,[],"['CANONICAL ➝ Divination ➝ Extispicy', 'CANONICAL ➝ Technical ➝ Ritual texts']",,
175,"1880,0719.84",28,1,AKKADIAN,UGU,UGU,[],"['CANONICAL ➝ Divination ➝ Extispicy', 'CANONICAL ➝ Technical ➝ Ritual texts']",,
176,"1880,0719.84",28,2,AKKADIAN,GUB-az,GUB-az,[],"['CANONICAL ➝ Divination ➝ Extispicy', 'CANONICAL ➝ Technical ➝ Ritual texts']",,
177,"1880,0719.84",28,3,AKKADIAN,ma-ʾ-da-a-ti,ma-ʾ-da-a-ti,[],"['CANONICAL ➝ Divination ➝ Extispicy', 'CANONICAL ➝ Technical ➝ Ritual texts']",,
178,"1880,0719.84",28,4,AKKADIAN,i-ṣa-a-ti,i-ṣa-a-ti,[],"['CANONICAL ➝ Divination ➝ Extispicy', 'CANONICAL ➝ Technical ➝ Ritual texts']",,
179,"1880,0719.84",28,5,AKKADIAN,ina,ina,[],"['CANONICAL ➝ Divination ➝ Extispicy', 'CANONICAL ➝ Technical ➝ Ritual texts']",,
180,"1880,0719.84",28,6,AKKADIAN,ŠA₃-šu,ŠA₃-šu,[],"['CANONICAL ➝ Divination ➝ Extispicy', 'CANONICAL ➝ Technical ➝ Ritual texts']",,
181,"1880,0719.84",28,7,AKKADIAN,ana,ana,[],"['CANONICAL ➝ Divination ➝ Extispicy', 'CANONICAL ➝ Technical ➝ Ritual texts']",,
182,"1880,0719.84",28,8,AKKADIAN,{d}UTU,{d}UTU,[],"['CANONICAL ➝ Divination ➝ Extispicy', 'CANONICAL ➝ Technical ➝ Ritual texts']",,
183,"1880,0719.84",28,9,AKKADIAN,DU₁₁.DU₁₁-ma,DU₁₁.DU₁₁-ma,[],"['CANONICAL ➝ Divination ➝ Extispicy', 'CANONICAL ➝ Technical ➝ Ritual texts']",,
184,"1880,0719.84",29,0,AKKADIAN,NAM.BUR₂.BI,NAM.BUR₂.BI,[],"['CANONICAL ➝ Divination ➝ Extispicy', 'CANONICAL ➝ Technical ➝ Ritual texts']",,
185,"1880,0719.84",29,1,AKKADIAN,ta-na-at-ti,ta-na-at-ti,[],"['CANONICAL ➝ Divination ➝ Extispicy', 'CANONICAL ➝ Technical ➝ Ritual texts']",,
186,"1880,0719.84",29,2,AKKADIAN,ba-ru-ti,ba-ru-ti,[],"['CANONICAL ➝ Divination ➝ Extispicy', 'CANONICAL ➝ Technical ➝ Ritual texts']",,
187,"1880,0719.84",29,3,AKKADIAN,a-ma-ru,a-ma-ru,[],"['CANONICAL ➝ Divination ➝ Extispicy', 'CANONICAL ➝ Technical ➝ Ritual texts']",,
188,"1880,0719.84",29,4,AKKADIAN,u,u,[],"['CANONICAL ➝ Divination ➝ Extispicy', 'CANONICAL ➝ Technical ➝ Ritual texts']",,
189,"1880,0719.84",29,5,AKKADIAN,šu-ma,šu-ma,[],"['CANONICAL ➝ Divination ➝ Extispicy', 'CANONICAL ➝ Technical ➝ Ritual texts']",,
190,"1880,0719.84",29,6,AKKADIAN,ra-ba-a,ra-ba-a,[],"['CANONICAL ➝ Divination ➝ Extispicy', 'CANONICAL ➝ Technical ➝ Ritual texts']",,
191,"1880,0719.84",29,7,AKKADIAN,li-qu-u,li-qu-u,[],"['CANONICAL ➝ Divination ➝ Extispicy', 'CANONICAL ➝ Technical ➝ Ritual texts']",,
192,"1880,0719.84",31,0,AKKADIAN,e-nu-ma,e-nu-ma,[],"['CANONICAL ➝ Divination ➝ Extispicy', 'CANONICAL ➝ Technical ➝ Ritual texts']",,
193,"1880,0719.84",31,1,AKKADIAN,{lu₂}HAL,{lu₂}HAL,[],"['CANONICAL ➝ Divination ➝ Extispicy', 'CANONICAL ➝ Technical ➝ Ritual texts']",,
194,"1880,0719.84",31,2,AKKADIAN,bi-ra,bi-ra,[],"['CANONICAL ➝ Divination ➝ Extispicy', 'CANONICAL ➝ Technical ➝ Ritual texts']",,
195,"1880,0719.84",31,3,AKKADIAN,i-bar-ru-u,i-bar-ru-u,[],"['CANONICAL ➝ Divination ➝ Extispicy', 'CANONICAL ➝ Technical ➝ Ritual texts']",,
196,"1880,0719.84",31,4,AKKADIAN,A.GUB₂.BA,A.GUB₂.BA,[],"['CANONICAL ➝ Divination ➝ Extispicy', 'CANONICAL ➝ Technical ➝ Ritual texts']",,
197,"1880,0719.84",31,5,AKKADIAN,li-ir-muk,li-ir-muk,[],"['CANONICAL ➝ Divination ➝ Extispicy', 'CANONICAL ➝ Technical ➝ Ritual texts']",,
198,"1880,0719.84",31,7,AKKADIAN,ana,ana,[],"['CANONICAL ➝ Divination ➝ Extispicy', 'CANONICAL ➝ Technical ➝ Ritual texts']",,
199,"1880,0719.84",32,0,AKKADIAN,ana,ana,[],"['CANONICAL ➝ Divination ➝ Extispicy', 'CANONICAL ➝ Technical ➝ Ritual texts']",,
200,"1880,0719.84",32,1,AKKADIAN,UDU,UDU,[],"['CANONICAL ➝ Divination ➝ Extispicy', 'CANONICAL ➝ Technical ➝ Ritual texts']",,
201,"1880,0719.84",32,2,AKKADIAN,SIK₂-šu₂,SIK₂-šu₂,[],"['CANONICAL ➝ Divination ➝ Extispicy', 'CANONICAL ➝ Technical ➝ Ritual texts']",,
202,"1880,0719.84",32,3,AKKADIAN,liš-kun,liš-kun,[],"['CANONICAL ➝ Divination ➝ Extispicy', 'CANONICAL ➝ Technical ➝ Ritual texts']",,
203,"1880,0719.84",32,4,AKKADIAN,ina,ina,[],"['CANONICAL ➝ Divination ➝ Extispicy', 'CANONICAL ➝ Technical ➝ Ritual texts']",,
204,"1880,0719.84",32,5,AKKADIAN,15,15,[],"['CANONICAL ➝ Divination ➝ Extispicy', 'CANONICAL ➝ Technical ➝ Ritual texts']",,
205,"1880,0719.84",32,6,AKKADIAN,{lu₂}HAL,{lu₂}HAL,[],"['CANONICAL ➝ Divination ➝ Extispicy', 'CANONICAL ➝ Technical ➝ Ritual texts']",,
206,"1880,0719.84",32,7,AKKADIAN,liš-ke-en,liš-ke-en,[],"['CANONICAL ➝ Divination ➝ Extispicy', 'CANONICAL ➝ Technical ➝ Ritual texts']",,
207,"1880,0719.84",32,8,AKKADIAN,u,u,[],"['CANONICAL ➝ Divination ➝ Extispicy', 'CANONICAL ➝ Technical ➝ Ritual texts']",,
208,"1880,0719.84",32,9,AKKADIAN,ki-a-am,ki-a-am,[],"['CANONICAL ➝ Divination ➝ Extispicy', 'CANONICAL ➝ Technical ➝ Ritual texts']",,
209,"1880,0719.84",32,10,AKKADIAN,liq-bi,liq-bi,[],"['CANONICAL ➝ Divination ➝ Extispicy', 'CANONICAL ➝ Technical ➝ Ritual texts']",,
210,"1880,0719.84",32,12,AKKADIAN,di-ni,di-ni,[],"['CANONICAL ➝ Divination ➝ Extispicy', 'CANONICAL ➝ Technical ➝ Ritual texts']",,
211,"1880,0719.84",33,2,AKKADIAN,{lu₂}HAL,{lu₂}HAL,[],"['CANONICAL ➝ Divination ➝ Extispicy', 'CANONICAL ➝ Technical ➝ Ritual texts']",,
212,"1880,0719.84",33,3,AKKADIAN,ana,ana,[],"['CANONICAL ➝ Divination ➝ Extispicy', 'CANONICAL ➝ Technical ➝ Ritual texts']",,
213,"1880,0719.84",33,4,AKKADIAN,bi-ri,bi-ri,[],"['CANONICAL ➝ Divination ➝ Extispicy', 'CANONICAL ➝ Technical ➝ Ritual texts']",,
214,"1880,0719.84",33,5,AKKADIAN,ka-a-a-nu,ka-a-a-nu,[],"['CANONICAL ➝ Divination ➝ Extispicy', 'CANONICAL ➝ Technical ➝ Ritual texts']",,
215,"1880,0719.84",33,6,AKKADIAN,sa-dir,sa-dir,[],"['CANONICAL ➝ Divination ➝ Extispicy', 'CANONICAL ➝ Technical ➝ Ritual texts']",,
216,"1880,0719.84",33,7,AKKADIAN,BE,BE,[],"['CANONICAL ➝ Divination ➝ Extispicy', 'CANONICAL ➝ Technical ➝ Ritual texts']",,
217,"1880,0719.84",33,8,AKKADIAN,ar₂-ni,ar₂-ni,[],"['CANONICAL ➝ Divination ➝ Extispicy', 'CANONICAL ➝ Technical ➝ Ritual texts']",,
218,"1880,0719.84",33,9,AKKADIAN,BE,BE,[],"['CANONICAL ➝ Divination ➝ Extispicy', 'CANONICAL ➝ Technical ➝ Ritual texts']",,
219,"1880,0719.84",33,10,AKKADIAN,I₃+GIŠ,I₃+GIŠ,[],"['CANONICAL ➝ Divination ➝ Extispicy', 'CANONICAL ➝ Technical ➝ Ritual texts']",,
220,"1880,0719.84",33,11,AKKADIAN,IGI,IGI,[],"['CANONICAL ➝ Divination ➝ Extispicy', 'CANONICAL ➝ Technical ➝ Ritual texts']",,
221,"1880,0719.84",34,1,AKKADIAN,ŠEŠ₂-aš₂,ŠEŠ₂-aš₂,[],"['CANONICAL ➝ Divination ➝ Extispicy', 'CANONICAL ➝ Technical ➝ Ritual texts']",,
222,"1880,0719.84",34,2,AKKADIAN,u,u,[],"['CANONICAL ➝ Divination ➝ Extispicy', 'CANONICAL ➝ Technical ➝ Ritual texts']",,
223,"1880,0719.84",34,3,AKKADIAN,{giš}EREN,{giš}EREN,[],"['CANONICAL ➝ Divination ➝ Extispicy', 'CANONICAL ➝ Technical ➝ Ritual texts']",,
224,"1880,0719.84",34,4,AKKADIAN,SU,SU,[],"['CANONICAL ➝ Divination ➝ Extispicy', 'CANONICAL ➝ Technical ➝ Ritual texts']",,
225,"1880,0719.84",34,5,AKKADIAN,DU₃.DU₃-ma,DU₃.DU₃-ma,[],"['CANONICAL ➝ Divination ➝ Extispicy', 'CANONICAL ➝ Technical ➝ Ritual texts']",,
226,"1880,0719.84",34,6,AKKADIAN,ina,ina,[],"['CANONICAL ➝ Divination ➝ Extispicy', 'CANONICAL ➝ Technical ➝ Ritual texts']",,
227,"1880,0719.84",34,7,AKKADIAN,GU₂-šu₂,GU₂-šu₂,[],"['CANONICAL ➝ Divination ➝ Extispicy', 'CANONICAL ➝ Technical ➝ Ritual texts']",,
228,"1880,0719.84",34,8,AKKADIAN,GAR-ma,GAR-ma,[],"['CANONICAL ➝ Divination ➝ Extispicy', 'CANONICAL ➝ Technical ➝ Ritual texts']",,
229,"1880,0719.84",34,9,AKKADIAN,bi-nu,bi-nu,[],"['CANONICAL ➝ Divination ➝ Extispicy', 'CANONICAL ➝ Technical ➝ Ritual texts']",,
230,"1880,0719.84",35,1,AKKADIAN,ša₂,ša₂,[],"['CANONICAL ➝ Divination ➝ Extispicy', 'CANONICAL ➝ Technical ➝ Ritual texts']",,
231,"1880,0719.84",35,2,AKKADIAN,ina,ina,[],"['CANONICAL ➝ Divination ➝ Extispicy', 'CANONICAL ➝ Technical ➝ Ritual texts']",,
232,"1880,0719.84",35,3,AKKADIAN,15-šu₂,15-šu₂,[],"['CANONICAL ➝ Divination ➝ Extispicy', 'CANONICAL ➝ Technical ➝ Ritual texts']",,
233,"1880,0719.84",35,4,AKKADIAN,IL₂,IL₂,[],"['CANONICAL ➝ Divination ➝ Extispicy', 'CANONICAL ➝ Technical ➝ Ritual texts']",,
234,"1880,0719.84",35,5,AKKADIAN,ana,ana,[],"['CANONICAL ➝ Divination ➝ Extispicy', 'CANONICAL ➝ Technical ➝ Ritual texts']",,
235,"1880,0719.84",35,6,AKKADIAN,{d}UTU,{d}UTU,[],"['CANONICAL ➝ Divination ➝ Extispicy', 'CANONICAL ➝ Technical ➝ Ritual texts']",,
236,"1880,0719.84",35,7,AKKADIAN,ki-a-am,ki-a-am,[],"['CANONICAL ➝ Divination ➝ Extispicy', 'CANONICAL ➝ Technical ➝ Ritual texts']",,
237,"1880,0719.84",35,8,AKKADIAN,DU₁₁.GA-bi,DU₁₁.GA-bi,[],"['CANONICAL ➝ Divination ➝ Extispicy', 'CANONICAL ➝ Technical ➝ Ritual texts']",,
238,"1880,0719.84",35,9,AKKADIAN,{d}UTU,{d}UTU,[],"['CANONICAL ➝ Divination ➝ Extispicy', 'CANONICAL ➝ Technical ➝ Ritual texts']",,
