,fragment_id,fragment_line_num,index_in_line,word_language,value,clean_value,lemma,domain,place_discovery,place_composition
0,"1879,0708.55",2,2,AKKADIAN,ni,ni,[],['CANONICAL'],,
1,"1879,0708.55",2,3,AKKADIAN,maš,maš,[],['CANONICAL'],,
2,"1879,0708.55",3,2,AKKADIAN,E₃-ka,E₃-ka,[],['CANONICAL'],,
3,"1879,0708.55",15,1,AKKADIAN,gi-mil,gi-mil,['gamālu I'],['CANONICAL'],,
4,"1879,0708.55",17,2,AKKADIAN,LUGAL,LUGAL,['šarru I'],['CANONICAL'],,
5,"1879,0708.55",17,3,AKKADIAN,kiš-ša₂-ti,kiš-ša₂-ti,['kiššatu I'],['CANONICAL'],,
6,"1879,0708.55",17,4,AKKADIAN,LUGAL,LUGAL,['šarru I'],['CANONICAL'],,
