,fragment_id,fragment_line_num,index_in_line,word_language,value,clean_value,lemma,domain,place_discovery,place_composition
0,"1880,0719.121",3,2,EMESAL,mah,mah,[],['CANONICAL ➝ Literature ➝ Lamentations ➝ Šuʾila (Emesal)'],,
1,"1880,0719.121",3,4,EMESAL,hug-ga₂,hug-ga₂,[],['CANONICAL ➝ Literature ➝ Lamentations ➝ Šuʾila (Emesal)'],,
2,"1880,0719.121",4,2,AKKADIAN,ša₂,ša₂,['ša I'],['CANONICAL ➝ Literature ➝ Lamentations ➝ Šuʾila (Emesal)'],,
3,"1880,0719.121",4,3,AKKADIAN,e₂-kur,e₂-kur,['Ēkur I'],['CANONICAL ➝ Literature ➝ Lamentations ➝ Šuʾila (Emesal)'],,
4,"1880,0719.121",4,4,AKKADIAN,nu-uh,nu-uh,['nâhu I'],['CANONICAL ➝ Literature ➝ Lamentations ➝ Šuʾila (Emesal)'],,
5,"1880,0719.121",5,3,EMESAL,hu-mu-ra-ab-be₂,hu-mu-ra-ab-be₂,[],['CANONICAL ➝ Literature ➝ Lamentations ➝ Šuʾila (Emesal)'],,
6,"1880,0719.121",6,2,AKKADIAN,liq-bi-ka,liq-bi-ka,['qabû II'],['CANONICAL ➝ Literature ➝ Lamentations ➝ Šuʾila (Emesal)'],,
7,"1880,0719.121",7,3,EMESAL,hu-mu-ra-ab-be₂,hu-mu-ra-ab-be₂,[],['CANONICAL ➝ Literature ➝ Lamentations ➝ Šuʾila (Emesal)'],,
8,"1880,0719.121",8,2,AKKADIAN,nu-uh,nu-uh,['nâhu I'],['CANONICAL ➝ Literature ➝ Lamentations ➝ Šuʾila (Emesal)'],,
9,"1880,0719.121",8,3,AKKADIAN,liq-bi-ka,liq-bi-ka,['qabû II'],['CANONICAL ➝ Literature ➝ Lamentations ➝ Šuʾila (Emesal)'],,
10,"1880,0719.121",9,2,EMESAL,hug-ga₂,hug-ga₂,[],['CANONICAL ➝ Literature ➝ Lamentations ➝ Šuʾila (Emesal)'],,
11,"1880,0719.121",10,2,AKKADIAN,liq-bu-ka,liq-bu-ka,['qabû II'],['CANONICAL ➝ Literature ➝ Lamentations ➝ Šuʾila (Emesal)'],,
12,"1880,0719.121",11,2,EMESAL,hug-ga₂,hug-ga₂,[],['CANONICAL ➝ Literature ➝ Lamentations ➝ Šuʾila (Emesal)'],,
13,"1880,0719.121",12,2,AKKADIAN,liq-bu-ka,liq-bu-ka,['qabû II'],['CANONICAL ➝ Literature ➝ Lamentations ➝ Šuʾila (Emesal)'],,
14,"1880,0719.121",13,2,EMESAL,dim₃-me-er,dim₃-me-er,[],['CANONICAL ➝ Literature ➝ Lamentations ➝ Šuʾila (Emesal)'],,
15,"1880,0719.121",13,4,EMESAL,hug-ga₂,hug-ga₂,[],['CANONICAL ➝ Literature ➝ Lamentations ➝ Šuʾila (Emesal)'],,
16,"1880,0719.121",13,5,EMESAL,hu-mu-ra-ab-be₂,hu-mu-ra-ab-be₂,[],['CANONICAL ➝ Literature ➝ Lamentations ➝ Šuʾila (Emesal)'],,
17,"1880,0719.121",14,2,AKKADIAN,GAL-MEŠ,GAL-MEŠ,['rabû I'],['CANONICAL ➝ Literature ➝ Lamentations ➝ Šuʾila (Emesal)'],,
18,"1880,0719.121",15,2,AKKADIAN,liq-bu-ka,liq-bu-ka,['qabû II'],['CANONICAL ➝ Literature ➝ Lamentations ➝ Šuʾila (Emesal)'],,
19,"1880,0719.121",19,2,EMESAL,hug-ga₂,hug-ga₂,[],['CANONICAL ➝ Literature ➝ Lamentations ➝ Šuʾila (Emesal)'],,
20,"1880,0719.121",21,1,AKKADIAN,nu-uh,nu-uh,['nâhu I'],['CANONICAL ➝ Literature ➝ Lamentations ➝ Šuʾila (Emesal)'],,
