,fragment_id,fragment_line_num,index_in_line,word_language,value,clean_value,lemma,domain,place_discovery,place_composition
0,"1880,0719.302",2,3,AKKADIAN,KUR₂/ab₂,KUR₂/ab₂,[],['CANONICAL'],,
1,"1880,0719.302",3,1,AKKADIAN,ana,ana,[],['CANONICAL'],,
2,"1880,0719.302",3,3,AKKADIAN,UR₅.BAD,UR₅.BAD,[],['CANONICAL'],,
3,"1880,0719.302",3,4,AKKADIAN,DU₃-ma,DU₃-ma,[],['CANONICAL'],,
4,"1880,0719.302",4,3,AKKADIAN,ME.A,ME.A,[],['CANONICAL'],,
5,"1880,0719.302",4,4,AKKADIAN,GAR-an,GAR-an,[],['CANONICAL'],,
6,"1880,0719.302",4,5,AKKADIAN,SI.LA₂-ka,SI.LA₂-ka,[],['CANONICAL'],,
7,"1880,0719.302",4,6,AKKADIAN,IGI,IGI,[],['CANONICAL'],,
8,"1880,0719.302",7,0,AKKADIAN,BE,BE,[],['CANONICAL'],,
9,"1880,0719.302",7,1,AKKADIAN,UR₅.BAD,UR₅.BAD,[],['CANONICAL'],,
10,"1880,0719.302",7,2,AKKADIAN,DU₃-ma,DU₃-ma,[],['CANONICAL'],,
11,"1880,0719.302",7,3,AKKADIAN,IGI-ka,IGI-ka,[],['CANONICAL'],,
12,"1880,0719.302",9,3,AKKADIAN,sal-la,sal-la,[],['CANONICAL'],,
13,"1880,0719.302",13,0,AKKADIAN,NAM.AZU,NAM.AZU,[],['CANONICAL'],,
14,"1880,0719.302",13,2,AKKADIAN,AN-e,AN-e,[],['CANONICAL'],,
15,"1880,0719.302",13,3,AKKADIAN,u/u₃,u/u₃,[],['CANONICAL'],,
16,"1880,0719.302",13,4,AKKADIAN,KI-ti₃,KI-ti₃,[],['CANONICAL'],,
17,"1880,0719.302",13,5,AKKADIAN,ne₂-me-qi₂,ne₂-me-qi₂,[],['CANONICAL'],,
18,"1880,0719.302",13,6,AKKADIAN,{d}UTU,{d}UTU,[],['CANONICAL'],,
19,"1880,0719.302",13,7,AKKADIAN,u/u₃,u/u₃,[],['CANONICAL'],,
20,"1880,0719.302",13,8,AKKADIAN,{d}IŠKUR,{d}IŠKUR,[],['CANONICAL'],,
21,"1880,0719.302",14,0,AKKADIAN,uš-ta-bil,uš-ta-bil,[],['CANONICAL'],,
22,"1880,0719.302",14,1,AKKADIAN,ka-ras-su,ka-ras-su,[],['CANONICAL'],,
23,"1880,0719.302",14,3,AKKADIAN,šu-a-tu,šu-a-tu,[],['CANONICAL'],,
24,"1880,0719.302",14,4,AKKADIAN,iš-ṭur,iš-ṭur,[],['CANONICAL'],,
25,"1880,0719.302",15,0,AKKADIAN,ib-re-e-ma,ib-re-e-ma,[],['CANONICAL'],,
26,"1880,0719.302",15,1,AKKADIAN,i-na,i-na,[],['CANONICAL'],,
27,"1880,0719.302",15,3,AKKADIAN,E₂.GAL-šu₂,E₂.GAL-šu₂,[],['CANONICAL'],,
