,fragment_id,fragment_line_num,index_in_line,word_language,value,clean_value,lemma,domain,place_discovery,place_composition
0,"1879,0708.108",1,1,AKKADIAN,šal-šu₂,šal-šu₂,[],['CANONICAL ➝ Divination ➝ Extispicy ➝ Bārûtu'],,
1,"1879,0708.108",1,2,AKKADIAN,MU-NI,MU-NI,[],['CANONICAL ➝ Divination ➝ Extispicy ➝ Bārûtu'],,
2,"1879,0708.108",2,2,AKKADIAN,mu-kil,mu-kil,[],['CANONICAL ➝ Divination ➝ Extispicy ➝ Bārûtu'],,
3,"1879,0708.108",2,3,AKKADIAN,SAG,SAG,[],['CANONICAL ➝ Divination ➝ Extispicy ➝ Bārûtu'],,
4,"1879,0708.108",2,4,AKKADIAN,HUL-ti₃,HUL-ti₃,[],['CANONICAL ➝ Divination ➝ Extispicy ➝ Bārûtu'],,
5,"1879,0708.108",2,7,AKKADIAN,ad,ad,[],['CANONICAL ➝ Divination ➝ Extispicy ➝ Bārûtu'],,
6,"1879,0708.108",4,2,AKKADIAN,NUN,NUN,[],['CANONICAL ➝ Divination ➝ Extispicy ➝ Bārûtu'],,
7,"1879,0708.108",5,1,AKKADIAN,ṣu-lul-ti,ṣu-lul-ti,[],['CANONICAL ➝ Divination ➝ Extispicy ➝ Bārûtu'],,
8,"1879,0708.108",5,4,AKKADIAN,DIM₄-tu₄,DIM₄-tu₄,[],['CANONICAL ➝ Divination ➝ Extispicy ➝ Bārûtu'],,
9,"1879,0708.108",6,2,AKKADIAN,DIM₄-tu₄,DIM₄-tu₄,[],['CANONICAL ➝ Divination ➝ Extispicy ➝ Bārûtu'],,
10,"1879,0708.108",6,3,AKKADIAN,DU₈,DU₈,[],['CANONICAL ➝ Divination ➝ Extispicy ➝ Bārûtu'],,
11,"1879,0708.108",6,4,AKKADIAN,15-ša₂,15-ša₂,[],['CANONICAL ➝ Divination ➝ Extispicy ➝ Bārûtu'],,
12,"1879,0708.108",7,2,AKKADIAN,ana,ana,[],['CANONICAL ➝ Divination ➝ Extispicy ➝ Bārûtu'],,
13,"1879,0708.108",7,3,AKKADIAN,ki-di-ti,ki-di-ti,[],['CANONICAL ➝ Divination ➝ Extispicy ➝ Bārûtu'],,
14,"1879,0708.108",8,2,AKKADIAN,i-kat₃-tam,i-kat₃-tam,[],['CANONICAL ➝ Divination ➝ Extispicy ➝ Bārûtu'],,
15,"1879,0708.108",8,3,AKKADIAN,šu,šu,[],['CANONICAL ➝ Divination ➝ Extispicy ➝ Bārûtu'],,
16,"1879,0708.108",9,2,AKKADIAN,SIG₅,SIG₅,[],['CANONICAL ➝ Divination ➝ Extispicy ➝ Bārûtu'],,
17,"1879,0708.108",9,3,AKKADIAN,qa-bi,qa-bi,[],['CANONICAL ➝ Divination ➝ Extispicy ➝ Bārûtu'],,
18,"1879,0708.108",9,4,AKKADIAN,ṣu-ul-lul-ti,ṣu-ul-lul-ti,[],['CANONICAL ➝ Divination ➝ Extispicy ➝ Bārûtu'],,
19,"1879,0708.108",10,1,AKKADIAN,MIN₃-u₂,MIN₃-u₂,[],['CANONICAL ➝ Divination ➝ Extispicy ➝ Bārûtu'],,
20,"1879,0708.108",10,2,AKKADIAN,MU-NI,MU-NI,[],['CANONICAL ➝ Divination ➝ Extispicy ➝ Bārûtu'],,
21,"1879,0708.108",10,3,AKKADIAN,KI.TA-nu,KI.TA-nu,[],['CANONICAL ➝ Divination ➝ Extispicy ➝ Bārûtu'],,
22,"1879,0708.108",10,5,AKKADIAN,kap-pi,kap-pi,[],['CANONICAL ➝ Divination ➝ Extispicy ➝ Bārûtu'],,
23,"1879,0708.108",10,6,AKKADIAN,MUR,MUR,[],['CANONICAL ➝ Divination ➝ Extispicy ➝ Bārûtu'],,
24,"1879,0708.108",11,2,AKKADIAN,DU₈,DU₈,[],['CANONICAL ➝ Divination ➝ Extispicy ➝ Bārûtu'],,
25,"1879,0708.108",11,3,AKKADIAN,ina,ina,[],['CANONICAL ➝ Divination ➝ Extispicy ➝ Bārûtu'],,
26,"1879,0708.108",11,4,AKKADIAN,ne₂-ep-te-e,ne₂-ep-te-e,[],['CANONICAL ➝ Divination ➝ Extispicy ➝ Bārûtu'],,
27,"1879,0708.108",11,5,AKKADIAN,KUR₂,KUR₂,[],['CANONICAL ➝ Divination ➝ Extispicy ➝ Bārûtu'],,
28,"1879,0708.108",11,7,AKKADIAN,ERIN₂,ERIN₂,[],['CANONICAL ➝ Divination ➝ Extispicy ➝ Bārûtu'],,
29,"1879,0708.108",11,8,AKKADIAN,KUR₂,KUR₂,[],['CANONICAL ➝ Divination ➝ Extispicy ➝ Bārûtu'],,
30,"1879,0708.108",12,2,AKKADIAN,KI,KI,[],['CANONICAL ➝ Divination ➝ Extispicy ➝ Bārûtu'],,
31,"1879,0708.108",12,4,AKKADIAN,i-ta-mi,i-ta-mi,[],['CANONICAL ➝ Divination ➝ Extispicy ➝ Bārûtu'],,
32,"1879,0708.108",13,1,AKKADIAN,ṣu₂-lul-tu₄,ṣu₂-lul-tu₄,[],['CANONICAL ➝ Divination ➝ Extispicy ➝ Bārûtu'],,
33,"1879,0708.108",13,2,AKKADIAN,kap-pi,kap-pi,[],['CANONICAL ➝ Divination ➝ Extispicy ➝ Bārûtu'],,
34,"1879,0708.108",13,3,AKKADIAN,MUR,MUR,[],['CANONICAL ➝ Divination ➝ Extispicy ➝ Bārûtu'],,
35,"1879,0708.108",13,5,AKKADIAN,u,u,[],['CANONICAL ➝ Divination ➝ Extispicy ➝ Bārûtu'],,
36,"1879,0708.108",13,6,AKKADIAN,150,150,[],['CANONICAL ➝ Divination ➝ Extispicy ➝ Bārûtu'],,
37,"1879,0708.108",13,7,AKKADIAN,DU₈,DU₈,[],['CANONICAL ➝ Divination ➝ Extispicy ➝ Bārûtu'],,
38,"1879,0708.108",13,8,AKKADIAN,DU₈.UŠ,DU₈.UŠ,[],['CANONICAL ➝ Divination ➝ Extispicy ➝ Bārûtu'],,
39,"1879,0708.108",14,1,AKKADIAN,MIN₃-u₂,MIN₃-u₂,[],['CANONICAL ➝ Divination ➝ Extispicy ➝ Bārûtu'],,
40,"1879,0708.108",14,3,AKKADIAN,DU₈-MEŠ-šu₂-nu,DU₈-MEŠ-šu₂-nu,[],['CANONICAL ➝ Divination ➝ Extispicy ➝ Bārûtu'],,
41,"1879,0708.108",14,4,AKKADIAN,IGI.IGI-lu₄,IGI.IGI-lu₄,[],['CANONICAL ➝ Divination ➝ Extispicy ➝ Bārûtu'],,
42,"1879,0708.108",14,5,AKKADIAN,KUR,KUR,[],['CANONICAL ➝ Divination ➝ Extispicy ➝ Bārûtu'],,
43,"1879,0708.108",14,6,AKKADIAN,KI.TUŠ-sa₃,KI.TUŠ-sa₃,[],['CANONICAL ➝ Divination ➝ Extispicy ➝ Bārûtu'],,
44,"1879,0708.108",14,7,AKKADIAN,ŠUB-di,ŠUB-di,[],['CANONICAL ➝ Divination ➝ Extispicy ➝ Bārûtu'],,
45,"1879,0708.108",15,1,AKKADIAN,KAR-tu₄,KAR-tu₄,[],['CANONICAL ➝ Divination ➝ Extispicy ➝ Bārûtu'],,
46,"1879,0708.108",15,3,AKKADIAN,ṣu₂-lul-ti,ṣu₂-lul-ti,[],['CANONICAL ➝ Divination ➝ Extispicy ➝ Bārûtu'],,
47,"1879,0708.108",15,4,AKKADIAN,MUR,MUR,[],['CANONICAL ➝ Divination ➝ Extispicy ➝ Bārûtu'],,
48,"1879,0708.108",15,5,AKKADIAN,ša₂,ša₂,[],['CANONICAL ➝ Divination ➝ Extispicy ➝ Bārûtu'],,
49,"1879,0708.108",15,6,AKKADIAN,15,15,[],['CANONICAL ➝ Divination ➝ Extispicy ➝ Bārûtu'],,
50,"1879,0708.108",15,7,AKKADIAN,u,u,[],['CANONICAL ➝ Divination ➝ Extispicy ➝ Bārûtu'],,
51,"1879,0708.108",15,8,AKKADIAN,150,150,[],['CANONICAL ➝ Divination ➝ Extispicy ➝ Bārûtu'],,
52,"1879,0708.108",15,9,AKKADIAN,GAR,GAR,[],['CANONICAL ➝ Divination ➝ Extispicy ➝ Bārûtu'],,
53,"1879,0708.108",15,10,AKKADIAN,GIM,GIM,[],['CANONICAL ➝ Divination ➝ Extispicy ➝ Bārûtu'],,
54,"1879,0708.108",15,11,AKKADIAN,KAR-MEŠ,KAR-MEŠ,[],['CANONICAL ➝ Divination ➝ Extispicy ➝ Bārûtu'],,
55,"1879,0708.108",16,3,AKKADIAN,MUR,MUR,[],['CANONICAL ➝ Divination ➝ Extispicy ➝ Bārûtu'],,
56,"1879,0708.108",16,4,AKKADIAN,la,la,[],['CANONICAL ➝ Divination ➝ Extispicy ➝ Bārûtu'],,
57,"1879,0708.108",16,5,AKKADIAN,i-tap-pa-la,i-tap-pa-la,[],['CANONICAL ➝ Divination ➝ Extispicy ➝ Bārûtu'],,
58,"1879,0708.108",16,6,AKKADIAN,ṣu-ul-lu-la,ṣu-ul-lu-la,[],['CANONICAL ➝ Divination ➝ Extispicy ➝ Bārûtu'],,
59,"1879,0708.108",20,3,AKKADIAN,ana,ana,[],['CANONICAL ➝ Divination ➝ Extispicy ➝ Bārûtu'],,
60,"1879,0708.108",20,4,AKKADIAN,ṣu-lul-ti,ṣu-lul-ti,[],['CANONICAL ➝ Divination ➝ Extispicy ➝ Bārûtu'],,
61,"1879,0708.108",20,5,AKKADIAN,sur-ra-a-ti,sur-ra-a-ti,[],['CANONICAL ➝ Divination ➝ Extispicy ➝ Bārûtu'],,
62,"1879,0708.108",20,6,AKKADIAN,tuš-tab-bal,tuš-tab-bal,[],['CANONICAL ➝ Divination ➝ Extispicy ➝ Bārûtu'],,
63,"1879,0708.108",21,1,AKKADIAN,na-kap,na-kap,[],['CANONICAL ➝ Divination ➝ Extispicy ➝ Bārûtu'],,
64,"1879,0708.108",21,3,AKKADIAN,15,15,[],['CANONICAL ➝ Divination ➝ Extispicy ➝ Bārûtu'],,
65,"1879,0708.108",21,4,AKKADIAN,u,u,[],['CANONICAL ➝ Divination ➝ Extispicy ➝ Bārûtu'],,
66,"1879,0708.108",21,5,AKKADIAN,150,150,[],['CANONICAL ➝ Divination ➝ Extispicy ➝ Bārûtu'],,
67,"1879,0708.108",21,6,AKKADIAN,DU₈-ma,DU₈-ma,[],['CANONICAL ➝ Divination ➝ Extispicy ➝ Bārûtu'],,
68,"1879,0708.108",21,7,AKKADIAN,UZU,UZU,[],['CANONICAL ➝ Divination ➝ Extispicy ➝ Bārûtu'],,
69,"1879,0708.108",21,8,AKKADIAN,ša₂-lim-ša₂,ša₂-lim-ša₂,[],['CANONICAL ➝ Divination ➝ Extispicy ➝ Bārûtu'],,
70,"1879,0708.108",21,9,AKKADIAN,2,2,[],['CANONICAL ➝ Divination ➝ Extispicy ➝ Bārûtu'],,
71,"1879,0708.108",21,10,AKKADIAN,SIG₅-MEŠ-ša₂,SIG₅-MEŠ-ša₂,[],['CANONICAL ➝ Divination ➝ Extispicy ➝ Bārûtu'],,
72,"1879,0708.108",22,2,AKKADIAN,na-kap,na-kap,[],['CANONICAL ➝ Divination ➝ Extispicy ➝ Bārûtu'],,
73,"1879,0708.108",22,3,AKKADIAN,MUR,MUR,[],['CANONICAL ➝ Divination ➝ Extispicy ➝ Bārûtu'],,
74,"1879,0708.108",22,4,AKKADIAN,15,15,[],['CANONICAL ➝ Divination ➝ Extispicy ➝ Bārûtu'],,
75,"1879,0708.108",22,5,AKKADIAN,u,u,[],['CANONICAL ➝ Divination ➝ Extispicy ➝ Bārûtu'],,
76,"1879,0708.108",22,6,AKKADIAN,150,150,[],['CANONICAL ➝ Divination ➝ Extispicy ➝ Bārûtu'],,
77,"1879,0708.108",22,7,AKKADIAN,DU₈-ma,DU₈-ma,[],['CANONICAL ➝ Divination ➝ Extispicy ➝ Bārûtu'],,
78,"1879,0708.108",22,8,AKKADIAN,UZU,UZU,[],['CANONICAL ➝ Divination ➝ Extispicy ➝ Bārûtu'],,
79,"1879,0708.108",22,9,AKKADIAN,lum-mu-un,lum-mu-un,[],['CANONICAL ➝ Divination ➝ Extispicy ➝ Bārûtu'],,
80,"1879,0708.108",23,2,AKKADIAN,2,2,[],['CANONICAL ➝ Divination ➝ Extispicy ➝ Bārûtu'],,
81,"1879,0708.108",23,4,AKKADIAN,ma-aʾ-du,ma-aʾ-du,[],['CANONICAL ➝ Divination ➝ Extispicy ➝ Bārûtu'],,
82,"1879,0708.108",24,1,AKKADIAN,na-kap,na-kap,[],['CANONICAL ➝ Divination ➝ Extispicy ➝ Bārûtu'],,
83,"1879,0708.108",24,2,AKKADIAN,MUR,MUR,[],['CANONICAL ➝ Divination ➝ Extispicy ➝ Bārûtu'],,
84,"1879,0708.108",24,3,AKKADIAN,15,15,[],['CANONICAL ➝ Divination ➝ Extispicy ➝ Bārûtu'],,
85,"1879,0708.108",24,4,AKKADIAN,u,u,[],['CANONICAL ➝ Divination ➝ Extispicy ➝ Bārûtu'],,
86,"1879,0708.108",24,6,AKKADIAN,DU₈-ma,DU₈-ma,[],['CANONICAL ➝ Divination ➝ Extispicy ➝ Bārûtu'],,
87,"1879,0708.108",24,7,AKKADIAN,UZU,UZU,[],['CANONICAL ➝ Divination ➝ Extispicy ➝ Bārûtu'],,
88,"1879,0708.108",24,8,AKKADIAN,mit-har,mit-har,[],['CANONICAL ➝ Divination ➝ Extispicy ➝ Bārûtu'],,
89,"1879,0708.108",24,9,AKKADIAN,ša₂,ša₂,[],['CANONICAL ➝ Divination ➝ Extispicy ➝ Bārûtu'],,
90,"1879,0708.108",24,10,AKKADIAN,DUG₄-u₂,DUG₄-u₂,[],['CANONICAL ➝ Divination ➝ Extispicy ➝ Bārûtu'],,
91,"1879,0708.108",25,3,AKKADIAN,HUL-MEŠ-ša₂,HUL-MEŠ-ša₂,[],['CANONICAL ➝ Divination ➝ Extispicy ➝ Bārûtu'],,
92,"1879,0708.108",25,4,AKKADIAN,šu-ta-bu-lu,šu-ta-bu-lu,[],['CANONICAL ➝ Divination ➝ Extispicy ➝ Bārûtu'],,
93,"1879,0708.108",26,1,AKKADIAN,MU,MU,[],['CANONICAL ➝ Divination ➝ Extispicy ➝ Bārûtu'],,
94,"1879,0708.108",26,2,AKKADIAN,SAG,SAG,[],['CANONICAL ➝ Divination ➝ Extispicy ➝ Bārûtu'],,
95,"1879,0708.108",26,3,AKKADIAN,MUR,MUR,[],['CANONICAL ➝ Divination ➝ Extispicy ➝ Bārûtu'],,
96,"1879,0708.108",26,4,AKKADIAN,ša₂,ša₂,[],['CANONICAL ➝ Divination ➝ Extispicy ➝ Bārûtu'],,
97,"1879,0708.108",26,5,AKKADIAN,15,15,[],['CANONICAL ➝ Divination ➝ Extispicy ➝ Bārûtu'],,
98,"1879,0708.108",26,6,AKKADIAN,u,u,[],['CANONICAL ➝ Divination ➝ Extispicy ➝ Bārûtu'],,
99,"1879,0708.108",26,8,AKKADIAN,it-ta-na-at-ba-ku,it-ta-na-at-ba-ku,[],['CANONICAL ➝ Divination ➝ Extispicy ➝ Bārûtu'],,
100,"1879,0708.108",27,1,AKKADIAN,SAGŠU,SAGŠU,[],['CANONICAL ➝ Divination ➝ Extispicy ➝ Bārûtu'],,
101,"1879,0708.108",27,2,AKKADIAN,MUR,MUR,[],['CANONICAL ➝ Divination ➝ Extispicy ➝ Bārûtu'],,
102,"1879,0708.108",27,3,AKKADIAN,GIM,GIM,[],['CANONICAL ➝ Divination ➝ Extispicy ➝ Bārûtu'],,
103,"1879,0708.108",27,7,AKKADIAN,ERIN₂,ERIN₂,[],['CANONICAL ➝ Divination ➝ Extispicy ➝ Bārûtu'],,
104,"1879,0708.108",27,8,AKKADIAN,DU₈-MEŠ,DU₈-MEŠ,[],['CANONICAL ➝ Divination ➝ Extispicy ➝ Bārûtu'],,
105,"1879,0708.108",27,9,AKKADIAN,ana,ana,[],['CANONICAL ➝ Divination ➝ Extispicy ➝ Bārûtu'],,
106,"1879,0708.108",27,10,AKKADIAN,{giš}TUKUL,{giš}TUKUL,[],['CANONICAL ➝ Divination ➝ Extispicy ➝ Bārûtu'],,
107,"1879,0708.108",27,11,AKKADIAN,ŠUB-ti,ŠUB-ti,[],['CANONICAL ➝ Divination ➝ Extispicy ➝ Bārûtu'],,
108,"1879,0708.108",27,12,AKKADIAN,ERIN₂-ni,ERIN₂-ni,[],['CANONICAL ➝ Divination ➝ Extispicy ➝ Bārûtu'],,
109,"1879,0708.108",28,2,AKKADIAN,TUR,TUR,[],['CANONICAL ➝ Divination ➝ Extispicy ➝ Bārûtu'],,
110,"1879,0708.108",28,5,AKKADIAN,BAR-tu₄,BAR-tu₄,[],['CANONICAL ➝ Divination ➝ Extispicy ➝ Bārûtu'],,
111,"1879,0708.108",30,1,AKKADIAN,šu-ta-bul-ta,šu-ta-bul-ta,[],['CANONICAL ➝ Divination ➝ Extispicy ➝ Bārûtu'],,
112,"1879,0708.108",30,3,AKKADIAN,ša₂,ša₂,[],['CANONICAL ➝ Divination ➝ Extispicy ➝ Bārûtu'],,
113,"1879,0708.108",30,4,AKKADIAN,U,U,[],['CANONICAL ➝ Divination ➝ Extispicy ➝ Bārûtu'],,
114,"1879,0708.108",30,5,AKKADIAN,MUR,MUR,[],['CANONICAL ➝ Divination ➝ Extispicy ➝ Bārûtu'],,
115,"1879,0708.108",30,6,AKKADIAN,MURUB₄,MURUB₄,[],['CANONICAL ➝ Divination ➝ Extispicy ➝ Bārûtu'],,
116,"1879,0708.108",30,7,AKKADIAN,ana,ana,[],['CANONICAL ➝ Divination ➝ Extispicy ➝ Bārûtu'],,
117,"1879,0708.108",30,8,AKKADIAN,IGI-ka,IGI-ka,[],['CANONICAL ➝ Divination ➝ Extispicy ➝ Bārûtu'],,
118,"1879,0708.108",32,1,AKKADIAN,ŠU.SI,ŠU.SI,[],['CANONICAL ➝ Divination ➝ Extispicy ➝ Bārûtu'],,
119,"1879,0708.108",32,2,AKKADIAN,MUR,MUR,[],['CANONICAL ➝ Divination ➝ Extispicy ➝ Bārûtu'],,
120,"1879,0708.108",32,3,AKKADIAN,MURUB₄,MURUB₄,[],['CANONICAL ➝ Divination ➝ Extispicy ➝ Bārûtu'],,
121,"1879,0708.108",32,4,AKKADIAN,ina,ina,[],['CANONICAL ➝ Divination ➝ Extispicy ➝ Bārûtu'],,
122,"1879,0708.108",32,6,AKKADIAN,ki-ni,ki-ni,[],['CANONICAL ➝ Divination ➝ Extispicy ➝ Bārûtu'],,
123,"1879,0708.108",32,7,AKKADIAN,GAR-an,GAR-an,[],['CANONICAL ➝ Divination ➝ Extispicy ➝ Bārûtu'],,
124,"1879,0708.108",33,3,AKKADIAN,IGI-et,IGI-et,[],['CANONICAL ➝ Divination ➝ Extispicy ➝ Bārûtu'],,
125,"1879,0708.108",33,5,AKKADIAN,I.DIB-ša₂,I.DIB-ša₂,[],['CANONICAL ➝ Divination ➝ Extispicy ➝ Bārûtu'],,
126,"1879,0708.108",33,6,AKKADIAN,ša₂,ša₂,[],['CANONICAL ➝ Divination ➝ Extispicy ➝ Bārûtu'],,
127,"1879,0708.108",33,7,AKKADIAN,šik-ni-ša₂,šik-ni-ša₂,[],['CANONICAL ➝ Divination ➝ Extispicy ➝ Bārûtu'],,
128,"1879,0708.108",33,8,AKKADIAN,ki-ni,ki-ni,[],['CANONICAL ➝ Divination ➝ Extispicy ➝ Bārûtu'],,
129,"1879,0708.108",34,4,AKKADIAN,ŠU.SI,ŠU.SI,[],['CANONICAL ➝ Divination ➝ Extispicy ➝ Bārûtu'],,
130,"1879,0708.108",34,5,AKKADIAN,MUR,MUR,[],['CANONICAL ➝ Divination ➝ Extispicy ➝ Bārûtu'],,
131,"1879,0708.108",34,6,AKKADIAN,MURUB₄,MURUB₄,[],['CANONICAL ➝ Divination ➝ Extispicy ➝ Bārûtu'],,
132,"1879,0708.108",35,3,AKKADIAN,e-ni-tu₄,e-ni-tu₄,[],['CANONICAL ➝ Divination ➝ Extispicy ➝ Bārûtu'],,
133,"1879,0708.108",35,4,AKKADIAN,tam-mar,tam-mar,[],['CANONICAL ➝ Divination ➝ Extispicy ➝ Bārûtu'],,
134,"1879,0708.108",36,1,AKKADIAN,GIŠ.HUR,GIŠ.HUR,[],['CANONICAL ➝ Divination ➝ Extispicy ➝ Bārûtu'],,
135,"1879,0708.108",36,5,AKKADIAN,BE,BE,[],['CANONICAL ➝ Divination ➝ Extispicy ➝ Bārûtu'],,
136,"1879,0708.108",36,6,AKKADIAN,šum-ma,šum-ma,[],['CANONICAL ➝ Divination ➝ Extispicy ➝ Bārûtu'],,
137,"1879,0708.108",36,7,AKKADIAN,ŠU.SI,ŠU.SI,[],['CANONICAL ➝ Divination ➝ Extispicy ➝ Bārûtu'],,
138,"1879,0708.108",36,8,AKKADIAN,MUR,MUR,[],['CANONICAL ➝ Divination ➝ Extispicy ➝ Bārûtu'],,
139,"1879,0708.108",36,9,AKKADIAN,MURUB₄,MURUB₄,[],['CANONICAL ➝ Divination ➝ Extispicy ➝ Bārûtu'],,
140,"1879,0708.108",36,11,AKKADIAN,ana,ana,[],['CANONICAL ➝ Divination ➝ Extispicy ➝ Bārûtu'],,
141,"1879,0708.108",36,12,AKKADIAN,IGI-ka,IGI-ka,[],['CANONICAL ➝ Divination ➝ Extispicy ➝ Bārûtu'],,
142,"1879,0708.108",37,3,AKKADIAN,NIG₂.PI,NIG₂.PI,[],['CANONICAL ➝ Divination ➝ Extispicy ➝ Bārûtu'],,
143,"1879,0708.108",37,5,AKKADIAN,150,150,[],['CANONICAL ➝ Divination ➝ Extispicy ➝ Bārûtu'],,
144,"1879,0708.108",37,6,AKKADIAN,GAR-an,GAR-an,[],['CANONICAL ➝ Divination ➝ Extispicy ➝ Bārûtu'],,
