,fragment_id,fragment_line_num,index_in_line,word_language,value,clean_value,lemma,domain,place_discovery,place_composition
0,"1880,0617.2696",2,2,AKKADIAN,sar/si,sar/si,[],[],,
1,"1880,0617.2696",2,3,AKKADIAN,ku/šu,ku/šu,[],[],,
2,"1880,0617.2696",2,4,AKKADIAN,ša₂,ša₂,[],[],,
3,"1880,0617.2696",7,1,AKKADIAN,ša₂,ša₂,[],[],,
4,"1880,0617.2696",7,2,AKKADIAN,diš,diš,[],[],,
5,"1880,0617.2696",7,3,AKKADIAN,an,an,[],[],,
6,"1880,0617.2696",7,4,AKKADIAN,bi,bi,[],[],,
7,"1880,0617.2696",7,5,AKKADIAN,e,e,[],[],,
