,fragment_id,fragment_line_num,index_in_line,word_language,value,clean_value,lemma,domain,place_discovery,place_composition
0,"1879,0708.31",8,3,SUMERIAN,UH,UH,[],['CANONICAL ➝ Lexicography ➝ Vocabularies ➝ Antagal'],,
1,"1879,0708.31",10,1,SUMERIAN,bar-du₃-a,bar-du₃-a,[],['CANONICAL ➝ Lexicography ➝ Vocabularies ➝ Antagal'],,
2,"1879,0708.31",10,5,AKKADIAN,ša₂,ša₂,['ša I'],['CANONICAL ➝ Lexicography ➝ Vocabularies ➝ Antagal'],,
3,"1879,0708.31",11,1,SUMERIAN,šu₂,šu₂,[],['CANONICAL ➝ Lexicography ➝ Vocabularies ➝ Antagal'],,
4,"1879,0708.31",11,3,SUMERIAN,šu₂-šu₂,šu₂-šu₂,[],['CANONICAL ➝ Lexicography ➝ Vocabularies ➝ Antagal'],,
5,"1879,0708.31",11,7,AKKADIAN,ša₂,ša₂,['ša I'],['CANONICAL ➝ Lexicography ➝ Vocabularies ➝ Antagal'],,
6,"1879,0708.31",13,1,SUMERIAN,KI.NE{+zi-i}-si-ga,KI.NE{+zi-i}-si-ga,[],['CANONICAL ➝ Lexicography ➝ Vocabularies ➝ Antagal'],,
7,"1879,0708.31",13,5,AKKADIAN,ša₂,ša₂,['ša I'],['CANONICAL ➝ Lexicography ➝ Vocabularies ➝ Antagal'],,
8,"1879,0708.31",14,1,SUMERIAN,uš₁₁-gar-ra,uš₁₁-gar-ra,[],['CANONICAL ➝ Lexicography ➝ Vocabularies ➝ Antagal'],,
9,"1879,0708.31",14,5,AKKADIAN,ša₂,ša₂,['ša I'],['CANONICAL ➝ Lexicography ➝ Vocabularies ➝ Antagal'],,
10,"1879,0708.31",18,1,SUMERIAN,gaba,gaba,[],['CANONICAL ➝ Lexicography ➝ Vocabularies ➝ Antagal'],,
11,"1879,0708.31",18,2,SUMERIAN,diri,diri,[],['CANONICAL ➝ Lexicography ➝ Vocabularies ➝ Antagal'],,
12,"1879,0708.31",19,0,AKKADIAN,DUB.5.KAM₂.MA,DUB.5.KAM₂.MA,[],['CANONICAL ➝ Lexicography ➝ Vocabularies ➝ Antagal'],,
13,"1879,0708.31",19,2,SUMERIAN,an-ta-gal₂,an-ta-gal₂,[],['CANONICAL ➝ Lexicography ➝ Vocabularies ➝ Antagal'],,
14,"1879,0708.31",20,3,AKKADIAN,MAN,MAN,['šarru I'],['CANONICAL ➝ Lexicography ➝ Vocabularies ➝ Antagal'],,
15,"1879,0708.31",20,4,AKKADIAN,ŠU₂,ŠU₂,['kiššatu I'],['CANONICAL ➝ Lexicography ➝ Vocabularies ➝ Antagal'],,
16,"1879,0708.31",20,5,AKKADIAN,MAN,MAN,['šarru I'],['CANONICAL ➝ Lexicography ➝ Vocabularies ➝ Antagal'],,
