,fragment_id,fragment_line_num,index_in_line,word_language,value,clean_value,lemma,domain,place_discovery,place_composition
0,"1881,0204.300",1,0,AKKADIAN,BE,BE,['šumma I'],['CANONICAL ➝ Divination ➝ Extispicy'],,
1,"1881,0204.300",2,0,AKKADIAN,BE,BE,['šumma I'],['CANONICAL ➝ Divination ➝ Extispicy'],,
2,"1881,0204.300",2,1,AKKADIAN,15,15,['imittu I'],['CANONICAL ➝ Divination ➝ Extispicy'],,
3,"1881,0204.300",2,2,AKKADIAN,ŠU.SI,ŠU.SI,['ubānu I'],['CANONICAL ➝ Divination ➝ Extispicy'],,
4,"1881,0204.300",2,3,AKKADIAN,KAR-ma,KAR-ma,['ekēmu I'],['CANONICAL ➝ Divination ➝ Extispicy'],,
5,"1881,0204.300",2,4,AKKADIAN,UGU-ša₂,UGU-ša₂,['-ša I'],['CANONICAL ➝ Divination ➝ Extispicy'],,
6,"1881,0204.300",2,5,AKKADIAN,u,u,['u I'],['CANONICAL ➝ Divination ➝ Extispicy'],,
7,"1881,0204.300",3,0,AKKADIAN,BE,BE,['šumma I'],['CANONICAL ➝ Divination ➝ Extispicy'],,
8,"1881,0204.300",3,1,AKKADIAN,150,150,['šumēlu I'],['CANONICAL ➝ Divination ➝ Extispicy'],,
9,"1881,0204.300",3,2,AKKADIAN,ŠU.SI,ŠU.SI,['ubānu I'],['CANONICAL ➝ Divination ➝ Extispicy'],,
10,"1881,0204.300",3,3,AKKADIAN,KAR-ma,KAR-ma,['ekēmu I'],['CANONICAL ➝ Divination ➝ Extispicy'],,
11,"1881,0204.300",3,4,AKKADIAN,UGU-ša₂,UGU-ša₂,['-ša I'],['CANONICAL ➝ Divination ➝ Extispicy'],,
12,"1881,0204.300",3,5,AKKADIAN,u,u,['u I'],['CANONICAL ➝ Divination ➝ Extispicy'],,
13,"1881,0204.300",4,0,AKKADIAN,BE,BE,['šumma I'],['CANONICAL ➝ Divination ➝ Extispicy'],,
14,"1881,0204.300",4,1,AKKADIAN,15,15,['imittu I'],['CANONICAL ➝ Divination ➝ Extispicy'],,
15,"1881,0204.300",4,2,AKKADIAN,ŠU.SI,ŠU.SI,['ubānu I'],['CANONICAL ➝ Divination ➝ Extispicy'],,
16,"1881,0204.300",4,3,AKKADIAN,KAR-ma,KAR-ma,['ekēmu I'],['CANONICAL ➝ Divination ➝ Extispicy'],,
17,"1881,0204.300",4,4,AKKADIAN,UGU,UGU,[],['CANONICAL ➝ Divination ➝ Extispicy'],,
18,"1881,0204.300",5,0,AKKADIAN,BE,BE,['šumma I'],['CANONICAL ➝ Divination ➝ Extispicy'],,
19,"1881,0204.300",5,1,AKKADIAN,150,150,['šumēlu I'],['CANONICAL ➝ Divination ➝ Extispicy'],,
20,"1881,0204.300",5,2,AKKADIAN,ŠU.SI,ŠU.SI,['ubānu I'],['CANONICAL ➝ Divination ➝ Extispicy'],,
21,"1881,0204.300",5,3,AKKADIAN,KAR-ma,KAR-ma,['ekēmu I'],['CANONICAL ➝ Divination ➝ Extispicy'],,
22,"1881,0204.300",5,4,AKKADIAN,UGU,UGU,[],['CANONICAL ➝ Divination ➝ Extispicy'],,
23,"1881,0204.300",6,0,AKKADIAN,BE,BE,['šumma I'],['CANONICAL ➝ Divination ➝ Extispicy'],,
24,"1881,0204.300",6,1,AKKADIAN,15,15,['imittu I'],['CANONICAL ➝ Divination ➝ Extispicy'],,
25,"1881,0204.300",6,2,AKKADIAN,ŠU.SI,ŠU.SI,['ubānu I'],['CANONICAL ➝ Divination ➝ Extispicy'],,
26,"1881,0204.300",6,3,AKKADIAN,KAR-ma,KAR-ma,['ekēmu I'],['CANONICAL ➝ Divination ➝ Extispicy'],,
27,"1881,0204.300",6,4,AKKADIAN,ina,ina,['ina I'],['CANONICAL ➝ Divination ➝ Extispicy'],,
28,"1881,0204.300",6,5,AKKADIAN,ŠA₃-ša₂,ŠA₃-ša₂,"['libbu I', '-ša I']",['CANONICAL ➝ Divination ➝ Extispicy'],,
29,"1881,0204.300",7,0,AKKADIAN,BE,BE,['šumma I'],['CANONICAL ➝ Divination ➝ Extispicy'],,
30,"1881,0204.300",7,1,AKKADIAN,150,150,['šumēlu I'],['CANONICAL ➝ Divination ➝ Extispicy'],,
31,"1881,0204.300",7,2,AKKADIAN,ŠU.SI,ŠU.SI,['ubānu I'],['CANONICAL ➝ Divination ➝ Extispicy'],,
32,"1881,0204.300",7,3,AKKADIAN,KAR-ma,KAR-ma,['ekēmu I'],['CANONICAL ➝ Divination ➝ Extispicy'],,
33,"1881,0204.300",7,4,AKKADIAN,ina,ina,['ina I'],['CANONICAL ➝ Divination ➝ Extispicy'],,
34,"1881,0204.300",7,5,AKKADIAN,ŠA₃-ša₂,ŠA₃-ša₂,"['libbu I', '-ša I']",['CANONICAL ➝ Divination ➝ Extispicy'],,
35,"1881,0204.300",7,6,AKKADIAN,{giš}TUKUL,{giš}TUKUL,['kakku I'],['CANONICAL ➝ Divination ➝ Extispicy'],,
36,"1881,0204.300",8,0,AKKADIAN,BE,BE,['šumma I'],['CANONICAL ➝ Divination ➝ Extispicy'],,
37,"1881,0204.300",8,1,AKKADIAN,15,15,['imittu I'],['CANONICAL ➝ Divination ➝ Extispicy'],,
38,"1881,0204.300",8,2,AKKADIAN,ŠU.SI,ŠU.SI,['ubānu I'],['CANONICAL ➝ Divination ➝ Extispicy'],,
39,"1881,0204.300",8,3,AKKADIAN,KAR-ma,KAR-ma,['ekēmu I'],['CANONICAL ➝ Divination ➝ Extispicy'],,
40,"1881,0204.300",8,4,AKKADIAN,ina,ina,['ina I'],['CANONICAL ➝ Divination ➝ Extispicy'],,
41,"1881,0204.300",8,5,AKKADIAN,ŠA₃-ša₂,ŠA₃-ša₂,"['libbu I', '-ša I']",['CANONICAL ➝ Divination ➝ Extispicy'],,
42,"1881,0204.300",9,0,AKKADIAN,BE,BE,['šumma I'],['CANONICAL ➝ Divination ➝ Extispicy'],,
43,"1881,0204.300",9,1,AKKADIAN,150,150,['šumēlu I'],['CANONICAL ➝ Divination ➝ Extispicy'],,
44,"1881,0204.300",9,2,AKKADIAN,ŠU.SI,ŠU.SI,['ubānu I'],['CANONICAL ➝ Divination ➝ Extispicy'],,
45,"1881,0204.300",9,3,AKKADIAN,KAR-ma,KAR-ma,['ekēmu I'],['CANONICAL ➝ Divination ➝ Extispicy'],,
46,"1881,0204.300",9,4,AKKADIAN,ina,ina,['ina I'],['CANONICAL ➝ Divination ➝ Extispicy'],,
47,"1881,0204.300",9,5,AKKADIAN,ŠA₃-ša₂,ŠA₃-ša₂,"['libbu I', '-ša I']",['CANONICAL ➝ Divination ➝ Extispicy'],,
48,"1881,0204.300",10,0,AKKADIAN,BE,BE,['šumma I'],['CANONICAL ➝ Divination ➝ Extispicy'],,
49,"1881,0204.300",10,1,AKKADIAN,15,15,['imittu I'],['CANONICAL ➝ Divination ➝ Extispicy'],,
50,"1881,0204.300",10,2,AKKADIAN,ŠU.SI,ŠU.SI,['ubānu I'],['CANONICAL ➝ Divination ➝ Extispicy'],,
51,"1881,0204.300",10,3,AKKADIAN,KAR-ma,KAR-ma,['ekēmu I'],['CANONICAL ➝ Divination ➝ Extispicy'],,
52,"1881,0204.300",10,4,AKKADIAN,ina,ina,['ina I'],['CANONICAL ➝ Divination ➝ Extispicy'],,
53,"1881,0204.300",10,5,AKKADIAN,ŠA₃-ša₂,ŠA₃-ša₂,"['libbu I', '-ša I']",['CANONICAL ➝ Divination ➝ Extispicy'],,
54,"1881,0204.300",11,0,AKKADIAN,BE,BE,['šumma I'],['CANONICAL ➝ Divination ➝ Extispicy'],,
55,"1881,0204.300",11,1,AKKADIAN,15,15,['imittu I'],['CANONICAL ➝ Divination ➝ Extispicy'],,
56,"1881,0204.300",11,2,AKKADIAN,ŠU.SI,ŠU.SI,['ubānu I'],['CANONICAL ➝ Divination ➝ Extispicy'],,
57,"1881,0204.300",11,3,AKKADIAN,KAR-ma,KAR-ma,['ekēmu I'],['CANONICAL ➝ Divination ➝ Extispicy'],,
58,"1881,0204.300",11,4,AKKADIAN,ina,ina,['ina I'],['CANONICAL ➝ Divination ➝ Extispicy'],,
59,"1881,0204.300",12,0,AKKADIAN,BE,BE,['šumma I'],['CANONICAL ➝ Divination ➝ Extispicy'],,
60,"1881,0204.300",14,0,AKKADIAN,BE,BE,['šumma I'],['CANONICAL ➝ Divination ➝ Extispicy'],,
61,"1881,0204.300",15,0,AKKADIAN,BE,BE,['šumma I'],['CANONICAL ➝ Divination ➝ Extispicy'],,
62,"1881,0204.300",15,1,AKKADIAN,AN.TA,AN.TA,[],['CANONICAL ➝ Divination ➝ Extispicy'],,
63,"1881,0204.300",16,0,AKKADIAN,BE,BE,['šumma I'],['CANONICAL ➝ Divination ➝ Extispicy'],,
64,"1881,0204.300",16,1,AKKADIAN,150,150,['šumēlu I'],['CANONICAL ➝ Divination ➝ Extispicy'],,
65,"1881,0204.300",16,2,AKKADIAN,TUN₃,TUN₃,['tākaltu I'],['CANONICAL ➝ Divination ➝ Extispicy'],,
66,"1881,0204.300",17,0,AKKADIAN,BE,BE,['šumma I'],['CANONICAL ➝ Divination ➝ Extispicy'],,
67,"1881,0204.300",17,1,AKKADIAN,AN.TA,AN.TA,[],['CANONICAL ➝ Divination ➝ Extispicy'],,
68,"1881,0204.300",18,0,AKKADIAN,BE,BE,['šumma I'],['CANONICAL ➝ Divination ➝ Extispicy'],,
69,"1881,0204.300",18,1,AKKADIAN,150,150,['šumēlu I'],['CANONICAL ➝ Divination ➝ Extispicy'],,
70,"1881,0204.300",18,2,AKKADIAN,TUN₃,TUN₃,['tākaltu I'],['CANONICAL ➝ Divination ➝ Extispicy'],,
71,"1881,0204.300",19,1,AKKADIAN,10,10,['ešer I'],['CANONICAL ➝ Divination ➝ Extispicy'],,
72,"1881,0204.300",19,3,AKKADIAN,BE,BE,['šumma I'],['CANONICAL ➝ Divination ➝ Extispicy'],,
73,"1881,0204.300",19,4,AKKADIAN,AN.TA,AN.TA,[],['CANONICAL ➝ Divination ➝ Extispicy'],,
74,"1881,0204.300",19,5,AKKADIAN,KAR,KAR,[],['CANONICAL ➝ Divination ➝ Extispicy'],,
75,"1881,0204.300",20,0,AKKADIAN,BE,BE,['šumma I'],['CANONICAL ➝ Divination ➝ Extispicy'],,
76,"1881,0204.300",20,1,AKKADIAN,KI,KI,[],['CANONICAL ➝ Divination ➝ Extispicy'],,
77,"1881,0204.300",20,2,AKKADIAN,DAL.BA.AN.NA,DAL.BA.AN.NA,['birītu I'],['CANONICAL ➝ Divination ➝ Extispicy'],,
78,"1881,0204.300",21,0,AKKADIAN,BE,BE,['šumma I'],['CANONICAL ➝ Divination ➝ Extispicy'],,
79,"1881,0204.300",21,1,AKKADIAN,AN.TA,AN.TA,['eliš I'],['CANONICAL ➝ Divination ➝ Extispicy'],,
80,"1881,0204.300",21,2,AKKADIAN,KAR,KAR,[],['CANONICAL ➝ Divination ➝ Extispicy'],,
81,"1881,0204.300",21,3,AKKADIAN,KI,KI,[],['CANONICAL ➝ Divination ➝ Extispicy'],,
82,"1881,0204.300",22,0,AKKADIAN,BE,BE,['šumma I'],['CANONICAL ➝ Divination ➝ Extispicy'],,
83,"1881,0204.300",22,1,AKKADIAN,KI-tu₂,KI-tu₂,['erṣetu I'],['CANONICAL ➝ Divination ➝ Extispicy'],,
84,"1881,0204.300",22,2,AKKADIAN,ZE₂-ti,ZE₂-ti,['martu I'],['CANONICAL ➝ Divination ➝ Extispicy'],,
85,"1881,0204.300",23,0,AKKADIAN,BE,BE,['šumma I'],['CANONICAL ➝ Divination ➝ Extispicy'],,
86,"1881,0204.300",23,1,AKKADIAN,AN.TA,AN.TA,['eliš I'],['CANONICAL ➝ Divination ➝ Extispicy'],,
87,"1881,0204.300",23,2,AKKADIAN,KAR,KAR,[],['CANONICAL ➝ Divination ➝ Extispicy'],,
88,"1881,0204.300",23,3,AKKADIAN,DIGIR-MEŠ,DIGIR-MEŠ,['ilu I'],['CANONICAL ➝ Divination ➝ Extispicy'],,
89,"1881,0204.300",24,0,AKKADIAN,BE,BE,['šumma I'],['CANONICAL ➝ Divination ➝ Extispicy'],,
90,"1881,0204.300",24,1,AKKADIAN,KI,KI,[],['CANONICAL ➝ Divination ➝ Extispicy'],,
91,"1881,0204.300",24,2,AKKADIAN,E₂,E₂,[],['CANONICAL ➝ Divination ➝ Extispicy'],,
92,"1881,0204.300",25,0,AKKADIAN,BE,BE,['šumma I'],['CANONICAL ➝ Divination ➝ Extispicy'],,
93,"1881,0204.300",25,1,AKKADIAN,AN.TA,AN.TA,[],['CANONICAL ➝ Divination ➝ Extispicy'],,
94,"1881,0204.300",25,2,AKKADIAN,KAR,KAR,[],['CANONICAL ➝ Divination ➝ Extispicy'],,
95,"1881,0204.300",25,3,AKKADIAN,KUR,KUR,[],['CANONICAL ➝ Divination ➝ Extispicy'],,
96,"1881,0204.300",25,4,AKKADIAN,KUR₂/U,KUR₂/U,[],['CANONICAL ➝ Divination ➝ Extispicy'],,
97,"1881,0204.300",26,2,AKKADIAN,TAB.BA,TAB.BA,[],['CANONICAL ➝ Divination ➝ Extispicy'],,
98,"1881,0204.300",26,3,AKKADIAN,KI.TA,KI.TA,[],['CANONICAL ➝ Divination ➝ Extispicy'],,
99,"1881,0204.300",26,4,AKKADIAN,KAR,KAR,[],['CANONICAL ➝ Divination ➝ Extispicy'],,
100,"1881,0204.300",26,5,AKKADIAN,ERIN₂,ERIN₂,['ummānu I'],['CANONICAL ➝ Divination ➝ Extispicy'],,
101,"1881,0204.300",27,4,AKKADIAN,15,15,['imittu I'],['CANONICAL ➝ Divination ➝ Extispicy'],,
102,"1881,0204.300",27,5,AKKADIAN,ŠU.SI,ŠU.SI,['ubānu I'],['CANONICAL ➝ Divination ➝ Extispicy'],,
