,fragment_id,fragment_line_num,index_in_line,word_language,value,clean_value,lemma,domain,place_discovery,place_composition
0,"1879,0708.38",5,2,AKKADIAN,A-MEŠ,A-MEŠ,[],['CANONICAL ➝ Lexicography ➝ Synonym List ➝ Malku = šarru'],,
1,"1879,0708.38",6,2,AKKADIAN,A-MEŠ,A-MEŠ,[],['CANONICAL ➝ Lexicography ➝ Synonym List ➝ Malku = šarru'],,
2,"1879,0708.38",7,2,AKKADIAN,A-MEŠ,A-MEŠ,[],['CANONICAL ➝ Lexicography ➝ Synonym List ➝ Malku = šarru'],,
3,"1879,0708.38",8,2,AKKADIAN,A-MEŠ,A-MEŠ,[],['CANONICAL ➝ Lexicography ➝ Synonym List ➝ Malku = šarru'],,
4,"1879,0708.38",9,2,AKKADIAN,mu-ṣe-e,mu-ṣe-e,[],['CANONICAL ➝ Lexicography ➝ Synonym List ➝ Malku = šarru'],,
5,"1879,0708.38",11,2,AKKADIAN,A-MEŠ,A-MEŠ,[],['CANONICAL ➝ Lexicography ➝ Synonym List ➝ Malku = šarru'],,
