,fragment_id,fragment_line_num,index_in_line,word_language,value,clean_value,lemma,domain,place_discovery,place_composition
0,"1880,0617.2586",1,1,AKKADIAN,{d}ir₃-ra,{d}ir₃-ra,[],"[['CANONICAL', 'Literature']]",,
1,"1880,0617.2586",2,2,AKKADIAN,{d}a-a,{d}a-a,[],"[['CANONICAL', 'Literature']]",,
2,"1880,0617.2586",3,1,AKKADIAN,AN-e,AN-e,[],"[['CANONICAL', 'Literature']]",,
3,"1880,0617.2586",4,1,AKKADIAN,ša₂,ša₂,[],"[['CANONICAL', 'Literature']]",,
4,"1880,0617.2586",4,2,AKKADIAN,{d}a-num,{d}a-num,[],"[['CANONICAL', 'Literature']]",,
5,"1880,0617.2586",5,1,AKKADIAN,šu-ut,šu-ut,[],"[['CANONICAL', 'Literature']]",,
6,"1880,0617.2586",6,1,AKKADIAN,šu-ut,šu-ut,[],"[['CANONICAL', 'Literature']]",,
