,fragment_id,fragment_line_num,index_in_line,word_language,value,clean_value,lemma,domain,place_discovery,place_composition
0,"1881,0204.295",4,1,AKKADIAN,gab,gab,[],['CANONICAL'],,
1,"1881,0204.295",5,1,AKKADIAN,ta-at-tal-la-kam@v,ta-at-tal-la-kam@v,[],['CANONICAL'],,
2,"1881,0204.295",6,2,AKKADIAN,a-šar,a-šar,['ašru III'],['CANONICAL'],,
3,"1881,0204.295",6,3,AKKADIAN,GIR₃,GIR₃,['šēpu I'],['CANONICAL'],,
4,"1881,0204.295",6,4,AKKADIAN,par₂-sat,par₂-sat,['parāsu I'],['CANONICAL'],,
5,"1881,0204.295",6,5,AKKADIAN,te-te-mir,te-te-mir,['temēru I'],['CANONICAL'],,
6,"1881,0204.295",7,1,AKKADIAN,ta-at-tal-la-kam@v,ta-at-tal-la-kam@v,[],['CANONICAL'],,
7,"1881,0204.295",9,1,AKKADIAN,E₂,E₂,[],['CANONICAL'],,
8,"1881,0204.295",9,2,AKKADIAN,DINGIR,DINGIR,[],['CANONICAL'],,
9,"1881,0204.295",9,3,AKKADIAN,šu-uk-lu-lu-ma,šu-uk-lu-lu-ma,[],['CANONICAL'],,
10,"1881,0204.295",9,4,AKKADIAN,DINGIR,DINGIR,[],['CANONICAL'],,
11,"1881,0204.295",9,6,AKKADIAN,šub-ti-šu₂,šub-ti-šu₂,[],['CANONICAL'],,
12,"1881,0204.295",9,7,AKKADIAN,uṭ-ṭah-hu-u₂,uṭ-ṭah-hu-u₂,[],['CANONICAL'],,
13,"1881,0204.295",11,1,AKKADIAN,a-šar,a-šar,[],['CANONICAL'],,
14,"1881,0204.295",11,2,AKKADIAN,TUG₂,TUG₂,['ṣubātu I'],['CANONICAL'],,
15,"1881,0204.295",11,3,AKKADIAN,SA₅,SA₅,['sāmu I'],['CANONICAL'],,
16,"1881,0204.295",11,4,AKKADIAN,MU₄.MU₄-aš,MU₄.MU₄-aš,['labāšu I'],['CANONICAL'],,
17,"1881,0204.295",12,2,AKKADIAN,IL₂-šu₂-ma,IL₂-šu₂-ma,['našû II'],['CANONICAL'],,
18,"1881,0204.295",13,2,AKKADIAN,tuš-za-su-ma,tuš-za-su-ma,['izuzzu I'],['CANONICAL'],,
19,"1881,0204.295",13,3,AKKADIAN,UR₅.GIM,UR₅.GIM,['kīam I'],['CANONICAL'],,
20,"1881,0204.295",13,4,AKKADIAN,ŠID-nu,ŠID-nu,['manû IV'],['CANONICAL'],,
21,"1881,0204.295",15,2,AKKADIAN,TUK-a,TUK-a,[],['CANONICAL'],,
22,"1881,0204.295",16,2,AKKADIAN,i-tu-u₂,i-tu-u₂,[],['CANONICAL'],,
23,"1881,0204.295",23,1,AKKADIAN,ina,ina,['ina I'],['CANONICAL'],,
24,"1881,0204.295",23,2,AKKADIAN,EDIN,EDIN,['ṣēru I'],['CANONICAL'],,
25,"1881,0204.295",24,1,AKKADIAN,te-qe₂-bir,te-qe₂-bir,['qebēru I'],['CANONICAL'],,
26,"1881,0204.295",29,2,AKKADIAN,AB.SAR.AM₃,AB.SAR.AM₃,['šaṭāru II'],['CANONICAL'],,
27,"1881,0204.295",29,3,AKKADIAN,BA.AN.E₃,BA.AN.E₃,['barû II'],['CANONICAL'],,
