,fragment_id,fragment_line_num,index_in_line,word_language,value,clean_value,lemma,domain,place_discovery,place_composition
0,"1880,0719.151",0,1,AKKADIAN,GIR,GIR,[],[],,
1,"1880,0719.151",1,1,AKKADIAN,mu-šal-lim,mu-šal-lim,['šalāmu II'],[],,
2,"1880,0719.151",2,1,AKKADIAN,me-ne₂-šu-tu₄,me-ne₂-šu-tu₄,['mēnešūtu I'],[],,
3,"1880,0719.151",2,2,AKKADIAN,DU-ak,DU-ak,['alāku I'],[],,
4,"1880,0719.151",3,1,AKKADIAN,E₃,E₃,['aṣû I'],[],,
5,"1880,0719.151",4,2,AKKADIAN,IGI,IGI,[],[],,
