,fragment_id,fragment_line_num,index_in_line,word_language,value,clean_value,lemma,domain,place_discovery,place_composition
0,"1879,0708.23",1,1,EMESAL,še-be₂-da,še-be₂-da,[],['CANONICAL ➝ Literature ➝ Lamentations ➝ Eršaḫuĝa'],,
1,"1879,0708.23",1,2,EMESAL,dab-ba-gu₁₀,dab-ba-gu₁₀,[],['CANONICAL ➝ Literature ➝ Lamentations ➝ Eršaḫuĝa'],,
2,"1879,0708.23",2,1,AKKADIAN,hi-ṭi,hi-ṭi,['hīṭu I'],['CANONICAL ➝ Literature ➝ Lamentations ➝ Eršaḫuĝa'],,
3,"1879,0708.23",2,2,AKKADIAN,ah-ṭu₂-u₂,ah-ṭu₂-u₂,['haṭû II'],['CANONICAL ➝ Literature ➝ Lamentations ➝ Eršaḫuĝa'],,
4,"1879,0708.23",3,1,EMESAL,umun,umun,[],['CANONICAL ➝ Literature ➝ Lamentations ➝ Eršaḫuĝa'],,
5,"1879,0708.23",3,2,EMESAL,e-ri-zu,e-ri-zu,[],['CANONICAL ➝ Literature ➝ Lamentations ➝ Eršaḫuĝa'],,
6,"1879,0708.23",3,3,EMESAL,tur-ra-am₃,tur-ra-am₃,[],['CANONICAL ➝ Literature ➝ Lamentations ➝ Eršaḫuĝa'],,
7,"1879,0708.23",4,1,AKKADIAN,be-lu₄,be-lu₄,['bēlu I'],['CANONICAL ➝ Literature ➝ Lamentations ➝ Eršaḫuĝa'],,
8,"1879,0708.23",4,2,AKKADIAN,IR₃-ka,IR₃-ka,['ardu I'],['CANONICAL ➝ Literature ➝ Lamentations ➝ Eršaḫuĝa'],,
9,"1879,0708.23",4,3,AKKADIAN,ṣe-her,ṣe-her,[],['CANONICAL ➝ Literature ➝ Lamentations ➝ Eršaḫuĝa'],,
10,"1879,0708.23",5,1,EMESAL,ur-sag,ur-sag,[],['CANONICAL ➝ Literature ➝ Lamentations ➝ Eršaḫuĝa'],,
11,"1879,0708.23",5,2,EMESAL,{d}asar-lu₂-hi,{d}asar-lu₂-hi,[],['CANONICAL ➝ Literature ➝ Lamentations ➝ Eršaḫuĝa'],,
12,"1879,0708.23",8,1,EMESAL,ib₂-si,ib₂-si,[],['CANONICAL ➝ Literature ➝ Lamentations ➝ Eršaḫuĝa'],,
13,"1879,0708.23",8,2,EMESAL,me-na-še₃,me-na-še₃,[],['CANONICAL ➝ Literature ➝ Lamentations ➝ Eršaḫuĝa'],,
14,"1879,0708.23",9,1,AKKADIAN,ma-ṣi,ma-ṣi,['maṣû I'],['CANONICAL ➝ Literature ➝ Lamentations ➝ Eršaḫuĝa'],,
15,"1879,0708.23",9,2,AKKADIAN,a-di,a-di,['adi I'],['CANONICAL ➝ Literature ➝ Lamentations ➝ Eršaḫuĝa'],,
16,"1879,0708.23",9,3,AKKADIAN,ma-ti₃,ma-ti₃,['mati I'],['CANONICAL ➝ Literature ➝ Lamentations ➝ Eršaḫuĝa'],,
17,"1879,0708.23",10,1,EMESAL,u₃-mu-un,u₃-mu-un,[],['CANONICAL ➝ Literature ➝ Lamentations ➝ Eršaḫuĝa'],,
18,"1879,0708.23",11,1,AKKADIAN,be-lu₄,be-lu₄,['bēlu I'],['CANONICAL ➝ Literature ➝ Lamentations ➝ Eršaḫuĝa'],,
