,fragment_id,fragment_line_num,index_in_line,word_language,value,clean_value,lemma,domain,place_discovery,place_composition
0,"1880,0719.283",1,0,AKKADIAN,a-me-lu-tu₄,a-me-lu-tu₄,[],['CANONICAL'],,
1,"1880,0719.283",1,1,AKKADIAN,ša,ša,[],['CANONICAL'],,
2,"1880,0719.283",2,0,AKKADIAN,ṣab-ti,ṣab-ti,[],['CANONICAL'],,
3,"1880,0719.283",2,1,AKKADIAN,kit-tu,kit-tu,[],['CANONICAL'],,
4,"1880,0719.283",2,2,AKKADIAN,ina,ina,[],['CANONICAL'],,
5,"1880,0719.283",2,3,AKKADIAN,qa-an/ti,qa-an/ti,[],['CANONICAL'],,
6,"1880,0719.283",3,0,AKKADIAN,ih-ha-la-ṣi-i,ih-ha-la-ṣi-i,[],['CANONICAL'],,
7,"1880,0719.283",4,0,AKKADIAN,šum-ma,šum-ma,[],['CANONICAL'],,
8,"1880,0719.283",5,0,AKKADIAN,la,la,[],['CANONICAL'],,
9,"1880,0719.283",7,0,AKKADIAN,la,la,[],['CANONICAL'],,
10,"1880,0719.283",11,2,AKKADIAN,ti-kip,ti-kip,[],['CANONICAL'],,
11,"1880,0719.283",11,3,AKKADIAN,sa-an-tak-ki,sa-an-tak-ki,[],['CANONICAL'],,
12,"1880,0719.283",11,4,AKKADIAN,ma-la,ma-la,[],['CANONICAL'],,
13,"1880,0719.283",12,0,AKKADIAN,ina,ina,[],['CANONICAL'],,
14,"1880,0719.283",12,2,AKKADIAN,aš₂-ṭur,aš₂-ṭur,[],['CANONICAL'],,
15,"1880,0719.283",12,3,AKKADIAN,as-niq,as-niq,[],['CANONICAL'],,
16,"1880,0719.283",13,0,AKKADIAN,a-na,a-na,[],['CANONICAL'],,
17,"1880,0719.283",14,0,AKKADIAN,qe₂-reb,qe₂-reb,[],['CANONICAL'],,
