,fragment_id,fragment_line_num,index_in_line,word_language,value,clean_value,lemma,domain,place_discovery,place_composition
0,"1879,0708.74",2,1,AKKADIAN,u₂,u₂,[],['CANONICAL ➝ Magic ➝ Exorcistic ➝ Šurpu'],,
1,"1879,0708.74",3,2,AKKADIAN,u₂,u₂,[],['CANONICAL ➝ Magic ➝ Exorcistic ➝ Šurpu'],,
2,"1879,0708.74",4,2,AKKADIAN,u₂,u₂,[],['CANONICAL ➝ Magic ➝ Exorcistic ➝ Šurpu'],,
3,"1879,0708.74",5,2,AKKADIAN,u,u,[],['CANONICAL ➝ Magic ➝ Exorcistic ➝ Šurpu'],,
4,"1879,0708.74",5,3,AKKADIAN,{i₇}BURANUN{ki},{i₇}BURANUN{ki},[],['CANONICAL ➝ Magic ➝ Exorcistic ➝ Šurpu'],,
5,"1879,0708.74",5,4,AKKADIAN,u₂,u₂,[],['CANONICAL ➝ Magic ➝ Exorcistic ➝ Šurpu'],,
6,"1879,0708.74",6,2,AKKADIAN,u,u,[],['CANONICAL ➝ Magic ➝ Exorcistic ➝ Šurpu'],,
7,"1879,0708.74",6,3,AKKADIAN,ukkin,ukkin,[],['CANONICAL ➝ Magic ➝ Exorcistic ➝ Šurpu'],,
8,"1879,0708.74",6,4,AKKADIAN,u₂,u₂,[],['CANONICAL ➝ Magic ➝ Exorcistic ➝ Šurpu'],,
9,"1879,0708.74",7,2,AKKADIAN,u,u,[],['CANONICAL ➝ Magic ➝ Exorcistic ➝ Šurpu'],,
10,"1879,0708.74",7,3,AKKADIAN,{lu₂}TI,{lu₂}TI,[],['CANONICAL ➝ Magic ➝ Exorcistic ➝ Šurpu'],,
11,"1879,0708.74",7,4,AKKADIAN,u₂,u₂,[],['CANONICAL ➝ Magic ➝ Exorcistic ➝ Šurpu'],,
12,"1879,0708.74",8,2,AKKADIAN,u,u,[],['CANONICAL ➝ Magic ➝ Exorcistic ➝ Šurpu'],,
13,"1879,0708.74",8,3,AKKADIAN,ha-bil-ti,ha-bil-ti,[],['CANONICAL ➝ Magic ➝ Exorcistic ➝ Šurpu'],,
14,"1879,0708.74",8,4,AKKADIAN,u₂,u₂,[],['CANONICAL ➝ Magic ➝ Exorcistic ➝ Šurpu'],,
15,"1879,0708.74",9,2,AKKADIAN,u,u,[],['CANONICAL ➝ Magic ➝ Exorcistic ➝ Šurpu'],,
16,"1879,0708.74",9,3,AKKADIAN,NU,NU,[],['CANONICAL ➝ Magic ➝ Exorcistic ➝ Šurpu'],,
17,"1879,0708.74",9,4,AKKADIAN,ZU-u₂,ZU-u₂,[],['CANONICAL ➝ Magic ➝ Exorcistic ➝ Šurpu'],,
18,"1879,0708.74",9,5,AKKADIAN,u₂,u₂,[],['CANONICAL ➝ Magic ➝ Exorcistic ➝ Šurpu'],,
19,"1879,0708.74",10,2,AKKADIAN,u₂,u₂,[],['CANONICAL ➝ Magic ➝ Exorcistic ➝ Šurpu'],,
