,fragment_id,fragment_line_num,index_in_line,word_language,value,clean_value,lemma,domain,place_discovery,place_composition
0,"1880,0617.2397",0,0,AKKADIAN,u₂-kin,u₂-kin,[],"[['CANONICAL', 'Literature'], ['MONUMENTAL']]",,
1,"1880,0617.2397",0,1,AKKADIAN,ša₂,ša₂,[],"[['CANONICAL', 'Literature'], ['MONUMENTAL']]",,
2,"1880,0617.2397",1,0,AKKADIAN,i-na,i-na,[],"[['CANONICAL', 'Literature'], ['MONUMENTAL']]",,
3,"1880,0617.2397",1,1,AKKADIAN,{dug}A.GUB₂.BA,{dug}A.GUB₂.BA,[],"[['CANONICAL', 'Literature'], ['MONUMENTAL']]",,
4,"1880,0617.2397",2,0,AKKADIAN,i-na,i-na,[],"[['CANONICAL', 'Literature'], ['MONUMENTAL']]",,
5,"1880,0617.2397",3,0,AKKADIAN,in-hi,in-hi,[],"[['CANONICAL', 'Literature'], ['MONUMENTAL']]",,
