,fragment_id,fragment_line_num,index_in_line,word_language,value,clean_value,lemma,domain,place_discovery,place_composition
0,"1879,0708.176",2,1,AKKADIAN,ul-tu,ul-tu,['ištu I'],['MONUMENTAL ➝ Narrative'],,
1,"1879,0708.176",2,2,AKKADIAN,ŠU+MIN,ŠU+MIN,['qātu I'],['MONUMENTAL ➝ Narrative'],,
2,"1879,0708.176",3,1,AKKADIAN,{m}um-man-i-gaš,{m}um-man-i-gaš,[],['MONUMENTAL ➝ Narrative'],,
3,"1879,0708.176",4,1,AKKADIAN,{m}ku-dur₂-ru,{m}ku-dur₂-ru,[],['MONUMENTAL ➝ Narrative'],,
4,"1879,0708.176",4,2,AKKADIAN,{m}pa-ru-u₂,{m}pa-ru-u₂,[],['MONUMENTAL ➝ Narrative'],,
5,"1879,0708.176",4,3,AKKADIAN,DUMU-MEŠ,DUMU-MEŠ,['māru I'],['MONUMENTAL ➝ Narrative'],,
6,"1879,0708.176",5,0,AKKADIAN,u₃,u₃,['u I'],['MONUMENTAL ➝ Narrative'],,
7,"1879,0708.176",5,1,AKKADIAN,60,60,['šūši I'],['MONUMENTAL ➝ Narrative'],,
8,"1879,0708.176",5,2,AKKADIAN,NUMUN-MEŠ,NUMUN-MEŠ,['zēru II'],['MONUMENTAL ➝ Narrative'],,
9,"1879,0708.176",5,3,AKKADIAN,LUGAL,LUGAL,['šarru I'],['MONUMENTAL ➝ Narrative'],,
10,"1879,0708.176",5,4,AKKADIAN,ina,ina,['ina I'],['MONUMENTAL ➝ Narrative'],,
11,"1879,0708.176",5,5,AKKADIAN,la,la,['lā I'],['MONUMENTAL ➝ Narrative'],,
12,"1879,0708.176",5,6,AKKADIAN,me-ni,me-ni,['mīnu I'],['MONUMENTAL ➝ Narrative'],,
13,"1879,0708.176",5,7,AKKADIAN,{lu₂}ERIN₂-MEŠ,{lu₂}ERIN₂-MEŠ,[],['MONUMENTAL ➝ Narrative'],,
14,"1879,0708.176",5,8,AKKADIAN,{giš}BAN,{giš}BAN,['qaštu I'],['MONUMENTAL ➝ Narrative'],,
15,"1879,0708.176",9,1,AKKADIAN,SAG.DU,SAG.DU,['qaqqadu I'],['MONUMENTAL ➝ Narrative'],,
16,"1879,0708.176",9,2,AKKADIAN,{m}te-um-man,{m}te-um-man,[],['MONUMENTAL ➝ Narrative'],,
17,"1879,0708.176",9,3,AKKADIAN,MAN,MAN,['šarru I'],['MONUMENTAL ➝ Narrative'],,
18,"1879,0708.176",9,4,AKKADIAN,{kur}NIM.MA{ki},{kur}NIM.MA{ki},['Elam I'],['MONUMENTAL ➝ Narrative'],,
19,"1879,0708.176",9,5,AKKADIAN,er-hu,er-hu,['erhu I'],['MONUMENTAL ➝ Narrative'],,
20,"1879,0708.176",9,6,AKKADIAN,ša,ša,['ša I'],['MONUMENTAL ➝ Narrative'],,
21,"1879,0708.176",10,1,AKKADIAN,{m}tam-ma-ri-tu₂,{m}tam-ma-ri-tu₂,[],['MONUMENTAL ➝ Narrative'],,
22,"1879,0708.176",10,2,AKKADIAN,ša,ša,['ša I'],['MONUMENTAL ➝ Narrative'],,
23,"1879,0708.176",10,3,AKKADIAN,EGIR,EGIR,['arki I'],['MONUMENTAL ➝ Narrative'],,
24,"1879,0708.176",10,4,AKKADIAN,{m}um-man-i-gaš,{m}um-man-i-gaš,[],['MONUMENTAL ➝ Narrative'],,
25,"1879,0708.176",11,1,AKKADIAN,la-pa-an,la-pa-an,['lapān I'],['MONUMENTAL ➝ Narrative'],,
26,"1879,0708.176",11,2,AKKADIAN,{m}in-da-bi-gaš,{m}in-da-bi-gaš,[],['MONUMENTAL ➝ Narrative'],,
27,"1879,0708.176",11,3,AKKADIAN,IR₃-šu₂,IR₃-šu₂,['ardu I'],['MONUMENTAL ➝ Narrative'],,
28,"1879,0708.176",12,1,AKKADIAN,ak-šu-ud,ak-šu-ud,['kašādu I'],['MONUMENTAL ➝ Narrative'],,
29,"1879,0708.176",12,2,AKKADIAN,{uru}E₂-{m}im-bi-i,{uru}E₂-{m}im-bi-i,[],['MONUMENTAL ➝ Narrative'],,
30,"1879,0708.176",13,1,AKKADIAN,{uru}aš₂-ša₂-an,{uru}aš₂-ša₂-an,[],['MONUMENTAL ➝ Narrative'],,
31,"1879,0708.176",13,2,AKKADIAN,a-na,a-na,['ana I'],['MONUMENTAL ➝ Narrative'],,
32,"1879,0708.176",14,1,AKKADIAN,DINGIR-MEŠ-šu₂,DINGIR-MEŠ-šu₂,['ilu I'],['MONUMENTAL ➝ Narrative'],,
