,fragment_id,fragment_line_num,index_in_line,word_language,value,clean_value,lemma,domain,place_discovery,place_composition
0,"1879,0708.190",2,1,AKKADIAN,NAB,NAB,[],['CANONICAL ➝ Lexicography ➝ Sign list ➝ Vocabulary Sᵇ'],,
1,"1879,0708.190",4,1,AKKADIAN,MUL,MUL,[],['CANONICAL ➝ Lexicography ➝ Sign list ➝ Vocabulary Sᵇ'],,
2,"1879,0708.190",6,1,AKKADIAN,UR@v,UR@v,[],['CANONICAL ➝ Lexicography ➝ Sign list ➝ Vocabulary Sᵇ'],,
3,"1879,0708.190",8,1,AKKADIAN,UR,UR,[],['CANONICAL ➝ Lexicography ➝ Sign list ➝ Vocabulary Sᵇ'],,
4,"1879,0708.190",10,1,AKKADIAN,|UR%UR|,|UR%UR|,[],['CANONICAL ➝ Lexicography ➝ Sign list ➝ Vocabulary Sᵇ'],,
5,"1879,0708.190",12,1,AKKADIAN,MIR,MIR,[],['CANONICAL ➝ Lexicography ➝ Sign list ➝ Vocabulary Sᵇ'],,
6,"1879,0708.190",16,0,AKKADIAN,DIŠ,DIŠ,[],['CANONICAL ➝ Lexicography ➝ Sign list ➝ Vocabulary Sᵇ'],,
7,"1879,0708.190",16,1,AKKADIAN,BAR,BAR,[],['CANONICAL ➝ Lexicography ➝ Sign list ➝ Vocabulary Sᵇ'],,
8,"1879,0708.190",18,0,AKKADIAN,DIŠ,DIŠ,[],['CANONICAL ➝ Lexicography ➝ Sign list ➝ Vocabulary Sᵇ'],,
9,"1879,0708.190",18,1,AKKADIAN,ŠU₂,ŠU₂,[],['CANONICAL ➝ Lexicography ➝ Sign list ➝ Vocabulary Sᵇ'],,
10,"1879,0708.190",25,0,AKKADIAN,PEŠ.GAL,PEŠ.GAL,['aplu I'],['CANONICAL ➝ Lexicography ➝ Sign list ➝ Vocabulary Sᵇ'],,
11,"1879,0708.190",26,0,AKKADIAN,PEŠ.GAL,PEŠ.GAL,['aplu II'],['CANONICAL ➝ Lexicography ➝ Sign list ➝ Vocabulary Sᵇ'],,
12,"1879,0708.190",26,1,AKKADIAN,{m}{d}PA-MAN-a*-ni,{m}{d}PA-MAN-a-ni,['Nabu-šarrani I'],['CANONICAL ➝ Lexicography ➝ Sign list ➝ Vocabulary Sᵇ'],,
13,"1879,0708.190",27,0,AKKADIAN,ŠA₃.BAL.BAL,ŠA₃.BAL.BAL,['līpu I'],['CANONICAL ➝ Lexicography ➝ Sign list ➝ Vocabulary Sᵇ'],,
14,"1879,0708.190",27,1,AKKADIAN,{m}{d}PA-MU-PAP,{m}{d}PA-MU-PAP,['Nabu-šum-uṣur I'],['CANONICAL ➝ Lexicography ➝ Sign list ➝ Vocabulary Sᵇ'],,
15,"1879,0708.190",28,1,AKKADIAN,{d}MAŠ,{d}MAŠ,['Ninurta I'],['CANONICAL ➝ Lexicography ➝ Sign list ➝ Vocabulary Sᵇ'],,
16,"1879,0708.190",29,1,AKKADIAN,{d}PA,{d}PA,['Nabu I'],['CANONICAL ➝ Lexicography ➝ Sign list ➝ Vocabulary Sᵇ'],,
17,"1879,0708.190",29,2,AKKADIAN,ša₃,ša₃,['ša I'],['CANONICAL ➝ Lexicography ➝ Sign list ➝ Vocabulary Sᵇ'],,
18,"1879,0708.190",29,3,AKKADIAN,ŠA₃,ŠA₃,['libbu I'],['CANONICAL ➝ Lexicography ➝ Sign list ➝ Vocabulary Sᵇ'],,
19,"1879,0708.190",29,4,AKKADIAN,{uru}kal-hi,{uru}kal-hi,['Kalhu I'],['CANONICAL ➝ Lexicography ➝ Sign list ➝ Vocabulary Sᵇ'],,
