,fragment_id,fragment_line_num,index_in_line,word_language,value,clean_value,lemma,domain,place_discovery,place_composition
0,"1880,0617.2328",0,2,AKKADIAN,{d}50,{d}50,[],see genres.json file,,
1,"1880,0617.2328",0,3,AKKADIAN,MU,MU,[],see genres.json file,,
2,"1880,0617.2328",0,4,AKKADIAN,ina,ina,[],see genres.json file,,
3,"1880,0617.2328",2,1,AKKADIAN,IGI-mi-šu₂-ma,IGI-mi-šu₂-ma,[],see genres.json file,,
4,"1880,0617.2328",2,3,AKKADIAN,ana,ana,[],see genres.json file,,
5,"1880,0617.2328",2,4,AKKADIAN,SAHAR,SAHAR,[],see genres.json file,,
6,"1880,0617.2328",2,6,AKKADIAN,u₃,u₃,[],see genres.json file,,
7,"1880,0617.2328",2,7,AKKADIAN,NI₂-ša₂,NI₂-ša₂,[],see genres.json file,,
8,"1880,0617.2328",4,2,AKKADIAN,i-kap-pa-pu,i-kap-pa-pu,[],see genres.json file,,
9,"1880,0617.2328",4,3,AKKADIAN,ana,ana,[],see genres.json file,,
10,"1880,0617.2328",4,4,AKKADIAN,zi-iq,zi-iq,[],see genres.json file,,
11,"1880,0617.2328",7,3,AKKADIAN,{d}GAŠAN,{d}GAŠAN,[],see genres.json file,,
12,"1880,0617.2328",7,4,AKKADIAN,MU,MU,[],see genres.json file,,
13,"1880,0617.2328",7,5,AKKADIAN,{d}50,{d}50,[],see genres.json file,,
14,"1880,0617.2328",7,6,AKKADIAN,UR₂,UR₂,[],see genres.json file,,
15,"1880,0617.2328",7,7,AKKADIAN,AD-ša₂,AD-ša₂,[],see genres.json file,,
16,"1880,0617.2328",7,8,AKKADIAN,KAŠ₄-ma,KAŠ₄-ma,[],see genres.json file,,
17,"1880,0617.2328",7,13,AKKADIAN,HUŠ-iš,HUŠ-iš,[],see genres.json file,,
18,"1880,0617.2328",7,15,AKKADIAN,u,u,[],see genres.json file,,
19,"1880,0617.2328",10,2,AKKADIAN,DINGIR-MEŠ,DINGIR-MEŠ,[],see genres.json file,,
20,"1880,0617.2328",10,3,AKKADIAN,DU₃-ma,DU₃-ma,[],see genres.json file,,
21,"1880,0617.2328",10,4,AKKADIAN,MU,MU,[],see genres.json file,,
22,"1880,0617.2328",10,5,AKKADIAN,{d}50,{d}50,[],see genres.json file,,
23,"1880,0617.2328",10,11,AKKADIAN,u,u,[],see genres.json file,,
24,"1880,0617.2328",10,12,AKKADIAN,DINGIR-MEŠ,DINGIR-MEŠ,[],see genres.json file,,
25,"1880,0617.2328",10,14,AKKADIAN,ik-mu-ma,ik-mu-ma,[],see genres.json file,,
