,fragment_id,fragment_line_num,index_in_line,word_language,value,clean_value,lemma,domain,place_discovery,place_composition
0,"1879,0708.48",1,2,AKKADIAN,AN,AN,[],['CANONICAL ➝ Divination ➝ Celestial ➝ Enūma Anu Enlil ➝ Adad (EAE 36–49)'],,
1,"1879,0708.48",2,3,AKKADIAN,ana,ana,[],['CANONICAL ➝ Divination ➝ Celestial ➝ Enūma Anu Enlil ➝ Adad (EAE 36–49)'],,
2,"1879,0708.48",2,4,AKKADIAN,GIŠ.GAR.MAŠ,GIŠ.GAR.MAŠ,[],['CANONICAL ➝ Divination ➝ Celestial ➝ Enūma Anu Enlil ➝ Adad (EAE 36–49)'],,
3,"1879,0708.48",4,2,AKKADIAN,NIM.GIR₂,NIM.GIR₂,[],['CANONICAL ➝ Divination ➝ Celestial ➝ Enūma Anu Enlil ➝ Adad (EAE 36–49)'],,
4,"1879,0708.48",4,3,AKKADIAN,SAG.KUL.LA,SAG.KUL.LA,[],['CANONICAL ➝ Divination ➝ Celestial ➝ Enūma Anu Enlil ➝ Adad (EAE 36–49)'],,
5,"1879,0708.48",4,4,AKKADIAN,ana,ana,[],['CANONICAL ➝ Divination ➝ Celestial ➝ Enūma Anu Enlil ➝ Adad (EAE 36–49)'],,
6,"1879,0708.48",4,5,AKKADIAN,IM.LIMMU₅.BA,IM.LIMMU₅.BA,[],['CANONICAL ➝ Divination ➝ Celestial ➝ Enūma Anu Enlil ➝ Adad (EAE 36–49)'],,
7,"1879,0708.48",4,7,AKKADIAN,ina,ina,[],['CANONICAL ➝ Divination ➝ Celestial ➝ Enūma Anu Enlil ➝ Adad (EAE 36–49)'],,
8,"1879,0708.48",4,8,AKKADIAN,ITI,ITI,[],['CANONICAL ➝ Divination ➝ Celestial ➝ Enūma Anu Enlil ➝ Adad (EAE 36–49)'],,
9,"1879,0708.48",4,9,AKKADIAN,BI,BI,[],['CANONICAL ➝ Divination ➝ Celestial ➝ Enūma Anu Enlil ➝ Adad (EAE 36–49)'],,
10,"1879,0708.48",4,10,AKKADIAN,UŠ₂-ME,UŠ₂-ME,[],['CANONICAL ➝ Divination ➝ Celestial ➝ Enūma Anu Enlil ➝ Adad (EAE 36–49)'],,
11,"1879,0708.48",5,1,AKKADIAN,ana,ana,[],['CANONICAL ➝ Divination ➝ Celestial ➝ Enūma Anu Enlil ➝ Adad (EAE 36–49)'],,
12,"1879,0708.48",5,3,AKKADIAN,ana,ana,[],['CANONICAL ➝ Divination ➝ Celestial ➝ Enūma Anu Enlil ➝ Adad (EAE 36–49)'],,
13,"1879,0708.48",5,4,AKKADIAN,ŠE.GUN₃.NU,ŠE.GUN₃.NU,[],['CANONICAL ➝ Divination ➝ Celestial ➝ Enūma Anu Enlil ➝ Adad (EAE 36–49)'],,
14,"1879,0708.48",5,5,AKKADIAN,NU,NU,[],['CANONICAL ➝ Divination ➝ Celestial ➝ Enūma Anu Enlil ➝ Adad (EAE 36–49)'],,
15,"1879,0708.48",7,2,AKKADIAN,NIM.GIR₂,NIM.GIR₂,[],['CANONICAL ➝ Divination ➝ Celestial ➝ Enūma Anu Enlil ➝ Adad (EAE 36–49)'],,
16,"1879,0708.48",7,3,AKKADIAN,ša₂,ša₂,[],['CANONICAL ➝ Divination ➝ Celestial ➝ Enūma Anu Enlil ➝ Adad (EAE 36–49)'],,
17,"1879,0708.48",7,4,AKKADIAN,GIM,GIM,[],['CANONICAL ➝ Divination ➝ Celestial ➝ Enūma Anu Enlil ➝ Adad (EAE 36–49)'],,
18,"1879,0708.48",7,5,AKKADIAN,IZI,IZI,[],['CANONICAL ➝ Divination ➝ Celestial ➝ Enūma Anu Enlil ➝ Adad (EAE 36–49)'],,
19,"1879,0708.48",7,6,AKKADIAN,ana,ana,[],['CANONICAL ➝ Divination ➝ Celestial ➝ Enūma Anu Enlil ➝ Adad (EAE 36–49)'],,
20,"1879,0708.48",7,7,AKKADIAN,IM.LIMMU₅.BA,IM.LIMMU₅.BA,[],['CANONICAL ➝ Divination ➝ Celestial ➝ Enūma Anu Enlil ➝ Adad (EAE 36–49)'],,
21,"1879,0708.48",7,9,AKKADIAN,ina,ina,[],['CANONICAL ➝ Divination ➝ Celestial ➝ Enūma Anu Enlil ➝ Adad (EAE 36–49)'],,
22,"1879,0708.48",7,10,AKKADIAN,ITI,ITI,[],['CANONICAL ➝ Divination ➝ Celestial ➝ Enūma Anu Enlil ➝ Adad (EAE 36–49)'],,
23,"1879,0708.48",7,11,AKKADIAN,BI,BI,[],['CANONICAL ➝ Divination ➝ Celestial ➝ Enūma Anu Enlil ➝ Adad (EAE 36–49)'],,
24,"1879,0708.48",7,12,AKKADIAN,GIG-ME,GIG-ME,[],['CANONICAL ➝ Divination ➝ Celestial ➝ Enūma Anu Enlil ➝ Adad (EAE 36–49)'],,
25,"1879,0708.48",8,2,AKKADIAN,ina,ina,[],['CANONICAL ➝ Divination ➝ Celestial ➝ Enūma Anu Enlil ➝ Adad (EAE 36–49)'],,
26,"1879,0708.48",8,3,AKKADIAN,ITI,ITI,[],['CANONICAL ➝ Divination ➝ Celestial ➝ Enūma Anu Enlil ➝ Adad (EAE 36–49)'],,
27,"1879,0708.48",8,4,AKKADIAN,BI,BI,[],['CANONICAL ➝ Divination ➝ Celestial ➝ Enūma Anu Enlil ➝ Adad (EAE 36–49)'],,
28,"1879,0708.48",8,5,AKKADIAN,ina,ina,[],['CANONICAL ➝ Divination ➝ Celestial ➝ Enūma Anu Enlil ➝ Adad (EAE 36–49)'],,
29,"1879,0708.48",8,6,AKKADIAN,KUR,KUR,[],['CANONICAL ➝ Divination ➝ Celestial ➝ Enūma Anu Enlil ➝ Adad (EAE 36–49)'],,
30,"1879,0708.48",8,7,AKKADIAN,DU₃.A.BI,DU₃.A.BI,[],['CANONICAL ➝ Divination ➝ Celestial ➝ Enūma Anu Enlil ➝ Adad (EAE 36–49)'],,
31,"1879,0708.48",8,9,AKKADIAN,GAR-ma,GAR-ma,[],['CANONICAL ➝ Divination ➝ Celestial ➝ Enūma Anu Enlil ➝ Adad (EAE 36–49)'],,
32,"1879,0708.48",8,10,AKKADIAN,bu-lu₄,bu-lu₄,[],['CANONICAL ➝ Divination ➝ Celestial ➝ Enūma Anu Enlil ➝ Adad (EAE 36–49)'],,
33,"1879,0708.48",8,11,AKKADIAN,NU,NU,[],['CANONICAL ➝ Divination ➝ Celestial ➝ Enūma Anu Enlil ➝ Adad (EAE 36–49)'],,
34,"1879,0708.48",8,12,AKKADIAN,TI-uṭ,TI-uṭ,[],['CANONICAL ➝ Divination ➝ Celestial ➝ Enūma Anu Enlil ➝ Adad (EAE 36–49)'],,
35,"1879,0708.48",10,2,AKKADIAN,NIM.GIR₂,NIM.GIR₂,[],['CANONICAL ➝ Divination ➝ Celestial ➝ Enūma Anu Enlil ➝ Adad (EAE 36–49)'],,
36,"1879,0708.48",10,3,AKKADIAN,SAG.KUL.LA,SAG.KUL.LA,[],['CANONICAL ➝ Divination ➝ Celestial ➝ Enūma Anu Enlil ➝ Adad (EAE 36–49)'],,
37,"1879,0708.48",10,4,AKKADIAN,ša₂,ša₂,[],['CANONICAL ➝ Divination ➝ Celestial ➝ Enūma Anu Enlil ➝ Adad (EAE 36–49)'],,
38,"1879,0708.48",10,5,AKKADIAN,GIM,GIM,[],['CANONICAL ➝ Divination ➝ Celestial ➝ Enūma Anu Enlil ➝ Adad (EAE 36–49)'],,
39,"1879,0708.48",10,6,AKKADIAN,IZI,IZI,[],['CANONICAL ➝ Divination ➝ Celestial ➝ Enūma Anu Enlil ➝ Adad (EAE 36–49)'],,
40,"1879,0708.48",10,7,AKKADIAN,ana,ana,[],['CANONICAL ➝ Divination ➝ Celestial ➝ Enūma Anu Enlil ➝ Adad (EAE 36–49)'],,
41,"1879,0708.48",10,9,AKKADIAN,ib-riq₂,ib-riq₂,[],['CANONICAL ➝ Divination ➝ Celestial ➝ Enūma Anu Enlil ➝ Adad (EAE 36–49)'],,
42,"1879,0708.48",10,10,AKKADIAN,ina,ina,[],['CANONICAL ➝ Divination ➝ Celestial ➝ Enūma Anu Enlil ➝ Adad (EAE 36–49)'],,
43,"1879,0708.48",10,11,AKKADIAN,ITI,ITI,[],['CANONICAL ➝ Divination ➝ Celestial ➝ Enūma Anu Enlil ➝ Adad (EAE 36–49)'],,
44,"1879,0708.48",10,12,AKKADIAN,BI,BI,[],['CANONICAL ➝ Divination ➝ Celestial ➝ Enūma Anu Enlil ➝ Adad (EAE 36–49)'],,
45,"1879,0708.48",10,13,AKKADIAN,UŠ₂-ME,UŠ₂-ME,[],['CANONICAL ➝ Divination ➝ Celestial ➝ Enūma Anu Enlil ➝ Adad (EAE 36–49)'],,
46,"1879,0708.48",11,1,AKKADIAN,ina,ina,[],['CANONICAL ➝ Divination ➝ Celestial ➝ Enūma Anu Enlil ➝ Adad (EAE 36–49)'],,
47,"1879,0708.48",11,3,AKKADIAN,{d}UTU,{d}UTU,[],['CANONICAL ➝ Divination ➝ Celestial ➝ Enūma Anu Enlil ➝ Adad (EAE 36–49)'],,
48,"1879,0708.48",11,4,AKKADIAN,GAR-ME-ma,GAR-ME-ma,[],['CANONICAL ➝ Divination ➝ Celestial ➝ Enūma Anu Enlil ➝ Adad (EAE 36–49)'],,
49,"1879,0708.48",11,6,AKKADIAN,TIN-ME,TIN-ME,[],['CANONICAL ➝ Divination ➝ Celestial ➝ Enūma Anu Enlil ➝ Adad (EAE 36–49)'],,
50,"1879,0708.48",11,8,AKKADIAN,a-li₃,a-li₃,[],['CANONICAL ➝ Divination ➝ Celestial ➝ Enūma Anu Enlil ➝ Adad (EAE 36–49)'],,
51,"1879,0708.48",11,9,AKKADIAN,i-ma-at,i-ma-at,[],['CANONICAL ➝ Divination ➝ Celestial ➝ Enūma Anu Enlil ➝ Adad (EAE 36–49)'],,
52,"1879,0708.48",13,2,AKKADIAN,NIM.GIR₂,NIM.GIR₂,[],['CANONICAL ➝ Divination ➝ Celestial ➝ Enūma Anu Enlil ➝ Adad (EAE 36–49)'],,
53,"1879,0708.48",13,4,AKKADIAN,ana,ana,[],['CANONICAL ➝ Divination ➝ Celestial ➝ Enūma Anu Enlil ➝ Adad (EAE 36–49)'],,
54,"1879,0708.48",13,5,AKKADIAN,IM.LIMMU₅.BA,IM.LIMMU₅.BA,[],['CANONICAL ➝ Divination ➝ Celestial ➝ Enūma Anu Enlil ➝ Adad (EAE 36–49)'],,
55,"1879,0708.48",13,7,AKKADIAN,ina,ina,[],['CANONICAL ➝ Divination ➝ Celestial ➝ Enūma Anu Enlil ➝ Adad (EAE 36–49)'],,
56,"1879,0708.48",13,8,AKKADIAN,ITI,ITI,[],['CANONICAL ➝ Divination ➝ Celestial ➝ Enūma Anu Enlil ➝ Adad (EAE 36–49)'],,
57,"1879,0708.48",13,9,AKKADIAN,BI,BI,[],['CANONICAL ➝ Divination ➝ Celestial ➝ Enūma Anu Enlil ➝ Adad (EAE 36–49)'],,
58,"1879,0708.48",13,10,AKKADIAN,GIG-ME,GIG-ME,[],['CANONICAL ➝ Divination ➝ Celestial ➝ Enūma Anu Enlil ➝ Adad (EAE 36–49)'],,
59,"1879,0708.48",13,11,AKKADIAN,GAR-ME-ma,GAR-ME-ma,[],['CANONICAL ➝ Divination ➝ Celestial ➝ Enūma Anu Enlil ➝ Adad (EAE 36–49)'],,
60,"1879,0708.48",14,2,AKKADIAN,GAL₂,GAL₂,[],['CANONICAL ➝ Divination ➝ Celestial ➝ Enūma Anu Enlil ➝ Adad (EAE 36–49)'],,
61,"1879,0708.48",16,1,AKKADIAN,{d}IŠKUR,{d}IŠKUR,[],['CANONICAL ➝ Divination ➝ Celestial ➝ Enūma Anu Enlil ➝ Adad (EAE 36–49)'],,
62,"1879,0708.48",16,2,AKKADIAN,GU₃-šu₂,GU₃-šu₂,[],['CANONICAL ➝ Divination ➝ Celestial ➝ Enūma Anu Enlil ➝ Adad (EAE 36–49)'],,
63,"1879,0708.48",16,4,AKKADIAN,NIM.GIR₂,NIM.GIR₂,[],['CANONICAL ➝ Divination ➝ Celestial ➝ Enūma Anu Enlil ➝ Adad (EAE 36–49)'],,
64,"1879,0708.48",16,5,AKKADIAN,ša₂,ša₂,[],['CANONICAL ➝ Divination ➝ Celestial ➝ Enūma Anu Enlil ➝ Adad (EAE 36–49)'],,
65,"1879,0708.48",16,6,AKKADIAN,GIM,GIM,[],['CANONICAL ➝ Divination ➝ Celestial ➝ Enūma Anu Enlil ➝ Adad (EAE 36–49)'],,
66,"1879,0708.48",16,7,AKKADIAN,IZI,IZI,[],['CANONICAL ➝ Divination ➝ Celestial ➝ Enūma Anu Enlil ➝ Adad (EAE 36–49)'],,
67,"1879,0708.48",16,8,AKKADIAN,ana,ana,[],['CANONICAL ➝ Divination ➝ Celestial ➝ Enūma Anu Enlil ➝ Adad (EAE 36–49)'],,
68,"1879,0708.48",16,10,AKKADIAN,ib-riq₂,ib-riq₂,[],['CANONICAL ➝ Divination ➝ Celestial ➝ Enūma Anu Enlil ➝ Adad (EAE 36–49)'],,
69,"1879,0708.48",16,11,AKKADIAN,ina,ina,[],['CANONICAL ➝ Divination ➝ Celestial ➝ Enūma Anu Enlil ➝ Adad (EAE 36–49)'],,
70,"1879,0708.48",16,13,AKKADIAN,URI{ki},URI{ki},[],['CANONICAL ➝ Divination ➝ Celestial ➝ Enūma Anu Enlil ➝ Adad (EAE 36–49)'],,
71,"1879,0708.48",16,14,AKKADIAN,GIG-ME,GIG-ME,[],['CANONICAL ➝ Divination ➝ Celestial ➝ Enūma Anu Enlil ➝ Adad (EAE 36–49)'],,
72,"1879,0708.48",16,15,AKKADIAN,GAR-ME-ma,GAR-ME-ma,[],['CANONICAL ➝ Divination ➝ Celestial ➝ Enūma Anu Enlil ➝ Adad (EAE 36–49)'],,
73,"1879,0708.48",17,1,AKKADIAN,ina,ina,[],['CANONICAL ➝ Divination ➝ Celestial ➝ Enūma Anu Enlil ➝ Adad (EAE 36–49)'],,
74,"1879,0708.48",17,2,AKKADIAN,INIM,INIM,[],['CANONICAL ➝ Divination ➝ Celestial ➝ Enūma Anu Enlil ➝ Adad (EAE 36–49)'],,
75,"1879,0708.48",17,4,AKKADIAN,UŠ₂-ME,UŠ₂-ME,[],['CANONICAL ➝ Divination ➝ Celestial ➝ Enūma Anu Enlil ➝ Adad (EAE 36–49)'],,
76,"1879,0708.48",19,1,AKKADIAN,{d}IŠKUR,{d}IŠKUR,[],['CANONICAL ➝ Divination ➝ Celestial ➝ Enūma Anu Enlil ➝ Adad (EAE 36–49)'],,
77,"1879,0708.48",19,2,AKKADIAN,GU₃-šu₂,GU₃-šu₂,[],['CANONICAL ➝ Divination ➝ Celestial ➝ Enūma Anu Enlil ➝ Adad (EAE 36–49)'],,
78,"1879,0708.48",19,3,AKKADIAN,ŠUB-ma,ŠUB-ma,[],['CANONICAL ➝ Divination ➝ Celestial ➝ Enūma Anu Enlil ➝ Adad (EAE 36–49)'],,
79,"1879,0708.48",19,5,AKKADIAN,SAG.KUL.LA,SAG.KUL.LA,[],['CANONICAL ➝ Divination ➝ Celestial ➝ Enūma Anu Enlil ➝ Adad (EAE 36–49)'],,
80,"1879,0708.48",19,6,AKKADIAN,ša₂,ša₂,[],['CANONICAL ➝ Divination ➝ Celestial ➝ Enūma Anu Enlil ➝ Adad (EAE 36–49)'],,
81,"1879,0708.48",19,7,AKKADIAN,GIM,GIM,[],['CANONICAL ➝ Divination ➝ Celestial ➝ Enūma Anu Enlil ➝ Adad (EAE 36–49)'],,
82,"1879,0708.48",19,8,AKKADIAN,IZI,IZI,[],['CANONICAL ➝ Divination ➝ Celestial ➝ Enūma Anu Enlil ➝ Adad (EAE 36–49)'],,
83,"1879,0708.48",19,10,AKKADIAN,IM.U₁₈.LU,IM.U₁₈.LU,[],['CANONICAL ➝ Divination ➝ Celestial ➝ Enūma Anu Enlil ➝ Adad (EAE 36–49)'],,
84,"1879,0708.48",20,1,AKKADIAN,KUR,KUR,[],['CANONICAL ➝ Divination ➝ Celestial ➝ Enūma Anu Enlil ➝ Adad (EAE 36–49)'],,
85,"1879,0708.48",20,2,AKKADIAN,URI{ki},URI{ki},[],['CANONICAL ➝ Divination ➝ Celestial ➝ Enūma Anu Enlil ➝ Adad (EAE 36–49)'],,
86,"1879,0708.48",20,4,AKKADIAN,GAR-ME-ma,GAR-ME-ma,[],['CANONICAL ➝ Divination ➝ Celestial ➝ Enūma Anu Enlil ➝ Adad (EAE 36–49)'],,
87,"1879,0708.48",20,5,AKKADIAN,GURUŠ,GURUŠ,[],['CANONICAL ➝ Divination ➝ Celestial ➝ Enūma Anu Enlil ➝ Adad (EAE 36–49)'],,
88,"1879,0708.48",20,6,AKKADIAN,u,u,[],['CANONICAL ➝ Divination ➝ Celestial ➝ Enūma Anu Enlil ➝ Adad (EAE 36–49)'],,
89,"1879,0708.48",20,8,AKKADIAN,ina,ina,[],['CANONICAL ➝ Divination ➝ Celestial ➝ Enūma Anu Enlil ➝ Adad (EAE 36–49)'],,
90,"1879,0708.48",20,9,AKKADIAN,INIM,INIM,[],['CANONICAL ➝ Divination ➝ Celestial ➝ Enūma Anu Enlil ➝ Adad (EAE 36–49)'],,
91,"1879,0708.48",20,10,AKKADIAN,{d}UTU,{d}UTU,[],['CANONICAL ➝ Divination ➝ Celestial ➝ Enūma Anu Enlil ➝ Adad (EAE 36–49)'],,
92,"1879,0708.48",20,11,AKKADIAN,NU,NU,[],['CANONICAL ➝ Divination ➝ Celestial ➝ Enūma Anu Enlil ➝ Adad (EAE 36–49)'],,
93,"1879,0708.48",22,1,AKKADIAN,{d}IŠKUR,{d}IŠKUR,[],['CANONICAL ➝ Divination ➝ Celestial ➝ Enūma Anu Enlil ➝ Adad (EAE 36–49)'],,
94,"1879,0708.48",22,2,AKKADIAN,GU₃-šu₂,GU₃-šu₂,[],['CANONICAL ➝ Divination ➝ Celestial ➝ Enūma Anu Enlil ➝ Adad (EAE 36–49)'],,
95,"1879,0708.48",22,3,AKKADIAN,ŠUB-ma,ŠUB-ma,[],['CANONICAL ➝ Divination ➝ Celestial ➝ Enūma Anu Enlil ➝ Adad (EAE 36–49)'],,
96,"1879,0708.48",22,5,AKKADIAN,ša₂,ša₂,[],['CANONICAL ➝ Divination ➝ Celestial ➝ Enūma Anu Enlil ➝ Adad (EAE 36–49)'],,
97,"1879,0708.48",22,6,AKKADIAN,GIM,GIM,[],['CANONICAL ➝ Divination ➝ Celestial ➝ Enūma Anu Enlil ➝ Adad (EAE 36–49)'],,
98,"1879,0708.48",22,7,AKKADIAN,IZI,IZI,[],['CANONICAL ➝ Divination ➝ Celestial ➝ Enūma Anu Enlil ➝ Adad (EAE 36–49)'],,
99,"1879,0708.48",22,8,AKKADIAN,ana,ana,[],['CANONICAL ➝ Divination ➝ Celestial ➝ Enūma Anu Enlil ➝ Adad (EAE 36–49)'],,
100,"1879,0708.48",22,10,AKKADIAN,ib-riq₂,ib-riq₂,[],['CANONICAL ➝ Divination ➝ Celestial ➝ Enūma Anu Enlil ➝ Adad (EAE 36–49)'],,
101,"1879,0708.48",22,11,AKKADIAN,ina,ina,[],['CANONICAL ➝ Divination ➝ Celestial ➝ Enūma Anu Enlil ➝ Adad (EAE 36–49)'],,
102,"1879,0708.48",22,12,AKKADIAN,KUR,KUR,[],['CANONICAL ➝ Divination ➝ Celestial ➝ Enūma Anu Enlil ➝ Adad (EAE 36–49)'],,
103,"1879,0708.48",22,13,AKKADIAN,SU.BIR₄{ki},SU.BIR₄{ki},[],['CANONICAL ➝ Divination ➝ Celestial ➝ Enūma Anu Enlil ➝ Adad (EAE 36–49)'],,
104,"1879,0708.48",22,14,AKKADIAN,GIG-ME,GIG-ME,[],['CANONICAL ➝ Divination ➝ Celestial ➝ Enūma Anu Enlil ➝ Adad (EAE 36–49)'],,
105,"1879,0708.48",23,1,AKKADIAN,ina,ina,[],['CANONICAL ➝ Divination ➝ Celestial ➝ Enūma Anu Enlil ➝ Adad (EAE 36–49)'],,
106,"1879,0708.48",23,3,AKKADIAN,{d}DIM₉.ME,{d}DIM₉.ME,[],['CANONICAL ➝ Divination ➝ Celestial ➝ Enūma Anu Enlil ➝ Adad (EAE 36–49)'],,
107,"1879,0708.48",25,1,AKKADIAN,{d}IŠKUR,{d}IŠKUR,[],['CANONICAL ➝ Divination ➝ Celestial ➝ Enūma Anu Enlil ➝ Adad (EAE 36–49)'],,
108,"1879,0708.48",25,2,AKKADIAN,GU₃-šu₂,GU₃-šu₂,[],['CANONICAL ➝ Divination ➝ Celestial ➝ Enūma Anu Enlil ➝ Adad (EAE 36–49)'],,
109,"1879,0708.48",25,4,AKKADIAN,NIM.GIR₂,NIM.GIR₂,[],['CANONICAL ➝ Divination ➝ Celestial ➝ Enūma Anu Enlil ➝ Adad (EAE 36–49)'],,
110,"1879,0708.48",25,5,AKKADIAN,SAG.KUL.LA,SAG.KUL.LA,[],['CANONICAL ➝ Divination ➝ Celestial ➝ Enūma Anu Enlil ➝ Adad (EAE 36–49)'],,
111,"1879,0708.48",25,7,AKKADIAN,GIM,GIM,[],['CANONICAL ➝ Divination ➝ Celestial ➝ Enūma Anu Enlil ➝ Adad (EAE 36–49)'],,
112,"1879,0708.48",25,8,AKKADIAN,IZI,IZI,[],['CANONICAL ➝ Divination ➝ Celestial ➝ Enūma Anu Enlil ➝ Adad (EAE 36–49)'],,
113,"1879,0708.48",25,9,AKKADIAN,ana,ana,[],['CANONICAL ➝ Divination ➝ Celestial ➝ Enūma Anu Enlil ➝ Adad (EAE 36–49)'],,
114,"1879,0708.48",25,10,AKKADIAN,IM.SI.SA₂,IM.SI.SA₂,[],['CANONICAL ➝ Divination ➝ Celestial ➝ Enūma Anu Enlil ➝ Adad (EAE 36–49)'],,
115,"1879,0708.48",26,1,AKKADIAN,KUR,KUR,[],['CANONICAL ➝ Divination ➝ Celestial ➝ Enūma Anu Enlil ➝ Adad (EAE 36–49)'],,
116,"1879,0708.48",26,2,AKKADIAN,SU.BIR₄{ki},SU.BIR₄{ki},[],['CANONICAL ➝ Divination ➝ Celestial ➝ Enūma Anu Enlil ➝ Adad (EAE 36–49)'],,
117,"1879,0708.48",26,3,AKKADIAN,GIG-ME,GIG-ME,[],['CANONICAL ➝ Divination ➝ Celestial ➝ Enūma Anu Enlil ➝ Adad (EAE 36–49)'],,
118,"1879,0708.48",26,5,AKKADIAN,GURUŠ,GURUŠ,[],['CANONICAL ➝ Divination ➝ Celestial ➝ Enūma Anu Enlil ➝ Adad (EAE 36–49)'],,
119,"1879,0708.48",26,7,AKKADIAN,KI.SIKIL,KI.SIKIL,[],['CANONICAL ➝ Divination ➝ Celestial ➝ Enūma Anu Enlil ➝ Adad (EAE 36–49)'],,
120,"1879,0708.48",26,8,AKKADIAN,ina,ina,[],['CANONICAL ➝ Divination ➝ Celestial ➝ Enūma Anu Enlil ➝ Adad (EAE 36–49)'],,
121,"1879,0708.48",26,9,AKKADIAN,INIM,INIM,[],['CANONICAL ➝ Divination ➝ Celestial ➝ Enūma Anu Enlil ➝ Adad (EAE 36–49)'],,
122,"1879,0708.48",26,10,AKKADIAN,{d}UTU,{d}UTU,[],['CANONICAL ➝ Divination ➝ Celestial ➝ Enūma Anu Enlil ➝ Adad (EAE 36–49)'],,
123,"1879,0708.48",26,11,AKKADIAN,NU,NU,[],['CANONICAL ➝ Divination ➝ Celestial ➝ Enūma Anu Enlil ➝ Adad (EAE 36–49)'],,
124,"1879,0708.48",30,1,AKKADIAN,DIŠ,DIŠ,[],['CANONICAL ➝ Divination ➝ Celestial ➝ Enūma Anu Enlil ➝ Adad (EAE 36–49)'],,
125,"1879,0708.48",30,2,AKKADIAN,UD,UD,[],['CANONICAL ➝ Divination ➝ Celestial ➝ Enūma Anu Enlil ➝ Adad (EAE 36–49)'],,
126,"1879,0708.48",30,3,AKKADIAN,AN,AN,[],['CANONICAL ➝ Divination ➝ Celestial ➝ Enūma Anu Enlil ➝ Adad (EAE 36–49)'],,
127,"1879,0708.48",30,4,AKKADIAN,{d}+EN.LIL₂,{d}+EN.LIL₂,[],['CANONICAL ➝ Divination ➝ Celestial ➝ Enūma Anu Enlil ➝ Adad (EAE 36–49)'],,
128,"1879,0708.48",31,1,AKKADIAN,{m}AN.ŠAR₂-DU₃-A,{m}AN.ŠAR₂-DU₃-A,[],['CANONICAL ➝ Divination ➝ Celestial ➝ Enūma Anu Enlil ➝ Adad (EAE 36–49)'],,
129,"1879,0708.48",31,3,AKKADIAN,ŠU₂,ŠU₂,[],['CANONICAL ➝ Divination ➝ Celestial ➝ Enūma Anu Enlil ➝ Adad (EAE 36–49)'],,
130,"1879,0708.48",31,4,AKKADIAN,LUGAL,LUGAL,[],['CANONICAL ➝ Divination ➝ Celestial ➝ Enūma Anu Enlil ➝ Adad (EAE 36–49)'],,
131,"1879,0708.48",31,5,AKKADIAN,KUR,KUR,[],['CANONICAL ➝ Divination ➝ Celestial ➝ Enūma Anu Enlil ➝ Adad (EAE 36–49)'],,
132,"1879,0708.48",31,6,AKKADIAN,aš-šur{ki},aš-šur{ki},[],['CANONICAL ➝ Divination ➝ Celestial ➝ Enūma Anu Enlil ➝ Adad (EAE 36–49)'],,
133,"1879,0708.48",32,1,AKKADIAN,{d}AG,{d}AG,[],['CANONICAL ➝ Divination ➝ Celestial ➝ Enūma Anu Enlil ➝ Adad (EAE 36–49)'],,
134,"1879,0708.48",32,2,AKKADIAN,u₃,u₃,[],['CANONICAL ➝ Divination ➝ Celestial ➝ Enūma Anu Enlil ➝ Adad (EAE 36–49)'],,
135,"1879,0708.48",32,3,AKKADIAN,{d}taš-me-tu₄,{d}taš-me-tu₄,[],['CANONICAL ➝ Divination ➝ Celestial ➝ Enūma Anu Enlil ➝ Adad (EAE 36–49)'],,
136,"1879,0708.48",32,4,AKKADIAN,uz-nu,uz-nu,[],['CANONICAL ➝ Divination ➝ Celestial ➝ Enūma Anu Enlil ➝ Adad (EAE 36–49)'],,
137,"1879,0708.48",32,6,AKKADIAN,iš-ru-ku-uš,iš-ru-ku-uš,[],['CANONICAL ➝ Divination ➝ Celestial ➝ Enūma Anu Enlil ➝ Adad (EAE 36–49)'],,
138,"1879,0708.48",33,1,AKKADIAN,IGI-MIN,IGI-MIN,[],['CANONICAL ➝ Divination ➝ Celestial ➝ Enūma Anu Enlil ➝ Adad (EAE 36–49)'],,
139,"1879,0708.48",33,2,AKKADIAN,na-mir-tu₄,na-mir-tu₄,[],['CANONICAL ➝ Divination ➝ Celestial ➝ Enūma Anu Enlil ➝ Adad (EAE 36–49)'],,
140,"1879,0708.48",33,4,AKKADIAN,tup-šar-ru-ti,tup-šar-ru-ti,[],['CANONICAL ➝ Divination ➝ Celestial ➝ Enūma Anu Enlil ➝ Adad (EAE 36–49)'],,
141,"1879,0708.48",34,1,AKKADIAN,ina,ina,[],['CANONICAL ➝ Divination ➝ Celestial ➝ Enūma Anu Enlil ➝ Adad (EAE 36–49)'],,
142,"1879,0708.48",34,2,AKKADIAN,LUGAL-MEŠ-ni,LUGAL-MEŠ-ni,[],['CANONICAL ➝ Divination ➝ Celestial ➝ Enūma Anu Enlil ➝ Adad (EAE 36–49)'],,
143,"1879,0708.48",34,3,AKKADIAN,a-lik,a-lik,[],['CANONICAL ➝ Divination ➝ Celestial ➝ Enūma Anu Enlil ➝ Adad (EAE 36–49)'],,
144,"1879,0708.48",34,4,AKKADIAN,mah-ri-ia,mah-ri-ia,[],['CANONICAL ➝ Divination ➝ Celestial ➝ Enūma Anu Enlil ➝ Adad (EAE 36–49)'],,
145,"1879,0708.48",34,5,AKKADIAN,mam-ma,mam-ma,[],['CANONICAL ➝ Divination ➝ Celestial ➝ Enūma Anu Enlil ➝ Adad (EAE 36–49)'],,
146,"1879,0708.48",34,6,AKKADIAN,šip-ru,šip-ru,[],['CANONICAL ➝ Divination ➝ Celestial ➝ Enūma Anu Enlil ➝ Adad (EAE 36–49)'],,
147,"1879,0708.48",34,7,AKKADIAN,šu-a-tu,šu-a-tu,[],['CANONICAL ➝ Divination ➝ Celestial ➝ Enūma Anu Enlil ➝ Adad (EAE 36–49)'],,
148,"1879,0708.48",34,9,AKKADIAN,i-hu-uz-zu,i-hu-uz-zu,[],['CANONICAL ➝ Divination ➝ Celestial ➝ Enūma Anu Enlil ➝ Adad (EAE 36–49)'],,
149,"1879,0708.48",35,1,AKKADIAN,{d}AG,{d}AG,[],['CANONICAL ➝ Divination ➝ Celestial ➝ Enūma Anu Enlil ➝ Adad (EAE 36–49)'],,
150,"1879,0708.48",35,2,AKKADIAN,ti-kip,ti-kip,[],['CANONICAL ➝ Divination ➝ Celestial ➝ Enūma Anu Enlil ➝ Adad (EAE 36–49)'],,
151,"1879,0708.48",35,3,AKKADIAN,sa-an-tak-ki,sa-an-tak-ki,[],['CANONICAL ➝ Divination ➝ Celestial ➝ Enūma Anu Enlil ➝ Adad (EAE 36–49)'],,
152,"1879,0708.48",36,1,AKKADIAN,DUB-MEŠ-ni,DUB-MEŠ-ni,[],['CANONICAL ➝ Divination ➝ Celestial ➝ Enūma Anu Enlil ➝ Adad (EAE 36–49)'],,
153,"1879,0708.48",36,2,AKKADIAN,aš₂-ṭur,aš₂-ṭur,[],['CANONICAL ➝ Divination ➝ Celestial ➝ Enūma Anu Enlil ➝ Adad (EAE 36–49)'],,
154,"1879,0708.48",37,1,AKKADIAN,ta-mar-ti,ta-mar-ti,[],['CANONICAL ➝ Divination ➝ Celestial ➝ Enūma Anu Enlil ➝ Adad (EAE 36–49)'],,
155,"1879,0708.48",37,2,AKKADIAN,ši-ta-as-si-ia,ši-ta-as-si-ia,[],['CANONICAL ➝ Divination ➝ Celestial ➝ Enūma Anu Enlil ➝ Adad (EAE 36–49)'],,
156,"1879,0708.48",37,3,AKKADIAN,qe₂-reb,qe₂-reb,[],['CANONICAL ➝ Divination ➝ Celestial ➝ Enūma Anu Enlil ➝ Adad (EAE 36–49)'],,
