,fragment_id,fragment_line_num,index_in_line,word_language,value,clean_value,lemma,domain,place_discovery,place_composition
0,"1879,0708.41",1,4,AKKADIAN,LUGAL,LUGAL,['šarru I'],['CANONICAL ➝ Literature ➝ Hymns ➝ Divine ➝ Šuʾila'],,
1,"1879,0708.41",2,2,AKKADIAN,{d}sin,{d}sin,['Sîn I'],['CANONICAL ➝ Literature ➝ Hymns ➝ Divine ➝ Šuʾila'],,
2,"1879,0708.41",2,3,AKKADIAN,LUGAL,LUGAL,['šarru I'],['CANONICAL ➝ Literature ➝ Hymns ➝ Divine ➝ Šuʾila'],,
3,"1879,0708.41",3,0,AKKADIAN,e-la,e-la,['ela I'],['CANONICAL ➝ Literature ➝ Hymns ➝ Divine ➝ Šuʾila'],,
4,"1879,0708.41",3,1,AKKADIAN,ka-a-ti,ka-a-ti,['kâti I'],['CANONICAL ➝ Literature ➝ Hymns ➝ Divine ➝ Šuʾila'],,
5,"1879,0708.41",3,2,AKKADIAN,{d}UTU,{d}UTU,['šamšu I'],['CANONICAL ➝ Literature ➝ Hymns ➝ Divine ➝ Šuʾila'],,
6,"1879,0708.41",4,0,AKKADIAN,{d}IŠKUR,{d}IŠKUR,[],['CANONICAL ➝ Literature ➝ Hymns ➝ Divine ➝ Šuʾila'],,
7,"1879,0708.41",4,1,AKKADIAN,LUGAL,LUGAL,['šarru I'],['CANONICAL ➝ Literature ➝ Hymns ➝ Divine ➝ Šuʾila'],,
8,"1879,0708.41",4,2,AKKADIAN,HE₂.GAL₂,HE₂.GAL₂,['hengallu I'],['CANONICAL ➝ Literature ➝ Hymns ➝ Divine ➝ Šuʾila'],,
9,"1879,0708.41",5,0,AKKADIAN,{d}er₃-ra,{d}er₃-ra,[],['CANONICAL ➝ Literature ➝ Hymns ➝ Divine ➝ Šuʾila'],,
10,"1879,0708.41",5,1,AKKADIAN,qar-rad,qar-rad,['qarrādu I'],['CANONICAL ➝ Literature ➝ Hymns ➝ Divine ➝ Šuʾila'],,
11,"1879,0708.41",7,0,AKKADIAN,e-la,e-la,['ela I'],['CANONICAL ➝ Literature ➝ Hymns ➝ Divine ➝ Šuʾila'],,
12,"1879,0708.41",7,1,AKKADIAN,ka-ti,ka-ti,['kâti I'],['CANONICAL ➝ Literature ➝ Hymns ➝ Divine ➝ Šuʾila'],,
13,"1879,0708.41",10,0,AKKADIAN,i₃-li₂,i₃-li₂,"['ilu I', '-ī I']",['CANONICAL ➝ Literature ➝ Hymns ➝ Divine ➝ Šuʾila'],,
14,"1879,0708.41",12,0,AKKADIAN,UN-MEŠ,UN-MEŠ,[],['CANONICAL ➝ Literature ➝ Hymns ➝ Divine ➝ Šuʾila'],,
15,"1879,0708.41",13,0,AKKADIAN,ri,ri,[],['CANONICAL ➝ Literature ➝ Hymns ➝ Divine ➝ Šuʾila'],,
16,"1879,0708.41",16,0,AKKADIAN,ŠU,ŠU,[],['CANONICAL ➝ Literature ➝ Hymns ➝ Divine ➝ Šuʾila'],,
17,"1879,0708.41",17,0,AKKADIAN,bul-liṭ,bul-liṭ,['balāṭu II'],['CANONICAL ➝ Literature ➝ Hymns ➝ Divine ➝ Šuʾila'],,
18,"1879,0708.41",17,1,AKKADIAN,LUGAL,LUGAL,['šarru I'],['CANONICAL ➝ Literature ➝ Hymns ➝ Divine ➝ Šuʾila'],,
19,"1879,0708.41",22,0,AKKADIAN,ṭup-pi,ṭup-pi,['ṭuppu I'],['CANONICAL ➝ Literature ➝ Hymns ➝ Divine ➝ Šuʾila'],,
20,"1879,0708.41",24,0,AKKADIAN,ša₂,ša₂,['ša I'],['CANONICAL ➝ Literature ➝ Hymns ➝ Divine ➝ Šuʾila'],,
21,"1879,0708.41",24,1,AKKADIAN,a-na,a-na,['ana I'],['CANONICAL ➝ Literature ➝ Hymns ➝ Divine ➝ Šuʾila'],,
22,"1879,0708.41",24,2,AKKADIAN,AN.ŠAR₂,AN.ŠAR₂,[],['CANONICAL ➝ Literature ➝ Hymns ➝ Divine ➝ Šuʾila'],,
23,"1879,0708.41",24,3,AKKADIAN,u,u,['u I'],['CANONICAL ➝ Literature ➝ Hymns ➝ Divine ➝ Šuʾila'],,
