,fragment_id,fragment_line_num,index_in_line,word_language,value,clean_value,lemma,domain,place_discovery,place_composition
0,"1879,0708.325",1,0,AKKADIAN,uz,uz,[],['CANONICAL'],,
1,"1879,0708.325",2,0,AKKADIAN,i-li,i-li,[],['CANONICAL'],,
2,"1879,0708.325",3,0,AKKADIAN,gaš-ra,gaš-ra,[],['CANONICAL'],,
3,"1879,0708.325",4,0,AKKADIAN,iq-bi,iq-bi,['qabû II'],['CANONICAL'],,
4,"1879,0708.325",4,1,AKKADIAN,a-na,a-na,['ana I'],['CANONICAL'],,
5,"1879,0708.325",5,0,AKKADIAN,is-ki-ip,is-ki-ip,['sakāpu II'],['CANONICAL'],,
6,"1879,0708.325",6,0,AKKADIAN,si-ir-ku-ga,si-ir-ku-ga,['šerkugû I'],['CANONICAL'],,
7,"1879,0708.325",6,1,AKKADIAN,il/ur₂,il/ur₂,[],['CANONICAL'],,
