,fragment_id,fragment_line_num,index_in_line,word_language,value,clean_value,lemma,domain,place_discovery,place_composition
0,"1881,0204.200",2,1,AKKADIAN,kur₃-ru,kur₃-ru,[],['CANONICAL ➝ Divination ➝ Extispicy'],,
1,"1881,0204.200",3,0,AKKADIAN,BE,BE,[],['CANONICAL ➝ Divination ➝ Extispicy'],,
2,"1881,0204.200",3,1,AKKADIAN,,,[],['CANONICAL ➝ Divination ➝ Extispicy'],,
3,"1881,0204.200",3,2,AKKADIAN,GU-am,GU-am,[],['CANONICAL ➝ Divination ➝ Extispicy'],,
4,"1881,0204.200",3,3,AKKADIAN,sa-di-id,sa-di-id,[],['CANONICAL ➝ Divination ➝ Extispicy'],,
5,"1881,0204.200",4,0,AKKADIAN,BE,BE,[],['CANONICAL ➝ Divination ➝ Extispicy'],,
6,"1881,0204.200",4,1,AKKADIAN,MAN-u₂,MAN-u₂,[],['CANONICAL ➝ Divination ➝ Extispicy'],,
7,"1881,0204.200",4,2,AKKADIAN,ina,ina,[],['CANONICAL ➝ Divination ➝ Extispicy'],,
8,"1881,0204.200",4,3,AKKADIAN,ŠA₃,ŠA₃,[],['CANONICAL ➝ Divination ➝ Extispicy'],,
9,"1881,0204.200",4,4,AKKADIAN,SAG,SAG,[],['CANONICAL ➝ Divination ➝ Extispicy'],,
10,"1881,0204.200",4,5,AKKADIAN,,,[],['CANONICAL ➝ Divination ➝ Extispicy'],,
11,"1881,0204.200",4,6,AKKADIAN,GU,GU,[],['CANONICAL ➝ Divination ➝ Extispicy'],,
12,"1881,0204.200",5,1,AKKADIAN,tuš-šu,tuš-šu,[],['CANONICAL ➝ Divination ➝ Extispicy'],,
13,"1881,0204.200",5,2,AKKADIAN,UGU,UGU,[],['CANONICAL ➝ Divination ➝ Extispicy'],,
14,"1881,0204.200",6,0,AKKADIAN,BE,BE,[],['CANONICAL ➝ Divination ➝ Extispicy'],,
15,"1881,0204.200",6,1,AKKADIAN,šal-šu₂,šal-šu₂,[],['CANONICAL ➝ Divination ➝ Extispicy'],,
16,"1881,0204.200",6,2,AKKADIAN,,,[],['CANONICAL ➝ Divination ➝ Extispicy'],,
17,"1881,0204.200",6,3,AKKADIAN,ši-ši-tu₄,ši-ši-tu₄,[],['CANONICAL ➝ Divination ➝ Extispicy'],,
18,"1881,0204.200",7,1,AKKADIAN,LUGAL,LUGAL,[],['CANONICAL ➝ Divination ➝ Extispicy'],,
19,"1881,0204.200",7,2,AKKADIAN,GIG,GIG,[],['CANONICAL ➝ Divination ➝ Extispicy'],,
20,"1881,0204.200",7,3,AKKADIAN,dan-na,dan-na,[],['CANONICAL ➝ Divination ➝ Extispicy'],,
21,"1881,0204.200",8,0,AKKADIAN,BE,BE,[],['CANONICAL ➝ Divination ➝ Extispicy'],,
22,"1881,0204.200",8,1,AKKADIAN,,,[],['CANONICAL ➝ Divination ➝ Extispicy'],,
23,"1881,0204.200",8,2,AKKADIAN,ši-ši-tu₄,ši-ši-tu₄,[],['CANONICAL ➝ Divination ➝ Extispicy'],,
24,"1881,0204.200",8,3,AKKADIAN,a-rim-ma,a-rim-ma,[],['CANONICAL ➝ Divination ➝ Extispicy'],,
25,"1881,0204.200",9,1,AKKADIAN,LUGAL,LUGAL,[],['CANONICAL ➝ Divination ➝ Extispicy'],,
26,"1881,0204.200",9,2,AKKADIAN,ina,ina,[],['CANONICAL ➝ Divination ➝ Extispicy'],,
27,"1881,0204.200",9,3,AKKADIAN,GIG,GIG,[],['CANONICAL ➝ Divination ➝ Extispicy'],,
28,"1881,0204.200",9,4,AKKADIAN,UR₅-tu₂,UR₅-tu₂,[],['CANONICAL ➝ Divination ➝ Extispicy'],,
29,"1881,0204.200",10,0,AKKADIAN,BE,BE,[],['CANONICAL ➝ Divination ➝ Extispicy'],,
30,"1881,0204.200",10,1,AKKADIAN,MAN,MAN,[],['CANONICAL ➝ Divination ➝ Extispicy'],,
31,"1881,0204.200",10,2,AKKADIAN,u₂,u₂,[],['CANONICAL ➝ Divination ➝ Extispicy'],,
32,"1881,0204.200",10,3,AKKADIAN,,,[],['CANONICAL ➝ Divination ➝ Extispicy'],,
33,"1881,0204.200",10,4,AKKADIAN,GU-MEŠ,GU-MEŠ,[],['CANONICAL ➝ Divination ➝ Extispicy'],,
34,"1881,0204.200",10,5,AKKADIAN,šup-pu-uṣ,šup-pu-uṣ,[],['CANONICAL ➝ Divination ➝ Extispicy'],,
35,"1881,0204.200",11,1,AKKADIAN,KUR,KUR,[],['CANONICAL ➝ Divination ➝ Extispicy'],,
36,"1881,0204.200",11,2,AKKADIAN,BAD₄,BAD₄,[],['CANONICAL ➝ Divination ➝ Extispicy'],,
37,"1881,0204.200",11,3,AKKADIAN,DIB-bat,DIB-bat,[],['CANONICAL ➝ Divination ➝ Extispicy'],,
38,"1881,0204.200",12,0,AKKADIAN,BE,BE,[],['CANONICAL ➝ Divination ➝ Extispicy'],,
39,"1881,0204.200",12,1,AKKADIAN,šal-šu₂,šal-šu₂,[],['CANONICAL ➝ Divination ➝ Extispicy'],,
40,"1881,0204.200",12,2,AKKADIAN,ina,ina,[],['CANONICAL ➝ Divination ➝ Extispicy'],,
41,"1881,0204.200",12,3,AKKADIAN,ŠA₃,ŠA₃,[],['CANONICAL ➝ Divination ➝ Extispicy'],,
42,"1881,0204.200",12,4,AKKADIAN,,,[],['CANONICAL ➝ Divination ➝ Extispicy'],,
43,"1881,0204.200",12,5,AKKADIAN,GU-MEŠ,GU-MEŠ,[],['CANONICAL ➝ Divination ➝ Extispicy'],,
44,"1881,0204.200",12,6,AKKADIAN,3,3,[],['CANONICAL ➝ Divination ➝ Extispicy'],,
45,"1881,0204.200",12,7,AKKADIAN,u₂-lu,u₂-lu,[],['CANONICAL ➝ Divination ➝ Extispicy'],,
46,"1881,0204.200",12,8,AKKADIAN,4,4,[],['CANONICAL ➝ Divination ➝ Extispicy'],,
47,"1881,0204.200",12,9,AKKADIAN,pur-ru-ku,pur-ru-ku,[],['CANONICAL ➝ Divination ➝ Extispicy'],,
48,"1881,0204.200",13,1,AKKADIAN,DUMU-MEŠ,DUMU-MEŠ,[],['CANONICAL ➝ Divination ➝ Extispicy'],,
49,"1881,0204.200",13,2,AKKADIAN,šip-ri,šip-ri,[],['CANONICAL ➝ Divination ➝ Extispicy'],,
50,"1881,0204.200",13,3,AKKADIAN,ša₂,ša₂,[],['CANONICAL ➝ Divination ➝ Extispicy'],,
51,"1881,0204.200",13,4,AKKADIAN,sar-ra-a-te,sar-ra-a-te,[],['CANONICAL ➝ Divination ➝ Extispicy'],,
52,"1881,0204.200",13,5,AKKADIAN,ina,ina,[],['CANONICAL ➝ Divination ➝ Extispicy'],,
53,"1881,0204.200",13,6,AKKADIAN,ŠA₃,ŠA₃,[],['CANONICAL ➝ Divination ➝ Extispicy'],,
54,"1881,0204.200",13,7,AKKADIAN,KUR,KUR,[],['CANONICAL ➝ Divination ➝ Extispicy'],,
55,"1881,0204.200",13,8,AKKADIAN,TU-MEŠ-ni,TU-MEŠ-ni,[],['CANONICAL ➝ Divination ➝ Extispicy'],,
56,"1881,0204.200",14,0,AKKADIAN,BE,BE,[],['CANONICAL ➝ Divination ➝ Extispicy'],,
57,"1881,0204.200",14,1,AKKADIAN,ina,ina,[],['CANONICAL ➝ Divination ➝ Extispicy'],,
58,"1881,0204.200",14,2,AKKADIAN,SAG,SAG,[],['CANONICAL ➝ Divination ➝ Extispicy'],,
59,"1881,0204.200",14,3,AKKADIAN,,,[],['CANONICAL ➝ Divination ➝ Extispicy'],,
60,"1881,0204.200",14,4,AKKADIAN,GU,GU,[],['CANONICAL ➝ Divination ➝ Extispicy'],,
61,"1881,0204.200",14,5,AKKADIAN,pa-rik,pa-rik,[],['CANONICAL ➝ Divination ➝ Extispicy'],,
62,"1881,0204.200",14,6,AKKADIAN,ik-rib,ik-rib,[],['CANONICAL ➝ Divination ➝ Extispicy'],,
63,"1881,0204.200",14,7,AKKADIAN,NUN,NUN,[],['CANONICAL ➝ Divination ➝ Extispicy'],,
64,"1881,0204.200",15,1,AKKADIAN,DINGIR,DINGIR,[],['CANONICAL ➝ Divination ➝ Extispicy'],,
65,"1881,0204.200",15,2,AKKADIAN,NU,NU,[],['CANONICAL ➝ Divination ➝ Extispicy'],,
66,"1881,0204.200",15,3,AKKADIAN,iš-mi,iš-mi,[],['CANONICAL ➝ Divination ➝ Extispicy'],,
67,"1881,0204.200",15,4,AKKADIAN,ina,ina,[],['CANONICAL ➝ Divination ➝ Extispicy'],,
68,"1881,0204.200",15,5,AKKADIAN,{giš}TUKUL.ERIN₂,{giš}TUKUL.ERIN₂,[],['CANONICAL ➝ Divination ➝ Extispicy'],,
69,"1881,0204.200",15,6,AKKADIAN,NUN,NUN,[],['CANONICAL ➝ Divination ➝ Extispicy'],,
70,"1881,0204.200",16,1,AKKADIAN,ŠA₃.SI.SI.KI-šu₂,ŠA₃.SI.SI.KI-šu₂,[],['CANONICAL ➝ Divination ➝ Extispicy'],,
71,"1881,0204.200",16,2,AKKADIAN,NU,NU,[],['CANONICAL ➝ Divination ➝ Extispicy'],,
72,"1881,0204.200",16,3,AKKADIAN,KUR-ad₂,KUR-ad₂,[],['CANONICAL ➝ Divination ➝ Extispicy'],,
73,"1881,0204.200",17,0,AKKADIAN,BE,BE,[],['CANONICAL ➝ Divination ➝ Extispicy'],,
74,"1881,0204.200",17,1,AKKADIAN,MAN-u₂,MAN-u₂,[],['CANONICAL ➝ Divination ➝ Extispicy'],,
75,"1881,0204.200",17,2,AKKADIAN,ina,ina,[],['CANONICAL ➝ Divination ➝ Extispicy'],,
76,"1881,0204.200",17,3,AKKADIAN,SAG,SAG,[],['CANONICAL ➝ Divination ➝ Extispicy'],,
77,"1881,0204.200",17,4,AKKADIAN,,,[],['CANONICAL ➝ Divination ➝ Extispicy'],,
78,"1881,0204.200",17,5,AKKADIAN,GU,GU,[],['CANONICAL ➝ Divination ➝ Extispicy'],,
79,"1881,0204.200",17,6,AKKADIAN,ša₂-kin₂,ša₂-kin₂,[],['CANONICAL ➝ Divination ➝ Extispicy'],,
80,"1881,0204.200",18,2,AKKADIAN,dan-nu,dan-nu,[],['CANONICAL ➝ Divination ➝ Extispicy'],,
81,"1881,0204.200",18,3,AKKADIAN,ina,ina,[],['CANONICAL ➝ Divination ➝ Extispicy'],,
82,"1881,0204.200",18,4,AKKADIAN,BAL-e,BAL-e,[],['CANONICAL ➝ Divination ➝ Extispicy'],,
83,"1881,0204.200",18,5,AKKADIAN,LUGAL,LUGAL,[],['CANONICAL ➝ Divination ➝ Extispicy'],,
84,"1881,0204.200",18,6,AKKADIAN,E₁₁-a,E₁₁-a,[],['CANONICAL ➝ Divination ➝ Extispicy'],,
85,"1881,0204.200",19,2,AKKADIAN,DUG₄-u₂,DUG₄-u₂,[],['CANONICAL ➝ Divination ➝ Extispicy'],,
86,"1881,0204.200",19,3,AKKADIAN,bar-tu₄,bar-tu₄,[],['CANONICAL ➝ Divination ➝ Extispicy'],,
87,"1881,0204.200",20,1,AKKADIAN,IM.GI,IM.GI,[],['CANONICAL ➝ Divination ➝ Extispicy'],,
88,"1881,0204.200",22,1,AKKADIAN,pi-i,pi-i,[],['CANONICAL ➝ Divination ➝ Extispicy'],,
89,"1881,0204.200",22,2,AKKADIAN,DUB-MEŠ,DUB-MEŠ,[],['CANONICAL ➝ Divination ➝ Extispicy'],,
90,"1881,0204.200",23,1,AKKADIAN,KUR,KUR,[],['CANONICAL ➝ Divination ➝ Extispicy'],,
91,"1881,0204.200",23,2,AKKADIAN,EME-GI₇,EME-GI₇,[],['CANONICAL ➝ Divination ➝ Extispicy'],,
92,"1881,0204.200",23,4,AKKADIAN,URI{ki},URI{ki},[],['CANONICAL ➝ Divination ➝ Extispicy'],,
93,"1881,0204.200",24,1,AKKADIAN,šu-a-tu₄,šu-a-tu₄,[],['CANONICAL ➝ Divination ➝ Extispicy'],,
94,"1881,0204.200",24,2,AKKADIAN,ina,ina,[],['CANONICAL ➝ Divination ➝ Extispicy'],,
95,"1881,0204.200",24,3,AKKADIAN,tap-hur-ti,tap-hur-ti,[],['CANONICAL ➝ Divination ➝ Extispicy'],,
96,"1881,0204.200",25,1,AKKADIAN,as-niq,as-niq,[],['CANONICAL ➝ Divination ➝ Extispicy'],,
