,fragment_id,fragment_line_num,index_in_line,word_language,value,clean_value,lemma,domain,place_discovery,place_composition
0,"1880,0719.94",3,2,AKKADIAN,ša,ša,[],['CANONICAL ➝ Technical ➝ Ritual texts'],,
1,"1880,0719.94",3,3,AKKADIAN,1,1,['ištēn I'],['CANONICAL ➝ Technical ➝ Ritual texts'],,
2,"1880,0719.94",3,4,AKKADIAN,SILA₃,SILA₃,['qû II'],['CANONICAL ➝ Technical ➝ Ritual texts'],,
3,"1880,0719.94",4,2,AKKADIAN,ha,ha,[],['CANONICAL ➝ Technical ➝ Ritual texts'],,
4,"1880,0719.94",4,3,AKKADIAN,ra,ra,[],['CANONICAL ➝ Technical ➝ Ritual texts'],,
5,"1880,0719.94",5,2,AKKADIAN,ta-ra-ṣi,ta-ra-ṣi,[],['CANONICAL ➝ Technical ➝ Ritual texts'],,
6,"1880,0719.94",11,3,AKKADIAN,{giš}BANŠUR,{giš}BANŠUR,['paššuru I'],['CANONICAL ➝ Technical ➝ Ritual texts'],,
7,"1880,0719.94",11,4,AKKADIAN,ša,ša,['ša I'],['CANONICAL ➝ Technical ➝ Ritual texts'],,
8,"1880,0719.94",12,1,AKKADIAN,KIMIN-ma,KIMIN-ma,[],['CANONICAL ➝ Technical ➝ Ritual texts'],,
9,"1880,0719.94",12,2,AKKADIAN,ana,ana,['ana I'],['CANONICAL ➝ Technical ➝ Ritual texts'],,
10,"1880,0719.94",12,3,AKKADIAN,{giš}BANŠUR,{giš}BANŠUR,['paššuru I'],['CANONICAL ➝ Technical ➝ Ritual texts'],,
11,"1880,0719.94",12,4,AKKADIAN,ša,ša,['ša I'],['CANONICAL ➝ Technical ➝ Ritual texts'],,
12,"1880,0719.94",13,1,AKKADIAN,KIMIN-ma,KIMIN-ma,[],['CANONICAL ➝ Technical ➝ Ritual texts'],,
13,"1880,0719.94",13,2,AKKADIAN,ana,ana,['ana I'],['CANONICAL ➝ Technical ➝ Ritual texts'],,
14,"1880,0719.94",13,3,AKKADIAN,{giš}BANŠUR,{giš}BANŠUR,['paššuru I'],['CANONICAL ➝ Technical ➝ Ritual texts'],,
15,"1880,0719.94",13,4,AKKADIAN,ša,ša,['ša I'],['CANONICAL ➝ Technical ➝ Ritual texts'],,
16,"1880,0719.94",14,1,AKKADIAN,KIMIN-ma,KIMIN-ma,[],['CANONICAL ➝ Technical ➝ Ritual texts'],,
17,"1880,0719.94",14,2,AKKADIAN,ana,ana,['ana I'],['CANONICAL ➝ Technical ➝ Ritual texts'],,
18,"1880,0719.94",14,3,AKKADIAN,{giš}BANŠUR,{giš}BANŠUR,['paššuru I'],['CANONICAL ➝ Technical ➝ Ritual texts'],,
19,"1880,0719.94",14,4,AKKADIAN,ša,ša,['ša I'],['CANONICAL ➝ Technical ➝ Ritual texts'],,
20,"1880,0719.94",15,1,AKKADIAN,KIMIN-ma,KIMIN-ma,[],['CANONICAL ➝ Technical ➝ Ritual texts'],,
21,"1880,0719.94",15,2,AKKADIAN,ana,ana,['ana I'],['CANONICAL ➝ Technical ➝ Ritual texts'],,
22,"1880,0719.94",15,3,AKKADIAN,{giš}BANŠUR,{giš}BANŠUR,['paššuru I'],['CANONICAL ➝ Technical ➝ Ritual texts'],,
23,"1880,0719.94",18,1,AKKADIAN,KIMIN-ma,KIMIN-ma,[],['CANONICAL ➝ Technical ➝ Ritual texts'],,
24,"1880,0719.94",18,2,AKKADIAN,ana,ana,['ana I'],['CANONICAL ➝ Technical ➝ Ritual texts'],,
25,"1880,0719.94",19,2,AKKADIAN,KIMIN-ma,KIMIN-ma,[],['CANONICAL ➝ Technical ➝ Ritual texts'],,
26,"1880,0719.94",19,3,AKKADIAN,ana,ana,['ana I'],['CANONICAL ➝ Technical ➝ Ritual texts'],,
27,"1880,0719.94",20,3,AKKADIAN,lib₃-bi,lib₃-bi,['libbu I'],['CANONICAL ➝ Technical ➝ Ritual texts'],,
28,"1880,0719.94",20,4,AKKADIAN,igi,igi,[],['CANONICAL ➝ Technical ➝ Ritual texts'],,
29,"1880,0719.94",21,2,AKKADIAN,KAŠ-MEŠ,KAŠ-MEŠ,[],['CANONICAL ➝ Technical ➝ Ritual texts'],,
30,"1880,0719.94",21,3,AKKADIAN,min,min,[],['CANONICAL ➝ Technical ➝ Ritual texts'],,
31,"1880,0719.94",22,2,AKKADIAN,min,min,[],['CANONICAL ➝ Technical ➝ Ritual texts'],,
32,"1880,0719.94",25,2,AKKADIAN,ah,ah,[],['CANONICAL ➝ Technical ➝ Ritual texts'],,
33,"1880,0719.94",26,2,AKKADIAN,{giš}TUKUL-MEŠ,{giš}TUKUL-MEŠ,['kakku I'],['CANONICAL ➝ Technical ➝ Ritual texts'],,
34,"1880,0719.94",26,3,AKKADIAN,ana,ana,['ana I'],['CANONICAL ➝ Technical ➝ Ritual texts'],,
35,"1880,0719.94",27,2,AKKADIAN,1,1,['ištēn I'],['CANONICAL ➝ Technical ➝ Ritual texts'],,
36,"1880,0719.94",27,4,AKKADIAN,an,an,[],['CANONICAL ➝ Technical ➝ Ritual texts'],,
37,"1880,0719.94",27,5,AKKADIAN,ku,ku,[],['CANONICAL ➝ Technical ➝ Ritual texts'],,
38,"1880,0719.94",28,2,AKKADIAN,lit,lit,[],['CANONICAL ➝ Technical ➝ Ritual texts'],,
39,"1880,0719.94",28,4,AKKADIAN,na,na,[],['CANONICAL ➝ Technical ➝ Ritual texts'],,
40,"1880,0719.94",28,6,AKKADIAN,1,1,['ištēn I'],['CANONICAL ➝ Technical ➝ Ritual texts'],,
41,"1880,0719.94",28,7,AKKADIAN,UDU,UDU,['immeru I'],['CANONICAL ➝ Technical ➝ Ritual texts'],,
42,"1880,0719.94",29,2,AKKADIAN,1,1,['ištēn I'],['CANONICAL ➝ Technical ➝ Ritual texts'],,
43,"1880,0719.94",29,3,AKKADIAN,UDU,UDU,['immeru I'],['CANONICAL ➝ Technical ➝ Ritual texts'],,
44,"1880,0719.94",29,5,AKKADIAN,ID₂,ID₂,[],['CANONICAL ➝ Technical ➝ Ritual texts'],,
45,"1880,0719.94",29,6,AKKADIAN,bil₂,bil₂,[],['CANONICAL ➝ Technical ➝ Ritual texts'],,
46,"1880,0719.94",30,2,AKKADIAN,i,i,[],['CANONICAL ➝ Technical ➝ Ritual texts'],,
47,"1880,0719.94",30,3,AKKADIAN,UN-MEŠ,UN-MEŠ,[],['CANONICAL ➝ Technical ➝ Ritual texts'],,
48,"1880,0719.94",30,4,AKKADIAN,1,1,['ištēn I'],['CANONICAL ➝ Technical ➝ Ritual texts'],,
49,"1880,0719.94",30,5,AKKADIAN,GU₄,GU₄,['alpu I'],['CANONICAL ➝ Technical ➝ Ritual texts'],,
50,"1880,0719.94",30,7,AKKADIAN,ši-ma-a-tu,ši-ma-a-tu,['šīmtu I'],['CANONICAL ➝ Technical ➝ Ritual texts'],,
51,"1880,0719.94",31,2,AKKADIAN,dup-pa-aš₂,dup-pa-aš₂,[],['CANONICAL ➝ Technical ➝ Ritual texts'],,
52,"1880,0719.94",31,3,AKKADIAN,UZU,UZU,[],['CANONICAL ➝ Technical ➝ Ritual texts'],,
53,"1880,0719.94",31,4,AKKADIAN,šu,šu,[],['CANONICAL ➝ Technical ➝ Ritual texts'],,
54,"1880,0719.94",31,6,AKKADIAN,e,e,[],['CANONICAL ➝ Technical ➝ Ritual texts'],,
55,"1880,0719.94",32,1,AKKADIAN,u₂,u₂,[],['CANONICAL ➝ Technical ➝ Ritual texts'],,
56,"1880,0719.94",32,2,AKKADIAN,qi-pu,qi-pu,[],['CANONICAL ➝ Technical ➝ Ritual texts'],,
57,"1880,0719.94",32,4,AKKADIAN,LUGAL,LUGAL,[],['CANONICAL ➝ Technical ➝ Ritual texts'],,
58,"1880,0719.94",32,6,AKKADIAN,GAL,GAL,[],['CANONICAL ➝ Technical ➝ Ritual texts'],,
59,"1880,0719.94",33,2,AKKADIAN,te,te,[],['CANONICAL ➝ Technical ➝ Ritual texts'],,
60,"1880,0719.94",33,3,AKKADIAN,zi,zi,[],['CANONICAL ➝ Technical ➝ Ritual texts'],,
61,"1880,0719.94",33,4,AKKADIAN,ir,ir,[],['CANONICAL ➝ Technical ➝ Ritual texts'],,
62,"1880,0719.94",33,7,AKKADIAN,hi,hi,[],['CANONICAL ➝ Technical ➝ Ritual texts'],,
63,"1880,0719.94",33,8,AKKADIAN,ru,ru,[],['CANONICAL ➝ Technical ➝ Ritual texts'],,
64,"1880,0719.94",34,1,AKKADIAN,sil₂-qa,sil₂-qa,['silqu I'],['CANONICAL ➝ Technical ➝ Ritual texts'],,
65,"1880,0719.94",34,3,AKKADIAN,ta,ta,[],['CANONICAL ➝ Technical ➝ Ritual texts'],,
66,"1880,0719.94",34,4,AKKADIAN,bal,bal,[],['CANONICAL ➝ Technical ➝ Ritual texts'],,
67,"1880,0719.94",34,5,AKKADIAN,1,1,['ištēn I'],['CANONICAL ➝ Technical ➝ Ritual texts'],,
68,"1880,0719.94",34,6,AKKADIAN,UDU,UDU,['immeru I'],['CANONICAL ➝ Technical ➝ Ritual texts'],,
69,"1880,0719.94",34,7,AKKADIAN,UZU,UZU,['šīru I'],['CANONICAL ➝ Technical ➝ Ritual texts'],,
70,"1880,0719.94",34,8,AKKADIAN,sil₂-qu,sil₂-qu,['silqu I'],['CANONICAL ➝ Technical ➝ Ritual texts'],,
71,"1880,0719.94",35,2,AKKADIAN,4,4,[],['CANONICAL ➝ Technical ➝ Ritual texts'],,
72,"1880,0719.94",35,3,AKKADIAN,UDU,UDU,['immeru I'],['CANONICAL ➝ Technical ➝ Ritual texts'],,
73,"1880,0719.94",35,5,AKKADIAN,UZU,UZU,['šīru I'],['CANONICAL ➝ Technical ➝ Ritual texts'],,
74,"1880,0719.94",35,6,AKKADIAN,sil₂-qa,sil₂-qa,['silqu I'],['CANONICAL ➝ Technical ➝ Ritual texts'],,
75,"1880,0719.94",35,7,AKKADIAN,nu,nu,[],['CANONICAL ➝ Technical ➝ Ritual texts'],,
76,"1880,0719.94",35,9,AKKADIAN,giš,giš,[],['CANONICAL ➝ Technical ➝ Ritual texts'],,
77,"1880,0719.94",36,1,AKKADIAN,ZAG,ZAG,[],['CANONICAL ➝ Technical ➝ Ritual texts'],,
78,"1880,0719.94",36,2,AKKADIAN,UDU,UDU,['immeru I'],['CANONICAL ➝ Technical ➝ Ritual texts'],,
79,"1880,0719.94",36,6,AKKADIAN,UZU,UZU,['šīru I'],['CANONICAL ➝ Technical ➝ Ritual texts'],,
80,"1880,0719.94",36,7,AKKADIAN,sil₂-qi,sil₂-qi,['silqu I'],['CANONICAL ➝ Technical ➝ Ritual texts'],,
81,"1880,0719.94",36,9,AKKADIAN,su,su,[],['CANONICAL ➝ Technical ➝ Ritual texts'],,
82,"1880,0719.94",37,4,AKKADIAN,AN,AN,[],['CANONICAL ➝ Technical ➝ Ritual texts'],,
83,"1880,0719.94",37,5,AKKADIAN,u,u,[],['CANONICAL ➝ Technical ➝ Ritual texts'],,
84,"1880,0719.94",37,6,AKKADIAN,GU₄-MEŠ,GU₄-MEŠ,['alpu I'],['CANONICAL ➝ Technical ➝ Ritual texts'],,
85,"1880,0719.94",37,7,AKKADIAN,UDU-MEŠ,UDU-MEŠ,['immeru I'],['CANONICAL ➝ Technical ➝ Ritual texts'],,
86,"1880,0719.94",39,1,AKKADIAN,{d}iš₈-tar₂,{d}iš₈-tar₂,['ištaru I'],['CANONICAL ➝ Technical ➝ Ritual texts'],,
87,"1880,0719.94",39,2,AKKADIAN,a-na,a-na,['ana I'],['CANONICAL ➝ Technical ➝ Ritual texts'],,
88,"1880,0719.94",39,3,AKKADIAN,E₂,E₂,['bītu I'],['CANONICAL ➝ Technical ➝ Ritual texts'],,
89,"1880,0719.94",39,4,AKKADIAN,{lu₂}a-lah₂-hi-nu,{lu₂}a-lah₂-hi-nu,['alahhinu I'],['CANONICAL ➝ Technical ➝ Ritual texts'],,
90,"1880,0719.94",40,3,AKKADIAN,ku,ku,[],['CANONICAL ➝ Technical ➝ Ritual texts'],,
91,"1880,0719.94",40,4,AKKADIAN,nu,nu,[],['CANONICAL ➝ Technical ➝ Ritual texts'],,
92,"1880,0719.94",40,5,AKKADIAN,šu,šu,[],['CANONICAL ➝ Technical ➝ Ritual texts'],,
93,"1880,0719.94",40,6,AKKADIAN,LUGAL,LUGAL,['šarru I'],['CANONICAL ➝ Technical ➝ Ritual texts'],,
94,"1880,0719.94",40,7,AKKADIAN,ŠIM-MEŠ,ŠIM-MEŠ,['rīqu II'],['CANONICAL ➝ Technical ➝ Ritual texts'],,
95,"1880,0719.94",40,10,AKKADIAN,e,e,[],['CANONICAL ➝ Technical ➝ Ritual texts'],,
96,"1880,0719.94",41,2,AKKADIAN,I₃.GIŠ-MEŠ,I₃.GIŠ-MEŠ,['šamnu I'],['CANONICAL ➝ Technical ➝ Ritual texts'],,
97,"1880,0719.94",41,3,AKKADIAN,LAL₃-MEŠ,LAL₃-MEŠ,['dišpu I'],['CANONICAL ➝ Technical ➝ Ritual texts'],,
98,"1880,0719.94",41,4,AKKADIAN,a-na,a-na,['ana I'],['CANONICAL ➝ Technical ➝ Ritual texts'],,
99,"1880,0719.94",41,5,AKKADIAN,ŠA₃,ŠA₃,['libbu I'],['CANONICAL ➝ Technical ➝ Ritual texts'],,
100,"1880,0719.94",41,6,AKKADIAN,ha-re-e,ha-re-e,['harû I'],['CANONICAL ➝ Technical ➝ Ritual texts'],,
101,"1880,0719.94",42,2,AKKADIAN,ip-te-te,ip-te-te,['petû II'],['CANONICAL ➝ Technical ➝ Ritual texts'],,
102,"1880,0719.94",42,3,AKKADIAN,KAŠ-MEŠ,KAŠ-MEŠ,['šikaru I'],['CANONICAL ➝ Technical ➝ Ritual texts'],,
103,"1880,0719.94",42,4,AKKADIAN,ša,ša,['ša I'],['CANONICAL ➝ Technical ➝ Ritual texts'],,
104,"1880,0719.94",42,5,AKKADIAN,{dug}ha-re-e,{dug}ha-re-e,['harû I'],['CANONICAL ➝ Technical ➝ Ritual texts'],,
105,"1880,0719.94",43,2,AKKADIAN,di,di,[],['CANONICAL ➝ Technical ➝ Ritual texts'],,
106,"1880,0719.94",43,3,AKKADIAN,5,5,[],['CANONICAL ➝ Technical ➝ Ritual texts'],,
107,"1880,0719.94",43,5,AKKADIAN,KAŠ-MEŠ,KAŠ-MEŠ,['šikaru I'],['CANONICAL ➝ Technical ➝ Ritual texts'],,
108,"1880,0719.94",43,6,AKKADIAN,14,14,['erbēšerû I'],['CANONICAL ➝ Technical ➝ Ritual texts'],,
109,"1880,0719.94",44,2,AKKADIAN,{d}URI₃.GAL,{d}URI₃.GAL,['urigallu I'],['CANONICAL ➝ Technical ➝ Ritual texts'],,
110,"1880,0719.94",44,3,AKKADIAN,{d}iš₈-tar₂,{d}iš₈-tar₂,['ištaru I'],['CANONICAL ➝ Technical ➝ Ritual texts'],,
111,"1880,0719.94",44,4,AKKADIAN,u₃,u₃,['u I'],['CANONICAL ➝ Technical ➝ Ritual texts'],,
112,"1880,0719.94",44,5,AKKADIAN,DINGIR-MEŠ-ni,DINGIR-MEŠ-ni,['ilu I'],['CANONICAL ➝ Technical ➝ Ritual texts'],,
113,"1880,0719.94",45,2,AKKADIAN,tar,tar,[],['CANONICAL ➝ Technical ➝ Ritual texts'],,
114,"1880,0719.94",45,3,AKKADIAN,ri,ri,[],['CANONICAL ➝ Technical ➝ Ritual texts'],,
115,"1880,0719.94",45,4,AKKADIAN,bu,bu,[],['CANONICAL ➝ Technical ➝ Ritual texts'],,
116,"1880,0719.94",46,2,AKKADIAN,a-na,a-na,['ana I'],['CANONICAL ➝ Technical ➝ Ritual texts'],,
117,"1880,0719.94",46,3,AKKADIAN,E₂.GAL,E₂.GAL,['ēkallu I'],['CANONICAL ➝ Technical ➝ Ritual texts'],,
118,"1880,0719.94",48,2,AKKADIAN,ša,ša,['ša I'],['CANONICAL ➝ Technical ➝ Ritual texts'],,
119,"1880,0719.94",48,3,AKKADIAN,IGI,IGI,[],['CANONICAL ➝ Technical ➝ Ritual texts'],,
120,"1880,0719.94",48,4,AKKADIAN,an,an,[],['CANONICAL ➝ Technical ➝ Ritual texts'],,
121,"1880,0719.94",49,2,AKKADIAN,ša,ša,['ša I'],['CANONICAL ➝ Technical ➝ Ritual texts'],,
