,fragment_id,fragment_line_num,index_in_line,word_language,value,clean_value,lemma,domain,place_discovery,place_composition
0,"1881,0204.257",1,2,AKKADIAN,e,e,[],['CANONICAL ➝ Magic'],,
1,"1881,0204.257",2,2,AKKADIAN,ti/na,ti/na,[],['CANONICAL ➝ Magic'],,
2,"1881,0204.257",2,3,AKKADIAN,bi,bi,[],['CANONICAL ➝ Magic'],,
3,"1881,0204.257",3,3,SUMERIAN,in-dib-ba,in-dib-ba,[],['CANONICAL ➝ Magic'],,
4,"1881,0204.257",4,1,AKKADIAN,i-ṣab-bat-ma,i-ṣab-bat-ma,['ṣabātu I'],['CANONICAL ➝ Magic'],,
5,"1881,0204.257",5,2,SUMERIAN,ka-ta-tag₄,ka-ta-tag₄,[],['CANONICAL ➝ Magic'],,
6,"1881,0204.257",6,2,AKKADIAN,i-zib-ta,i-zib-ta,['izibtu I'],['CANONICAL ➝ Magic'],,
7,"1881,0204.257",7,2,SUMERIAN,šu-nigin,šu-nigin,[],['CANONICAL ➝ Magic'],,
8,"1881,0204.257",7,3,SUMERIAN,gal₂-la-a-aš,gal₂-la-a-aš,[],['CANONICAL ➝ Magic'],,
9,"1881,0204.257",8,2,AKKADIAN,pa-ši-ru-tu₄,pa-ši-ru-tu₄,['pašru I'],['CANONICAL ➝ Magic'],,
10,"1881,0204.257",8,3,AKKADIAN,šak-nu-ma,šak-nu-ma,['šakānu I'],['CANONICAL ➝ Magic'],,
11,"1881,0204.257",9,2,SUMERIAN,{d}en-ki-ke₄,{d}en-ki-ke₄,[],['CANONICAL ➝ Magic'],,
12,"1881,0204.257",9,3,SUMERIAN,ad-da-zu,ad-da-zu,[],['CANONICAL ➝ Magic'],,
13,"1881,0204.257",10,1,AKKADIAN,a-mat,a-mat,['awātu I'],['CANONICAL ➝ Magic'],,
14,"1881,0204.257",10,2,AKKADIAN,{d}e₂-a,{d}e₂-a,['Ea I'],['CANONICAL ➝ Magic'],,
15,"1881,0204.257",10,3,AKKADIAN,a-bi-ka,a-bi-ka,['abu I'],['CANONICAL ➝ Magic'],,
16,"1881,0204.257",11,2,SUMERIAN,še₃,še₃,[],['CANONICAL ➝ Magic'],,
17,"1881,0204.257",11,3,SUMERIAN,sed-gi-ka,sed-gi-ka,[],['CANONICAL ➝ Magic'],,
18,"1881,0204.257",11,4,SUMERIAN,gar-ra-za-še₃,gar-ra-za-še₃,[],['CANONICAL ➝ Magic'],,
19,"1881,0204.257",12,2,AKKADIAN,tap-šu-uh-tu₄,tap-šu-uh-tu₄,['tapšuhtu I'],['CANONICAL ➝ Magic'],,
20,"1881,0204.257",12,3,AKKADIAN,šak-na-at-ka,šak-na-at-ka,['šakānu I'],['CANONICAL ➝ Magic'],,
21,"1881,0204.257",13,3,SUMERIAN,tu₆,tu₆,[],['CANONICAL ➝ Magic'],,
22,"1881,0204.257",13,4,SUMERIAN,ku₃-ga,ku₃-ga,[],['CANONICAL ➝ Magic'],,
23,"1881,0204.257",14,1,AKKADIAN,šup-šu-hi-ka,šup-šu-hi-ka,['pašāhu I'],['CANONICAL ➝ Magic'],,
24,"1881,0204.257",14,2,AKKADIAN,šip-tu₂,šip-tu₂,['šiptu I'],['CANONICAL ➝ Magic'],,
25,"1881,0204.257",14,3,AKKADIAN,KU₃-tu₄,KU₃-tu₄,['ellu I'],['CANONICAL ➝ Magic'],,
26,"1881,0204.257",15,2,SUMERIAN,tu-ra-zu-še₃,tu-ra-zu-še₃,[],['CANONICAL ➝ Magic'],,
27,"1881,0204.257",16,2,AKKADIAN,a-na,a-na,['ana I'],['CANONICAL ➝ Magic'],,
28,"1881,0204.257",16,3,AKKADIAN,e-re-bi-ka,e-re-bi-ka,['erēbu I'],['CANONICAL ➝ Magic'],,
29,"1881,0204.257",17,2,SUMERIAN,siskur₂-ra,siskur₂-ra,[],['CANONICAL ➝ Magic'],,
30,"1881,0204.257",17,7,SUMERIAN,a-ra-an-gar,a-ra-an-gar,[],['CANONICAL ➝ Magic'],,
31,"1881,0204.257",18,2,AKKADIAN,šak-nu-ka,šak-nu-ka,['šakānu I'],['CANONICAL ➝ Magic'],,
32,"1881,0204.257",19,3,SUMERIAN,{giš}šinig,{giš}šinig,[],['CANONICAL ➝ Magic'],,
33,"1881,0204.257",19,4,SUMERIAN,ina,ina,[],['CANONICAL ➝ Magic'],,
34,"1881,0204.257",20,2,AKKADIAN,e-du,e-du,['ēdu I'],['CANONICAL ➝ Magic'],,
35,"1881,0204.257",25,2,AKKADIAN,ra,ra,[],['CANONICAL ➝ Magic'],,
36,"1881,0204.257",26,3,AKKADIAN,an,an,[],['CANONICAL ➝ Magic'],,
37,"1881,0204.257",28,2,SUMERIAN,nam-ba,nam-ba,[],['CANONICAL ➝ Magic'],,
38,"1881,0204.257",28,3,SUMERIAN,nigin-e,nigin-e,[],['CANONICAL ➝ Magic'],,
39,"1881,0204.257",28,4,SUMERIAN,ha-ba-ra-du-un,ha-ba-ra-du-un,[],['CANONICAL ➝ Magic'],,
40,"1881,0204.257",30,1,AKKADIAN,la,la,['lā I'],['CANONICAL ➝ Magic'],,
41,"1881,0204.257",30,2,AKKADIAN,ta-as-sa-na-ah-hu-ra,ta-as-sa-na-ah-hu-ra,['sahāru I'],['CANONICAL ➝ Magic'],,
42,"1881,0204.257",30,3,AKKADIAN,lu,lu,['lū I'],['CANONICAL ➝ Magic'],,
43,"1881,0204.257",33,3,SUMERIAN,lugal,lugal,[],['CANONICAL ➝ Magic'],,
44,"1881,0204.257",33,4,SUMERIAN,{d}nam-tar,{d}nam-tar,[],['CANONICAL ➝ Magic'],,
45,"1881,0204.257",33,6,AKKADIAN,NU,NU,['lā I'],['CANONICAL ➝ Magic'],,
46,"1881,0204.257",33,7,AKKADIAN,AL.TIL,AL.TIL,['qatû II'],['CANONICAL ➝ Magic'],,
