,fragment_id,fragment_line_num,index_in_line,word_language,value,clean_value,lemma,domain,place_discovery,place_composition
0,"1880,0719.85",1,0,AKKADIAN,DIŠ,DIŠ,[],['CANONICAL ➝ Divination ➝ Terrestrial'],,
1,"1880,0719.85",1,1,AKKADIAN,PEŠ₂.GIŠ.UR₃,PEŠ₂.GIŠ.UR₃,[],['CANONICAL ➝ Divination ➝ Terrestrial'],,
2,"1880,0719.85",2,0,AKKADIAN,DIŠ,DIŠ,[],['CANONICAL ➝ Divination ➝ Terrestrial'],,
3,"1880,0719.85",2,1,AKKADIAN,KIMIN,KIMIN,[],['CANONICAL ➝ Divination ➝ Terrestrial'],,
4,"1880,0719.85",2,2,AKKADIAN,GE₆,GE₆,[],['CANONICAL ➝ Divination ➝ Terrestrial'],,
5,"1880,0719.85",2,3,AKKADIAN,ina,ina,[],['CANONICAL ➝ Divination ➝ Terrestrial'],,
6,"1880,0719.85",2,4,AKKADIAN,E₂,E₂,[],['CANONICAL ➝ Divination ➝ Terrestrial'],,
7,"1880,0719.85",2,5,AKKADIAN,,,[],['CANONICAL ➝ Divination ➝ Terrestrial'],,
8,"1880,0719.85",2,6,AKKADIAN,IGI,IGI,[],['CANONICAL ➝ Divination ➝ Terrestrial'],,
9,"1880,0719.85",3,0,AKKADIAN,DIŠ,DIŠ,[],['CANONICAL ➝ Divination ➝ Terrestrial'],,
10,"1880,0719.85",3,1,AKKADIAN,KIMIN,KIMIN,[],['CANONICAL ➝ Divination ➝ Terrestrial'],,
11,"1880,0719.85",3,2,AKKADIAN,SA₅,SA₅,[],['CANONICAL ➝ Divination ➝ Terrestrial'],,
12,"1880,0719.85",3,3,AKKADIAN,ina,ina,[],['CANONICAL ➝ Divination ➝ Terrestrial'],,
13,"1880,0719.85",3,4,AKKADIAN,E₂,E₂,[],['CANONICAL ➝ Divination ➝ Terrestrial'],,
14,"1880,0719.85",3,5,AKKADIAN,,,[],['CANONICAL ➝ Divination ➝ Terrestrial'],,
15,"1880,0719.85",3,6,AKKADIAN,IGI,IGI,[],['CANONICAL ➝ Divination ➝ Terrestrial'],,
16,"1880,0719.85",5,0,AKKADIAN,DIŠ,DIŠ,[],['CANONICAL ➝ Divination ➝ Terrestrial'],,
17,"1880,0719.85",5,1,AKKADIAN,PEŠ₂.A.ŠA₃.GA,PEŠ₂.A.ŠA₃.GA,[],['CANONICAL ➝ Divination ➝ Terrestrial'],,
18,"1880,0719.85",5,2,AKKADIAN,BABBAR,BABBAR,[],['CANONICAL ➝ Divination ➝ Terrestrial'],,
19,"1880,0719.85",5,3,AKKADIAN,ina,ina,[],['CANONICAL ➝ Divination ➝ Terrestrial'],,
20,"1880,0719.85",5,4,AKKADIAN,A.ŠA₃,A.ŠA₃,[],['CANONICAL ➝ Divination ➝ Terrestrial'],,
21,"1880,0719.85",5,5,AKKADIAN,A.GAR,A.GAR,[],['CANONICAL ➝ Divination ➝ Terrestrial'],,
22,"1880,0719.85",5,6,AKKADIAN,IGI,IGI,[],['CANONICAL ➝ Divination ➝ Terrestrial'],,
23,"1880,0719.85",5,7,AKKADIAN,a,a,[],['CANONICAL ➝ Divination ➝ Terrestrial'],,
24,"1880,0719.85",6,0,AKKADIAN,DIŠ,DIŠ,[],['CANONICAL ➝ Divination ➝ Terrestrial'],,
25,"1880,0719.85",6,3,AKKADIAN,KUN-MEŠ-šu₂,KUN-MEŠ-šu₂,[],['CANONICAL ➝ Divination ➝ Terrestrial'],,
26,"1880,0719.85",7,0,AKKADIAN,DIŠ,DIŠ,[],['CANONICAL ➝ Divination ➝ Terrestrial'],,
27,"1880,0719.85",7,3,AKKADIAN,EN,EN,[],['CANONICAL ➝ Divination ➝ Terrestrial'],,
28,"1880,0719.85",7,4,AKKADIAN,KUN-šu₂,KUN-šu₂,[],['CANONICAL ➝ Divination ➝ Terrestrial'],,
29,"1880,0719.85",7,5,AKKADIAN,ša₂,ša₂,[],['CANONICAL ➝ Divination ➝ Terrestrial'],,
30,"1880,0719.85",9,2,AKKADIAN,ina,ina,[],['CANONICAL ➝ Divination ➝ Terrestrial'],,
31,"1880,0719.85",9,3,AKKADIAN,E₂,E₂,[],['CANONICAL ➝ Divination ➝ Terrestrial'],,
32,"1880,0719.85",10,2,AKKADIAN,,,[],['CANONICAL ➝ Divination ➝ Terrestrial'],,
33,"1880,0719.85",10,3,AKKADIAN,IGI-ma,IGI-ma,[],['CANONICAL ➝ Divination ➝ Terrestrial'],,
34,"1880,0719.85",10,6,AKKADIAN,ud,ud,[],['CANONICAL ➝ Divination ➝ Terrestrial'],,
35,"1880,0719.85",12,2,AKKADIAN,GUN₃,GUN₃,[],['CANONICAL ➝ Divination ➝ Terrestrial'],,
36,"1880,0719.85",12,6,AKKADIAN,DU,DU,[],['CANONICAL ➝ Divination ➝ Terrestrial'],,
37,"1880,0719.85",14,3,AKKADIAN,BIR,BIR,[],['CANONICAL ➝ Divination ➝ Terrestrial'],,
38,"1880,0719.85",20,2,AKKADIAN,ul,ul,[],['CANONICAL ➝ Divination ➝ Terrestrial'],,
39,"1880,0719.85",21,1,AKKADIAN,a-ha-meš,a-ha-meš,[],['CANONICAL ➝ Divination ➝ Terrestrial'],,
40,"1880,0719.85",21,2,AKKADIAN,u₂-qar-rib-ma,u₂-qar-rib-ma,[],['CANONICAL ➝ Divination ➝ Terrestrial'],,
