,fragment_id,fragment_line_num,index_in_line,word_language,value,clean_value,lemma,domain,place_discovery,place_composition
0,"1880,0617.2553",1,1,AKKADIAN,ša₂,ša₂,['ša I'],see genres.json file,,
1,"1880,0617.2553",1,3,AKKADIAN,šu-me,šu-me,['šumu I'],see genres.json file,,
2,"1880,0617.2553",3,1,AKKADIAN,ša₂,ša₂,['ša I'],see genres.json file,,
3,"1880,0617.2553",3,3,AKKADIAN,šu-me,šu-me,['šumu I'],see genres.json file,,
4,"1880,0617.2553",3,4,AKKADIAN,la,la,['lā I'],see genres.json file,,
5,"1880,0617.2553",5,1,AKKADIAN,ša₂,ša₂,['ša I'],see genres.json file,,
6,"1880,0617.2553",5,3,AKKADIAN,la,la,['lā I'],see genres.json file,,
