,fragment_id,fragment_line_num,index_in_line,word_language,value,clean_value,lemma,domain,place_discovery,place_composition
0,"1879,0708.345",0,1,AKKADIAN,BE-ma,BE-ma,[],['CANONICAL ➝ Divination'],,
1,"1879,0708.345",0,2,AKKADIAN,ina,ina,[],['CANONICAL ➝ Divination'],,
2,"1879,0708.345",1,1,AKKADIAN,it-bal,it-bal,[],['CANONICAL ➝ Divination'],,
3,"1879,0708.345",1,2,AKKADIAN,URU,URU,[],['CANONICAL ➝ Divination'],,
4,"1879,0708.345",1,4,AKKADIAN,ana,ana,[],['CANONICAL ➝ Divination'],,
5,"1879,0708.345",1,5,AKKADIAN,KUR₂,KUR₂,[],['CANONICAL ➝ Divination'],,
6,"1879,0708.345",1,6,AKKADIAN,NIGIN-ur₂,NIGIN-ur₂,[],['CANONICAL ➝ Divination'],,
7,"1879,0708.345",2,2,AKKADIAN,NIG₂.GIG,NIG₂.GIG,[],['CANONICAL ➝ Divination'],,
8,"1879,0708.345",2,3,AKKADIAN,ina,ina,[],['CANONICAL ➝ Divination'],,
9,"1879,0708.345",2,4,AKKADIAN,E₂,E₂,[],['CANONICAL ➝ Divination'],,
10,"1879,0708.345",2,5,AKKADIAN,LU₂,LU₂,[],['CANONICAL ➝ Divination'],,
11,"1879,0708.345",3,2,AKKADIAN,ša₂,ša₂,['ša I'],['CANONICAL ➝ Divination'],,
12,"1879,0708.345",3,3,AKKADIAN,150,150,['šumēlu I'],['CANONICAL ➝ Divination'],,
13,"1879,0708.345",3,4,AKKADIAN,NIGIN-ur₂,NIGIN-ur₂,['sahāru I'],['CANONICAL ➝ Divination'],,
14,"1879,0708.345",4,1,AKKADIAN,15,15,['imittu I'],['CANONICAL ➝ Divination'],,
15,"1879,0708.345",4,2,AKKADIAN,GAR-at₂-ma,GAR-at₂-ma,['šakānu I'],['CANONICAL ➝ Divination'],,
16,"1879,0708.345",4,3,AKKADIAN,ki-di-it,ki-di-it,['kīdītu I'],['CANONICAL ➝ Divination'],,
17,"1879,0708.345",4,4,AKKADIAN,15,15,['imittu I'],['CANONICAL ➝ Divination'],,
18,"1879,0708.345",5,1,AKKADIAN,GAR-at₂-ma,GAR-at₂-ma,['šakānu I'],['CANONICAL ➝ Divination'],,
19,"1879,0708.345",5,2,AKKADIAN,ki-di-it,ki-di-it,['kīdītu I'],['CANONICAL ➝ Divination'],,
20,"1879,0708.345",5,3,AKKADIAN,150,150,['šumēlu I'],['CANONICAL ➝ Divination'],,
21,"1879,0708.345",6,1,AKKADIAN,BE-ma,BE-ma,[],['CANONICAL ➝ Divination'],,
22,"1879,0708.345",6,3,AKKADIAN,SIŠKUR₂,SIŠKUR₂,[],['CANONICAL ➝ Divination'],,
