,fragment_id,fragment_line_num,index_in_line,word_language,value,clean_value,lemma,domain,place_discovery,place_composition
0,"1880,0719.374",1,3,AKKADIAN,u-lu,u-lu,['ūlū I'],"['CANONICAL ➝ Divination (?)', 'CANONICAL ➝ Divination ➝ Terrestrial ➝ Šumma ālu (?)']",,
1,"1880,0719.374",1,4,AKKADIAN,ŠUB,ŠUB,[],"['CANONICAL ➝ Divination (?)', 'CANONICAL ➝ Divination ➝ Terrestrial ➝ Šumma ālu (?)']",,
2,"1880,0719.374",2,2,AKKADIAN,u-lu,u-lu,['ūlū I'],"['CANONICAL ➝ Divination (?)', 'CANONICAL ➝ Divination ➝ Terrestrial ➝ Šumma ālu (?)']",,
3,"1880,0719.374",2,3,AKKADIAN,GIŠ.UR₃-MEŠ,GIŠ.UR₃-MEŠ,[],"['CANONICAL ➝ Divination (?)', 'CANONICAL ➝ Divination ➝ Terrestrial ➝ Šumma ālu (?)']",,
4,"1880,0719.374",2,4,AKKADIAN,E₂,E₂,[],"['CANONICAL ➝ Divination (?)', 'CANONICAL ➝ Divination ➝ Terrestrial ➝ Šumma ālu (?)']",,
5,"1880,0719.374",2,5,AKKADIAN,,,[],"['CANONICAL ➝ Divination (?)', 'CANONICAL ➝ Divination ➝ Terrestrial ➝ Šumma ālu (?)']",,
6,"1880,0719.374",3,2,AKKADIAN,u-lu,u-lu,['ūlū I'],"['CANONICAL ➝ Divination (?)', 'CANONICAL ➝ Divination ➝ Terrestrial ➝ Šumma ālu (?)']",,
7,"1880,0719.374",3,3,AKKADIAN,{giš}KUN₄,{giš}KUN₄,['askuppu I'],"['CANONICAL ➝ Divination (?)', 'CANONICAL ➝ Divination ➝ Terrestrial ➝ Šumma ālu (?)']",,
8,"1880,0719.374",3,4,AKKADIAN,E₂,E₂,['bītu I'],"['CANONICAL ➝ Divination (?)', 'CANONICAL ➝ Divination ➝ Terrestrial ➝ Šumma ālu (?)']",,
9,"1880,0719.374",3,5,AKKADIAN,,,['awīlu I'],"['CANONICAL ➝ Divination (?)', 'CANONICAL ➝ Divination ➝ Terrestrial ➝ Šumma ālu (?)']",,
10,"1880,0719.374",3,6,AKKADIAN,iš-še-bir,iš-še-bir,['šebēru I'],"['CANONICAL ➝ Divination (?)', 'CANONICAL ➝ Divination ➝ Terrestrial ➝ Šumma ālu (?)']",,
11,"1880,0719.374",4,2,AKKADIAN,ANŠE,ANŠE,['imēru I'],"['CANONICAL ➝ Divination (?)', 'CANONICAL ➝ Divination ➝ Terrestrial ➝ Šumma ālu (?)']",,
12,"1880,0719.374",4,3,AKKADIAN,u-lu,u-lu,[],"['CANONICAL ➝ Divination (?)', 'CANONICAL ➝ Divination ➝ Terrestrial ➝ Šumma ālu (?)']",,
13,"1880,0719.374",4,4,AKKADIAN,ANŠE.KUR.RA,ANŠE.KUR.RA,['sisû I'],"['CANONICAL ➝ Divination (?)', 'CANONICAL ➝ Divination ➝ Terrestrial ➝ Šumma ālu (?)']",,
14,"1880,0719.374",4,5,AKKADIAN,,,['awīlu I'],"['CANONICAL ➝ Divination (?)', 'CANONICAL ➝ Divination ➝ Terrestrial ➝ Šumma ālu (?)']",,
15,"1880,0719.374",5,2,AKKADIAN,LU₂,LU₂,['awīlu I'],"['CANONICAL ➝ Divination (?)', 'CANONICAL ➝ Divination ➝ Terrestrial ➝ Šumma ālu (?)']",,
