,fragment_id,fragment_line_num,index_in_line,word_language,value,clean_value,lemma,domain,place_discovery,place_composition
0,"1880,0719.9",3,1,AKKADIAN,MU.SAR-e,MU.SAR-e,['mušarû I'],['MONUMENTAL'],,
1,"1880,0719.9",3,3,AKKADIAN,MU-šu₂,MU-šu₂,['šumu I'],['MONUMENTAL'],,
2,"1880,0719.9",4,1,AKKADIAN,{d}zar-pa-ni-tu₄,{d}zar-pa-ni-tu₄,['Zarpānītu I'],['MONUMENTAL'],,
3,"1880,0719.9",4,3,AKKADIAN,{d}taš₂-me-tu₄,{d}taš₂-me-tu₄,['Tašmetu I'],['MONUMENTAL'],,
4,"1880,0719.9",5,1,AKKADIAN,a-na,a-na,['ana I'],['MONUMENTAL'],,
5,"1880,0719.9",5,2,AKKADIAN,ni-iš,ni-iš,['nīšu I'],['MONUMENTAL'],,
6,"1880,0719.9",5,3,AKKADIAN,ŠU+MIN-šu₂,ŠU+MIN-šu₂,['qātu I'],['MONUMENTAL'],,
7,"1880,0719.9",5,5,AKKADIAN,i-zi-zu-ma,i-zi-zu-ma,[],['MONUMENTAL'],,
8,"1880,0719.9",5,6,AKKADIAN,a-a,a-a,['ai I'],['MONUMENTAL'],,
9,"1880,0719.9",6,1,AKKADIAN,li-ru-ru-šu-ma,li-ru-ru-šu-ma,['erēru I'],['MONUMENTAL'],,
10,"1880,0719.9",6,2,AKKADIAN,MU-šu,MU-šu,['šumu I'],['MONUMENTAL'],,
11,"1880,0719.9",6,4,AKKADIAN,ina,ina,['ina I'],['MONUMENTAL'],,
12,"1880,0719.9",6,5,AKKADIAN,KUR,KUR,['mātu I'],['MONUMENTAL'],,
