,fragment_id,fragment_line_num,index_in_line,word_language,value,clean_value,lemma,domain,place_discovery,place_composition
0,"1881,0204.230",1,0,AKKADIAN,4,4,[],"['CANONICAL ➝ Divination ➝ Celestial', 'CANONICAL ➝ Technical ➝ Astronomy']",,
1,"1881,0204.230",4,0,AKKADIAN,{mul}dili-bat,{mul}dili-bat,[],"['CANONICAL ➝ Divination ➝ Celestial', 'CANONICAL ➝ Technical ➝ Astronomy']",,
2,"1881,0204.230",5,0,AKKADIAN,mah-ra-tu₄,mah-ra-tu₄,[],"['CANONICAL ➝ Divination ➝ Celestial', 'CANONICAL ➝ Technical ➝ Astronomy']",,
3,"1881,0204.230",5,1,AKKADIAN,ša₂,ša₂,[],"['CANONICAL ➝ Divination ➝ Celestial', 'CANONICAL ➝ Technical ➝ Astronomy']",,
4,"1881,0204.230",6,0,AKKADIAN,2,2,[],"['CANONICAL ➝ Divination ➝ Celestial', 'CANONICAL ➝ Technical ➝ Astronomy']",,
5,"1881,0204.230",6,1,AKKADIAN,DAL.BA.AN.NA,DAL.BA.AN.NA,[],"['CANONICAL ➝ Divination ➝ Celestial', 'CANONICAL ➝ Technical ➝ Astronomy']",,
6,"1881,0204.230",8,0,AKKADIAN,{mul}MAŠ.TAB.BA.TUR.TUR,{mul}MAŠ.TAB.BA.TUR.TUR,[],"['CANONICAL ➝ Divination ➝ Celestial', 'CANONICAL ➝ Technical ➝ Astronomy']",,
7,"1881,0204.230",8,1,AKKADIAN,IGI-u₂,IGI-u₂,[],"['CANONICAL ➝ Divination ➝ Celestial', 'CANONICAL ➝ Technical ➝ Astronomy']",,
8,"1881,0204.230",9,0,AKKADIAN,3,3,[],"['CANONICAL ➝ Divination ➝ Celestial', 'CANONICAL ➝ Technical ➝ Astronomy']",,
9,"1881,0204.230",9,1,AKKADIAN,MUL-MEŠ,MUL-MEŠ,[],"['CANONICAL ➝ Divination ➝ Celestial', 'CANONICAL ➝ Technical ➝ Astronomy']",,
10,"1881,0204.230",9,2,AKKADIAN,GU,GU,[],"['CANONICAL ➝ Divination ➝ Celestial', 'CANONICAL ➝ Technical ➝ Astronomy']",,
11,"1881,0204.230",9,3,AKKADIAN,SI.SA₂,SI.SA₂,[],"['CANONICAL ➝ Divination ➝ Celestial', 'CANONICAL ➝ Technical ➝ Astronomy']",,
12,"1881,0204.230",11,0,AKKADIAN,{mul}MAŠ.TAB.BA.TUR.TUR,{mul}MAŠ.TAB.BA.TUR.TUR,[],"['CANONICAL ➝ Divination ➝ Celestial', 'CANONICAL ➝ Technical ➝ Astronomy']",,
13,"1881,0204.230",12,0,AKKADIAN,{mul}AL.LUL,{mul}AL.LUL,[],"['CANONICAL ➝ Divination ➝ Celestial', 'CANONICAL ➝ Technical ➝ Astronomy']",,
14,"1881,0204.230",12,2,AKKADIAN,he-pi₂,he-pi₂,[],"['CANONICAL ➝ Divination ➝ Celestial', 'CANONICAL ➝ Technical ➝ Astronomy']",,
15,"1881,0204.230",12,5,AKKADIAN,eš-šu₂,eš-šu₂,[],"['CANONICAL ➝ Divination ➝ Celestial', 'CANONICAL ➝ Technical ➝ Astronomy']",,
16,"1881,0204.230",13,0,AKKADIAN,{mul}MAŠ.TAB.BA.TUR.TUR,{mul}MAŠ.TAB.BA.TUR.TUR,[],"['CANONICAL ➝ Divination ➝ Celestial', 'CANONICAL ➝ Technical ➝ Astronomy']",,
17,"1881,0204.230",14,0,AKKADIAN,{mul}AL.LUL,{mul}AL.LUL,[],"['CANONICAL ➝ Divination ➝ Celestial', 'CANONICAL ➝ Technical ➝ Astronomy']",,
18,"1881,0204.230",14,1,AKKADIAN,u,u,[],"['CANONICAL ➝ Divination ➝ Celestial', 'CANONICAL ➝ Technical ➝ Astronomy']",,
19,"1881,0204.230",16,0,AKKADIAN,{mul}LUGAL,{mul}LUGAL,[],"['CANONICAL ➝ Divination ➝ Celestial', 'CANONICAL ➝ Technical ➝ Astronomy']",,
20,"1881,0204.230",16,1,AKKADIAN,MUL,MUL,[],"['CANONICAL ➝ Divination ➝ Celestial', 'CANONICAL ➝ Technical ➝ Astronomy']",,
21,"1881,0204.230",16,2,AKKADIAN,GABA,GABA,[],"['CANONICAL ➝ Divination ➝ Celestial', 'CANONICAL ➝ Technical ➝ Astronomy']",,
22,"1881,0204.230",17,0,AKKADIAN,3,3,[],"['CANONICAL ➝ Divination ➝ Celestial', 'CANONICAL ➝ Technical ➝ Astronomy']",,
23,"1881,0204.230",17,1,AKKADIAN,MUL-MEŠ,MUL-MEŠ,[],"['CANONICAL ➝ Divination ➝ Celestial', 'CANONICAL ➝ Technical ➝ Astronomy']",,
24,"1881,0204.230",23,1,AKKADIAN,u₃,u₃,[],"['CANONICAL ➝ Divination ➝ Celestial', 'CANONICAL ➝ Technical ➝ Astronomy']",,
25,"1881,0204.230",25,0,AKKADIAN,{mul}AGA,{mul}AGA,[],"['CANONICAL ➝ Divination ➝ Celestial', 'CANONICAL ➝ Technical ➝ Astronomy']",,
26,"1881,0204.230",26,1,AKKADIAN,MUL,MUL,[],"['CANONICAL ➝ Divination ➝ Celestial', 'CANONICAL ➝ Technical ➝ Astronomy']",,
27,"1881,0204.230",28,0,AKKADIAN,{mul}TI₈{mušen},{mul}TI₈{mušen},[],"['CANONICAL ➝ Divination ➝ Celestial', 'CANONICAL ➝ Technical ➝ Astronomy']",,
28,"1881,0204.230",29,1,AKKADIAN,{mul}pa-bil-sag,{mul}pa-bil-sag,[],"['CANONICAL ➝ Divination ➝ Celestial', 'CANONICAL ➝ Technical ➝ Astronomy']",,
29,"1881,0204.230",31,0,AKKADIAN,{mul}SAG,{mul}SAG,[],"['CANONICAL ➝ Divination ➝ Celestial', 'CANONICAL ➝ Technical ➝ Astronomy']",,
30,"1881,0204.230",32,1,AKKADIAN,MUL,MUL,[],"['CANONICAL ➝ Divination ➝ Celestial', 'CANONICAL ➝ Technical ➝ Astronomy']",,
31,"1881,0204.230",32,2,AKKADIAN,GIR₃,GIR₃,[],"['CANONICAL ➝ Divination ➝ Celestial', 'CANONICAL ➝ Technical ➝ Astronomy']",,
32,"1881,0204.230",33,1,AKKADIAN,4,4,[],"['CANONICAL ➝ Divination ➝ Celestial', 'CANONICAL ➝ Technical ➝ Astronomy']",,
