,fragment_id,fragment_line_num,index_in_line,word_language,value,clean_value,lemma,domain,place_discovery,place_composition
0,"1880,0719.114",1,2,AKKADIAN,DIB-iq,DIB-iq,['etēqu I'],['CANONICAL ➝ Divination ➝ Celestial'],,
1,"1880,0719.114",3,1,AKKADIAN,{mul/d}SAG.ME.GAR,{mul/d}SAG.ME.GAR,[],['CANONICAL ➝ Divination ➝ Celestial'],,
2,"1880,0719.114",3,2,AKKADIAN,ana,ana,[],['CANONICAL ➝ Divination ➝ Celestial'],,
3,"1880,0719.114",3,5,AKKADIAN,DIB-iq,DIB-iq,['etēqu I'],['CANONICAL ➝ Divination ➝ Celestial'],,
4,"1880,0719.114",5,2,AKKADIAN,DIŠ,DIŠ,[],['CANONICAL ➝ Divination ➝ Celestial'],,
5,"1880,0719.114",5,3,AKKADIAN,u₂-ru-uṭ,u₂-ru-uṭ,[],['CANONICAL ➝ Divination ➝ Celestial'],,
6,"1880,0719.114",5,5,AKKADIAN,u₂-ru-uṭ,u₂-ru-uṭ,[],['CANONICAL ➝ Divination ➝ Celestial'],,
7,"1880,0719.114",6,2,AKKADIAN,mu-uh-hu,mu-uh-hu,[],['CANONICAL ➝ Divination ➝ Celestial'],,
8,"1880,0719.114",8,2,AKKADIAN,ana,ana,['ana I'],['CANONICAL ➝ Divination ➝ Celestial'],,
9,"1880,0719.114",8,3,AKKADIAN,IGI,IGI,['pānu I'],['CANONICAL ➝ Divination ➝ Celestial'],,
10,"1880,0719.114",8,4,AKKADIAN,{mul}MAR.GID₂.DA,{mul}MAR.GID₂.DA,['Ereqqu I'],['CANONICAL ➝ Divination ➝ Celestial'],,
11,"1880,0719.114",8,5,AKKADIAN,DIB,DIB,['etēqu I'],['CANONICAL ➝ Divination ➝ Celestial'],,
12,"1880,0719.114",8,6,AKKADIAN,ina,ina,['ina I'],['CANONICAL ➝ Divination ➝ Celestial'],,
13,"1880,0719.114",8,7,AKKADIAN,KUR,KUR,['mātu I'],['CANONICAL ➝ Divination ➝ Celestial'],,
14,"1880,0719.114",8,8,AKKADIAN,URI{ki},URI{ki},['Akkad I'],['CANONICAL ➝ Divination ➝ Celestial'],,
15,"1880,0719.114",9,1,AKKADIAN,E₂,E₂,[],['CANONICAL ➝ Divination ➝ Celestial'],,
16,"1880,0719.114",9,3,AKKADIAN,ri-ik-su,ri-ik-su,['riksu I'],['CANONICAL ➝ Divination ➝ Celestial'],,
17,"1880,0719.114",10,2,AKKADIAN,GIG,GIG,['marāṣu I'],['CANONICAL ➝ Divination ➝ Celestial'],,
18,"1880,0719.114",10,3,AKKADIAN,da-a-ku,da-a-ku,['dâku I'],['CANONICAL ➝ Divination ➝ Celestial'],,
19,"1880,0719.114",10,4,AKKADIAN,{d}en.lil₂,{d}en.lil₂,['Ellil I'],['CANONICAL ➝ Divination ➝ Celestial'],,
20,"1880,0719.114",10,5,AKKADIAN,KUR,KUR,['mātu I'],['CANONICAL ➝ Divination ➝ Celestial'],,
21,"1880,0719.114",10,6,AKKADIAN,ina,ina,['ina I'],['CANONICAL ➝ Divination ➝ Celestial'],,
22,"1880,0719.114",12,2,AKKADIAN,ana,ana,['ana I'],['CANONICAL ➝ Divination ➝ Celestial'],,
23,"1880,0719.114",12,3,AKKADIAN,DAL.BA.AN.NA,DAL.BA.AN.NA,['birītu I'],['CANONICAL ➝ Divination ➝ Celestial'],,
24,"1880,0719.114",12,4,AKKADIAN,{d}šullat₂,{d}šullat₂,['Šullat I'],['CANONICAL ➝ Divination ➝ Celestial'],,
25,"1880,0719.114",12,5,AKKADIAN,u,u,['u I'],['CANONICAL ➝ Divination ➝ Celestial'],,
26,"1880,0719.114",12,6,AKKADIAN,{d}haniš₂,{d}haniš₂,['Haniš I'],['CANONICAL ➝ Divination ➝ Celestial'],,
27,"1880,0719.114",12,7,AKKADIAN,DIB-iq,DIB-iq,['etēqu I'],['CANONICAL ➝ Divination ➝ Celestial'],,
28,"1880,0719.114",13,2,AKKADIAN,{d}30,{d}30,['Sîn I'],['CANONICAL ➝ Divination ➝ Celestial'],,
29,"1880,0719.114",13,3,AKKADIAN,u,u,['u I'],['CANONICAL ➝ Divination ➝ Celestial'],,
30,"1880,0719.114",13,4,AKKADIAN,{d}UTU,{d}UTU,['Šamaš I'],['CANONICAL ➝ Divination ➝ Celestial'],,
31,"1880,0719.114",13,5,AKKADIAN,U₄.14.KAM₂,U₄.14.KAM₂,[],['CANONICAL ➝ Divination ➝ Celestial'],,
32,"1880,0719.114",13,6,AKKADIAN,ina,ina,['ina I'],['CANONICAL ➝ Divination ➝ Celestial'],,
33,"1880,0719.114",13,7,AKKADIAN,ta-mar-ti,ta-mar-ti,['tāmartu I'],['CANONICAL ➝ Divination ➝ Celestial'],,
34,"1880,0719.114",13,8,AKKADIAN,30,30,['Sîn I'],['CANONICAL ➝ Divination ➝ Celestial'],,
35,"1880,0719.114",13,10,AKKADIAN,{d}UTU,{d}UTU,[],['CANONICAL ➝ Divination ➝ Celestial'],,
36,"1880,0719.114",13,11,AKKADIAN,{d}SAG.ME.GAR,{d}SAG.ME.GAR,[],['CANONICAL ➝ Divination ➝ Celestial'],,
37,"1880,0719.114",15,2,AKKADIAN,šil-tah-hi,šil-tah-hi,['šiltāhu I'],['CANONICAL ➝ Divination ➝ Celestial'],,
38,"1880,0719.114",15,3,AKKADIAN,is-sa₃-hur,is-sa₃-hur,['sahāru I'],['CANONICAL ➝ Divination ➝ Celestial'],,
39,"1880,0719.114",17,3,AKKADIAN,E₃,E₃,[],['CANONICAL ➝ Divination ➝ Celestial'],,
40,"1880,0719.114",17,4,AKKADIAN,i-na,i-na,['ina I'],['CANONICAL ➝ Divination ➝ Celestial'],,
41,"1880,0719.114",17,5,AKKADIAN,E₃,E₃,[],['CANONICAL ➝ Divination ➝ Celestial'],,
42,"1880,0719.114",19,2,AKKADIAN,NI,NI,[],['CANONICAL ➝ Divination ➝ Celestial'],,
43,"1880,0719.114",19,3,AKKADIAN,sa-na-qu,sa-na-qu,['sanāqu I'],['CANONICAL ➝ Divination ➝ Celestial'],,
44,"1880,0719.114",19,4,AKKADIAN,U₂,U₂,[],['CANONICAL ➝ Divination ➝ Celestial'],,
