,fragment_id,fragment_line_num,index_in_line,word_language,value,clean_value,lemma,domain,place_discovery,place_composition
0,"1879,0708.168",1,1,AKKADIAN,u₂,u₂,['ū I'],['CANONICAL ➝ Literature ➝ Monologue and dialogue'],,
1,"1879,0708.168",3,2,AKKADIAN,ta-at-bu-ka,ta-at-bu-ka,['tabāku I'],['CANONICAL ➝ Literature ➝ Monologue and dialogue'],,
2,"1879,0708.168",4,1,AKKADIAN,tu-šad-gi-la,tu-šad-gi-la,['dagālu I'],['CANONICAL ➝ Literature ➝ Monologue and dialogue'],,
3,"1879,0708.168",4,2,AKKADIAN,pa-nu-u-a,pa-nu-u-a,"['pānu I', '-a I']",['CANONICAL ➝ Literature ➝ Monologue and dialogue'],,
4,"1879,0708.168",5,2,AKKADIAN,te-me-dan-ni,te-me-dan-ni,['emēdu I'],['CANONICAL ➝ Literature ➝ Monologue and dialogue'],,
5,"1879,0708.168",5,3,AKKADIAN,sur-riš,sur-riš,['surriš I'],['CANONICAL ➝ Literature ➝ Monologue and dialogue'],,
6,"1879,0708.168",6,1,AKKADIAN,na-gab,na-gab,['nagbu I'],['CANONICAL ➝ Literature ➝ Monologue and dialogue'],,
7,"1879,0708.168",6,2,AKKADIAN,GIG,GIG,[],['CANONICAL ➝ Literature ➝ Monologue and dialogue'],,
8,"1879,0708.168",6,3,AKKADIAN,mu-šam-šu-u₂,mu-šam-šu-u₂,['mušamšû I'],['CANONICAL ➝ Literature ➝ Monologue and dialogue'],,
9,"1879,0708.168",6,4,AKKADIAN,ša₂-ṭa-a-pi,ša₂-ṭa-a-pi,['šaṭāpu I'],['CANONICAL ➝ Literature ➝ Monologue and dialogue'],,
10,"1879,0708.168",7,2,AKKADIAN,pag-ri,pag-ri,['pagru I'],['CANONICAL ➝ Literature ➝ Monologue and dialogue'],,
11,"1879,0708.168",7,3,AKKADIAN,ina,ina,['ina I'],['CANONICAL ➝ Literature ➝ Monologue and dialogue'],,
12,"1879,0708.168",7,4,AKKADIAN,AN-e,AN-e,['šamû I'],['CANONICAL ➝ Literature ➝ Monologue and dialogue'],,
13,"1879,0708.168",7,5,AKKADIAN,hur-ba-šu₂,hur-ba-šu₂,['hurbāšu I'],['CANONICAL ➝ Literature ➝ Monologue and dialogue'],,
14,"1879,0708.168",8,2,AKKADIAN,KI-ti₃,KI-ti₃,['erṣetu I'],['CANONICAL ➝ Literature ➝ Monologue and dialogue'],,
15,"1879,0708.168",8,3,AKKADIAN,ir-ra-kis,ir-ra-kis,['rakāsu I'],['CANONICAL ➝ Literature ➝ Monologue and dialogue'],,
16,"1879,0708.168",8,4,AKKADIAN,UGU-ia,UGU-ia,['muhhu I'],['CANONICAL ➝ Literature ➝ Monologue and dialogue'],,
17,"1879,0708.168",9,2,AKKADIAN,ṣa-bit,ṣa-bit,['ṣabātu I'],['CANONICAL ➝ Literature ➝ Monologue and dialogue'],,
18,"1879,0708.168",9,3,AKKADIAN,na-kap-ti,na-kap-ti,['nakkaptu I'],['CANONICAL ➝ Literature ➝ Monologue and dialogue'],,
19,"1879,0708.168",9,4,AKKADIAN,ma-na-a-ni,ma-na-a-ni,[],['CANONICAL ➝ Literature ➝ Monologue and dialogue'],,
20,"1879,0708.168",9,5,AKKADIAN,ha-mu-u-te,ha-mu-u-te,[],['CANONICAL ➝ Literature ➝ Monologue and dialogue'],,
21,"1879,0708.168",10,3,AKKADIAN,ha-a-a-ab-ti,ha-a-a-ab-ti,[],['CANONICAL ➝ Literature ➝ Monologue and dialogue'],,
22,"1879,0708.168",10,4,AKKADIAN,mu-kil,mu-kil,['mukillu I'],['CANONICAL ➝ Literature ➝ Monologue and dialogue'],,
23,"1879,0708.168",10,5,AKKADIAN,qaq-qa-di,qaq-qa-di,['qaqqadu I'],['CANONICAL ➝ Literature ➝ Monologue and dialogue'],,
24,"1879,0708.168",11,1,AKKADIAN,ha-si-su-u-a,ha-si-su-u-a,['hasīsu I'],['CANONICAL ➝ Literature ➝ Monologue and dialogue'],,
25,"1879,0708.168",11,2,AKKADIAN,a-me-ra-niš,a-me-ra-niš,['āmeru I'],['CANONICAL ➝ Literature ➝ Monologue and dialogue'],,
26,"1879,0708.168",11,3,AKKADIAN,e-me,e-me,['ewû I'],['CANONICAL ➝ Literature ➝ Monologue and dialogue'],,
27,"1879,0708.168",12,3,AKKADIAN,IGI-MIN-a-a,IGI-MIN-a-a,['īnu I'],['CANONICAL ➝ Literature ➝ Monologue and dialogue'],,
28,"1879,0708.168",12,4,AKKADIAN,i-tu-ra,i-tu-ra,['târu I'],['CANONICAL ➝ Literature ➝ Monologue and dialogue'],,
29,"1879,0708.168",12,5,AKKADIAN,har-sa-ap-ni,har-sa-ap-ni,['harsapnu I'],['CANONICAL ➝ Literature ➝ Monologue and dialogue'],,
30,"1879,0708.168",13,2,AKKADIAN,a-ma-nu-u₂,a-ma-nu-u₂,['āmânû I'],['CANONICAL ➝ Literature ➝ Monologue and dialogue'],,
31,"1879,0708.168",13,3,AKKADIAN,ir-ta-ši,ir-ta-ši,['rašû I'],['CANONICAL ➝ Literature ➝ Monologue and dialogue'],,
32,"1879,0708.168",13,4,AKKADIAN,qu-u-lu,qu-u-lu,['qūlu I'],['CANONICAL ➝ Literature ➝ Monologue and dialogue'],,
33,"1879,0708.168",14,1,AKKADIAN,mut-tab-bil₂-a-ti,mut-tab-bil₂-a-ti,['muttabbiltu I'],['CANONICAL ➝ Literature ➝ Monologue and dialogue'],,
34,"1879,0708.168",14,2,AKKADIAN,il-qa-a,il-qa-a,['leqû II'],['CANONICAL ➝ Literature ➝ Monologue and dialogue'],,
35,"1879,0708.168",14,3,AKKADIAN,ku-ru-ul-lu,ku-ru-ul-lu,[],['CANONICAL ➝ Literature ➝ Monologue and dialogue'],,
36,"1879,0708.168",15,2,AKKADIAN,bir-ka-a-a,bir-ka-a-a,"['birku I', '-ya I']",['CANONICAL ➝ Literature ➝ Monologue and dialogue'],,
37,"1879,0708.168",15,3,AKKADIAN,e-ma-a,e-ma-a,['ewû I'],['CANONICAL ➝ Literature ➝ Monologue and dialogue'],,
38,"1879,0708.168",15,4,AKKADIAN,bu-ṣi-iš,bu-ṣi-iš,['būṣiš I'],['CANONICAL ➝ Literature ➝ Monologue and dialogue'],,
39,"1879,0708.168",16,7,AKKADIAN,ha-a,ha-a,[],['CANONICAL ➝ Literature ➝ Monologue and dialogue'],,
40,"1879,0708.168",16,8,AKKADIAN,UGU-ia,UGU-ia,['muhhu I'],['CANONICAL ➝ Literature ➝ Monologue and dialogue'],,
41,"1879,0708.168",20,1,AKKADIAN,lib₃-bi,lib₃-bi,['libbu I'],['CANONICAL ➝ Literature ➝ Monologue and dialogue'],,
42,"1879,0708.168",20,2,AKKADIAN,mu-bal-lu-u₂,mu-bal-lu-u₂,['belû II'],['CANONICAL ➝ Literature ➝ Monologue and dialogue'],,
43,"1879,0708.168",20,3,AKKADIAN,nap-ša₂-a-te,nap-ša₂-a-te,['napištu I'],['CANONICAL ➝ Literature ➝ Monologue and dialogue'],,
44,"1879,0708.168",21,1,AKKADIAN,li,li,[],['CANONICAL ➝ Literature ➝ Monologue and dialogue'],,
45,"1879,0708.168",21,4,AKKADIAN,i-tan-ṣu-lu,i-tan-ṣu-lu,['eṣēlu I'],['CANONICAL ➝ Literature ➝ Monologue and dialogue'],,
46,"1879,0708.168",21,5,AKKADIAN,ka-a-a-na,ka-a-a-na,['kayyānu I'],['CANONICAL ➝ Literature ➝ Monologue and dialogue'],,
47,"1879,0708.168",22,1,AKKADIAN,nu-pa-ri,nu-pa-ri,['nupāru I'],['CANONICAL ➝ Literature ➝ Monologue and dialogue'],,
48,"1879,0708.168",22,2,AKKADIAN,e-si-il,e-si-il,['esēlu I'],['CANONICAL ➝ Literature ➝ Monologue and dialogue'],,
49,"1879,0708.168",22,3,AKKADIAN,še₂₀-e-ri,še₂₀-e-ri,[],['CANONICAL ➝ Literature ➝ Monologue and dialogue'],,
50,"1879,0708.168",23,1,AKKADIAN,ku-uṣ-ṣu-ru,ku-uṣ-ṣu-ru,['kaṣāru I'],['CANONICAL ➝ Literature ➝ Monologue and dialogue'],,
51,"1879,0708.168",23,2,AKKADIAN,u₂-ru-uh-hi,u₂-ru-uh-hi,['uruhhu I'],['CANONICAL ➝ Literature ➝ Monologue and dialogue'],,
52,"1879,0708.168",23,3,AKKADIAN,be₂-e-ri,be₂-e-ri,[],['CANONICAL ➝ Literature ➝ Monologue and dialogue'],,
53,"1879,0708.168",24,1,AKKADIAN,te-ʾ-u₂-ti,te-ʾ-u₂-ti,"[""ti'ûtu I""]",['CANONICAL ➝ Literature ➝ Monologue and dialogue'],,
54,"1879,0708.168",24,2,AKKADIAN,ik-ki-bi,ik-ki-bi,['ikkibu I'],['CANONICAL ➝ Literature ➝ Monologue and dialogue'],,
55,"1879,0708.168",24,3,AKKADIAN,šak-na-at,šak-na-at,['šakānu I'],['CANONICAL ➝ Literature ➝ Monologue and dialogue'],,
56,"1879,0708.168",25,1,AKKADIAN,UGU-ia,UGU-ia,['muhhu I'],['CANONICAL ➝ Literature ➝ Monologue and dialogue'],,
57,"1879,0708.168",25,2,AKKADIAN,la-ʾ-at,la-ʾ-at,"[""la'ātu I""]",['CANONICAL ➝ Literature ➝ Monologue and dialogue'],,
58,"1879,0708.168",25,3,AKKADIAN,ku-ru-un-ni,ku-ru-un-ni,['kurunu I'],['CANONICAL ➝ Literature ➝ Monologue and dialogue'],,
59,"1879,0708.168",26,3,AKKADIAN,me-tel-li,me-tel-li,[],['CANONICAL ➝ Literature ➝ Monologue and dialogue'],,
60,"1879,0708.168",26,4,AKKADIAN,en-dak,en-dak,['emēdu I'],['CANONICAL ➝ Literature ➝ Monologue and dialogue'],,
61,"1879,0708.168",26,5,AKKADIAN,la,la,['lā I'],['CANONICAL ➝ Literature ➝ Monologue and dialogue'],,
62,"1879,0708.168",26,6,AKKADIAN,ṣa-la-lu,ṣa-la-lu,['ṣalālu I'],['CANONICAL ➝ Literature ➝ Monologue and dialogue'],,
63,"1879,0708.168",27,1,AKKADIAN,u₃,u₃,['u I'],['CANONICAL ➝ Literature ➝ Monologue and dialogue'],,
64,"1879,0708.168",27,2,AKKADIAN,ka-ta-mu,ka-ta-mu,['katāmu I'],['CANONICAL ➝ Literature ➝ Monologue and dialogue'],,
65,"1879,0708.168",27,3,AKKADIAN,i-tan-gu-šu,i-tan-gu-šu,['nagāšu I'],['CANONICAL ➝ Literature ➝ Monologue and dialogue'],,
66,"1879,0708.168",27,4,AKKADIAN,le-qa-a-ku,le-qa-a-ku,['leqû II'],['CANONICAL ➝ Literature ➝ Monologue and dialogue'],,
67,"1879,0708.168",29,1,AKKADIAN,mu-na-at-tiš₂,mu-na-at-tiš₂,['munattu I'],['CANONICAL ➝ Literature ➝ Monologue and dialogue'],,
68,"1879,0708.168",29,2,AKKADIAN,at-ta-nap-li-sa,at-ta-nap-li-sa,['palāsu I'],['CANONICAL ➝ Literature ➝ Monologue and dialogue'],,
69,"1879,0708.168",29,3,AKKADIAN,gi-lit-tu₂,gi-lit-tu₂,['gilittu I'],['CANONICAL ➝ Literature ➝ Monologue and dialogue'],,
70,"1879,0708.168",30,1,AKKADIAN,ra-ʾ-i-bi,ra-ʾ-i-bi,"[""ra'ību I""]",['CANONICAL ➝ Literature ➝ Monologue and dialogue'],,
71,"1879,0708.168",30,2,AKKADIAN,ša₂-ta-ku,ša₂-ta-ku,[],['CANONICAL ➝ Literature ➝ Monologue and dialogue'],,
72,"1879,0708.168",30,3,AKKADIAN,gu-di-iš,gu-di-iš,[],['CANONICAL ➝ Literature ➝ Monologue and dialogue'],,
73,"1879,0708.168",31,3,AKKADIAN,bir-ri-iš,bir-ri-iš,[],['CANONICAL ➝ Literature ➝ Monologue and dialogue'],,
74,"1879,0708.168",31,4,AKKADIAN,in-na-ṭal,in-na-ṭal,['naṭālu I'],['CANONICAL ➝ Literature ➝ Monologue and dialogue'],,
75,"1879,0708.168",31,5,AKKADIAN,qer-bi,qer-bi,['qerbu I'],['CANONICAL ➝ Literature ➝ Monologue and dialogue'],,
76,"1879,0708.168",32,5,AKKADIAN,ul,ul,['ul I'],['CANONICAL ➝ Literature ➝ Monologue and dialogue'],,
77,"1879,0708.168",32,6,AKKADIAN,a-šem-ma-a,a-šem-ma-a,['šemû I'],['CANONICAL ➝ Literature ➝ Monologue and dialogue'],,
78,"1879,0708.168",32,7,AKKADIAN,ri-gim,ri-gim,['rigmu I'],['CANONICAL ➝ Literature ➝ Monologue and dialogue'],,
79,"1879,0708.168",32,8,AKKADIAN,ir-ti,ir-ti,['irtu I'],['CANONICAL ➝ Literature ➝ Monologue and dialogue'],,
80,"1879,0708.168",33,5,AKKADIAN,a-nim-mu-u₂-a,a-nim-mu-u₂-a,['animû I'],['CANONICAL ➝ Literature ➝ Monologue and dialogue'],,
81,"1879,0708.168",33,6,AKKADIAN,at-ma-a,at-ma-a,['awû I'],['CANONICAL ➝ Literature ➝ Monologue and dialogue'],,
82,"1879,0708.168",33,7,AKKADIAN,ul,ul,['ul I'],['CANONICAL ➝ Literature ➝ Monologue and dialogue'],,
83,"1879,0708.168",33,8,AKKADIAN,i-di,i-di,['edû II'],['CANONICAL ➝ Literature ➝ Monologue and dialogue'],,
84,"1879,0708.168",35,4,AKKADIAN,nam-ta-ri,nam-ta-ri,['namtaru I'],['CANONICAL ➝ Literature ➝ Monologue and dialogue'],,
85,"1879,0708.168",35,5,AKKADIAN,ka-sa-a,ka-sa-a,['kasû I'],['CANONICAL ➝ Literature ➝ Monologue and dialogue'],,
86,"1879,0708.168",35,6,AKKADIAN,meš-re-e-ti,meš-re-e-ti,['mešrêtu I'],['CANONICAL ➝ Literature ➝ Monologue and dialogue'],,
87,"1879,0708.168",36,5,AKKADIAN,ka-la,ka-la,['kalû II'],['CANONICAL ➝ Literature ➝ Monologue and dialogue'],,
88,"1879,0708.168",36,6,AKKADIAN,GIG,GIG,['murṣu I'],['CANONICAL ➝ Literature ➝ Monologue and dialogue'],,
89,"1879,0708.168",36,7,AKKADIAN,e-te-me,e-te-me,['ewû I'],['CANONICAL ➝ Literature ➝ Monologue and dialogue'],,
90,"1879,0708.168",36,8,AKKADIAN,sap-pi₂-hi-iš,sap-pi₂-hi-iš,['sappihu I'],['CANONICAL ➝ Literature ➝ Monologue and dialogue'],,
91,"1879,0708.168",37,6,AKKADIAN,su-up-pu-u₂,su-up-pu-u₂,['supû I'],['CANONICAL ➝ Literature ➝ Monologue and dialogue'],,
92,"1879,0708.168",37,7,AKKADIAN,ša₂,ša₂,['ša I'],['CANONICAL ➝ Literature ➝ Monologue and dialogue'],,
93,"1879,0708.168",37,8,AKKADIAN,e-šur-an-ni,e-šur-an-ni,[],['CANONICAL ➝ Literature ➝ Monologue and dialogue'],,
94,"1879,0708.168",38,7,AKKADIAN,ik-ri-bi,ik-ri-bi,['ikribu I'],['CANONICAL ➝ Literature ➝ Monologue and dialogue'],,
95,"1879,0708.168",38,8,AKKADIAN,ša₂,ša₂,['ša I'],['CANONICAL ➝ Literature ➝ Monologue and dialogue'],,
96,"1879,0708.168",38,9,AKKADIAN,bi-ri,bi-ri,['bīru I'],['CANONICAL ➝ Literature ➝ Monologue and dialogue'],,
