,fragment_id,fragment_line_num,index_in_line,word_language,value,clean_value,lemma,domain,place_discovery,place_composition
0,"1880,0617.2434",0,3,SUMERIAN,IM.KI,IM.KI,[],"[['CANONICAL', 'School Tablet']]",,
1,"1880,0617.2434",0,5,SUMERIAN,MIN,MIN,[],"[['CANONICAL', 'School Tablet']]",,
2,"1880,0617.2434",0,9,AKKADIAN,ŠU,ŠU,[],"[['CANONICAL', 'School Tablet']]",,
3,"1880,0617.2434",1,3,SUMERIAN,IM.KI,IM.KI,[],"[['CANONICAL', 'School Tablet']]",,
4,"1880,0617.2434",1,5,SUMERIAN,MIN,MIN,[],"[['CANONICAL', 'School Tablet']]",,
5,"1880,0617.2434",1,9,AKKADIAN,ŠU,ŠU,[],"[['CANONICAL', 'School Tablet']]",,
6,"1880,0617.2434",2,3,SUMERIAN,IM.KI,IM.KI,[],"[['CANONICAL', 'School Tablet']]",,
7,"1880,0617.2434",2,5,SUMERIAN,MIN,MIN,[],"[['CANONICAL', 'School Tablet']]",,
8,"1880,0617.2434",2,9,AKKADIAN,ŠU,ŠU,[],"[['CANONICAL', 'School Tablet']]",,
9,"1880,0617.2434",3,3,SUMERIAN,IM.ŠID.RU,IM.ŠID.RU,[],"[['CANONICAL', 'School Tablet']]",,
10,"1880,0617.2434",3,5,SUMERIAN,im,im,[],"[['CANONICAL', 'School Tablet']]",,
11,"1880,0617.2434",3,7,SUMERIAN,šu-ub-ba-ku,šu-ub-ba-ku,[],"[['CANONICAL', 'School Tablet']]",,
12,"1880,0617.2434",5,3,SUMERIAN,IM.NA₄,IM.NA₄,[],"[['CANONICAL', 'School Tablet']]",,
13,"1880,0617.2434",5,5,SUMERIAN,MIN,MIN,[],"[['CANONICAL', 'School Tablet']]",,
14,"1880,0617.2434",6,3,SUMERIAN,IM.ŠU.RIN.NA,IM.ŠU.RIN.NA,[],"[['CANONICAL', 'School Tablet']]",,
15,"1880,0617.2434",6,5,SUMERIAN,MIN,MIN,[],"[['CANONICAL', 'School Tablet']]",,
16,"1880,0617.2434",6,6,SUMERIAN,šu-u₂,šu-u₂,[],"[['CANONICAL', 'School Tablet']]",,
17,"1880,0617.2434",6,8,SUMERIAN,na-nu-u₂,na-nu-u₂,[],"[['CANONICAL', 'School Tablet']]",,
