,fragment_id,fragment_line_num,index_in_line,word_language,value,clean_value,lemma,domain,place_discovery,place_composition
0,"1879,0708.127",1,1,AKKADIAN,BI,BI,[],['CANONICAL ➝ Divination ➝ Extispicy ➝ Protases in Context'],,
1,"1879,0708.127",2,1,AKKADIAN,15,15,[],['CANONICAL ➝ Divination ➝ Extispicy ➝ Protases in Context'],,
2,"1879,0708.127",3,2,AKKADIAN,15,15,[],['CANONICAL ➝ Divination ➝ Extispicy ➝ Protases in Context'],,
3,"1879,0708.127",4,0,AKKADIAN,BE,BE,[],['CANONICAL ➝ Divination ➝ Extispicy ➝ Protases in Context'],,
4,"1879,0708.127",4,1,AKKADIAN,KIMIN-ma,KIMIN-ma,[],['CANONICAL ➝ Divination ➝ Extispicy ➝ Protases in Context'],,
5,"1879,0708.127",4,2,AKKADIAN,2,2,[],['CANONICAL ➝ Divination ➝ Extispicy ➝ Protases in Context'],,
6,"1879,0708.127",4,3,AKKADIAN,TA.AM₃,TA.AM₃,[],['CANONICAL ➝ Divination ➝ Extispicy ➝ Protases in Context'],,
7,"1879,0708.127",4,4,AKKADIAN,GIR₃,GIR₃,[],['CANONICAL ➝ Divination ➝ Extispicy ➝ Protases in Context'],,
8,"1879,0708.127",4,5,AKKADIAN,15,15,[],['CANONICAL ➝ Divination ➝ Extispicy ➝ Protases in Context'],,
9,"1879,0708.127",5,0,AKKADIAN,BE,BE,[],['CANONICAL ➝ Divination ➝ Extispicy ➝ Protases in Context'],,
10,"1879,0708.127",5,1,AKKADIAN,KIMIN-ma,KIMIN-ma,[],['CANONICAL ➝ Divination ➝ Extispicy ➝ Protases in Context'],,
11,"1879,0708.127",5,2,AKKADIAN,3,3,[],['CANONICAL ➝ Divination ➝ Extispicy ➝ Protases in Context'],,
12,"1879,0708.127",5,3,AKKADIAN,TA.AM₃,TA.AM₃,[],['CANONICAL ➝ Divination ➝ Extispicy ➝ Protases in Context'],,
13,"1879,0708.127",5,4,AKKADIAN,GIR₃,GIR₃,[],['CANONICAL ➝ Divination ➝ Extispicy ➝ Protases in Context'],,
14,"1879,0708.127",5,5,AKKADIAN,15,15,[],['CANONICAL ➝ Divination ➝ Extispicy ➝ Protases in Context'],,
15,"1879,0708.127",6,0,AKKADIAN,BE,BE,[],['CANONICAL ➝ Divination ➝ Extispicy ➝ Protases in Context'],,
16,"1879,0708.127",6,1,AKKADIAN,KIMIN-ma,KIMIN-ma,[],['CANONICAL ➝ Divination ➝ Extispicy ➝ Protases in Context'],,
17,"1879,0708.127",6,2,AKKADIAN,2,2,[],['CANONICAL ➝ Divination ➝ Extispicy ➝ Protases in Context'],,
18,"1879,0708.127",6,3,AKKADIAN,TA.AM₃,TA.AM₃,[],['CANONICAL ➝ Divination ➝ Extispicy ➝ Protases in Context'],,
19,"1879,0708.127",6,4,AKKADIAN,DU₈,DU₈,[],['CANONICAL ➝ Divination ➝ Extispicy ➝ Protases in Context'],,
20,"1879,0708.127",6,5,AKKADIAN,15,15,[],['CANONICAL ➝ Divination ➝ Extispicy ➝ Protases in Context'],,
21,"1879,0708.127",7,0,AKKADIAN,BE,BE,[],['CANONICAL ➝ Divination ➝ Extispicy ➝ Protases in Context'],,
22,"1879,0708.127",7,1,AKKADIAN,KIMIN-ma,KIMIN-ma,[],['CANONICAL ➝ Divination ➝ Extispicy ➝ Protases in Context'],,
23,"1879,0708.127",7,2,AKKADIAN,3,3,[],['CANONICAL ➝ Divination ➝ Extispicy ➝ Protases in Context'],,
24,"1879,0708.127",7,3,AKKADIAN,TA.AM₃,TA.AM₃,[],['CANONICAL ➝ Divination ➝ Extispicy ➝ Protases in Context'],,
25,"1879,0708.127",7,4,AKKADIAN,DU₈,DU₈,[],['CANONICAL ➝ Divination ➝ Extispicy ➝ Protases in Context'],,
26,"1879,0708.127",7,5,AKKADIAN,15,15,[],['CANONICAL ➝ Divination ➝ Extispicy ➝ Protases in Context'],,
27,"1879,0708.127",8,0,AKKADIAN,BE,BE,[],['CANONICAL ➝ Divination ➝ Extispicy ➝ Protases in Context'],,
28,"1879,0708.127",8,1,AKKADIAN,KIMIN-ma,KIMIN-ma,[],['CANONICAL ➝ Divination ➝ Extispicy ➝ Protases in Context'],,
29,"1879,0708.127",8,2,AKKADIAN,2,2,[],['CANONICAL ➝ Divination ➝ Extispicy ➝ Protases in Context'],,
30,"1879,0708.127",8,3,AKKADIAN,TA.AM₃,TA.AM₃,[],['CANONICAL ➝ Divination ➝ Extispicy ➝ Protases in Context'],,
31,"1879,0708.127",8,4,AKKADIAN,IZI.GAR,IZI.GAR,[],['CANONICAL ➝ Divination ➝ Extispicy ➝ Protases in Context'],,
32,"1879,0708.127",9,0,AKKADIAN,BE,BE,[],['CANONICAL ➝ Divination ➝ Extispicy ➝ Protases in Context'],,
33,"1879,0708.127",9,1,AKKADIAN,KIMIN-ma,KIMIN-ma,[],['CANONICAL ➝ Divination ➝ Extispicy ➝ Protases in Context'],,
34,"1879,0708.127",9,2,AKKADIAN,3,3,[],['CANONICAL ➝ Divination ➝ Extispicy ➝ Protases in Context'],,
35,"1879,0708.127",9,3,AKKADIAN,TA.AM₃,TA.AM₃,[],['CANONICAL ➝ Divination ➝ Extispicy ➝ Protases in Context'],,
36,"1879,0708.127",9,4,AKKADIAN,IZI.GAR,IZI.GAR,[],['CANONICAL ➝ Divination ➝ Extispicy ➝ Protases in Context'],,
