,fragment_id,fragment_line_num,index_in_line,word_language,value,clean_value,lemma,domain,place_discovery,place_composition
0,"1881,0204.249",1,1,AKKADIAN,GU₇,GU₇,[],[],,
1,"1881,0204.249",2,1,AKKADIAN,u,u,[],[],,
2,"1881,0204.249",2,2,AKKADIAN,MUŠEN.HI.A,MUŠEN.HI.A,[],[],,
3,"1881,0204.249",3,1,AKKADIAN,UŠ₂,UŠ₂,[],[],,
4,"1881,0204.249",4,1,AKKADIAN,MUŠEN,MUŠEN,[],[],,
5,"1881,0204.249",4,2,AKKADIAN,SUM.HI.A,SUM.HI.A,[],[],,
6,"1881,0204.249",5,1,AKKADIAN,a,a,[],[],,
7,"1881,0204.249",6,1,AKKADIAN,iš,iš,[],[],,
8,"1881,0204.249",7,1,AKKADIAN,IGI,IGI,[],[],,
9,"1881,0204.249",8,1,AKKADIAN,GI.NA,GI.NA,[],[],,
10,"1881,0204.249",9,1,AKKADIAN,GIN-šu,GIN-šu,[],[],,
11,"1881,0204.249",10,1,AKKADIAN,BE,BE,[],[],,
12,"1881,0204.249",12,1,AKKADIAN,KUR,KUR,[],[],,
13,"1881,0204.249",13,2,AKKADIAN,DIB-bat,DIB-bat,[],[],,
14,"1881,0204.249",15,1,AKKADIAN,KUR,KUR,[],[],,
15,"1881,0204.249",15,2,AKKADIAN,GAL₂-ši,GAL₂-ši,[],[],,
16,"1881,0204.249",16,1,AKKADIAN,DIB-bat,DIB-bat,[],[],,
17,"1881,0204.249",19,1,AKKADIAN,ERIM,ERIM,[],[],,
18,"1881,0204.249",19,2,AKKADIAN,NUN,NUN,[],[],,
19,"1881,0204.249",19,3,AKKADIAN,ina,ina,[],[],,
20,"1881,0204.249",19,4,AKKADIAN,DUGUD-ša₂,DUGUD-ša₂,[],[],,
21,"1881,0204.249",19,5,AKKADIAN,ŠUB-ut,ŠUB-ut,[],[],,
22,"1881,0204.249",20,1,AKKADIAN,ina,ina,[],[],,
23,"1881,0204.249",20,2,AKKADIAN,EGIR,EGIR,[],[],,
24,"1881,0204.249",20,3,AKKADIAN,MU,MU,[],[],,
25,"1881,0204.249",20,4,AKKADIAN,AN-tam,AN-tam,[],[],,
26,"1881,0204.249",20,5,AKKADIAN,i-la-za-za,i-la-za-za,[],[],,
27,"1881,0204.249",21,1,AKKADIAN,bu-lu,bu-lu,[],[],,
28,"1881,0204.249",21,2,AKKADIAN,ina,ina,[],[],,
29,"1881,0204.249",21,3,AKKADIAN,ri-ti,ri-ti,[],[],,
30,"1881,0204.249",21,4,AKKADIAN,UR₄.UR₄-ar₂,UR₄.UR₄-ar₂,[],[],,
31,"1881,0204.249",22,2,AKKADIAN,bu-li₃,bu-li₃,[],[],,
32,"1881,0204.249",23,2,AKKADIAN,LU₂,LU₂,[],[],,
33,"1881,0204.249",23,3,AKKADIAN,ha-liq-ta-šu₂,ha-liq-ta-šu₂,[],[],,
34,"1881,0204.249",23,4,AKKADIAN,ut-ta,ut-ta,[],[],,
35,"1881,0204.249",24,2,AKKADIAN,liq,liq,[],[],,
36,"1881,0204.249",24,5,AKKADIAN,ip-pa-la-kit,ip-pa-la-kit,[],[],,
37,"1881,0204.249",25,1,AKKADIAN,ana,ana,[],[],,
38,"1881,0204.249",25,2,AKKADIAN,LU₂,LU₂,[],[],,
39,"1881,0204.249",26,2,AKKADIAN,ku-ru,ku-ru,[],[],,
40,"1881,0204.249",29,1,AKKADIAN,GAL₂-MEŠ,GAL₂-MEŠ,[],[],,
41,"1881,0204.249",33,1,AKKADIAN,BURU₅.HI.A,BURU₅.HI.A,[],[],,
42,"1881,0204.249",33,2,AKKADIAN,GU₇,GU₇,[],[],,
