,fragment_id,fragment_line_num,index_in_line,word_language,value,clean_value,lemma,domain,place_discovery,place_composition
0,"1881,0204.258",1,0,AKKADIAN,12,12,[],['CANONICAL ➝ Divination ➝ Physiognomy'],,
1,"1881,0204.258",1,1,AKKADIAN,šu-ši,šu-ši,[],['CANONICAL ➝ Divination ➝ Physiognomy'],,
2,"1881,0204.258",1,2,AKKADIAN,37.AM₃,37.AM₃,[],['CANONICAL ➝ Divination ➝ Physiognomy'],,
3,"1881,0204.258",3,1,AKKADIAN,(šu-ši),šu-ši,[],['CANONICAL ➝ Divination ➝ Physiognomy'],,
4,"1881,0204.258",3,2,AKKADIAN,15.AM₃,15.AM₃,[],['CANONICAL ➝ Divination ➝ Physiognomy'],,
5,"1881,0204.258",3,3,AKKADIAN,,,[],['CANONICAL ➝ Divination ➝ Physiognomy'],,
6,"1881,0204.258",3,4,AKKADIAN,ZAG,ZAG,[],['CANONICAL ➝ Divination ➝ Physiognomy'],,
7,"1881,0204.258",3,5,AKKADIAN,SAG.DU-šu₂,SAG.DU-šu₂,[],['CANONICAL ➝ Divination ➝ Physiognomy'],,
8,"1881,0204.258",5,0,AKKADIAN,2,2,[],['CANONICAL ➝ Divination ➝ Physiognomy'],,
9,"1881,0204.258",5,1,AKKADIAN,(šu-ši),šu-ši,[],['CANONICAL ➝ Divination ➝ Physiognomy'],,
10,"1881,0204.258",5,2,AKKADIAN,58.AM₃,58.AM₃,[],['CANONICAL ➝ Divination ➝ Physiognomy'],,
11,"1881,0204.258",5,3,AKKADIAN,ALAM.DIM₂,ALAM.DIM₂,[],['CANONICAL ➝ Divination ➝ Physiognomy'],,
12,"1881,0204.258",7,0,AKKADIAN,11,11,[],['CANONICAL ➝ Divination ➝ Physiognomy'],,
13,"1881,0204.258",7,1,AKKADIAN,41.AM₃,41.AM₃,[],['CANONICAL ➝ Divination ➝ Physiognomy'],,
14,"1881,0204.258",7,2,AKKADIAN,ALAM.DIM₂,ALAM.DIM₂,[],['CANONICAL ➝ Divination ➝ Physiognomy'],,
15,"1881,0204.258",9,0,AKKADIAN,1,1,[],['CANONICAL ➝ Divination ➝ Physiognomy'],,
16,"1881,0204.258",9,1,AKKADIAN,šu-ši,šu-ši,[],['CANONICAL ➝ Divination ➝ Physiognomy'],,
17,"1881,0204.258",11,0,AKKADIAN,46,46,[],['CANONICAL ➝ Divination ➝ Physiognomy'],,
18,"1881,0204.258",13,0,AKKADIAN,2,2,[],['CANONICAL ➝ Divination ➝ Physiognomy'],,
19,"1881,0204.258",13,1,AKKADIAN,šu-ši,šu-ši,[],['CANONICAL ➝ Divination ➝ Physiognomy'],,
20,"1881,0204.258",13,2,AKKADIAN,2.AM₃,2.AM₃,[],['CANONICAL ➝ Divination ➝ Physiognomy'],,
21,"1881,0204.258",15,0,AKKADIAN,11,11,[],['CANONICAL ➝ Divination ➝ Physiognomy'],,
22,"1881,0204.258",15,1,AKKADIAN,(šu-ši),šu-ši,[],['CANONICAL ➝ Divination ➝ Physiognomy'],,
23,"1881,0204.258",19,0,AKKADIAN,50.AM₃,50.AM₃,[],['CANONICAL ➝ Divination ➝ Physiognomy'],,
24,"1881,0204.258",19,1,AKKADIAN,GIG,GIG,[],['CANONICAL ➝ Divination ➝ Physiognomy'],,
25,"1881,0204.258",21,0,AKKADIAN,38.AM₃,38.AM₃,[],['CANONICAL ➝ Divination ➝ Physiognomy'],,
26,"1881,0204.258",26,0,AKKADIAN,3,3,[],['CANONICAL ➝ Divination ➝ Physiognomy'],,
27,"1881,0204.258",26,1,AKKADIAN,UŠ,UŠ,[],['CANONICAL ➝ Divination ➝ Physiognomy'],,
28,"1881,0204.258",28,0,AKKADIAN,12.AM₃,12.AM₃,[],['CANONICAL ➝ Divination ➝ Physiognomy'],,
29,"1881,0204.258",30,0,AKKADIAN,4,4,[],['CANONICAL ➝ Divination ➝ Physiognomy'],,
30,"1881,0204.258",30,1,AKKADIAN,šu-ši,šu-ši,[],['CANONICAL ➝ Divination ➝ Physiognomy'],,
31,"1881,0204.258",34,0,AKKADIAN,GEŠ₂.U,GEŠ₂.U,[],['CANONICAL ➝ Divination ➝ Physiognomy'],,
32,"1881,0204.258",34,1,AKKADIAN,GEŠ₂.U,GEŠ₂.U,[],['CANONICAL ➝ Divination ➝ Physiognomy'],,
33,"1881,0204.258",34,2,AKKADIAN,5,5,[],['CANONICAL ➝ Divination ➝ Physiognomy'],,
34,"1881,0204.258",36,0,AKKADIAN,8,8,[],['CANONICAL ➝ Divination ➝ Physiognomy'],,
35,"1881,0204.258",36,1,AKKADIAN,šu-ši,šu-ši,[],['CANONICAL ➝ Divination ➝ Physiognomy'],,
36,"1881,0204.258",38,0,AKKADIAN,1.25.AM₃,1.25.AM₃,[],['CANONICAL ➝ Divination ➝ Physiognomy'],,
37,"1881,0204.258",38,1,AKKADIAN,DIŠ,DIŠ,[],['CANONICAL ➝ Divination ➝ Physiognomy'],,
38,"1881,0204.258",38,2,AKKADIAN,,,[],['CANONICAL ➝ Divination ➝ Physiognomy'],,
39,"1881,0204.258",41,0,AKKADIAN,ŠU.NIGIN,ŠU.NIGIN,[],['CANONICAL ➝ Divination ➝ Physiognomy'],,
40,"1881,0204.258",41,1,AKKADIAN,GEŠ₂.U,GEŠ₂.U,[],['CANONICAL ➝ Divination ➝ Physiognomy'],,
41,"1881,0204.258",41,2,AKKADIAN,GEŠ₂.U,GEŠ₂.U,[],['CANONICAL ➝ Divination ➝ Physiognomy'],,
42,"1881,0204.258",41,3,AKKADIAN,GEŠ₂.U,GEŠ₂.U,[],['CANONICAL ➝ Divination ➝ Physiognomy'],,
43,"1881,0204.258",41,4,AKKADIAN,GEŠ₂.U,GEŠ₂.U,[],['CANONICAL ➝ Divination ➝ Physiognomy'],,
44,"1881,0204.258",41,5,AKKADIAN,8,8,[],['CANONICAL ➝ Divination ➝ Physiognomy'],,
45,"1881,0204.258",41,6,AKKADIAN,šu-ši,šu-ši,[],['CANONICAL ➝ Divination ➝ Physiognomy'],,
46,"1881,0204.258",44,2,AKKADIAN,GEŠ₂.U,GEŠ₂.U,[],['CANONICAL ➝ Divination ➝ Physiognomy'],,
47,"1881,0204.258",44,3,AKKADIAN,2.23,2.23,[],['CANONICAL ➝ Divination ➝ Physiognomy'],,
48,"1881,0204.258",44,4,AKKADIAN,u,u,[],['CANONICAL ➝ Divination ➝ Physiognomy'],,
49,"1881,0204.258",46,0,AKKADIAN,u₂-il₃-ti,u₂-il₃-ti,[],['CANONICAL ➝ Divination ➝ Physiognomy'],,
