,fragment_id,fragment_line_num,index_in_line,word_language,value,clean_value,lemma,domain,place_discovery,place_composition
0,"1880,0719.143",0,1,AKKADIAN,TA,TA,[],[],,
1,"1880,0719.143",0,2,AKKADIAN,ŠA₃,ŠA₃,[],[],,
2,"1880,0719.143",0,3,AKKADIAN,ME.NI,ME.NI,[],[],,
3,"1880,0719.143",0,4,AKKADIAN,GIŠ.HUR,GIŠ.HUR,[],[],,
4,"1880,0719.143",0,5,AKKADIAN,ana,ana,[],[],,
5,"1880,0719.143",0,6,AKKADIAN,SUHUŠ,SUHUŠ,[],[],,
6,"1880,0719.143",0,7,AKKADIAN,,,[],[],,
7,"1880,0719.143",0,8,AKKADIAN,eṣ-ret,eṣ-ret,[],[],,
8,"1880,0719.143",0,10,AKKADIAN,TA,TA,[],[],,
9,"1880,0719.143",0,11,AKKADIAN,ŠA₃,ŠA₃,[],[],,
10,"1880,0719.143",0,12,AKKADIAN,URU,URU,[],[],,
11,"1880,0719.143",2,1,AKKADIAN,TA,TA,[],[],,
12,"1880,0719.143",2,2,AKKADIAN,ŠA₃,ŠA₃,[],[],,
13,"1880,0719.143",2,3,AKKADIAN,ME.NI,ME.NI,[],[],,
14,"1880,0719.143",2,4,AKKADIAN,GIŠ.HUR,GIŠ.HUR,[],[],,
15,"1880,0719.143",2,5,AKKADIAN,ana,ana,[],[],,
16,"1880,0719.143",2,6,AKKADIAN,nap-la-si,nap-la-si,[],[],,
17,"1880,0719.143",2,8,AKKADIAN,I.{d}UTU,I.{d}UTU,[],[],,
18,"1880,0719.143",2,9,AKKADIAN,KUR,KUR,[],[],,
19,"1880,0719.143",4,1,AKKADIAN,TA,TA,[],[],,
20,"1880,0719.143",4,2,AKKADIAN,ŠA₃,ŠA₃,[],[],,
21,"1880,0719.143",4,3,AKKADIAN,ME.NI,ME.NI,[],[],,
22,"1880,0719.143",4,4,AKKADIAN,GIŠ.HUR,GIŠ.HUR,[],[],,
23,"1880,0719.143",4,5,AKKADIAN,eṣ-ret-ma,eṣ-ret-ma,[],[],,
24,"1880,0719.143",4,6,AKKADIAN,E₃-a,E₃-a,[],[],,
25,"1880,0719.143",4,8,AKKADIAN,U₅,U₅,[],[],,
26,"1880,0719.143",4,9,AKKADIAN,ANŠE,ANŠE,[],[],,
27,"1880,0719.143",6,1,AKKADIAN,UGU-nu,UGU-nu,[],[],,
28,"1880,0719.143",6,2,AKKADIAN,ME.NI,ME.NI,[],[],,
29,"1880,0719.143",6,3,AKKADIAN,GIŠ.HUR,GIŠ.HUR,[],[],,
30,"1880,0719.143",6,6,AKKADIAN,EN-šu₂,EN-šu₂,[],[],,
31,"1880,0719.143",8,1,AKKADIAN,TA,TA,[],[],,
32,"1880,0719.143",8,2,AKKADIAN,ŠA₃,ŠA₃,[],[],,
33,"1880,0719.143",8,3,AKKADIAN,ME.NI,ME.NI,[],[],,
34,"1880,0719.143",8,4,AKKADIAN,GIŠ.HUR,GIŠ.HUR,[],[],,
35,"1880,0719.143",8,5,AKKADIAN,ana,ana,[],[],,
36,"1880,0719.143",8,6,AKKADIAN,MAŠ₂,MAŠ₂,[],[],,
37,"1880,0719.143",8,7,AKKADIAN,eṣ-ret-ma,eṣ-ret-ma,[],[],,
38,"1880,0719.143",8,8,AKKADIAN,ŠA₃-ša₂,ŠA₃-ša₂,[],[],,
39,"1880,0719.143",8,9,AKKADIAN,BABBAR,BABBAR,[],[],,
40,"1880,0719.143",8,12,AKKADIAN,E₂.GAL,E₂.GAL,[],[],,
41,"1880,0719.143",10,1,AKKADIAN,ina,ina,[],[],,
42,"1880,0719.143",10,2,AKKADIAN,ŠA₃,ŠA₃,[],[],,
43,"1880,0719.143",10,3,AKKADIAN,ME.NI,ME.NI,[],[],,
44,"1880,0719.143",10,4,AKKADIAN,di-hu,di-hu,[],[],,
45,"1880,0719.143",10,5,AKKADIAN,ŠUB-di,ŠUB-di,[],[],,
46,"1880,0719.143",10,7,AKKADIAN,GE₆,GE₆,[],[],,
47,"1880,0719.143",12,1,AKKADIAN,ina,ina,[],[],,
48,"1880,0719.143",12,2,AKKADIAN,ŠA₃,ŠA₃,[],[],,
49,"1880,0719.143",12,3,AKKADIAN,ME.NI,ME.NI,[],[],,
50,"1880,0719.143",12,4,AKKADIAN,di-hu,di-hu,[],[],,
51,"1880,0719.143",12,5,AKKADIAN,ŠUB-di-ma,ŠUB-di-ma,[],[],,
52,"1880,0719.143",12,7,AKKADIAN,DUG₃-ub,DUG₃-ub,[],[],,
53,"1880,0719.143",14,1,AKKADIAN,ina,ina,[],[],,
54,"1880,0719.143",14,2,AKKADIAN,ŠA₃,ŠA₃,[],[],,
55,"1880,0719.143",14,3,AKKADIAN,ME.NI,ME.NI,[],[],,
56,"1880,0719.143",14,4,AKKADIAN,di-hu,di-hu,[],[],,
57,"1880,0719.143",14,5,AKKADIAN,ŠUB-di-ma,ŠUB-di-ma,[],[],,
58,"1880,0719.143",16,1,AKKADIAN,ina,ina,[],[],,
59,"1880,0719.143",16,2,AKKADIAN,ŠA₃,ŠA₃,[],[],,
60,"1880,0719.143",16,3,AKKADIAN,ME.NI,ME.NI,[],[],,
61,"1880,0719.143",16,4,AKKADIAN,di-hu,di-hu,[],[],,
62,"1880,0719.143",16,5,AKKADIAN,ŠUB-di-ma,ŠUB-di-ma,[],[],,
63,"1880,0719.143",16,6,AKKADIAN,SA₅,SA₅,[],[],,
64,"1880,0719.143",16,8,AKKADIAN,{d}IŠKUR,{d}IŠKUR,[],[],,
65,"1880,0719.143",18,1,AKKADIAN,ina,ina,[],[],,
66,"1880,0719.143",18,2,AKKADIAN,ŠA₃,ŠA₃,[],[],,
67,"1880,0719.143",18,3,AKKADIAN,ME.NI,ME.NI,[],[],,
68,"1880,0719.143",18,4,AKKADIAN,di-hu,di-hu,[],[],,
69,"1880,0719.143",18,5,AKKADIAN,ŠUB-di-ma,ŠUB-di-ma,[],[],,
70,"1880,0719.143",18,7,AKKADIAN,DINGIR,DINGIR,[],[],,
71,"1880,0719.143",20,1,AKKADIAN,ina,ina,[],[],,
72,"1880,0719.143",20,2,AKKADIAN,ŠA₃,ŠA₃,[],[],,
73,"1880,0719.143",20,3,AKKADIAN,ME.NI,ME.NI,[],[],,
74,"1880,0719.143",20,4,AKKADIAN,di-hu,di-hu,[],[],,
75,"1880,0719.143",20,5,AKKADIAN,ŠUB-di-ma,ŠUB-di-ma,[],[],,
76,"1880,0719.143",20,6,AKKADIAN,ina,ina,[],[],,
77,"1880,0719.143",20,7,AKKADIAN,ŠA₃-ša₂,ŠA₃-ša₂,[],[],,
78,"1880,0719.143",20,8,AKKADIAN,BABBAR,BABBAR,[],[],,
79,"1880,0719.143",20,9,AKKADIAN,GIM,GIM,[],[],,
80,"1880,0719.143",20,10,AKKADIAN,NA₄.PA,NA₄.PA,[],[],,
81,"1880,0719.143",20,12,AKKADIAN,NA₄,NA₄,[],[],,
82,"1880,0719.143",22,1,AKKADIAN,ina,ina,[],[],,
83,"1880,0719.143",22,2,AKKADIAN,ŠA₃,ŠA₃,[],[],,
84,"1880,0719.143",22,3,AKKADIAN,ME.NI,ME.NI,[],[],,
85,"1880,0719.143",22,4,AKKADIAN,di-hu,di-hu,[],[],,
86,"1880,0719.143",22,5,AKKADIAN,ina,ina,[],[],,
87,"1880,0719.143",22,6,AKKADIAN,ŠA₃,ŠA₃,[],[],,
88,"1880,0719.143",22,7,AKKADIAN,di-hu,di-hu,[],[],,
89,"1880,0719.143",22,9,AKKADIAN,ŠUR-nun,ŠUR-nun,[],[],,
90,"1880,0719.143",24,1,AKKADIAN,ina,ina,[],[],,
91,"1880,0719.143",24,2,AKKADIAN,ŠA₃,ŠA₃,[],[],,
92,"1880,0719.143",24,3,AKKADIAN,ME.NI,ME.NI,[],[],,
93,"1880,0719.143",24,4,AKKADIAN,di-hu,di-hu,[],[],,
94,"1880,0719.143",24,5,AKKADIAN,ŠUB-di-ma,ŠUB-di-ma,[],[],,
95,"1880,0719.143",24,6,AKKADIAN,LA₂-al,LA₂-al,[],[],,
96,"1880,0719.143",24,7,AKKADIAN,U₄,U₄,[],[],,
97,"1880,0719.143",24,8,AKKADIAN,ŠU₂-ma,ŠU₂-ma,[],[],,
98,"1880,0719.143",24,9,AKKADIAN,AN-u₂,AN-u₂,[],[],,
99,"1880,0719.143",24,11,AKKADIAN,ŠUR-nun,ŠUR-nun,[],[],,
100,"1880,0719.143",26,1,AKKADIAN,ina,ina,[],[],,
101,"1880,0719.143",26,2,AKKADIAN,ŠA₃,ŠA₃,[],[],,
102,"1880,0719.143",26,3,AKKADIAN,ME.NI,ME.NI,[],[],,
103,"1880,0719.143",26,4,AKKADIAN,di-hu,di-hu,[],[],,
104,"1880,0719.143",26,5,AKKADIAN,2,2,[],[],,
105,"1880,0719.143",26,6,AKKADIAN,ŠUB-MEŠ,ŠUB-MEŠ,[],[],,
106,"1880,0719.143",26,7,AKKADIAN,ILLU,ILLU,[],[],,
107,"1880,0719.143",26,8,AKKADIAN,ša₂,ša₂,[],[],,
108,"1880,0719.143",26,9,AKKADIAN,TE-am,TE-am,[],[],,
109,"1880,0719.143",26,10,AKKADIAN,tar-di-tu₂,tar-di-tu₂,[],[],,
110,"1880,0719.143",28,1,AKKADIAN,ina,ina,[],[],,
111,"1880,0719.143",28,2,AKKADIAN,ŠA₃,ŠA₃,[],[],,
112,"1880,0719.143",28,3,AKKADIAN,ME.NI,ME.NI,[],[],,
113,"1880,0719.143",28,4,AKKADIAN,di-hu,di-hu,[],[],,
114,"1880,0719.143",28,5,AKKADIAN,ŠUB-di-ma,ŠUB-di-ma,[],[],,
115,"1880,0719.143",28,6,AKKADIAN,u₂-šar-ra,u₂-šar-ra,[],[],,
116,"1880,0719.143",28,7,AKKADIAN,ILLU,ILLU,[],[],,
117,"1880,0719.143",28,8,AKKADIAN,DU-kam-ma,DU-kam-ma,[],[],,
118,"1880,0719.143",28,9,AKKADIAN,ul,ul,[],[],,
119,"1880,0719.143",28,10,AKKADIAN,i-ma-kir,i-ma-kir,[],[],,
120,"1880,0719.143",28,11,AKKADIAN,ana,ana,[],[],,
121,"1880,0719.143",28,12,AKKADIAN,EGIR-šu₂,EGIR-šu₂,[],[],,
