,fragment_id,fragment_line_num,index_in_line,word_language,value,clean_value,lemma,domain,place_discovery,place_composition
0,"1880,1112.2336",0,2,EMESAL,eš₃-mah,eš₃-mah,[],"[['CANONICAL', 'Literature', 'Lamentations']]",,
1,"1880,1112.2336",1,3,AKKADIAN,{d}MIN,{d}MIN,[],"[['CANONICAL', 'Literature', 'Lamentations']]",,
2,"1880,1112.2336",2,2,EMESAL,umun,umun,[],"[['CANONICAL', 'Literature', 'Lamentations']]",,
3,"1880,1112.2336",3,2,AKKADIAN,EN,EN,[],"[['CANONICAL', 'Literature', 'Lamentations']]",,
4,"1880,1112.2336",6,2,EMESAL,zi,zi,[],"[['CANONICAL', 'Literature', 'Lamentations']]",,
5,"1880,1112.2336",6,3,EMESAL,{d}mu-ze₂-eb-ba-sa₄-a,{d}mu-ze₂-eb-ba-sa₄-a,[],"[['CANONICAL', 'Literature', 'Lamentations']]",,
