,fragment_id,fragment_line_num,index_in_line,word_language,value,clean_value,lemma,domain,place_discovery,place_composition
0,"1880,0719.164",0,1,AKKADIAN,ŠUB-ti₃,ŠUB-ti₃,[],[],,
1,"1880,0719.164",0,2,AKKADIAN,ERIN₂-ni,ERIN₂-ni,[],[],,
2,"1880,0719.164",1,2,AKKADIAN,BUR₃,BUR₃,[],[],,
3,"1880,0719.164",1,3,AKKADIAN,ŠUB-di,ŠUB-di,[],[],,
4,"1880,0719.164",1,4,AKKADIAN,U₄-me,U₄-me,[],[],,
5,"1880,0719.164",1,5,AKKADIAN,NUN,NUN,[],[],,
6,"1880,0719.164",1,6,AKKADIAN,TIL-MEŠ,TIL-MEŠ,[],[],,
7,"1880,0719.164",2,2,AKKADIAN,ŠUB-di,ŠUB-di,[],[],,
8,"1880,0719.164",2,3,AKKADIAN,ERIN₂-ka,ERIN₂-ka,[],[],,
9,"1880,0719.164",2,4,AKKADIAN,{d}IŠKUR,{d}IŠKUR,[],[],,
10,"1880,0719.164",2,5,AKKADIAN,RA-iṣ,RA-iṣ,[],[],,
11,"1880,0719.164",3,2,AKKADIAN,i-{d}UTU,i-{d}UTU,[],[],,
12,"1880,0719.164",3,3,AKKADIAN,ŠA₃-šu₂,ŠA₃-šu₂,[],[],,
13,"1880,0719.164",3,4,AKKADIAN,NU,NU,[],[],,
14,"1880,0719.164",3,5,AKKADIAN,KUR-ad₂,KUR-ad₂,[],[],,
15,"1880,0719.164",4,1,AKKADIAN,NU,NU,[],[],,
16,"1880,0719.164",4,2,AKKADIAN,KU₃,KU₃,[],[],,
17,"1880,0719.164",4,3,AKKADIAN,SISKUR,SISKUR,[],[],,
18,"1880,0719.164",4,4,AKKADIAN,TAG-ut,TAG-ut,[],[],,
19,"1880,0719.164",5,2,AKKADIAN,up-ša₂-še-e,up-ša₂-še-e,[],[],,
20,"1880,0719.164",5,3,AKKADIAN,NUN,NUN,[],[],,
21,"1880,0719.164",5,4,AKKADIAN,DU₃-uš,DU₃-uš,[],[],,
22,"1880,0719.164",6,1,AKKADIAN,KU₄-ub,KU₄-ub,[],[],,
23,"1880,0719.164",7,2,AKKADIAN,ti,ti,[],[],,
24,"1880,0719.164",7,3,AKKADIAN,ZI-MEŠ-šu₂,ZI-MEŠ-šu₂,[],[],,
25,"1880,0719.164",8,2,AKKADIAN,BAD₃,BAD₃,[],[],,
26,"1880,0719.164",8,3,AKKADIAN,DU₃-uš,DU₃-uš,[],[],,
27,"1880,0719.164",9,2,AKKADIAN,DU₃,DU₃,[],[],,
28,"1880,0719.164",9,3,AKKADIAN,ṣu/tu₄,ṣu/tu₄,[],[],,
29,"1880,0719.164",10,2,AKKADIAN,an,an,[],[],,
30,"1880,0719.164",11,2,AKKADIAN,ti,ti,[],[],,
31,"1880,0719.164",12,2,AKKADIAN,ti,ti,[],[],,
32,"1880,0719.164",12,4,AKKADIAN,u₂,u₂,[],[],,
33,"1880,0719.164",13,1,AKKADIAN,u,u,[],[],,
34,"1880,0719.164",13,2,AKKADIAN,SUH₃,SUH₃,[],[],,
35,"1880,0719.164",14,2,AKKADIAN,BI,BI,[],[],,
36,"1880,0719.164",17,1,AKKADIAN,za/ni,za/ni,[],[],,
