,fragment_id,fragment_line_num,index_in_line,word_language,value,clean_value,lemma,domain,place_discovery,place_composition
0,"1879,0708.39",1,2,AKKADIAN,ma,ma,[],['CANONICAL ➝ Divination ➝ Celestial'],,
1,"1879,0708.39",7,1,AKKADIAN,meš₃-hu,meš₃-hu,[],['CANONICAL ➝ Divination ➝ Celestial'],,
2,"1879,0708.39",7,5,AKKADIAN,MIN,MIN,[],['CANONICAL ➝ Divination ➝ Celestial'],,
3,"1879,0708.39",7,6,AKKADIAN,{d}TIR.AN.NA,{d}TIR.AN.NA,[],['CANONICAL ➝ Divination ➝ Celestial'],,
4,"1879,0708.39",9,4,AKKADIAN,meš₃-hu,meš₃-hu,[],['CANONICAL ➝ Divination ➝ Celestial'],,
5,"1879,0708.39",9,6,AKKADIAN,A,A,[],['CANONICAL ➝ Divination ➝ Celestial'],,
6,"1879,0708.39",9,7,AKKADIAN,ik,ik,[],['CANONICAL ➝ Divination ➝ Celestial'],,
7,"1879,0708.39",9,8,AKKADIAN,ta,ta,[],['CANONICAL ➝ Divination ➝ Celestial'],,
8,"1879,0708.39",10,5,AKKADIAN,{d}IŠKUR,{d}IŠKUR,[],['CANONICAL ➝ Divination ➝ Celestial'],,
9,"1879,0708.39",11,3,AKKADIAN,{tum₉}SI.SA₂,{tum₉}SI.SA₂,[],['CANONICAL ➝ Divination ➝ Celestial'],,
10,"1879,0708.39",11,4,AKKADIAN,ana,ana,[],['CANONICAL ➝ Divination ➝ Celestial'],,
11,"1879,0708.39",13,4,AKKADIAN,na,na,[],['CANONICAL ➝ Divination ➝ Celestial'],,
12,"1879,0708.39",13,5,AKKADIAN,LAGAB,LAGAB,[],['CANONICAL ➝ Divination ➝ Celestial'],,
