,fragment_id,fragment_line_num,index_in_line,word_language,value,clean_value,lemma,domain,place_discovery,place_composition
0,"1881,0204.214",1,0,AKKADIAN,{d}UTU,{d}UTU,['Šamaš I'],"['CANONICAL ➝ Divination ➝ Extispicy', 'CANONICAL ➝ Technical ➝ Ritual texts']",,
1,"1881,0204.214",1,1,AKKADIAN,EN,EN,['bēlu I'],"['CANONICAL ➝ Divination ➝ Extispicy', 'CANONICAL ➝ Technical ➝ Ritual texts']",,
2,"1881,0204.214",1,2,AKKADIAN,di-ni₇*,di-ni₇,['dīnu I'],"['CANONICAL ➝ Divination ➝ Extispicy', 'CANONICAL ➝ Technical ➝ Ritual texts']",,
3,"1881,0204.214",1,4,AKKADIAN,EN,EN,['bēlu I'],"['CANONICAL ➝ Divination ➝ Extispicy', 'CANONICAL ➝ Technical ➝ Ritual texts']",,
4,"1881,0204.214",1,6,AKKADIAN,u₂-ṭa-ha-ku-nu-ši,u₂-ṭa-ha-ku-nu-ši,['ṭehû I'],"['CANONICAL ➝ Divination ➝ Extispicy', 'CANONICAL ➝ Technical ➝ Ritual texts']",,
5,"1881,0204.214",1,7,AKKADIAN,u₂-kar₃-rab-ku-nu-ši,u₂-kar₃-rab-ku-nu-ši,['karābu II'],"['CANONICAL ➝ Divination ➝ Extispicy', 'CANONICAL ➝ Technical ➝ Ritual texts']",,
6,"1881,0204.214",2,1,AKKADIAN,ana,ana,['ana I'],"['CANONICAL ➝ Divination ➝ Extispicy', 'CANONICAL ➝ Technical ➝ Ritual texts']",,
7,"1881,0204.214",2,2,AKKADIAN,da-a-ni,da-a-ni,['diānu I'],"['CANONICAL ➝ Divination ➝ Extispicy', 'CANONICAL ➝ Technical ➝ Ritual texts']",,
8,"1881,0204.214",2,3,AKKADIAN,ša₂,ša₂,['ša I'],"['CANONICAL ➝ Divination ➝ Extispicy', 'CANONICAL ➝ Technical ➝ Ritual texts']",,
9,"1881,0204.214",2,4,AKKADIAN,a-a-ši,a-a-ši,['yâšim I'],"['CANONICAL ➝ Divination ➝ Extispicy', 'CANONICAL ➝ Technical ➝ Ritual texts']",,
10,"1881,0204.214",2,5,AKKADIAN,IR₃-ka,IR₃-ka,['ardu I'],"['CANONICAL ➝ Divination ➝ Extispicy', 'CANONICAL ➝ Technical ➝ Ritual texts']",,
11,"1881,0204.214",2,6,AKKADIAN,DUMU,DUMU,['māru I'],"['CANONICAL ➝ Divination ➝ Extispicy', 'CANONICAL ➝ Technical ➝ Ritual texts']",,
12,"1881,0204.214",2,7,AKKADIAN,HAL,HAL,['bārû I'],"['CANONICAL ➝ Divination ➝ Extispicy', 'CANONICAL ➝ Technical ➝ Ritual texts']",,
13,"1881,0204.214",2,8,AKKADIAN,EN,EN,['bēlu I'],"['CANONICAL ➝ Divination ➝ Extispicy', 'CANONICAL ➝ Technical ➝ Ritual texts']",,
14,"1881,0204.214",2,9,AKKADIAN,UMBIN,UMBIN,['ṣupru I'],"['CANONICAL ➝ Divination ➝ Extispicy', 'CANONICAL ➝ Technical ➝ Ritual texts']",,
15,"1881,0204.214",2,10,AKKADIAN,ŠU.SI,ŠU.SI,['ubānu I'],"['CANONICAL ➝ Divination ➝ Extispicy', 'CANONICAL ➝ Technical ➝ Ritual texts']",,
16,"1881,0204.214",2,11,AKKADIAN,an-ne₂-e,an-ne₂-e,['annû I'],"['CANONICAL ➝ Divination ➝ Extispicy', 'CANONICAL ➝ Technical ➝ Ritual texts']",,
17,"1881,0204.214",3,0,AKKADIAN,EN*,EN,['bēlu I'],"['CANONICAL ➝ Divination ➝ Extispicy', 'CANONICAL ➝ Technical ➝ Ritual texts']",,
18,"1881,0204.214",3,1,AKKADIAN,di-ki,di-ki,['dīku I'],"['CANONICAL ➝ Divination ➝ Extispicy', 'CANONICAL ➝ Technical ➝ Ritual texts']",,
19,"1881,0204.214",3,2,AKKADIAN,u,u,['u I'],"['CANONICAL ➝ Divination ➝ Extispicy', 'CANONICAL ➝ Technical ➝ Ritual texts']",,
20,"1881,0204.214",3,3,AKKADIAN,SAG.DU,SAG.DU,['qaqqadu I'],"['CANONICAL ➝ Divination ➝ Extispicy', 'CANONICAL ➝ Technical ➝ Ritual texts']",,
21,"1881,0204.214",3,4,AKKADIAN,an-ne₂-e,an-ne₂-e,['annû I'],"['CANONICAL ➝ Divination ➝ Extispicy', 'CANONICAL ➝ Technical ➝ Ritual texts']",,
22,"1881,0204.214",3,5,AKKADIAN,ina,ina,['ina I'],"['CANONICAL ➝ Divination ➝ Extispicy', 'CANONICAL ➝ Technical ➝ Ritual texts']",,
23,"1881,0204.214",3,6,AKKADIAN,ma-har,ma-har,['mahru II'],"['CANONICAL ➝ Divination ➝ Extispicy', 'CANONICAL ➝ Technical ➝ Ritual texts']",,
24,"1881,0204.214",3,7,AKKADIAN,{d}UTU,{d}UTU,['Šamaš I'],"['CANONICAL ➝ Divination ➝ Extispicy', 'CANONICAL ➝ Technical ➝ Ritual texts']",,
25,"1881,0204.214",3,8,AKKADIAN,u,u,['u I'],"['CANONICAL ➝ Divination ➝ Extispicy', 'CANONICAL ➝ Technical ➝ Ritual texts']",,
26,"1881,0204.214",3,9,AKKADIAN,{d}IŠKUR,{d}IŠKUR,['Adad I'],"['CANONICAL ➝ Divination ➝ Extispicy', 'CANONICAL ➝ Technical ➝ Ritual texts']",,
27,"1881,0204.214",3,10,AKKADIAN,DINGIR-ti-ku-nu,DINGIR-ti-ku-nu,['ilūtu I'],"['CANONICAL ➝ Divination ➝ Extispicy', 'CANONICAL ➝ Technical ➝ Ritual texts']",,
28,"1881,0204.214",3,11,AKKADIAN,GAL-ti,GAL-ti,['rabû I'],"['CANONICAL ➝ Divination ➝ Extispicy', 'CANONICAL ➝ Technical ➝ Ritual texts']",,
29,"1881,0204.214",4,0,AKKADIAN,kam₂-sa-ku,kam₂-sa-ku,['kamāsu II'],"['CANONICAL ➝ Divination ➝ Extispicy', 'CANONICAL ➝ Technical ➝ Ritual texts']",,
30,"1881,0204.214",4,1,AKKADIAN,di-ni,di-ni,['dīnu I'],"['CANONICAL ➝ Divination ➝ Extispicy', 'CANONICAL ➝ Technical ➝ Ritual texts']",,
31,"1881,0204.214",4,2,AKKADIAN,li-šir,li-šir,['ešēru I'],"['CANONICAL ➝ Divination ➝ Extispicy', 'CANONICAL ➝ Technical ➝ Ritual texts']",,
32,"1881,0204.214",4,3,AKKADIAN,di-ni,di-ni,['dīnu I'],"['CANONICAL ➝ Divination ➝ Extispicy', 'CANONICAL ➝ Technical ➝ Ritual texts']",,
33,"1881,0204.214",4,4,AKKADIAN,EŠ.BAR,EŠ.BAR,['purussû I'],"['CANONICAL ➝ Divination ➝ Extispicy', 'CANONICAL ➝ Technical ➝ Ritual texts']",,
34,"1881,0204.214",4,5,AKKADIAN,li-ir-ši,li-ir-ši,['rašû I'],"['CANONICAL ➝ Divination ➝ Extispicy', 'CANONICAL ➝ Technical ➝ Ritual texts']",,
35,"1881,0204.214",4,6,AKKADIAN,ina,ina,['ina I'],"['CANONICAL ➝ Divination ➝ Extispicy', 'CANONICAL ➝ Technical ➝ Ritual texts']",,
36,"1881,0204.214",4,7,AKKADIAN,di-ni-MU,di-ni-MU,['dīnu I'],"['CANONICAL ➝ Divination ➝ Extispicy', 'CANONICAL ➝ Technical ➝ Ritual texts']",,
37,"1881,0204.214",4,8,AKKADIAN,{d}UTU,{d}UTU,['Šamaš I'],"['CANONICAL ➝ Divination ➝ Extispicy', 'CANONICAL ➝ Technical ➝ Ritual texts']",,
38,"1881,0204.214",4,9,AKKADIAN,u,u,['u I'],"['CANONICAL ➝ Divination ➝ Extispicy', 'CANONICAL ➝ Technical ➝ Ritual texts']",,
39,"1881,0204.214",4,10,AKKADIAN,{d}IŠKUR,{d}IŠKUR,['Adad I'],"['CANONICAL ➝ Divination ➝ Extispicy', 'CANONICAL ➝ Technical ➝ Ritual texts']",,
40,"1881,0204.214",5,0,AKKADIAN,DINGIR-ti-ku-nu,DINGIR-ti-ku-nu,['ilūtu I'],"['CANONICAL ➝ Divination ➝ Extispicy', 'CANONICAL ➝ Technical ➝ Ritual texts']",,
41,"1881,0204.214",5,1,AKKADIAN,GAL-ti,GAL-ti,['rabû I'],"['CANONICAL ➝ Divination ➝ Extispicy', 'CANONICAL ➝ Technical ➝ Ritual texts']",,
42,"1881,0204.214",5,2,AKKADIAN,li-iz-ziz,li-iz-ziz,['izuzzu I'],"['CANONICAL ➝ Divination ➝ Extispicy', 'CANONICAL ➝ Technical ➝ Ritual texts']",,
43,"1881,0204.214",5,3,AKKADIAN,ina,ina,['ina I'],"['CANONICAL ➝ Divination ➝ Extispicy', 'CANONICAL ➝ Technical ➝ Ritual texts']",,
44,"1881,0204.214",5,4,AKKADIAN,u₄-mi,u₄-mi,['ūmu I'],"['CANONICAL ➝ Divination ➝ Extispicy', 'CANONICAL ➝ Technical ➝ Ritual texts']",,
45,"1881,0204.214",5,5,AKKADIAN,an-ne₂-e,an-ne₂-e,['annû I'],"['CANONICAL ➝ Divination ➝ Extispicy', 'CANONICAL ➝ Technical ➝ Ritual texts']",,
46,"1881,0204.214",5,6,AKKADIAN,DINGIR-MU,DINGIR-MU,['ilu I'],"['CANONICAL ➝ Divination ➝ Extispicy', 'CANONICAL ➝ Technical ➝ Ritual texts']",,
47,"1881,0204.214",5,7,AKKADIAN,{d}iš₈-tar₂-MU,{d}iš₈-tar₂-MU,['ištaru I'],"['CANONICAL ➝ Divination ➝ Extispicy', 'CANONICAL ➝ Technical ➝ Ritual texts']",,
48,"1881,0204.214",6,2,AKKADIAN,ša₂,ša₂,['ša I'],"['CANONICAL ➝ Divination ➝ Extispicy', 'CANONICAL ➝ Technical ➝ Ritual texts']",,
49,"1881,0204.214",6,3,AKKADIAN,ina-an-na,ina-an-na,['inanna I'],"['CANONICAL ➝ Divination ➝ Extispicy', 'CANONICAL ➝ Technical ➝ Ritual texts']",,
50,"1881,0204.214",6,4,AKKADIAN,ina,ina,['ina I'],"['CANONICAL ➝ Divination ➝ Extispicy', 'CANONICAL ➝ Technical ➝ Ritual texts']",,
51,"1881,0204.214",6,5,AKKADIAN,ma-har,ma-har,['mahru II'],"['CANONICAL ➝ Divination ➝ Extispicy', 'CANONICAL ➝ Technical ➝ Ritual texts']",,
52,"1881,0204.214",6,6,AKKADIAN,{d}UTU,{d}UTU,['Šamaš I'],"['CANONICAL ➝ Divination ➝ Extispicy', 'CANONICAL ➝ Technical ➝ Ritual texts']",,
53,"1881,0204.214",6,7,AKKADIAN,u,u,['u I'],"['CANONICAL ➝ Divination ➝ Extispicy', 'CANONICAL ➝ Technical ➝ Ritual texts']",,
54,"1881,0204.214",6,8,AKKADIAN,{d}IŠKUR,{d}IŠKUR,['Adad I'],"['CANONICAL ➝ Divination ➝ Extispicy', 'CANONICAL ➝ Technical ➝ Ritual texts']",,
55,"1881,0204.214",7,5,AKKADIAN,ana,ana,['ana I'],"['CANONICAL ➝ Divination ➝ Extispicy', 'CANONICAL ➝ Technical ➝ Ritual texts']",,
56,"1881,0204.214",7,6,AKKADIAN,qa-ra-bi,qa-ra-bi,[],"['CANONICAL ➝ Divination ➝ Extispicy', 'CANONICAL ➝ Technical ➝ Ritual texts']",,
57,"1881,0204.214",7,7,AKKADIAN,bi-ru,bi-ru,['bīru I'],"['CANONICAL ➝ Divination ➝ Extispicy', 'CANONICAL ➝ Technical ➝ Ritual texts']",,
58,"1881,0204.214",7,8,AKKADIAN,ana,ana,['ana I'],"['CANONICAL ➝ Divination ➝ Extispicy', 'CANONICAL ➝ Technical ➝ Ritual texts']",,
59,"1881,0204.214",7,9,AKKADIAN,bi-ri,bi-ri,[],"['CANONICAL ➝ Divination ➝ Extispicy', 'CANONICAL ➝ Technical ➝ Ritual texts']",,
60,"1881,0204.214",8,2,AKKADIAN,pal-hu-u₂-ni,pal-hu-u₂-ni,['palāhu I'],"['CANONICAL ➝ Divination ➝ Extispicy', 'CANONICAL ➝ Technical ➝ Ritual texts']",,
61,"1881,0204.214",8,3,AKKADIAN,ša₂-du-ru-ni,ša₂-du-ru-ni,[],"['CANONICAL ➝ Divination ➝ Extispicy', 'CANONICAL ➝ Technical ➝ Ritual texts']",,
62,"1881,0204.214",9,2,AKKADIAN,u₂-ka-nu-ni,u₂-ka-nu-ni,[],"['CANONICAL ➝ Divination ➝ Extispicy', 'CANONICAL ➝ Technical ➝ Ritual texts']",,
63,"1881,0204.214",10,1,AKKADIAN,u,u,['u I'],"['CANONICAL ➝ Divination ➝ Extispicy', 'CANONICAL ➝ Technical ➝ Ritual texts']",,
64,"1881,0204.214",10,2,AKKADIAN,{d}iš₈-tar₂,{d}iš₈-tar₂,['ištaru I'],"['CANONICAL ➝ Divination ➝ Extispicy', 'CANONICAL ➝ Technical ➝ Ritual texts']",,
65,"1881,0204.214",10,3,AKKADIAN,ina,ina,['ina I'],"['CANONICAL ➝ Divination ➝ Extispicy', 'CANONICAL ➝ Technical ➝ Ritual texts']",,
66,"1881,0204.214",10,4,AKKADIAN,{d}UTU,{d}UTU,['Šamaš I'],"['CANONICAL ➝ Divination ➝ Extispicy', 'CANONICAL ➝ Technical ➝ Ritual texts']",,
67,"1881,0204.214",10,5,AKKADIAN,u₄-mi,u₄-mi,['ūmu I'],"['CANONICAL ➝ Divination ➝ Extispicy', 'CANONICAL ➝ Technical ➝ Ritual texts']",,
68,"1881,0204.214",10,6,AKKADIAN,an-ne₂-e,an-ne₂-e,['annû I'],"['CANONICAL ➝ Divination ➝ Extispicy', 'CANONICAL ➝ Technical ➝ Ritual texts']",,
69,"1881,0204.214",11,2,AKKADIAN,EN-MEŠ,EN-MEŠ,['bēlu I'],"['CANONICAL ➝ Divination ➝ Extispicy', 'CANONICAL ➝ Technical ➝ Ritual texts']",,
