,fragment_id,fragment_line_num,index_in_line,word_language,value,clean_value,lemma,domain,place_discovery,place_composition
0,"1879,0708.348",0,3,AKKADIAN,ba,ba,[],['CANONICAL ➝ Magic'],,
1,"1879,0708.348",1,0,AKKADIAN,u,u,[],['CANONICAL ➝ Magic'],,
2,"1879,0708.348",1,1,AKKADIAN,pal-gu,pal-gu,[],['CANONICAL ➝ Magic'],,
3,"1879,0708.348",2,0,AKKADIAN,ana-ku,ana-ku,['anāku I'],['CANONICAL ➝ Magic'],,
4,"1879,0708.348",2,1,AKKADIAN,NENNI,NENNI,['annanna I'],['CANONICAL ➝ Magic'],,
5,"1879,0708.348",2,2,AKKADIAN,A,A,['māru I'],['CANONICAL ➝ Magic'],,
6,"1879,0708.348",2,3,AKKADIAN,NENNI,NENNI,['annanna I'],['CANONICAL ➝ Magic'],,
7,"1879,0708.348",3,0,AKKADIAN,ina,ina,['ina I'],['CANONICAL ➝ Magic'],,
8,"1879,0708.348",3,1,AKKADIAN,GIG-MEŠ-ma,GIG-MEŠ-ma,[],['CANONICAL ➝ Magic'],,
9,"1879,0708.348",4,0,AKKADIAN,GAŠAN,GAŠAN,['bēltu I'],['CANONICAL ➝ Magic'],,
10,"1879,0708.348",4,1,AKKADIAN,be-let,be-let,['bēltu I'],['CANONICAL ➝ Magic'],,
11,"1879,0708.348",5,0,AKKADIAN,ina,ina,['ina I'],['CANONICAL ➝ Magic'],,
12,"1879,0708.348",6,0,AKKADIAN,u,u,[],['CANONICAL ➝ Magic'],,
