,fragment_id,fragment_line_num,index_in_line,word_language,value,clean_value,lemma,domain,place_discovery,place_composition
0,"1880,0719.281",2,1,AKKADIAN,a-šar,a-šar,['ašru III'],[],,
1,"1880,0719.281",3,1,SUMERIAN,gu₄-ud,gu₄-ud,[],[],,
2,"1880,0719.281",3,2,SUMERIAN,gu₄-ud,gu₄-ud,[],[],,
3,"1880,0719.281",4,1,AKKADIAN,qar-ra-di,qar-ra-di,['qarrādu I'],[],,
4,"1880,0719.281",5,1,SUMERIAN,gir₂,gir₂,[],[],,
5,"1880,0719.281",6,1,AKKADIAN,ina,ina,['ina I'],[],,
6,"1880,0719.281",6,2,AKKADIAN,pat-ri,pat-ri,['patru I'],[],,
7,"1880,0719.281",6,3,AKKADIAN,pa-tar-ri,pa-tar-ri,['patarru I'],[],,
8,"1880,0719.281",7,1,SUMERIAN,lu₂,lu₂,[],[],,
9,"1880,0719.281",7,2,SUMERIAN,zag,zag,[],[],,
10,"1880,0719.281",7,3,SUMERIAN,gir₂,gir₂,[],[],,
11,"1880,0719.281",7,4,SUMERIAN,i₃-la₂-a-eš-am₃,i₃-la₂-a-eš-am₃,[],[],,
12,"1880,0719.281",7,5,SUMERIAN,{d}inanna,{d}inanna,[],[],,
13,"1880,0719.281",8,1,AKKADIAN,lap-ta-an,lap-ta-an,['laptānu I'],[],,
14,"1880,0719.281",8,2,AKKADIAN,kak-ka,kak-ka,['kakku I'],[],,
15,"1880,0719.281",9,1,SUMERIAN,ur-šu-zi-ga,ur-šu-zi-ga,[],[],,
16,"1880,0719.281",10,1,AKKADIAN,la-bu,la-bu,['lābu I'],[],,
17,"1880,0719.281",10,2,AKKADIAN,na-ad-ru-tu₄,na-ad-ru-tu₄,['nadru I'],[],,
18,"1880,0719.281",11,1,SUMERIAN,sahar,sahar,[],[],,
19,"1880,0719.281",11,2,SUMERIAN,hub₂,hub₂,[],[],,
20,"1880,0719.281",11,3,SUMERIAN,didli-bi,didli-bi,[],[],,
21,"1880,0719.281",11,4,SUMERIAN,i₃-suh₃-suh₃,i₃-suh₃-suh₃,[],[],,
22,"1880,0719.281",11,5,SUMERIAN,gaba,gaba,[],[],,
23,"1880,0719.281",11,6,SUMERIAN,i/ad/ze₂,i/ad/ze₂,[],[],,
24,"1880,0719.281",12,1,AKKADIAN,ina,ina,['ina I'],[],,
25,"1880,0719.281",12,2,AKKADIAN,tu-ur-bu-uʾ,tu-ur-bu-uʾ,"[""tarbu'u I""]",[],,
26,"1880,0719.281",12,3,AKKADIAN,li-is-me-šu₂-nu,li-is-me-šu₂-nu,"['lismu I', '-šunu I']",[],,
27,"1880,0719.281",13,1,SUMERIAN,{+u-uh}gir₂-gal,{+u-uh}gir₂-gal,[],[],,
28,"1880,0719.281",13,2,SUMERIAN,nam-munus,nam-munus,[],[],,
29,"1880,0719.281",13,3,SUMERIAN,a₂-kar₂,a₂-kar₂,[],[],,
30,"1880,0719.281",13,4,SUMERIAN,tukul,tukul,[],[],,
31,"1880,0719.281",14,1,AKKADIAN,te-li-tu₄,te-li-tu₄,['telītu I'],[],,
32,"1880,0719.281",14,2,AKKADIAN,u₂-nu-ut,u₂-nu-ut,['unūtu I'],[],,
33,"1880,0719.281",15,1,SUMERIAN,{d}inanna,{d}inanna,[],[],,
34,"1880,0719.281",15,2,SUMERIAN,eš₂,eš₂,[],[],,
35,"1880,0719.281",15,3,SUMERIAN,mug-zu-gin₇,mug-zu-gin₇,[],[],,
36,"1880,0719.281",15,4,SUMERIAN,a₂-sag₃,a₂-sag₃,[],[],,
37,"1880,0719.281",15,5,SUMERIAN,lu₂,lu₂,[],[],,
38,"1880,0719.281",16,1,AKKADIAN,{d}iš-tar,{d}iš-tar,['ištaru I'],[],,
39,"1880,0719.281",16,2,AKKADIAN,GIM,GIM,['kīma I'],[],,
40,"1880,0719.281",16,3,AKKADIAN,e-bel,e-bel,['eblu I'],[],,
41,"1880,0719.281",17,1,SUMERIAN,u₃,u₃,[],[],,
42,"1880,0719.281",17,2,SUMERIAN,{giš}bal-gin₇,{giš}bal-gin₇,[],[],,
43,"1880,0719.281",17,3,SUMERIAN,a₂-dam,a₂-dam,[],[],,
44,"1880,0719.281",18,1,AKKADIAN,ki-i,ki-i,['kī I'],[],,
45,"1880,0719.281",18,2,AKKADIAN,pi-lak-ki,pi-lak-ki,['pilaqqu I'],[],,
46,"1880,0719.281",18,3,AKKADIAN,ṣa-i-da-at,ṣa-i-da-at,"[""ṣā'idu I""]",[],,
47,"1880,0719.281",19,2,SUMERIAN,sig-ga-gin₇,sig-ga-gin₇,[],[],,
48,"1880,0719.281",19,3,SUMERIAN,{d}in-nin,{d}in-nin,[],[],,
49,"1880,0719.281",20,1,AKKADIAN,ki-ma,ki-ma,['kīma I'],[],,
50,"1880,0719.281",20,2,AKKADIAN,na-di-i,na-di-i,['nadû I'],[],,
51,"1880,0719.281",20,3,AKKADIAN,kan-ni,kan-ni,['kannu II'],[],,
52,"1880,0719.281",20,4,AKKADIAN,{d}MIN,{d}MIN,['Nammu I'],[],,
53,"1880,0719.281",20,5,AKKADIAN,ana,ana,['ana I'],[],,
54,"1880,0719.281",21,2,SUMERIAN,nig₂-a₂-zi-bi,nig₂-a₂-zi-bi,[],[],,
55,"1880,0719.281",22,1,AKKADIAN,ana,ana,['ana I'],[],,
56,"1880,0719.281",22,2,AKKADIAN,rag-gi,rag-gi,['raggu I'],[],,
57,"1880,0719.281",22,3,AKKADIAN,u₃,u₃,['u I'],[],,
58,"1880,0719.281",22,4,AKKADIAN,ṣe-e-ni,ṣe-e-ni,['ṣēnu III'],[],,
59,"1880,0719.281",23,3,SUMERIAN,gu-gin₇,gu-gin₇,[],[],,
60,"1880,0719.281",23,4,SUMERIAN,si-sa₂-bi,si-sa₂-bi,[],[],,
61,"1880,0719.281",23,5,SUMERIAN,giš-gid₂-da,giš-gid₂-da,[],[],,
62,"1880,0719.281",23,6,SUMERIAN,sig₅,sig₅,[],[],,
63,"1880,0719.281",24,8,AKKADIAN,a-rik-tu₄,a-rik-tu₄,[],[],,
64,"1880,0719.281",29,1,AKKADIAN,pi-i,pi-i,['pû I'],[],,
65,"1880,0719.281",29,2,AKKADIAN,ka-ra-ši,ka-ra-ši,['karāšu I'],[],,
66,"1880,0719.281",30,2,SUMERIAN,{d}+suen-na,{d}+suen-na,[],[],,
67,"1880,0719.281",30,3,SUMERIAN,a₂-tab-zu,a₂-tab-zu,[],[],,
68,"1880,0719.281",30,4,SUMERIAN,giš,giš,[],[],,
69,"1880,0719.281",31,2,AKKADIAN,{d}30,{d}30,['Sîn I'],[],,
70,"1880,0719.281",31,3,AKKADIAN,i-da-ki,i-da-ki,['idu I'],[],,
71,"1880,0719.281",31,4,AKKADIAN,ki-ma,ki-ma,['kīma I'],[],,
72,"1880,0719.281",32,2,SUMERIAN,bulug-gin₇,bulug-gin₇,[],[],,
73,"1880,0719.281",32,3,SUMERIAN,gir₂,gir₂,[],[],,
74,"1880,0719.281",33,1,AKKADIAN,{d}MIN,{d}MIN,['Nammu I'],[],,
75,"1880,0719.281",33,2,AKKADIAN,GIM,GIM,['kīma I'],[],,
76,"1880,0719.281",33,3,AKKADIAN,pal-lu-uk-ki,pal-lu-uk-ki,['pallukku I'],[],,
77,"1880,0719.281",34,2,SUMERIAN,{giš}tir-ra,{giš}tir-ra,[],[],,
78,"1880,0719.281",34,3,SUMERIAN,šudum-gin₇,šudum-gin₇,[],[],,
79,"1880,0719.281",35,1,AKKADIAN,ṣi-ṣi-it-ka,ṣi-ṣi-it-ka,['ṣīṣītu I'],[],,
80,"1880,0719.281",35,2,AKKADIAN,qa₂-aš₂-tu₄,qa₂-aš₂-tu₄,['qištu I'],[],,
81,"1880,0719.281",35,3,AKKADIAN,šer₂-a-na,šer₂-a-na,"[""šer'ānu I""]",[],,
82,"1880,0719.281",36,1,SUMERIAN,{giš}gag-har,{giš}gag-har,[],[],,
83,"1880,0719.281",36,2,SUMERIAN,ša₃-ga,ša₃-ga,[],[],,
84,"1880,0719.281",36,3,SUMERIAN,an-da-ab-la₂-am₃,an-da-ab-la₂-am₃,[],[],,
85,"1880,0719.281",37,1,AKKADIAN,u₂-ṣu,u₂-ṣu,['ūṣu I'],[],,
86,"1880,0719.281",37,2,AKKADIAN,mu-šaq-qir,mu-šaq-qir,['šaqāru I'],[],,
87,"1880,0719.281",37,3,AKKADIAN,lib₃-bi,lib₃-bi,['libbu I'],[],,
88,"1880,0719.281",37,4,AKKADIAN,u,u,['u I'],[],,
89,"1880,0719.281",37,6,AKKADIAN,ki-i,ki-i,['kī I'],[],,
90,"1880,0719.281",37,7,AKKADIAN,u₂-ki-i,u₂-ki-i,['ukû I'],[],,
91,"1880,0719.281",38,1,SUMERIAN,{d}+inanna,{d}+inanna,[],[],,
92,"1880,0719.281",38,2,SUMERIAN,ti-suh₃,ti-suh₃,[],[],,
93,"1880,0719.281",38,3,SUMERIAN,giš-giš-la₂,giš-giš-la₂,[],[],,
94,"1880,0719.281",39,1,AKKADIAN,{d}iš-tar,{d}iš-tar,['ištaru I'],[],,
95,"1880,0719.281",39,2,AKKADIAN,a-na-an-ta,a-na-an-ta,['anantu I'],[],,
96,"1880,0719.281",39,3,AKKADIAN,u,u,['u I'],[],,
97,"1880,0719.281",39,5,AKKADIAN,ki-ma,ki-ma,['kīma I'],[],,
98,"1880,0719.281",39,6,AKKADIAN,kip-pe-e,kip-pe-e,['keppû I'],[],,
99,"1880,0719.281",40,1,SUMERIAN,{giš}nigin₂,{giš}nigin₂,[],[],,
100,"1880,0719.281",40,2,SUMERIAN,{giš!}gag-a-gin₇,{giš}gag-a-gin₇,[],[],,
101,"1880,0719.281",40,3,SUMERIAN,nin,nin,[],[],,
102,"1880,0719.281",40,4,SUMERIAN,me₃,me₃,[],[],,
103,"1880,0719.281",41,1,AKKADIAN,GIM,GIM,['kīma I'],[],,
104,"1880,0719.281",41,2,AKKADIAN,pu-uk-ki,pu-uk-ki,['pukku I'],[],,
105,"1880,0719.281",41,3,AKKADIAN,u,u,['u I'],[],,
106,"1880,0719.281",41,5,AKKADIAN,be-let,be-let,['bēltu I'],[],,
107,"1880,0719.281",41,6,AKKADIAN,ta-ha-zi,ta-ha-zi,['tāhāzu I'],[],,
108,"1880,0719.281",42,1,SUMERIAN,amalu,amalu,[],[],,
109,"1880,0719.281",42,2,SUMERIAN,a-da-min₃-na,a-da-min₃-na,[],[],,
110,"1880,0719.281",42,3,SUMERIAN,bi-za,bi-za,[],[],,
111,"1880,0719.281",42,5,SUMERIAN,tag-ga-gin₇,tag-ga-gin₇,[],[],,
112,"1880,0719.281",42,6,SUMERIAN,šen-šen-na,šen-šen-na,[],[],,
113,"1880,0719.281",43,1,AKKADIAN,i-lat,i-lat,['iltu I'],[],,
114,"1880,0719.281",43,2,AKKADIAN,te-ṣe-ti,te-ṣe-ti,['tēṣētu I'],[],,
115,"1880,0719.281",43,4,AKKADIAN,me-lul-ti,me-lul-ti,['mēlultu I'],[],,
116,"1880,0719.281",43,5,AKKADIAN,pa-as-si,pa-as-si,['passu I'],[],,
117,"1880,0719.281",43,6,AKKADIAN,re-de-e,re-de-e,['rēdû I'],[],,
118,"1880,0719.281",44,1,SUMERIAN,{d}in-nin,{d}in-nin,[],[],,
119,"1880,0719.281",44,2,SUMERIAN,ki,ki,[],[],,
120,"1880,0719.281",44,3,SUMERIAN,{giš}tukul,{giš}tukul,[],[],,
121,"1880,0719.281",44,5,SUMERIAN,zi-in-gi,zi-in-gi,[],[],,
122,"1880,0719.281",44,6,SUMERIAN,ra-ra-da-gin₇,ra-ra-da-gin₇,[],[],,
123,"1880,0719.281",44,7,SUMERIAN,igi,igi,[],[],,
124,"1880,0719.281",44,8,SUMERIAN,suh₃-sah₄,suh₃-sah₄,[],[],,
125,"1880,0719.281",45,1,AKKADIAN,{d}MIN,{d}MIN,['Nammu I'],[],,
126,"1880,0719.281",45,2,AKKADIAN,a-šar,a-šar,['ašru III'],[],,
127,"1880,0719.281",45,4,AKKADIAN,kak-ki,kak-ki,['kakku I'],[],,
128,"1880,0719.281",45,5,AKKADIAN,u,u,['u I'],[],,
129,"1880,0719.281",45,6,AKKADIAN,dab₂-de-e,dab₂-de-e,['dabdû I'],[],,
130,"1880,0719.281",45,7,AKKADIAN,ki-ma,ki-ma,['kīma I'],[],,
131,"1880,0719.281",45,8,AKKADIAN,ki-ṣal-la,ki-ṣal-la,['kiṣallu I'],[],,
132,"1880,0719.281",45,9,AKKADIAN,me₂-li-li,me₂-li-li,['mēlulu I'],[],,
