,fragment_id,fragment_line_num,index_in_line,word_language,value,clean_value,lemma,domain,place_discovery,place_composition
0,"1880,0719.107",3,1,AKKADIAN,ša₂-a-ra,ša₂-a-ra,['šāru I'],['CANONICAL ➝ Magic ➝ Exorcistic ➝ Muššuʾu'],,
1,"1880,0719.107",3,2,AKKADIAN,mim-ma,mim-ma,[],['CANONICAL ➝ Magic ➝ Exorcistic ➝ Muššuʾu'],,
2,"1880,0719.107",5,3,SUMERIAN,ha-ba-ra-an-zi-zi,ha-ba-ra-an-zi-zi,[],['CANONICAL ➝ Magic ➝ Exorcistic ➝ Muššuʾu'],,
3,"1880,0719.107",6,2,AKKADIAN,ra-ba-a-ti,ra-ba-a-ti,['rabû I'],['CANONICAL ➝ Magic ➝ Exorcistic ➝ Muššuʾu'],,
4,"1880,0719.107",6,3,AKKADIAN,li-is-suh-šu₂,li-is-suh-šu₂,['nasāhu I'],['CANONICAL ➝ Magic ➝ Exorcistic ➝ Muššuʾu'],,
5,"1880,0719.107",8,3,SUMERIAN,he₂-em-ma-ab-ur₃-re-eš,he₂-em-ma-ab-ur₃-re-eš,[],['CANONICAL ➝ Magic ➝ Exorcistic ➝ Muššuʾu'],,
6,"1880,0719.107",9,3,AKKADIAN,li-maš-šid-su,li-maš-šid-su,['mašādu I'],['CANONICAL ➝ Magic ➝ Exorcistic ➝ Muššuʾu'],,
7,"1880,0719.107",11,2,SUMERIAN,pa,pa,[],['CANONICAL ➝ Magic ➝ Exorcistic ➝ Muššuʾu'],,
8,"1880,0719.107",11,3,SUMERIAN,he₂-e₃-a-ke₄,he₂-e₃-a-ke₄,[],['CANONICAL ➝ Magic ➝ Exorcistic ➝ Muššuʾu'],,
9,"1880,0719.107",12,1,AKKADIAN,liš-te-pi,liš-te-pi,['wapû I'],['CANONICAL ➝ Magic ➝ Exorcistic ➝ Muššuʾu'],,
10,"1880,0719.107",14,2,SUMERIAN,si,si,[],['CANONICAL ➝ Magic ➝ Exorcistic ➝ Muššuʾu'],,
11,"1880,0719.107",14,3,SUMERIAN,he₂-en-si-sa₂-e,he₂-en-si-sa₂-e,[],['CANONICAL ➝ Magic ➝ Exorcistic ➝ Muššuʾu'],,
12,"1880,0719.107",15,2,AKKADIAN,liš-te-šir,liš-te-šir,['ešēru I'],['CANONICAL ➝ Magic ➝ Exorcistic ➝ Muššuʾu'],,
13,"1880,0719.107",17,2,SUMERIAN,dumu,dumu,[],['CANONICAL ➝ Magic ➝ Exorcistic ➝ Muššuʾu'],,
14,"1880,0719.107",17,3,SUMERIAN,sag,sag,[],['CANONICAL ➝ Magic ➝ Exorcistic ➝ Muššuʾu'],,
15,"1880,0719.107",17,5,SUMERIAN,sa₆-ga,sa₆-ga,[],['CANONICAL ➝ Magic ➝ Exorcistic ➝ Muššuʾu'],,
16,"1880,0719.107",17,8,SUMERIAN,za-a-kam₂,za-a-kam₂,[],['CANONICAL ➝ Magic ➝ Exorcistic ➝ Muššuʾu'],,
17,"1880,0719.107",23,1,AKKADIAN,ša₂,ša₂,['ša I'],['CANONICAL ➝ Magic ➝ Exorcistic ➝ Muššuʾu'],,
18,"1880,0719.107",27,0,AKKADIAN,LU₂,LU₂,['awīlu I'],['CANONICAL ➝ Magic ➝ Exorcistic ➝ Muššuʾu'],,
19,"1880,0719.107",29,0,AKKADIAN,e-ṭim₂-mu,e-ṭim₂-mu,['eṭemmu I'],['CANONICAL ➝ Magic ➝ Exorcistic ➝ Muššuʾu'],,
20,"1880,0719.107",31,0,AKKADIAN,GAL₅.LA₂-MEŠ,GAL₅.LA₂-MEŠ,['gallû I'],['CANONICAL ➝ Magic ➝ Exorcistic ➝ Muššuʾu'],,
21,"1880,0719.107",31,2,AKKADIAN,u,u,['u I'],['CANONICAL ➝ Magic ➝ Exorcistic ➝ Muššuʾu'],,
22,"1880,0719.107",33,0,AKKADIAN,ša₂,ša₂,['ša I'],['CANONICAL ➝ Magic ➝ Exorcistic ➝ Muššuʾu'],,
23,"1880,0719.107",33,1,AKKADIAN,ina,ina,['ina I'],['CANONICAL ➝ Magic ➝ Exorcistic ➝ Muššuʾu'],,
24,"1880,0719.107",33,2,AKKADIAN,URU,URU,['ālu I'],['CANONICAL ➝ Magic ➝ Exorcistic ➝ Muššuʾu'],,
25,"1880,0719.107",33,3,AKKADIAN,ša₂-qu-um-miš,ša₂-qu-um-miš,['šaqummiš I'],['CANONICAL ➝ Magic ➝ Exorcistic ➝ Muššuʾu'],,
26,"1880,0719.107",33,5,AKKADIAN,E₂-MEŠ,E₂-MEŠ,['bītu I'],['CANONICAL ➝ Magic ➝ Exorcistic ➝ Muššuʾu'],,
27,"1880,0719.107",35,0,AKKADIAN,UR₃-MEŠ,UR₃-MEŠ,['ūru I'],['CANONICAL ➝ Magic ➝ Exorcistic ➝ Muššuʾu'],,
28,"1880,0719.107",37,0,AKKADIAN,GURUŠ,GURUŠ,['eṭlu I'],['CANONICAL ➝ Magic ➝ Exorcistic ➝ Muššuʾu'],,
29,"1880,0719.107",37,1,AKKADIAN,SIG₅,SIG₅,['damqu I'],['CANONICAL ➝ Magic ➝ Exorcistic ➝ Muššuʾu'],,
30,"1880,0719.107",37,2,AKKADIAN,KI.SIKIL,KI.SIKIL,['ardatu I'],['CANONICAL ➝ Magic ➝ Exorcistic ➝ Muššuʾu'],,
31,"1880,0719.107",37,3,AKKADIAN,SIG₅-tu₄,SIG₅-tu₄,['damqu I'],['CANONICAL ➝ Magic ➝ Exorcistic ➝ Muššuʾu'],,
32,"1880,0719.107",39,0,AKKADIAN,il-ta-nam-mu-u₂,il-ta-nam-mu-u₂,['lawû II'],['CANONICAL ➝ Magic ➝ Exorcistic ➝ Muššuʾu'],,
33,"1880,0719.107",41,0,AKKADIAN,i-mur-šu-nu-ti-ma,i-mur-šu-nu-ti-ma,['amāru I'],['CANONICAL ➝ Magic ➝ Exorcistic ➝ Muššuʾu'],,
34,"1880,0719.107",43,2,AKKADIAN,AD-šu₂,AD-šu₂,['abu I'],['CANONICAL ➝ Magic ➝ Exorcistic ➝ Muššuʾu'],,
35,"1880,0719.107",43,3,AKKADIAN,INIM,INIM,['awātu I'],['CANONICAL ➝ Magic ➝ Exorcistic ➝ Muššuʾu'],,
