,fragment_id,fragment_line_num,index_in_line,word_language,value,clean_value,lemma,domain,place_discovery,place_composition
0,"1880,0617.2467",0,2,AKKADIAN,ša₂,ša₂,[],"[['ARCHIVAL', 'Administrative']]",,
1,"1880,0617.2467",0,3,AKKADIAN,DU,DU,[],"[['ARCHIVAL', 'Administrative']]",,
2,"1880,0617.2467",1,1,AKKADIAN,A-šu₂,A-šu₂,[],"[['ARCHIVAL', 'Administrative']]",,
3,"1880,0617.2467",1,2,AKKADIAN,ša₂,ša₂,[],"[['ARCHIVAL', 'Administrative']]",,
4,"1880,0617.2467",2,2,AKKADIAN,iq-bi,iq-bi,[],"[['ARCHIVAL', 'Administrative']]",,
5,"1880,0617.2467",3,2,AKKADIAN,ra/ad,ra/ad,[],"[['ARCHIVAL', 'Administrative']]",,
