,fragment_id,fragment_line_num,index_in_line,word_language,value,clean_value,lemma,domain,place_discovery,place_composition
0,"1879,0708.222",2,2,AKKADIAN,US₂-di,US₂-di,['redû I'],['CANONICAL ➝ Divination ➝ Extispicy'],,
1,"1879,0708.222",3,2,AKKADIAN,MAR.TU,MAR.TU,[],['CANONICAL ➝ Divination ➝ Extispicy'],,
2,"1879,0708.222",3,3,AKKADIAN,US₂-di,US₂-di,['redû I'],['CANONICAL ➝ Divination ➝ Extispicy'],,
3,"1879,0708.222",4,2,AKKADIAN,LUGUD₂.DA,LUGUD₂.DA,['karû II'],['CANONICAL ➝ Divination ➝ Extispicy'],,
4,"1879,0708.222",4,3,AKKADIAN,KAM₂-ti₃,KAM₂-ti₃,['erištu II'],['CANONICAL ➝ Divination ➝ Extispicy'],,
5,"1879,0708.222",4,4,AKKADIAN,{giš}TUKUL,{giš}TUKUL,['kakku I'],['CANONICAL ➝ Divination ➝ Extispicy'],,
6,"1879,0708.222",4,5,AKKADIAN,u,u,['u I'],['CANONICAL ➝ Divination ➝ Extispicy'],,
7,"1879,0708.222",4,6,AKKADIAN,ŠU.NIR,ŠU.NIR,['šurīnu I'],['CANONICAL ➝ Divination ➝ Extispicy'],,
8,"1879,0708.222",5,1,AKKADIAN,DUMU-MEŠ,DUMU-MEŠ,['māru I'],['CANONICAL ➝ Divination ➝ Extispicy'],,
9,"1879,0708.222",5,2,AKKADIAN,E₂,E₂,['bītu I'],['CANONICAL ➝ Divination ➝ Extispicy'],,
10,"1879,0708.222",6,2,AKKADIAN,HA.LA,HA.LA,['zittu I'],['CANONICAL ➝ Divination ➝ Extispicy'],,
11,"1879,0708.222",6,3,AKKADIAN,GU₇,GU₇,['akālu I'],['CANONICAL ➝ Divination ➝ Extispicy'],,
12,"1879,0708.222",7,2,AKKADIAN,u₂-ṣa-am-ma-ru,u₂-ṣa-am-ma-ru,['ṣamāru I'],['CANONICAL ➝ Divination ➝ Extispicy'],,
13,"1879,0708.222",7,3,AKKADIAN,NU,NU,['ul I'],['CANONICAL ➝ Divination ➝ Extispicy'],,
14,"1879,0708.222",7,4,AKKADIAN,KUR-ad₂,KUR-ad₂,['kašādu I'],['CANONICAL ➝ Divination ➝ Extispicy'],,
15,"1879,0708.222",8,2,AKKADIAN,LA₂-mu,LA₂-mu,['kamû II'],['CANONICAL ➝ Divination ➝ Extispicy'],,
16,"1879,0708.222",9,2,AKKADIAN,KI,KI,['ašru III'],['CANONICAL ➝ Divination ➝ Extispicy'],,
17,"1879,0708.222",9,3,AKKADIAN,aš₂-bu,aš₂-bu,['ašābu I'],['CANONICAL ➝ Divination ➝ Extispicy'],,
18,"1879,0708.222",9,4,AKKADIAN,UŠ₂,UŠ₂,['mâtu I'],['CANONICAL ➝ Divination ➝ Extispicy'],,
19,"1879,0708.222",10,2,AKKADIAN,MAS.SU₃,MAS.SU₃,['massû I'],['CANONICAL ➝ Divination ➝ Extispicy'],,
20,"1879,0708.222",10,3,AKKADIAN,ub-ba-lu-ni,ub-ba-lu-ni,['wabālu I'],['CANONICAL ➝ Divination ➝ Extispicy'],,
21,"1879,0708.222",11,2,AKKADIAN,KUR,KUR,['mātu I'],['CANONICAL ➝ Divination ➝ Extispicy'],,
22,"1879,0708.222",11,3,AKKADIAN,DINGIR-MEŠ,DINGIR-MEŠ,['ilu I'],['CANONICAL ➝ Divination ➝ Extispicy'],,
23,"1879,0708.222",11,4,AKKADIAN,iš-mu-u₂,iš-mu-u₂,['šemû I'],['CANONICAL ➝ Divination ➝ Extispicy'],,
24,"1879,0708.222",12,3,AKKADIAN,ŠA₃,ŠA₃,['libbu I'],['CANONICAL ➝ Divination ➝ Extispicy'],,
25,"1879,0708.222",12,4,AKKADIAN,KUR,KUR,['mātu I'],['CANONICAL ➝ Divination ➝ Extispicy'],,
26,"1879,0708.222",12,5,AKKADIAN,E₃,E₃,['aṣû I'],['CANONICAL ➝ Divination ➝ Extispicy'],,
27,"1879,0708.222",13,4,AKKADIAN,KUR,KUR,['mātu I'],['CANONICAL ➝ Divination ➝ Extispicy'],,
