,fragment_id,fragment_line_num,index_in_line,word_language,value,clean_value,lemma,domain,place_discovery,place_composition
0,"1879,0708.116",1,3,AKKADIAN,GAL₂-ši,GAL₂-ši,['bašû I'],['CANONICAL ➝ Divination ➝ Celestial'],,
1,"1879,0708.116",1,4,AKKADIAN,KIMIN,KIMIN,[],['CANONICAL ➝ Divination ➝ Celestial'],,
2,"1879,0708.116",2,1,AKKADIAN,GI.NA,GI.NA,[],['CANONICAL ➝ Divination ➝ Celestial'],,
3,"1879,0708.116",2,2,AKKADIAN,KIMIN,KIMIN,[],['CANONICAL ➝ Divination ➝ Celestial'],,
4,"1879,0708.116",3,2,AKKADIAN,{lu₂}KUR₂,{lu₂}KUR₂,['nakru I'],['CANONICAL ➝ Divination ➝ Celestial'],,
5,"1879,0708.116",4,2,AKKADIAN,DAGAL-iš,DAGAL-iš,['rapāšu I'],['CANONICAL ➝ Divination ➝ Celestial'],,
6,"1879,0708.116",5,2,AKKADIAN,GAL₂-ši,GAL₂-ši,['bašû I'],['CANONICAL ➝ Divination ➝ Celestial'],,
7,"1879,0708.116",6,2,AKKADIAN,KUR,KUR,['mātu I'],['CANONICAL ➝ Divination ➝ Celestial'],,
8,"1879,0708.116",6,3,AKKADIAN,DUG₃-ab,DUG₃-ab,['ṭiābu I'],['CANONICAL ➝ Divination ➝ Celestial'],,
9,"1879,0708.116",7,1,AKKADIAN,KUR,KUR,['mātu I'],['CANONICAL ➝ Divination ➝ Celestial'],,
10,"1879,0708.116",7,2,AKKADIAN,SI.SA₂,SI.SA₂,['ešēru I'],['CANONICAL ➝ Divination ➝ Celestial'],,
11,"1879,0708.116",8,2,AKKADIAN,GAL₂-ma,GAL₂-ma,['bašû I'],['CANONICAL ➝ Divination ➝ Celestial'],,
12,"1879,0708.116",8,3,AKKADIAN,KUR,KUR,['mātu I'],['CANONICAL ➝ Divination ➝ Celestial'],,
13,"1879,0708.116",8,4,AKKADIAN,KI.KAL,KI.KAL,['dannatu I'],['CANONICAL ➝ Divination ➝ Celestial'],,
14,"1879,0708.116",8,5,AKKADIAN,DIB-bat,DIB-bat,['ṣabātu I'],['CANONICAL ➝ Divination ➝ Celestial'],,
15,"1879,0708.116",9,2,AKKADIAN,u,u,['u I'],['CANONICAL ➝ Divination ➝ Celestial'],,
16,"1879,0708.116",9,3,AKKADIAN,IN.NU,IN.NU,['tibnu I'],['CANONICAL ➝ Divination ➝ Celestial'],,
17,"1879,0708.116",9,4,AKKADIAN,ina,ina,['ina I'],['CANONICAL ➝ Divination ➝ Celestial'],,
18,"1879,0708.116",9,5,AKKADIAN,KUR,KUR,['mātu I'],['CANONICAL ➝ Divination ➝ Celestial'],,
