,fragment_id,fragment_line_num,index_in_line,word_language,value,clean_value,lemma,domain,place_discovery,place_composition
0,"1879,0708.252",2,1,AKKADIAN,ša₂,ša₂,[],['CANONICAL ➝ Divination ➝ Oracular Question'],,
1,"1879,0708.252",2,2,AKKADIAN,u₄-me,u₄-me,[],['CANONICAL ➝ Divination ➝ Oracular Question'],,
2,"1879,0708.252",2,3,AKKADIAN,MEŠ-ti,MEŠ-ti,[],['CANONICAL ➝ Divination ➝ Oracular Question'],,
3,"1879,0708.252",3,1,AKKADIAN,e-zib,e-zib,[],['CANONICAL ➝ Divination ➝ Oracular Question'],,
4,"1879,0708.252",3,2,AKKADIAN,ša₂,ša₂,[],['CANONICAL ➝ Divination ➝ Oracular Question'],,
5,"1879,0708.252",3,3,AKKADIAN,u₄-me-šam-ma,u₄-me-šam-ma,[],['CANONICAL ➝ Divination ➝ Oracular Question'],,
6,"1879,0708.252",4,1,AKKADIAN,NINDA,NINDA,[],['CANONICAL ➝ Divination ➝ Oracular Question'],,
7,"1879,0708.252",4,2,AKKADIAN,u,u,[],['CANONICAL ➝ Divination ➝ Oracular Question'],,
8,"1879,0708.252",4,3,AKKADIAN,KAŠ,KAŠ,[],['CANONICAL ➝ Divination ➝ Oracular Question'],,
9,"1879,0708.252",4,4,AKKADIAN,UGU-ša₂,UGU-ša₂,[],['CANONICAL ➝ Divination ➝ Oracular Question'],,
10,"1879,0708.252",5,0,AKKADIAN,NINDA,NINDA,[],['CANONICAL ➝ Divination ➝ Oracular Question'],,
11,"1879,0708.252",5,1,AKKADIAN,GU₇,GU₇,[],['CANONICAL ➝ Divination ➝ Oracular Question'],,
12,"1879,0708.252",5,3,AKKADIAN,mur-ṣa,mur-ṣa,[],['CANONICAL ➝ Divination ➝ Oracular Question'],,
13,"1879,0708.252",5,4,AKKADIAN,ša₂,ša₂,[],['CANONICAL ➝ Divination ➝ Oracular Question'],,
14,"1879,0708.252",6,0,AKKADIAN,IM,IM,[],['CANONICAL ➝ Divination ➝ Oracular Question'],,
15,"1879,0708.252",6,1,AKKADIAN,ša₂,ša₂,[],['CANONICAL ➝ Divination ➝ Oracular Question'],,
16,"1879,0708.252",6,2,AKKADIAN,ŠA₃,ŠA₃,[],['CANONICAL ➝ Divination ➝ Oracular Question'],,
17,"1879,0708.252",6,4,AKKADIAN,U₃.TU,U₃.TU,[],['CANONICAL ➝ Divination ➝ Oracular Question'],,
18,"1879,0708.252",6,5,AKKADIAN,la,la,[],['CANONICAL ➝ Divination ➝ Oracular Question'],,
19,"1879,0708.252",7,0,AKKADIAN,e-zib,e-zib,[],['CANONICAL ➝ Divination ➝ Oracular Question'],,
20,"1879,0708.252",7,2,AKKADIAN,šer₃-ra,šer₃-ra,[],['CANONICAL ➝ Divination ➝ Oracular Question'],,
21,"1879,0708.252",7,3,AKKADIAN,u₂-li-du,u₂-li-du,[],['CANONICAL ➝ Divination ➝ Oracular Question'],,
22,"1879,0708.252",10,1,AKKADIAN,ha-riš-tu,ha-riš-tu,[],['CANONICAL ➝ Divination ➝ Oracular Question'],,
23,"1879,0708.252",12,2,AKKADIAN,di-ni₇,di-ni₇,[],['CANONICAL ➝ Divination ➝ Oracular Question'],,
24,"1879,0708.252",12,3,AKKADIAN,{d}IŠKUR,{d}IŠKUR,[],['CANONICAL ➝ Divination ➝ Oracular Question'],,
25,"1879,0708.252",12,4,AKKADIAN,EN,EN,[],['CANONICAL ➝ Divination ➝ Oracular Question'],,
26,"1879,0708.252",16,1,AKKADIAN,uš-ta-bil,uš-ta-bil,[],['CANONICAL ➝ Divination ➝ Oracular Question'],,
27,"1879,0708.252",17,1,AKKADIAN,šu-a-tu,šu-a-tu,[],['CANONICAL ➝ Divination ➝ Oracular Question'],,
28,"1879,0708.252",17,2,AKKADIAN,iš-ṭur,iš-ṭur,[],['CANONICAL ➝ Divination ➝ Oracular Question'],,
29,"1879,0708.252",17,3,AKKADIAN,is-niq,is-niq,[],['CANONICAL ➝ Divination ➝ Oracular Question'],,
30,"1879,0708.252",18,1,AKKADIAN,qe₂-reb,qe₂-reb,[],['CANONICAL ➝ Divination ➝ Oracular Question'],,
31,"1879,0708.252",18,2,AKKADIAN,E₂.GAL-šu₂,E₂.GAL-šu₂,[],['CANONICAL ➝ Divination ➝ Oracular Question'],,
