,fragment_id,fragment_line_num,index_in_line,word_language,value,clean_value,lemma,domain,place_discovery,place_composition
0,"1881,0204.234",3,0,AKKADIAN,DIŠ,DIŠ,['šumma I'],['CANONICAL'],,
1,"1881,0204.234",3,1,AKKADIAN,{mul}AL.LUL,{mul}AL.LUL,['alluttu I'],['CANONICAL'],,
2,"1881,0204.234",3,2,AKKADIAN,KAN₅,KAN₅,['adāru I'],['CANONICAL'],,
3,"1881,0204.234",3,3,AKKADIAN,SU.GU₇,SU.GU₇,['hušahhu I'],['CANONICAL'],,
4,"1881,0204.234",3,4,AKKADIAN,bu-li₃,bu-li₃,['būlu I'],['CANONICAL'],,
5,"1881,0204.234",3,5,AKKADIAN,GAL₂,GAL₂,['bašû I'],['CANONICAL'],,
6,"1881,0204.234",5,0,AKKADIAN,DIŠ,DIŠ,['šumma I'],['CANONICAL'],,
7,"1881,0204.234",5,1,AKKADIAN,{mul}EN.TE.NA.BAR.HUM,{mul}EN.TE.NA.BAR.HUM,['Entenamašhum I'],['CANONICAL'],,
8,"1881,0204.234",5,2,AKKADIAN,KAN₅,KAN₅,['adāru I'],['CANONICAL'],,
9,"1881,0204.234",5,3,AKKADIAN,{d}IŠKUR,{d}IŠKUR,['Adad I'],['CANONICAL'],,
10,"1881,0204.234",5,4,AKKADIAN,ina,ina,['ina I'],['CANONICAL'],,
11,"1881,0204.234",5,5,AKKADIAN,IGI,IGI,['pānu I'],['CANONICAL'],,
12,"1881,0204.234",5,6,AKKADIAN,MU,MU,['šattu I'],['CANONICAL'],,
13,"1881,0204.234",5,10,AKKADIAN,RA,RA,['rahāṣu I'],['CANONICAL'],,
14,"1881,0204.234",5,11,AKKADIAN,ka-mar,ka-mar,['kamāru II'],['CANONICAL'],,
15,"1881,0204.234",7,1,AKKADIAN,GAR-an,GAR-an,['šakānu I'],['CANONICAL'],,
16,"1881,0204.234",7,2,AKKADIAN,DINGIR-MEŠ,DINGIR-MEŠ,['ilu I'],['CANONICAL'],,
17,"1881,0204.234",7,3,AKKADIAN,KUR,KUR,['mātu I'],['CANONICAL'],,
18,"1881,0204.234",7,4,AKKADIAN,ag-giš,ag-giš,['aggiš I'],['CANONICAL'],,
19,"1881,0204.234",7,5,AKKADIAN,ir-ra-ru-ma,ir-ra-ru-ma,['arāru II'],['CANONICAL'],,
20,"1881,0204.234",7,6,AKKADIAN,ta-lit-ti,ta-lit-ti,['tālittu I'],['CANONICAL'],,
21,"1881,0204.234",7,7,AKKADIAN,UN-MEŠ,UN-MEŠ,['nišu I'],['CANONICAL'],,
22,"1881,0204.234",9,0,AKKADIAN,DIŠ,DIŠ,['šumma I'],['CANONICAL'],,
23,"1881,0204.234",9,1,AKKADIAN,{mul}KA₅.A,{mul}KA₅.A,['šēlebu I'],['CANONICAL'],,
24,"1881,0204.234",9,2,AKKADIAN,KAN₅,KAN₅,['adāru I'],['CANONICAL'],,
25,"1881,0204.234",9,3,AKKADIAN,NIG₂.HA.LAM.MA,NIG₂.HA.LAM.MA,['šahluqtu I'],['CANONICAL'],,
26,"1881,0204.234",9,4,AKKADIAN,KUR,KUR,['mātu I'],['CANONICAL'],,
27,"1881,0204.234",9,5,AKKADIAN,1-niš,1-niš,['ištēniš I'],['CANONICAL'],,
28,"1881,0204.234",9,6,AKKADIAN,GAR-an,GAR-an,['šakānu I'],['CANONICAL'],,
29,"1881,0204.234",9,7,AKKADIAN,dir,dir,[],['CANONICAL'],,
30,"1881,0204.234",9,8,AKKADIAN,ha,ha,[],['CANONICAL'],,
31,"1881,0204.234",9,9,AKKADIAN,ra,ra,[],['CANONICAL'],,
32,"1881,0204.234",9,10,AKKADIAN,si,si,[],['CANONICAL'],,
33,"1881,0204.234",9,11,AKKADIAN,šu-ut-bu-uk,šu-ut-bu-uk,['tabāku I'],['CANONICAL'],,
34,"1881,0204.234",9,12,AKKADIAN,ti,ti,[],['CANONICAL'],,
35,"1881,0204.234",9,13,AKKADIAN,ša₂,ša₂,['ša I'],['CANONICAL'],,
36,"1881,0204.234",11,0,AKKADIAN,DIŠ,DIŠ,['šumma I'],['CANONICAL'],,
37,"1881,0204.234",11,1,AKKADIAN,{mul}SIM.MAH,{mul}SIM.MAH,['sinuntu I'],['CANONICAL'],,
38,"1881,0204.234",11,2,AKKADIAN,KAN₅,KAN₅,['adāru I'],['CANONICAL'],,
39,"1881,0204.234",11,3,AKKADIAN,DINGIR-MEŠ,DINGIR-MEŠ,['ilu I'],['CANONICAL'],,
40,"1881,0204.234",11,4,AKKADIAN,SAG,SAG,['rēšu I'],['CANONICAL'],,
41,"1881,0204.234",11,5,AKKADIAN,KUR,KUR,['mātu I'],['CANONICAL'],,
42,"1881,0204.234",11,6,AKKADIAN,i-na-šu₂-u₂,i-na-šu₂-u₂,['našû II'],['CANONICAL'],,
43,"1881,0204.234",11,7,AKKADIAN,EŠ.BAR,EŠ.BAR,['purussû I'],['CANONICAL'],,
44,"1881,0204.234",11,8,AKKADIAN,KUR,KUR,['mātu I'],['CANONICAL'],,
45,"1881,0204.234",11,9,AKKADIAN,KU₅-MEŠ,KU₅-MEŠ,['parāsu I'],['CANONICAL'],,
46,"1881,0204.234",11,10,AKKADIAN,GALGA,GALGA,['milku I'],['CANONICAL'],,
47,"1881,0204.234",11,11,AKKADIAN,KUR,KUR,['mātu I'],['CANONICAL'],,
48,"1881,0204.234",11,12,AKKADIAN,ana,ana,['ana I'],['CANONICAL'],,
49,"1881,0204.234",11,13,AKKADIAN,{munus}SIG₅,{munus}SIG₅,['damqu I'],['CANONICAL'],,
50,"1881,0204.234",12,1,AKKADIAN,BURU₁₄,BURU₁₄,['ebūru I'],['CANONICAL'],,
51,"1881,0204.234",12,2,AKKADIAN,KUR,KUR,['mātu I'],['CANONICAL'],,
52,"1881,0204.234",12,3,AKKADIAN,SI.SA₂,SI.SA₂,['ešēru I'],['CANONICAL'],,
53,"1881,0204.234",12,4,AKKADIAN,DINGIR-MEŠ,DINGIR-MEŠ,['ilu I'],['CANONICAL'],,
54,"1881,0204.234",12,5,AKKADIAN,KU₅-MEŠ,KU₅-MEŠ,['parāsu I'],['CANONICAL'],,
55,"1881,0204.234",12,6,AKKADIAN,ŠEG₃-MEŠ,ŠEG₃-MEŠ,['zunnu I'],['CANONICAL'],,
56,"1881,0204.234",12,7,AKKADIAN,ILLU-ME,ILLU-ME,['mīlu I'],['CANONICAL'],,
57,"1881,0204.234",12,8,AKKADIAN,KU₅-MEŠ,KU₅-MEŠ,['parsu I'],['CANONICAL'],,
58,"1881,0204.234",12,9,AKKADIAN,DU-MEŠ,DU-MEŠ,['alāku I'],['CANONICAL'],,
59,"1881,0204.234",16,0,AKKADIAN,DIŠ,DIŠ,['šumma I'],['CANONICAL'],,
60,"1881,0204.234",16,1,AKKADIAN,{mul}ṣal-bat-a-nu,{mul}ṣal-bat-a-nu,['ṣalbatānu I'],['CANONICAL'],,
61,"1881,0204.234",16,2,AKKADIAN,KAN₅,KAN₅,['adāru I'],['CANONICAL'],,
62,"1881,0204.234",16,3,AKKADIAN,UN-MEŠ,UN-MEŠ,['nišu I'],['CANONICAL'],,
63,"1881,0204.234",16,4,AKKADIAN,ša₂,ša₂,['ša I'],['CANONICAL'],,
64,"1881,0204.234",16,5,AKKADIAN,SU.GU₇,SU.GU₇,['hušahhu I'],['CANONICAL'],,
65,"1881,0204.234",16,6,AKKADIAN,IGI-MEŠ,IGI-MEŠ,['amāru I'],['CANONICAL'],,
66,"1881,0204.234",16,7,AKKADIAN,NINDA,NINDA,['akalu I'],['CANONICAL'],,
67,"1881,0204.234",16,8,AKKADIAN,nap-ša₂,nap-ša₂,['napšu I'],['CANONICAL'],,
68,"1881,0204.234",16,9,AKKADIAN,GU₇-MEŠ,GU₇-MEŠ,['akālu I'],['CANONICAL'],,
69,"1881,0204.234",16,10,AKKADIAN,ŠA₃,ŠA₃,['libbu I'],['CANONICAL'],,
70,"1881,0204.234",16,11,AKKADIAN,KUR,KUR,['mātu I'],['CANONICAL'],,
71,"1881,0204.234",16,12,AKKADIAN,DUG₃.GA,DUG₃.GA,['ṭiābu I'],['CANONICAL'],,
72,"1881,0204.234",16,13,AKKADIAN,BURU₁₄,BURU₁₄,['ebūru I'],['CANONICAL'],,
73,"1881,0204.234",17,1,AKKADIAN,{d}ŠAKKAN₂,{d}ŠAKKAN₂,['Šakkan I'],['CANONICAL'],,
74,"1881,0204.234",17,2,AKKADIAN,SI.SA₂,SI.SA₂,['ešēru I'],['CANONICAL'],,
75,"1881,0204.234",17,3,AKKADIAN,ta-lit-ti,ta-lit-ti,['tālittu I'],['CANONICAL'],,
76,"1881,0204.234",17,4,AKKADIAN,GU₄,GU₄,['alpu I'],['CANONICAL'],,
77,"1881,0204.234",17,5,AKKADIAN,DAGAL,DAGAL,['rapāšu I'],['CANONICAL'],,
78,"1881,0204.234",17,6,AKKADIAN,GU₄-MEŠ,GU₄-MEŠ,['alpu I'],['CANONICAL'],,
79,"1881,0204.234",17,7,AKKADIAN,ina,ina,['ina I'],['CANONICAL'],,
80,"1881,0204.234",17,8,AKKADIAN,EDIN,EDIN,['ṣēru I'],['CANONICAL'],,
81,"1881,0204.234",17,9,AKKADIAN,a-bur-riš,a-bur-riš,['aburriš I'],['CANONICAL'],,
82,"1881,0204.234",18,2,AKKADIAN,EN.TE.NA,EN.TE.NA,['kūṣu I'],['CANONICAL'],,
83,"1881,0204.234",18,3,AKKADIAN,ana,ana,['ana I'],['CANONICAL'],,
84,"1881,0204.234",18,4,AKKADIAN,BURU₁₄,BURU₁₄,['ebūru I'],['CANONICAL'],,
85,"1881,0204.234",18,5,AKKADIAN,di-iš,di-iš,['dīšu II'],['CANONICAL'],,
86,"1881,0204.234",18,6,AKKADIAN,BURU₁₄,BURU₁₄,['ebūru I'],['CANONICAL'],,
87,"1881,0204.234",18,7,AKKADIAN,ana,ana,['ana I'],['CANONICAL'],,
88,"1881,0204.234",18,8,AKKADIAN,EN.TE.NA,EN.TE.NA,['kūṣu I'],['CANONICAL'],,
89,"1881,0204.234",18,9,AKKADIAN,uš-ta-bar-ra,uš-ta-bar-ra,['barû I'],['CANONICAL'],,
90,"1881,0204.234",18,10,AKKADIAN,UN-MEŠ,UN-MEŠ,['nišu I'],['CANONICAL'],,
91,"1881,0204.234",18,11,AKKADIAN,ša₂,ša₂,['ša I'],['CANONICAL'],,
92,"1881,0204.234",19,1,AKKADIAN,pa-ša₂-ha,pa-ša₂-ha,['pašāhu I'],['CANONICAL'],,
93,"1881,0204.234",21,1,AKKADIAN,{mul}ŠUDUN,{mul}ŠUDUN,['Niru I'],['CANONICAL'],,
94,"1881,0204.234",21,2,AKKADIAN,KAN₅,KAN₅,['adāru I'],['CANONICAL'],,
95,"1881,0204.234",21,3,AKKADIAN,GU₄-ME,GU₄-ME,['alpu I'],['CANONICAL'],,
96,"1881,0204.234",21,4,AKKADIAN,ina,ina,['ina I'],['CANONICAL'],,
97,"1881,0204.234",21,6,AKKADIAN,ŠUB-MEŠ,ŠUB-MEŠ,['maqātu I'],['CANONICAL'],,
98,"1881,0204.234",21,7,AKKADIAN,me-neš-tu₄,me-neš-tu₄,['mēneštu I'],['CANONICAL'],,
99,"1881,0204.234",21,8,AKKADIAN,GAL₂-ši,GAL₂-ši,['bašû I'],['CANONICAL'],,
100,"1881,0204.234",21,9,AKKADIAN,DINGIR-MEŠ,DINGIR-MEŠ,['ilu I'],['CANONICAL'],,
101,"1881,0204.234",21,10,AKKADIAN,KUR,KUR,['mātu I'],['CANONICAL'],,
102,"1881,0204.234",21,11,AKKADIAN,ana,ana,['ana I'],['CANONICAL'],,
103,"1881,0204.234",21,12,AKKADIAN,KUR₂,KUR₂,['nakru I'],['CANONICAL'],,
104,"1881,0204.234",22,1,AKKADIAN,BALA,BALA,['palû I'],['CANONICAL'],,
105,"1881,0204.234",22,2,AKKADIAN,na-zaq,na-zaq,['nazāqu I'],['CANONICAL'],,
106,"1881,0204.234",22,3,AKKADIAN,KUR,KUR,['mātu I'],['CANONICAL'],,
107,"1881,0204.234",22,4,AKKADIAN,ŠA₃,ŠA₃,['libbu I'],['CANONICAL'],,
108,"1881,0204.234",22,5,AKKADIAN,KUR,KUR,['mātu I'],['CANONICAL'],,
109,"1881,0204.234",22,6,AKKADIAN,NU,NU,['ul I'],['CANONICAL'],,
110,"1881,0204.234",22,8,AKKADIAN,A.ZI.GA,A.ZI.GA,['mīlu I'],['CANONICAL'],,
111,"1881,0204.234",22,9,AKKADIAN,DIRI,DIRI,['malû IV'],['CANONICAL'],,
112,"1881,0204.234",22,10,AKKADIAN,A.MAH,A.MAH,['butuqtu I'],['CANONICAL'],,
113,"1881,0204.234",24,1,AKKADIAN,{mul}{d}marduk,{mul}{d}marduk,['Marduk I'],['CANONICAL'],,
114,"1881,0204.234",24,2,AKKADIAN,KAN₅,KAN₅,['adāru I'],['CANONICAL'],,
115,"1881,0204.234",24,3,AKKADIAN,{giš}GIŠIMMAR,{giš}GIŠIMMAR,['gišimmaru I'],['CANONICAL'],,
116,"1881,0204.234",24,4,AKKADIAN,GUN-sa₃,GUN-sa₃,"['biltu I', '-ša I']",['CANONICAL'],,
117,"1881,0204.234",24,5,AKKADIAN,LA₂-ṭi,LA₂-ṭi,['maṭû II'],['CANONICAL'],,
118,"1881,0204.234",24,7,AKKADIAN,u,u,['u I'],['CANONICAL'],,
119,"1881,0204.234",24,8,AKKADIAN,ŠE.GIŠ.I₃,ŠE.GIŠ.I₃,['šamaššammū I'],['CANONICAL'],,
120,"1881,0204.234",24,9,AKKADIAN,NU,NU,['ul I'],['CANONICAL'],,
121,"1881,0204.234",26,1,AKKADIAN,{d}U.GUR,{d}U.GUR,['Nergal I'],['CANONICAL'],,
122,"1881,0204.234",26,2,AKKADIAN,ka-šu-ša₂,ka-šu-ša₂,['kašūšu I'],['CANONICAL'],,
123,"1881,0204.234",26,3,AKKADIAN,šib-ṭa,šib-ṭa,['šibṭu I'],['CANONICAL'],,
124,"1881,0204.234",26,6,AKKADIAN,šag-gal-tu₂,šag-gal-tu₂,['šagaštu I'],['CANONICAL'],,
125,"1881,0204.234",26,7,AKKADIAN,URU₄,URU₄,[],['CANONICAL'],,
126,"1881,0204.234",27,2,AKKADIAN,bad,bad,[],['CANONICAL'],,
127,"1881,0204.234",29,1,AKKADIAN,ti,ti,[],['CANONICAL'],,
128,"1881,0204.234",30,2,AKKADIAN,E₃,E₃,[],['CANONICAL'],,
