,fragment_id,fragment_line_num,index_in_line,word_language,value,clean_value,lemma,domain,place_discovery,place_composition
0,"1880,0719.117",2,3,EMESAL,ba-tuš-en,ba-tuš-en,[],[],,
1,"1880,0719.117",2,4,EMESAL,u₄-šu₂-uš,u₄-šu₂-uš,[],[],,
2,"1880,0719.117",2,5,EMESAL,am₃-kuš₂-u₃,am₃-kuš₂-u₃,[],[],,
3,"1880,0719.117",3,3,AKKADIAN,u₄-me-šam,u₄-me-šam,['ūmišam I'],[],,
4,"1880,0719.117",3,4,AKKADIAN,uš-tan-ni-ih,uš-tan-ni-ih,['nâhu I'],[],,
5,"1880,0719.117",4,3,EMESAL,ba-an-ku₄-re,ba-an-ku₄-re,[],[],,
6,"1880,0719.117",5,4,AKKADIAN,it-tur,it-tur,['târu I'],[],,
7,"1880,0719.117",7,3,AKKADIAN,la,la,[],[],,
8,"1880,0719.117",7,4,AKKADIAN,at-kal,at-kal,[],[],,
9,"1880,0719.117",14,2,EMESAL,ib₂-ba-ga₂,ib₂-ba-ga₂,[],[],,
10,"1880,0719.117",14,3,EMESAL,e₂-kur-ra,e₂-kur-ra,[],[],,
11,"1880,0719.117",14,4,EMESAL,gu₃,gu₃,[],[],,
12,"1880,0719.117",14,6,EMESAL,gašan-gen,gašan-gen,[],[],,
13,"1880,0719.117",14,7,EMESAL,digir-gu₁₀,digir-gu₁₀,[],[],,
14,"1880,0719.117",15,1,AKKADIAN,ina,ina,['ina I'],[],,
15,"1880,0719.117",15,2,AKKADIAN,lib₃-bi-ia,lib₃-bi-ia,['libbu I'],[],,
16,"1880,0719.117",15,4,AKKADIAN,ana,ana,[],[],,
17,"1880,0719.117",15,5,AKKADIAN,e₂-kur,e₂-kur,[],[],,
18,"1880,0719.117",16,1,EMESAL,e₂-kur-ra,e₂-kur-ra,[],[],,
19,"1880,0719.117",16,2,EMESAL,gu₃,gu₃,[],[],,
20,"1880,0719.117",17,2,EMESAL,a-a-gu₁₀,a-a-gu₁₀,[],[],,
21,"1880,0719.117",18,1,AKKADIAN,ana,ana,['ana I'],[],,
22,"1880,0719.117",18,2,AKKADIAN,e₂-kur,e₂-kur,['Ēkur I'],[],,
23,"1880,0719.117",18,3,AKKADIAN,as-si-ma,as-si-ma,['šasû I'],[],,
24,"1880,0719.117",18,5,AKKADIAN,a-bi,a-bi,[],[],,
25,"1880,0719.117",20,1,EMESAL,ma-a,ma-a,[],[],,
26,"1880,0719.117",20,2,EMESAL,a-ba,a-ba,[],[],,
27,"1880,0719.117",20,4,EMESAL,ma-a-a,ma-a-a,[],[],,
28,"1880,0719.117",22,1,EMESAL,ab₂-gin₇,ab₂-gin₇,[],[],,
29,"1880,0719.117",22,2,EMESAL,gu₃,gu₃,[],[],,
30,"1880,0719.117",24,1,AKKADIAN,ki-ma,ki-ma,['kīma I'],[],,
31,"1880,0719.117",24,2,AKKADIAN,lit-ti,lit-ti,['lītu II'],[],,
32,"1880,0719.117",25,1,AKKADIAN,ana,ana,['ana I'],[],,
33,"1880,0719.117",26,1,EMESAL,mu-gi₁₇-ib,mu-gi₁₇-ib,[],[],,
34,"1880,0719.117",26,3,EMESAL,e₃-a,e₃-a,[],[],,
35,"1880,0719.117",27,2,AKKADIAN,šu-pu-tu₄,šu-pu-tu₄,[],[],,
