,fragment_id,fragment_line_num,index_in_line,word_language,value,clean_value,lemma,domain,place_discovery,place_composition
0,"1881,0204.196",4,3,SUMERIAN,sig₅,sig₅,[],['CANONICAL ➝ Magic ➝ Purification ➝ Bīt rimki'],,
1,"1881,0204.196",4,4,SUMERIAN,ak-de₃,ak-de₃,[],['CANONICAL ➝ Magic ➝ Purification ➝ Bīt rimki'],,
2,"1881,0204.196",5,3,AKKADIAN,na,na,[],['CANONICAL ➝ Magic ➝ Purification ➝ Bīt rimki'],,
3,"1881,0204.196",5,4,AKKADIAN,ki,ki,[],['CANONICAL ➝ Magic ➝ Purification ➝ Bīt rimki'],,
4,"1881,0204.196",5,5,AKKADIAN,pa-qa-dam,pa-qa-dam,[],['CANONICAL ➝ Magic ➝ Purification ➝ Bīt rimki'],,
5,"1881,0204.196",5,6,AKKADIAN,ana,ana,['ana I'],['CANONICAL ➝ Magic ➝ Purification ➝ Bīt rimki'],,
6,"1881,0204.196",7,3,SUMERIAN,lu₂,lu₂,[],['CANONICAL ➝ Magic ➝ Purification ➝ Bīt rimki'],,
7,"1881,0204.196",7,4,SUMERIAN,til₃,til₃,[],['CANONICAL ➝ Magic ➝ Purification ➝ Bīt rimki'],,
8,"1881,0204.196",7,5,SUMERIAN,lu₂,lu₂,[],['CANONICAL ➝ Magic ➝ Purification ➝ Bīt rimki'],,
9,"1881,0204.196",7,6,SUMERIAN,uš₂-a,uš₂-a,[],['CANONICAL ➝ Magic ➝ Purification ➝ Bīt rimki'],,
10,"1881,0204.196",8,3,AKKADIAN,bal-ṭu,bal-ṭu,['balṭu I'],['CANONICAL ➝ Magic ➝ Purification ➝ Bīt rimki'],,
11,"1881,0204.196",8,4,AKKADIAN,mi-ti,mi-ti,['mītu I'],['CANONICAL ➝ Magic ➝ Purification ➝ Bīt rimki'],,
12,"1881,0204.196",8,5,AKKADIAN,ana,ana,['ana I'],['CANONICAL ➝ Magic ➝ Purification ➝ Bīt rimki'],,
13,"1881,0204.196",10,2,SUMERIAN,{d}GIR₃,{d}GIR₃,[],['CANONICAL ➝ Magic ➝ Purification ➝ Bīt rimki'],,
14,"1881,0204.196",10,4,SUMERIAN,eden-na,eden-na,[],['CANONICAL ➝ Magic ➝ Purification ➝ Bīt rimki'],,
15,"1881,0204.196",10,5,SUMERIAN,u₂,u₂,[],['CANONICAL ➝ Magic ➝ Purification ➝ Bīt rimki'],,
16,"1881,0204.196",10,6,SUMERIAN,gu₇,gu₇,[],['CANONICAL ➝ Magic ➝ Purification ➝ Bīt rimki'],,
17,"1881,0204.196",10,7,SUMERIAN,a,a,[],['CANONICAL ➝ Magic ➝ Purification ➝ Bīt rimki'],,
18,"1881,0204.196",10,8,SUMERIAN,na₈,na₈,[],['CANONICAL ➝ Magic ➝ Purification ➝ Bīt rimki'],,
19,"1881,0204.196",10,9,SUMERIAN,ĝa₂-ĝa₂-de₃,ĝa₂-ĝa₂-de₃,[],['CANONICAL ➝ Magic ➝ Purification ➝ Bīt rimki'],,
20,"1881,0204.196",11,3,AKKADIAN,{d}GIR₃,{d}GIR₃,['Šakkan I'],['CANONICAL ➝ Magic ➝ Purification ➝ Bīt rimki'],,
21,"1881,0204.196",11,4,AKKADIAN,ši-kin,ši-kin,['šiknu I'],['CANONICAL ➝ Magic ➝ Purification ➝ Bīt rimki'],,
22,"1881,0204.196",11,5,AKKADIAN,na-piš-ti,na-piš-ti,['napištu I'],['CANONICAL ➝ Magic ➝ Purification ➝ Bīt rimki'],,
23,"1881,0204.196",11,6,AKKADIAN,ša₂,ša₂,['ša I'],['CANONICAL ➝ Magic ➝ Purification ➝ Bīt rimki'],,
24,"1881,0204.196",11,7,AKKADIAN,EDEN,EDEN,['ṣēru I'],['CANONICAL ➝ Magic ➝ Purification ➝ Bīt rimki'],,
25,"1881,0204.196",11,8,AKKADIAN,ša₂-ka-nu,ša₂-ka-nu,['šakānu I'],['CANONICAL ➝ Magic ➝ Purification ➝ Bīt rimki'],,
26,"1881,0204.196",13,2,SUMERIAN,du₃-a-bi,du₃-a-bi,[],['CANONICAL ➝ Magic ➝ Purification ➝ Bīt rimki'],,
27,"1881,0204.196",13,3,SUMERIAN,tar-re-de₃,tar-re-de₃,[],['CANONICAL ➝ Magic ➝ Purification ➝ Bīt rimki'],,
28,"1881,0204.196",13,4,SUMERIAN,diĝir,diĝir,[],['CANONICAL ➝ Magic ➝ Purification ➝ Bīt rimki'],,
29,"1881,0204.196",13,5,SUMERIAN,gal-gal-e-ne,gal-gal-e-ne,[],['CANONICAL ➝ Magic ➝ Purification ➝ Bīt rimki'],,
30,"1881,0204.196",13,6,SUMERIAN,kilib-ba-bi,kilib-ba-bi,[],['CANONICAL ➝ Magic ➝ Purification ➝ Bīt rimki'],,
31,"1881,0204.196",14,2,AKKADIAN,ka-la-mu,ka-la-mu,['kalāma I'],['CANONICAL ➝ Magic ➝ Purification ➝ Bīt rimki'],,
32,"1881,0204.196",14,3,AKKADIAN,ša₂-a-mu,ša₂-a-mu,['šiāmu I'],['CANONICAL ➝ Magic ➝ Purification ➝ Bīt rimki'],,
33,"1881,0204.196",14,4,AKKADIAN,DIGIR-MEŠ,DIGIR-MEŠ,['ilu I'],['CANONICAL ➝ Magic ➝ Purification ➝ Bīt rimki'],,
34,"1881,0204.196",14,5,AKKADIAN,GAL-MEŠ,GAL-MEŠ,['rabû I'],['CANONICAL ➝ Magic ➝ Purification ➝ Bīt rimki'],,
35,"1881,0204.196",14,6,AKKADIAN,ina,ina,['ina I'],['CANONICAL ➝ Magic ➝ Purification ➝ Bīt rimki'],,
36,"1881,0204.196",14,7,AKKADIAN,nap-ha-ri-šu₂-nu,nap-ha-ri-šu₂-nu,['napharu I'],['CANONICAL ➝ Magic ➝ Purification ➝ Bīt rimki'],,
37,"1881,0204.196",14,8,AKKADIAN,ana,ana,['ana I'],['CANONICAL ➝ Magic ➝ Purification ➝ Bīt rimki'],,
38,"1881,0204.196",16,3,SUMERIAN,šu,šu,[],['CANONICAL ➝ Magic ➝ Purification ➝ Bīt rimki'],,
39,"1881,0204.196",16,4,SUMERIAN,si-sa₂,si-sa₂,[],['CANONICAL ➝ Magic ➝ Purification ➝ Bīt rimki'],,
40,"1881,0204.196",16,5,SUMERIAN,eridu{ki}-ga-ke₄,eridu{ki}-ga-ke₄,[],['CANONICAL ➝ Magic ➝ Purification ➝ Bīt rimki'],,
41,"1881,0204.196",17,2,AKKADIAN,a-ši-pu,a-ši-pu,['āšipu I'],['CANONICAL ➝ Magic ➝ Purification ➝ Bīt rimki'],,
42,"1881,0204.196",17,3,AKKADIAN,ka-ri-bu,ka-ri-bu,['kāribu I'],['CANONICAL ➝ Magic ➝ Purification ➝ Bīt rimki'],,
43,"1881,0204.196",17,4,AKKADIAN,ša₂,ša₂,['ša I'],['CANONICAL ➝ Magic ➝ Purification ➝ Bīt rimki'],,
44,"1881,0204.196",17,5,AKKADIAN,eri-du₁₀,eri-du₁₀,['Eridu I'],['CANONICAL ➝ Magic ➝ Purification ➝ Bīt rimki'],,
45,"1881,0204.196",19,2,SUMERIAN,šu,šu,[],['CANONICAL ➝ Magic ➝ Purification ➝ Bīt rimki'],,
46,"1881,0204.196",19,3,SUMERIAN,dadag-ga,dadag-ga,[],['CANONICAL ➝ Magic ➝ Purification ➝ Bīt rimki'],,
47,"1881,0204.196",19,4,SUMERIAN,{lu₂}kin-gi₄-a,{lu₂}kin-gi₄-a,[],['CANONICAL ➝ Magic ➝ Purification ➝ Bīt rimki'],,
48,"1881,0204.196",19,5,SUMERIAN,{d}+en-ki,{d}+en-ki,[],['CANONICAL ➝ Magic ➝ Purification ➝ Bīt rimki'],,
49,"1881,0204.196",19,6,SUMERIAN,{d}asal-lu₂-hi-ka-me-en,{d}asal-lu₂-hi-ka-me-en,[],['CANONICAL ➝ Magic ➝ Purification ➝ Bīt rimki'],,
50,"1881,0204.196",20,2,AKKADIAN,ša₂,ša₂,['ša I'],['CANONICAL ➝ Magic ➝ Purification ➝ Bīt rimki'],,
51,"1881,0204.196",20,3,AKKADIAN,qa-ta-a-šu₂,qa-ta-a-šu₂,"['qātu I', '-šu I']",['CANONICAL ➝ Magic ➝ Purification ➝ Bīt rimki'],,
52,"1881,0204.196",20,4,AKKADIAN,eb-ba,eb-ba,['ebbu I'],['CANONICAL ➝ Magic ➝ Purification ➝ Bīt rimki'],,
53,"1881,0204.196",20,5,AKKADIAN,DUMU,DUMU,['māru I'],['CANONICAL ➝ Magic ➝ Purification ➝ Bīt rimki'],,
54,"1881,0204.196",20,6,AKKADIAN,šip-ri,šip-ri,['šipru I'],['CANONICAL ➝ Magic ➝ Purification ➝ Bīt rimki'],,
55,"1881,0204.196",20,7,AKKADIAN,ša₂,ša₂,['ša I'],['CANONICAL ➝ Magic ➝ Purification ➝ Bīt rimki'],,
56,"1881,0204.196",20,8,AKKADIAN,{d}e₂-a,{d}e₂-a,['Ea I'],['CANONICAL ➝ Magic ➝ Purification ➝ Bīt rimki'],,
57,"1881,0204.196",20,9,AKKADIAN,u,u,['u I'],['CANONICAL ➝ Magic ➝ Purification ➝ Bīt rimki'],,
58,"1881,0204.196",20,10,AKKADIAN,{d}asal-lu₂-hi,{d}asal-lu₂-hi,[],['CANONICAL ➝ Magic ➝ Purification ➝ Bīt rimki'],,
59,"1881,0204.196",20,11,AKKADIAN,ana-ku,ana-ku,['anāku I'],['CANONICAL ➝ Magic ➝ Purification ➝ Bīt rimki'],,
60,"1881,0204.196",22,2,SUMERIAN,{d}+en-ki-ke₄,{d}+en-ki-ke₄,[],['CANONICAL ➝ Magic ➝ Purification ➝ Bīt rimki'],,
61,"1881,0204.196",22,3,SUMERIAN,mud,mud,[],['CANONICAL ➝ Magic ➝ Purification ➝ Bīt rimki'],,
62,"1881,0204.196",22,4,SUMERIAN,du₃-a-bi,du₃-a-bi,[],['CANONICAL ➝ Magic ➝ Purification ➝ Bīt rimki'],,
63,"1881,0204.196",22,5,SUMERIAN,en,en,[],['CANONICAL ➝ Magic ➝ Purification ➝ Bīt rimki'],,
64,"1881,0204.196",22,6,SUMERIAN,ĝeštug₂,ĝeštug₂,[],['CANONICAL ➝ Magic ➝ Purification ➝ Bīt rimki'],,
65,"1881,0204.196",22,7,SUMERIAN,daĝal-la-ke₄,daĝal-la-ke₄,[],['CANONICAL ➝ Magic ➝ Purification ➝ Bīt rimki'],,
66,"1881,0204.196",23,2,AKKADIAN,GAL-u₂,GAL-u₂,['rabû I'],['CANONICAL ➝ Magic ➝ Purification ➝ Bīt rimki'],,
67,"1881,0204.196",23,3,AKKADIAN,{d}e₂-a,{d}e₂-a,['Ea I'],['CANONICAL ➝ Magic ➝ Purification ➝ Bīt rimki'],,
68,"1881,0204.196",23,4,AKKADIAN,ba-an,ba-an,['bānû I'],['CANONICAL ➝ Magic ➝ Purification ➝ Bīt rimki'],,
69,"1881,0204.196",23,5,AKKADIAN,ka-la-mu,ka-la-mu,['kalāma I'],['CANONICAL ➝ Magic ➝ Purification ➝ Bīt rimki'],,
70,"1881,0204.196",23,6,AKKADIAN,be-lu,be-lu,[],['CANONICAL ➝ Magic ➝ Purification ➝ Bīt rimki'],,
71,"1881,0204.196",25,3,SUMERIAN,dumu,dumu,[],['CANONICAL ➝ Magic ➝ Purification ➝ Bīt rimki'],,
72,"1881,0204.196",25,4,SUMERIAN,saĝ,saĝ,[],['CANONICAL ➝ Magic ➝ Purification ➝ Bīt rimki'],,
73,"1881,0204.196",25,5,SUMERIAN,{d}+en-ki-ke₄,{d}+en-ki-ke₄,[],['CANONICAL ➝ Magic ➝ Purification ➝ Bīt rimki'],,
74,"1881,0204.196",25,6,SUMERIAN,lugal,lugal,[],['CANONICAL ➝ Magic ➝ Purification ➝ Bīt rimki'],,
75,"1881,0204.196",26,3,AKKADIAN,DUMU,DUMU,['māru I'],['CANONICAL ➝ Magic ➝ Purification ➝ Bīt rimki'],,
76,"1881,0204.196",26,5,AKKADIAN,ša₂,ša₂,['ša I'],['CANONICAL ➝ Magic ➝ Purification ➝ Bīt rimki'],,
77,"1881,0204.196",26,6,AKKADIAN,{d}e₂-a,{d}e₂-a,['Ea I'],['CANONICAL ➝ Magic ➝ Purification ➝ Bīt rimki'],,
78,"1881,0204.196",26,7,AKKADIAN,EN,EN,['bēlu I'],['CANONICAL ➝ Magic ➝ Purification ➝ Bīt rimki'],,
79,"1881,0204.196",28,3,SUMERIAN,e,e,[],['CANONICAL ➝ Magic ➝ Purification ➝ Bīt rimki'],,
80,"1881,0204.196",28,5,SUMERIAN,lugal,lugal,[],['CANONICAL ➝ Magic ➝ Purification ➝ Bīt rimki'],,
81,"1881,0204.196",32,2,AKKADIAN,šu₂,šu₂,[],['CANONICAL ➝ Magic ➝ Purification ➝ Bīt rimki'],,
82,"1881,0204.196",34,2,SUMERIAN,lu₂-u₁₈-lu,lu₂-u₁₈-lu,[],['CANONICAL ➝ Magic ➝ Purification ➝ Bīt rimki'],,
83,"1881,0204.196",34,4,SUMERIAN,diĝir-ra-na-še₃,diĝir-ra-na-še₃,[],['CANONICAL ➝ Magic ➝ Purification ➝ Bīt rimki'],,
84,"1881,0204.196",34,5,SUMERIAN,sig₂,sig₂,[],['CANONICAL ➝ Magic ➝ Purification ➝ Bīt rimki'],,
85,"1881,0204.196",35,3,AKKADIAN,DUMU,DUMU,['māru I'],['CANONICAL ➝ Magic ➝ Purification ➝ Bīt rimki'],,
86,"1881,0204.196",35,4,AKKADIAN,DIGIR-šu₂,DIGIR-šu₂,"['ilu I', '-šu I']",['CANONICAL ➝ Magic ➝ Purification ➝ Bīt rimki'],,
87,"1881,0204.196",35,5,AKKADIAN,si-sik-ta,si-sik-ta,['sissiktu I'],['CANONICAL ➝ Magic ➝ Purification ➝ Bīt rimki'],,
88,"1881,0204.196",37,3,SUMERIAN,NE,NE,[],['CANONICAL ➝ Magic ➝ Purification ➝ Bīt rimki'],,
89,"1881,0204.196",37,5,SUMERIAN,lu₂-u₁₈-lu,lu₂-u₁₈-lu,[],['CANONICAL ➝ Magic ➝ Purification ➝ Bīt rimki'],,
90,"1881,0204.196",37,6,SUMERIAN,dumu,dumu,[],['CANONICAL ➝ Magic ➝ Purification ➝ Bīt rimki'],,
91,"1881,0204.196",37,7,SUMERIAN,diĝir-ra-na,diĝir-ra-na,[],['CANONICAL ➝ Magic ➝ Purification ➝ Bīt rimki'],,
92,"1881,0204.196",38,3,AKKADIAN,ina,ina,['ina I'],['CANONICAL ➝ Magic ➝ Purification ➝ Bīt rimki'],,
93,"1881,0204.196",38,4,AKKADIAN,u₄-mi,u₄-mi,['ūmu I'],['CANONICAL ➝ Magic ➝ Purification ➝ Bīt rimki'],,
94,"1881,0204.196",38,5,AKKADIAN,an-ne₂-e,an-ne₂-e,['annû I'],['CANONICAL ➝ Magic ➝ Purification ➝ Bīt rimki'],,
95,"1881,0204.196",38,6,AKKADIAN,LU₂,LU₂,['awīlu I'],['CANONICAL ➝ Magic ➝ Purification ➝ Bīt rimki'],,
96,"1881,0204.196",38,7,AKKADIAN,DUMU,DUMU,['māru I'],['CANONICAL ➝ Magic ➝ Purification ➝ Bīt rimki'],,
97,"1881,0204.196",39,2,AKKADIAN,ul-lil-šu₂,ul-lil-šu₂,[],['CANONICAL ➝ Magic ➝ Purification ➝ Bīt rimki'],,
98,"1881,0204.196",39,3,AKKADIAN,ub-bi-ib-šu₂,ub-bi-ib-šu₂,"['ebēbu I', '-šu I']",['CANONICAL ➝ Magic ➝ Purification ➝ Bīt rimki'],,
99,"1881,0204.196",41,3,SUMERIAN,u-me-ni-dadag,u-me-ni-dadag,[],['CANONICAL ➝ Magic ➝ Purification ➝ Bīt rimki'],,
100,"1881,0204.196",42,2,AKKADIAN,qe₂-e,qe₂-e,['qû I'],['CANONICAL ➝ Magic ➝ Purification ➝ Bīt rimki'],,
101,"1881,0204.196",42,3,AKKADIAN,hu-ra-ṣi,hu-ra-ṣi,['hurāṣu I'],['CANONICAL ➝ Magic ➝ Purification ➝ Bīt rimki'],,
102,"1881,0204.196",42,4,AKKADIAN,nu-mir-šu-ma,nu-mir-šu-ma,[],['CANONICAL ➝ Magic ➝ Purification ➝ Bīt rimki'],,
103,"1881,0204.196",44,3,SUMERIAN,šu,šu,[],['CANONICAL ➝ Magic ➝ Purification ➝ Bīt rimki'],,
104,"1881,0204.196",45,2,AKKADIAN,qe₂-e,qe₂-e,['qû I'],['CANONICAL ➝ Magic ➝ Purification ➝ Bīt rimki'],,
105,"1881,0204.196",45,4,AKKADIAN,šu-kil-šu-ma,šu-kil-šu-ma,"['šukkulu I', '-ma I']",['CANONICAL ➝ Magic ➝ Purification ➝ Bīt rimki'],,
106,"1881,0204.196",47,2,SUMERIAN,šu,šu,[],['CANONICAL ➝ Magic ➝ Purification ➝ Bīt rimki'],,
107,"1881,0204.196",47,4,SUMERIAN,diĝir-ra-na-še₃,diĝir-ra-na-še₃,[],['CANONICAL ➝ Magic ➝ Purification ➝ Bīt rimki'],,
108,"1881,0204.196",48,3,AKKADIAN,qa-a-ti,qa-a-ti,['qātu I'],['CANONICAL ➝ Magic ➝ Purification ➝ Bīt rimki'],,
109,"1881,0204.196",48,4,AKKADIAN,ša₂,ša₂,['ša I'],['CANONICAL ➝ Magic ➝ Purification ➝ Bīt rimki'],,
110,"1881,0204.196",48,5,AKKADIAN,DIGIR-šu₂,DIGIR-šu₂,"['ilu I', '-šu I']",['CANONICAL ➝ Magic ➝ Purification ➝ Bīt rimki'],,
111,"1881,0204.196",48,6,AKKADIAN,šal-mu-te,šal-mu-te,[],['CANONICAL ➝ Magic ➝ Purification ➝ Bīt rimki'],,
112,"1881,0204.196",50,3,SUMERIAN,me-teš₂,me-teš₂,[],['CANONICAL ➝ Magic ➝ Purification ➝ Bīt rimki'],,
