,fragment_id,fragment_line_num,index_in_line,word_language,value,clean_value,lemma,domain,place_discovery,place_composition
0,"1879,0708.104",2,6,SUMERIAN,su.un.gi.in,su.un.gi.in,[],['CANONICAL ➝ Technical ➝ Medicine ➝ Therapeutic ➝ Nineveh Medical Compendium ➝ IV Neck'],,
1,"1879,0708.104",2,7,SUMERIAN,ša.na.ti,ša.na.ti,[],['CANONICAL ➝ Technical ➝ Medicine ➝ Therapeutic ➝ Nineveh Medical Compendium ➝ IV Neck'],,
2,"1879,0708.104",2,8,SUMERIAN,ki.ki,ki.ki,[],['CANONICAL ➝ Technical ➝ Medicine ➝ Therapeutic ➝ Nineveh Medical Compendium ➝ IV Neck'],,
3,"1879,0708.104",3,6,SUMERIAN,ša,ša,[],['CANONICAL ➝ Technical ➝ Medicine ➝ Therapeutic ➝ Nineveh Medical Compendium ➝ IV Neck'],,
4,"1879,0708.104",3,7,SUMERIAN,ba.aš₂.šat,ba.aš₂.šat,[],['CANONICAL ➝ Technical ➝ Medicine ➝ Therapeutic ➝ Nineveh Medical Compendium ➝ IV Neck'],,
5,"1879,0708.104",3,9,SUMERIAN,šal.li,šal.li,[],['CANONICAL ➝ Technical ➝ Medicine ➝ Therapeutic ➝ Nineveh Medical Compendium ➝ IV Neck'],,
6,"1879,0708.104",3,10,SUMERIAN,ši.bi,ši.bi,[],['CANONICAL ➝ Technical ➝ Medicine ➝ Therapeutic ➝ Nineveh Medical Compendium ➝ IV Neck'],,
7,"1879,0708.104",3,11,SUMERIAN,lu₂,lu₂,[],['CANONICAL ➝ Technical ➝ Medicine ➝ Therapeutic ➝ Nineveh Medical Compendium ➝ IV Neck'],,
8,"1879,0708.104",4,5,SUMERIAN,bi.ši,bi.ši,[],['CANONICAL ➝ Technical ➝ Medicine ➝ Therapeutic ➝ Nineveh Medical Compendium ➝ IV Neck'],,
9,"1879,0708.104",4,6,SUMERIAN,lu₂,lu₂,[],['CANONICAL ➝ Technical ➝ Medicine ➝ Therapeutic ➝ Nineveh Medical Compendium ➝ IV Neck'],,
10,"1879,0708.104",5,2,SUMERIAN,pa.at.tal,pa.at.tal,[],['CANONICAL ➝ Technical ➝ Medicine ➝ Therapeutic ➝ Nineveh Medical Compendium ➝ IV Neck'],,
11,"1879,0708.104",5,4,SUMERIAN,ga.ta.aš,ga.ta.aš,[],['CANONICAL ➝ Technical ➝ Medicine ➝ Therapeutic ➝ Nineveh Medical Compendium ➝ IV Neck'],,
12,"1879,0708.104",6,2,SUMERIAN,ša,ša,[],['CANONICAL ➝ Technical ➝ Medicine ➝ Therapeutic ➝ Nineveh Medical Compendium ➝ IV Neck'],,
13,"1879,0708.104",6,3,SUMERIAN,e.ba.ra,e.ba.ra,[],['CANONICAL ➝ Technical ➝ Medicine ➝ Therapeutic ➝ Nineveh Medical Compendium ➝ IV Neck'],,
14,"1879,0708.104",6,5,SUMERIAN,ta.ak.ki.ba,ta.ak.ki.ba,[],['CANONICAL ➝ Technical ➝ Medicine ➝ Therapeutic ➝ Nineveh Medical Compendium ➝ IV Neck'],,
15,"1879,0708.104",12,1,AKKADIAN,SA,SA,[],['CANONICAL ➝ Technical ➝ Medicine ➝ Therapeutic ➝ Nineveh Medical Compendium ➝ IV Neck'],,
16,"1879,0708.104",12,2,AKKADIAN,MUD,MUD,[],['CANONICAL ➝ Technical ➝ Medicine ➝ Therapeutic ➝ Nineveh Medical Compendium ➝ IV Neck'],,
17,"1879,0708.104",12,3,AKKADIAN,MAŠ.DA₃,MAŠ.DA₃,[],['CANONICAL ➝ Technical ➝ Medicine ➝ Therapeutic ➝ Nineveh Medical Compendium ➝ IV Neck'],,
18,"1879,0708.104",12,4,AKKADIAN,NU.NU,NU.NU,[],['CANONICAL ➝ Technical ➝ Medicine ➝ Therapeutic ➝ Nineveh Medical Compendium ➝ IV Neck'],,
19,"1879,0708.104",12,5,AKKADIAN,{na₄}ŠU.U,{na₄}ŠU.U,[],['CANONICAL ➝ Technical ➝ Medicine ➝ Therapeutic ➝ Nineveh Medical Compendium ➝ IV Neck'],,
20,"1879,0708.104",12,6,AKKADIAN,{na₄}kak-ku-sa,{na₄}kak-ku-sa,[],['CANONICAL ➝ Technical ➝ Medicine ➝ Therapeutic ➝ Nineveh Medical Compendium ➝ IV Neck'],,
21,"1879,0708.104",12,7,AKKADIAN,E₃,E₃,[],['CANONICAL ➝ Technical ➝ Medicine ➝ Therapeutic ➝ Nineveh Medical Compendium ➝ IV Neck'],,
22,"1879,0708.104",13,2,AKKADIAN,KEŠDA,KEŠDA,[],['CANONICAL ➝ Technical ➝ Medicine ➝ Therapeutic ➝ Nineveh Medical Compendium ➝ IV Neck'],,
23,"1879,0708.104",13,3,AKKADIAN,e-ma,e-ma,[],['CANONICAL ➝ Technical ➝ Medicine ➝ Therapeutic ➝ Nineveh Medical Compendium ➝ IV Neck'],,
24,"1879,0708.104",13,4,AKKADIAN,KEŠDA,KEŠDA,[],['CANONICAL ➝ Technical ➝ Medicine ➝ Therapeutic ➝ Nineveh Medical Compendium ➝ IV Neck'],,
25,"1879,0708.104",13,5,AKKADIAN,EN₂,EN₂,[],['CANONICAL ➝ Technical ➝ Medicine ➝ Therapeutic ➝ Nineveh Medical Compendium ➝ IV Neck'],,
26,"1879,0708.104",13,6,AKKADIAN,ŠID-nu,ŠID-nu,[],['CANONICAL ➝ Technical ➝ Medicine ➝ Therapeutic ➝ Nineveh Medical Compendium ➝ IV Neck'],,
27,"1879,0708.104",13,7,AKKADIAN,I₃.GIŠ,I₃.GIŠ,[],['CANONICAL ➝ Technical ➝ Medicine ➝ Therapeutic ➝ Nineveh Medical Compendium ➝ IV Neck'],,
28,"1879,0708.104",13,8,AKKADIAN,A₂-šu₂,A₂-šu₂,[],['CANONICAL ➝ Technical ➝ Medicine ➝ Therapeutic ➝ Nineveh Medical Compendium ➝ IV Neck'],,
29,"1879,0708.104",14,1,AKKADIAN,ŠID-nu-ma,ŠID-nu-ma,[],['CANONICAL ➝ Technical ➝ Medicine ➝ Therapeutic ➝ Nineveh Medical Compendium ➝ IV Neck'],,
30,"1879,0708.104",14,2,AKKADIAN,KEŠDA,KEŠDA,[],['CANONICAL ➝ Technical ➝ Medicine ➝ Therapeutic ➝ Nineveh Medical Compendium ➝ IV Neck'],,
31,"1879,0708.104",17,0,AKKADIAN,EN₂,EN₂,[],['CANONICAL ➝ Technical ➝ Medicine ➝ Therapeutic ➝ Nineveh Medical Compendium ➝ IV Neck'],,
32,"1879,0708.104",17,2,SUMERIAN,su,su,[],['CANONICAL ➝ Technical ➝ Medicine ➝ Therapeutic ➝ Nineveh Medical Compendium ➝ IV Neck'],,
33,"1879,0708.104",17,3,SUMERIAN,lu₂.u₁₈.lu,lu₂.u₁₈.lu,[],['CANONICAL ➝ Technical ➝ Medicine ➝ Therapeutic ➝ Nineveh Medical Compendium ➝ IV Neck'],,
34,"1879,0708.104",17,4,SUMERIAN,im.ma.zu.a,im.ma.zu.a,[],['CANONICAL ➝ Technical ➝ Medicine ➝ Therapeutic ➝ Nineveh Medical Compendium ➝ IV Neck'],,
35,"1879,0708.104",18,1,SUMERIAN,su.be₂.e.ne,su.be₂.e.ne,[],['CANONICAL ➝ Technical ➝ Medicine ➝ Therapeutic ➝ Nineveh Medical Compendium ➝ IV Neck'],,
36,"1879,0708.104",18,2,SUMERIAN,su,su,[],['CANONICAL ➝ Technical ➝ Medicine ➝ Therapeutic ➝ Nineveh Medical Compendium ➝ IV Neck'],,
37,"1879,0708.104",18,3,SUMERIAN,la₂.la₂,la₂.la₂,[],['CANONICAL ➝ Technical ➝ Medicine ➝ Therapeutic ➝ Nineveh Medical Compendium ➝ IV Neck'],,
38,"1879,0708.104",18,5,SUMERIAN,nig₂.gig.ga.zu,nig₂.gig.ga.zu,[],['CANONICAL ➝ Technical ➝ Medicine ➝ Therapeutic ➝ Nineveh Medical Compendium ➝ IV Neck'],,
39,"1879,0708.104",18,6,SUMERIAN,ki,ki,[],['CANONICAL ➝ Technical ➝ Medicine ➝ Therapeutic ➝ Nineveh Medical Compendium ➝ IV Neck'],,
40,"1879,0708.104",18,7,SUMERIAN,bar,bar,[],['CANONICAL ➝ Technical ➝ Medicine ➝ Therapeutic ➝ Nineveh Medical Compendium ➝ IV Neck'],,
41,"1879,0708.104",18,9,SUMERIAN,a₂,a₂,[],['CANONICAL ➝ Technical ➝ Medicine ➝ Therapeutic ➝ Nineveh Medical Compendium ➝ IV Neck'],,
42,"1879,0708.104",19,3,SUMERIAN,bi,bi,[],['CANONICAL ➝ Technical ➝ Medicine ➝ Therapeutic ➝ Nineveh Medical Compendium ➝ IV Neck'],,
43,"1879,0708.104",19,4,SUMERIAN,nig₂.gig.ga.a,nig₂.gig.ga.a,[],['CANONICAL ➝ Technical ➝ Medicine ➝ Therapeutic ➝ Nineveh Medical Compendium ➝ IV Neck'],,
44,"1879,0708.104",19,5,SUMERIAN,im.ma.an,im.ma.an,[],['CANONICAL ➝ Technical ➝ Medicine ➝ Therapeutic ➝ Nineveh Medical Compendium ➝ IV Neck'],,
