,fragment_id,fragment_line_num,index_in_line,word_language,value,clean_value,lemma,domain,place_discovery,place_composition
0,"1879,0708.214",5,1,AKKADIAN,UN-MEŠ,UN-MEŠ,['nišu I'],['CANONICAL ➝ Divination'],,
1,"1879,0708.214",6,2,AKKADIAN,bu,bu,[],['CANONICAL ➝ Divination'],,
2,"1879,0708.214",6,3,AKKADIAN,GE₆,GE₆,[],['CANONICAL ➝ Divination'],,
3,"1879,0708.214",7,2,AKKADIAN,LUGAL,LUGAL,['šarru I'],['CANONICAL ➝ Divination'],,
4,"1879,0708.214",8,2,AKKADIAN,ka,ka,[],['CANONICAL ➝ Divination'],,
5,"1879,0708.214",8,3,AKKADIAN,ina,ina,['ina I'],['CANONICAL ➝ Divination'],,
6,"1879,0708.214",8,4,AKKADIAN,MU,MU,['šattu I'],['CANONICAL ➝ Divination'],,
7,"1879,0708.214",8,5,AKKADIAN,BI,BI,['šuāti I'],['CANONICAL ➝ Divination'],,
8,"1879,0708.214",8,6,AKKADIAN,AN.GI₆,AN.GI₆,['antalû I'],['CANONICAL ➝ Divination'],,
9,"1879,0708.214",9,5,AKKADIAN,MAŠ₂.ANŠE,MAŠ₂.ANŠE,['būlu I'],['CANONICAL ➝ Divination'],,
10,"1879,0708.214",11,2,AKKADIAN,{d}UTU,{d}UTU,['Šamaš I'],['CANONICAL ➝ Divination'],,
