,fragment_id,fragment_line_num,index_in_line,word_language,value,clean_value,lemma,domain,place_discovery,place_composition
0,"1881,0204.202",1,1,AKKADIAN,ina,ina,['ina I'],['CANONICAL ➝ Divination ➝ Terrestrial ➝ Šumma ālu'],,
1,"1881,0204.202",1,2,AKKADIAN,E₂,E₂,['bītu I'],['CANONICAL ➝ Divination ➝ Terrestrial ➝ Šumma ālu'],,
2,"1881,0204.202",1,3,AKKADIAN,,,['awīlu I'],['CANONICAL ➝ Divination ➝ Terrestrial ➝ Šumma ālu'],,
3,"1881,0204.202",1,5,AKKADIAN,GIM,GIM,['kīma I'],['CANONICAL ➝ Divination ➝ Terrestrial ➝ Šumma ālu'],,
4,"1881,0204.202",1,6,AKKADIAN,UZ₃,UZ₃,['enzu I'],['CANONICAL ➝ Divination ➝ Terrestrial ➝ Šumma ālu'],,
5,"1881,0204.202",1,7,AKKADIAN,IGI,IGI,['amāru I'],['CANONICAL ➝ Divination ➝ Terrestrial ➝ Šumma ālu'],,
6,"1881,0204.202",1,8,AKKADIAN,E₂,E₂,['bītu I'],['CANONICAL ➝ Divination ➝ Terrestrial ➝ Šumma ālu'],,
7,"1881,0204.202",1,9,AKKADIAN,BI,BI,['šuāti I'],['CANONICAL ➝ Divination ➝ Terrestrial ➝ Šumma ālu'],,
8,"1881,0204.202",1,10,AKKADIAN,BIR-ah,BIR-ah,['sapāhu I'],['CANONICAL ➝ Divination ➝ Terrestrial ➝ Šumma ālu'],,
9,"1881,0204.202",3,1,AKKADIAN,ina,ina,['ina I'],['CANONICAL ➝ Divination ➝ Terrestrial ➝ Šumma ālu'],,
10,"1881,0204.202",3,2,AKKADIAN,E₂,E₂,['bītu I'],['CANONICAL ➝ Divination ➝ Terrestrial ➝ Šumma ālu'],,
11,"1881,0204.202",3,3,AKKADIAN,,,[],['CANONICAL ➝ Divination ➝ Terrestrial ➝ Šumma ālu'],,
12,"1881,0204.202",3,4,AKKADIAN,MAŠKIM,MAŠKIM,['rābiṣu I'],['CANONICAL ➝ Divination ➝ Terrestrial ➝ Šumma ālu'],,
13,"1881,0204.202",3,6,AKKADIAN,IGI,IGI,[],['CANONICAL ➝ Divination ➝ Terrestrial ➝ Šumma ālu'],,
14,"1881,0204.202",3,7,AKKADIAN,KIMIN,KIMIN,[],['CANONICAL ➝ Divination ➝ Terrestrial ➝ Šumma ālu'],,
15,"1881,0204.202",5,1,AKKADIAN,ina,ina,['ina I'],['CANONICAL ➝ Divination ➝ Terrestrial ➝ Šumma ālu'],,
16,"1881,0204.202",5,2,AKKADIAN,E₂,E₂,['bītu I'],['CANONICAL ➝ Divination ➝ Terrestrial ➝ Šumma ālu'],,
17,"1881,0204.202",5,3,AKKADIAN,,,[],['CANONICAL ➝ Divination ➝ Terrestrial ➝ Šumma ālu'],,
18,"1881,0204.202",5,4,AKKADIAN,MAŠKIM,MAŠKIM,['rābiṣu I'],['CANONICAL ➝ Divination ➝ Terrestrial ➝ Šumma ālu'],,
19,"1881,0204.202",5,6,AKKADIAN,IGI,IGI,[],['CANONICAL ➝ Divination ➝ Terrestrial ➝ Šumma ālu'],,
20,"1881,0204.202",5,7,AKKADIAN,KIMIN,KIMIN,[],['CANONICAL ➝ Divination ➝ Terrestrial ➝ Šumma ālu'],,
21,"1881,0204.202",7,1,AKKADIAN,ina,ina,['ina I'],['CANONICAL ➝ Divination ➝ Terrestrial ➝ Šumma ālu'],,
22,"1881,0204.202",7,2,AKKADIAN,E₂,E₂,['bītu I'],['CANONICAL ➝ Divination ➝ Terrestrial ➝ Šumma ālu'],,
23,"1881,0204.202",7,3,AKKADIAN,,,[],['CANONICAL ➝ Divination ➝ Terrestrial ➝ Šumma ālu'],,
24,"1881,0204.202",7,4,AKKADIAN,MAŠKIM,MAŠKIM,['rābiṣu I'],['CANONICAL ➝ Divination ➝ Terrestrial ➝ Šumma ālu'],,
25,"1881,0204.202",7,6,AKKADIAN,IGI,IGI,[],['CANONICAL ➝ Divination ➝ Terrestrial ➝ Šumma ālu'],,
26,"1881,0204.202",7,7,AKKADIAN,KIMIN,KIMIN,[],['CANONICAL ➝ Divination ➝ Terrestrial ➝ Šumma ālu'],,
27,"1881,0204.202",9,1,AKKADIAN,ina,ina,['ina I'],['CANONICAL ➝ Divination ➝ Terrestrial ➝ Šumma ālu'],,
28,"1881,0204.202",9,2,AKKADIAN,E₂,E₂,['bītu I'],['CANONICAL ➝ Divination ➝ Terrestrial ➝ Šumma ālu'],,
29,"1881,0204.202",9,3,AKKADIAN,,,[],['CANONICAL ➝ Divination ➝ Terrestrial ➝ Šumma ālu'],,
30,"1881,0204.202",9,4,AKKADIAN,MAŠKIM,MAŠKIM,['rābiṣu I'],['CANONICAL ➝ Divination ➝ Terrestrial ➝ Šumma ālu'],,
31,"1881,0204.202",9,6,AKKADIAN,IGI,IGI,[],['CANONICAL ➝ Divination ➝ Terrestrial ➝ Šumma ālu'],,
32,"1881,0204.202",9,7,AKKADIAN,KIMIN,KIMIN,[],['CANONICAL ➝ Divination ➝ Terrestrial ➝ Šumma ālu'],,
33,"1881,0204.202",11,1,AKKADIAN,ina,ina,['ina I'],['CANONICAL ➝ Divination ➝ Terrestrial ➝ Šumma ālu'],,
34,"1881,0204.202",11,2,AKKADIAN,E₂,E₂,['bītu I'],['CANONICAL ➝ Divination ➝ Terrestrial ➝ Šumma ālu'],,
35,"1881,0204.202",11,3,AKKADIAN,,,[],['CANONICAL ➝ Divination ➝ Terrestrial ➝ Šumma ālu'],,
36,"1881,0204.202",11,4,AKKADIAN,MAŠKIM,MAŠKIM,['rābiṣu I'],['CANONICAL ➝ Divination ➝ Terrestrial ➝ Šumma ālu'],,
37,"1881,0204.202",11,6,AKKADIAN,IGI,IGI,[],['CANONICAL ➝ Divination ➝ Terrestrial ➝ Šumma ālu'],,
38,"1881,0204.202",11,7,AKKADIAN,KIMIN,KIMIN,[],['CANONICAL ➝ Divination ➝ Terrestrial ➝ Šumma ālu'],,
39,"1881,0204.202",13,1,AKKADIAN,ina,ina,['ina I'],['CANONICAL ➝ Divination ➝ Terrestrial ➝ Šumma ālu'],,
40,"1881,0204.202",13,2,AKKADIAN,E₂,E₂,['bītu I'],['CANONICAL ➝ Divination ➝ Terrestrial ➝ Šumma ālu'],,
41,"1881,0204.202",13,3,AKKADIAN,,,[],['CANONICAL ➝ Divination ➝ Terrestrial ➝ Šumma ālu'],,
42,"1881,0204.202",13,4,AKKADIAN,MAŠKIM,MAŠKIM,['rābiṣu I'],['CANONICAL ➝ Divination ➝ Terrestrial ➝ Šumma ālu'],,
43,"1881,0204.202",13,6,AKKADIAN,IGI,IGI,[],['CANONICAL ➝ Divination ➝ Terrestrial ➝ Šumma ālu'],,
44,"1881,0204.202",13,7,AKKADIAN,KIMIN,KIMIN,[],['CANONICAL ➝ Divination ➝ Terrestrial ➝ Šumma ālu'],,
45,"1881,0204.202",15,1,AKKADIAN,ina,ina,['ina I'],['CANONICAL ➝ Divination ➝ Terrestrial ➝ Šumma ālu'],,
46,"1881,0204.202",15,2,AKKADIAN,E₂,E₂,['bītu I'],['CANONICAL ➝ Divination ➝ Terrestrial ➝ Šumma ālu'],,
47,"1881,0204.202",15,3,AKKADIAN,,,[],['CANONICAL ➝ Divination ➝ Terrestrial ➝ Šumma ālu'],,
48,"1881,0204.202",15,4,AKKADIAN,MAŠKIM,MAŠKIM,['rābiṣu I'],['CANONICAL ➝ Divination ➝ Terrestrial ➝ Šumma ālu'],,
49,"1881,0204.202",15,6,AKKADIAN,IGI,IGI,[],['CANONICAL ➝ Divination ➝ Terrestrial ➝ Šumma ālu'],,
50,"1881,0204.202",15,7,AKKADIAN,KIMIN,KIMIN,[],['CANONICAL ➝ Divination ➝ Terrestrial ➝ Šumma ālu'],,
51,"1881,0204.202",17,1,AKKADIAN,ina,ina,['ina I'],['CANONICAL ➝ Divination ➝ Terrestrial ➝ Šumma ālu'],,
52,"1881,0204.202",17,2,AKKADIAN,E₂,E₂,['bītu I'],['CANONICAL ➝ Divination ➝ Terrestrial ➝ Šumma ālu'],,
53,"1881,0204.202",17,3,AKKADIAN,,,[],['CANONICAL ➝ Divination ➝ Terrestrial ➝ Šumma ālu'],,
54,"1881,0204.202",17,4,AKKADIAN,MAŠKIM,MAŠKIM,['rābiṣu I'],['CANONICAL ➝ Divination ➝ Terrestrial ➝ Šumma ālu'],,
55,"1881,0204.202",17,6,AKKADIAN,IGI,IGI,[],['CANONICAL ➝ Divination ➝ Terrestrial ➝ Šumma ālu'],,
56,"1881,0204.202",17,7,AKKADIAN,KIMIN,KIMIN,[],['CANONICAL ➝ Divination ➝ Terrestrial ➝ Šumma ālu'],,
57,"1881,0204.202",19,1,AKKADIAN,ina,ina,['ina I'],['CANONICAL ➝ Divination ➝ Terrestrial ➝ Šumma ālu'],,
58,"1881,0204.202",19,2,AKKADIAN,E₂,E₂,['bītu I'],['CANONICAL ➝ Divination ➝ Terrestrial ➝ Šumma ālu'],,
59,"1881,0204.202",19,3,AKKADIAN,,,[],['CANONICAL ➝ Divination ➝ Terrestrial ➝ Šumma ālu'],,
60,"1881,0204.202",19,5,AKKADIAN,GUB-az,GUB-az,['izuzzu I'],['CANONICAL ➝ Divination ➝ Terrestrial ➝ Šumma ālu'],,
61,"1881,0204.202",19,6,AKKADIAN,KIMIN,KIMIN,[],['CANONICAL ➝ Divination ➝ Terrestrial ➝ Šumma ālu'],,
62,"1881,0204.202",22,1,AKKADIAN,ina,ina,['ina I'],['CANONICAL ➝ Divination ➝ Terrestrial ➝ Šumma ālu'],,
63,"1881,0204.202",22,2,AKKADIAN,E₂,E₂,['bītu I'],['CANONICAL ➝ Divination ➝ Terrestrial ➝ Šumma ālu'],,
64,"1881,0204.202",22,3,AKKADIAN,,,[],['CANONICAL ➝ Divination ➝ Terrestrial ➝ Šumma ālu'],,
65,"1881,0204.202",22,5,AKKADIAN,IGI,IGI,['amāru I'],['CANONICAL ➝ Divination ➝ Terrestrial ➝ Šumma ālu'],,
66,"1881,0204.202",22,7,AKKADIAN,EN,EN,['bēlu I'],['CANONICAL ➝ Divination ➝ Terrestrial ➝ Šumma ālu'],,
67,"1881,0204.202",22,8,AKKADIAN,E₂,E₂,['bītu I'],['CANONICAL ➝ Divination ➝ Terrestrial ➝ Šumma ālu'],,
68,"1881,0204.202",22,9,AKKADIAN,šum₄-ma,šum₄-ma,['šumma I'],['CANONICAL ➝ Divination ➝ Terrestrial ➝ Šumma ālu'],,
69,"1881,0204.202",22,10,AKKADIAN,NIN,NIN,['bēltu I'],['CANONICAL ➝ Divination ➝ Terrestrial ➝ Šumma ālu'],,
70,"1881,0204.202",22,11,AKKADIAN,E₂,E₂,['bītu I'],['CANONICAL ➝ Divination ➝ Terrestrial ➝ Šumma ālu'],,
71,"1881,0204.202",26,3,AKKADIAN,MIN,MIN,[],['CANONICAL ➝ Divination ➝ Terrestrial ➝ Šumma ālu'],,
72,"1881,0204.202",26,4,AKKADIAN,ana,ana,['ana I'],['CANONICAL ➝ Divination ➝ Terrestrial ➝ Šumma ālu'],,
73,"1881,0204.202",26,5,AKKADIAN,IGI,IGI,[],['CANONICAL ➝ Divination ➝ Terrestrial ➝ Šumma ālu'],,
74,"1881,0204.202",28,2,AKKADIAN,MIN,MIN,[],['CANONICAL ➝ Divination ➝ Terrestrial ➝ Šumma ālu'],,
75,"1881,0204.202",28,3,AKKADIAN,ana,ana,['ana I'],['CANONICAL ➝ Divination ➝ Terrestrial ➝ Šumma ālu'],,
76,"1881,0204.202",30,3,AKKADIAN,MIN,MIN,[],['CANONICAL ➝ Divination ➝ Terrestrial ➝ Šumma ālu'],,
77,"1881,0204.202",30,4,AKKADIAN,ana,ana,['ana I'],['CANONICAL ➝ Divination ➝ Terrestrial ➝ Šumma ālu'],,
78,"1881,0204.202",30,5,AKKADIAN,ra-še-e,ra-še-e,['rašû I'],['CANONICAL ➝ Divination ➝ Terrestrial ➝ Šumma ālu'],,
79,"1881,0204.202",33,1,AKKADIAN,ina,ina,['ina I'],['CANONICAL ➝ Divination ➝ Terrestrial ➝ Šumma ālu'],,
80,"1881,0204.202",33,2,AKKADIAN,E₂,E₂,['bītu I'],['CANONICAL ➝ Divination ➝ Terrestrial ➝ Šumma ālu'],,
81,"1881,0204.202",33,3,AKKADIAN,,,[],['CANONICAL ➝ Divination ➝ Terrestrial ➝ Šumma ālu'],,
82,"1881,0204.202",33,5,AKKADIAN,IGI.DU₈,IGI.DU₈,['amāru I'],['CANONICAL ➝ Divination ➝ Terrestrial ➝ Šumma ālu'],,
83,"1881,0204.202",33,6,AKKADIAN,BIR-ah,BIR-ah,['sapāhu I'],['CANONICAL ➝ Divination ➝ Terrestrial ➝ Šumma ālu'],,
84,"1881,0204.202",33,7,AKKADIAN,E₂,E₂,['bītu I'],['CANONICAL ➝ Divination ➝ Terrestrial ➝ Šumma ālu'],,
85,"1881,0204.202",35,0,AKKADIAN,DUB.19.KAM₂,DUB.19.KAM₂,[],['CANONICAL ➝ Divination ➝ Terrestrial ➝ Šumma ālu'],,
86,"1881,0204.202",35,1,AKKADIAN,DIŠ,DIŠ,[],['CANONICAL ➝ Divination ➝ Terrestrial ➝ Šumma ālu'],,
87,"1881,0204.202",35,2,AKKADIAN,URU,URU,['ālu I'],['CANONICAL ➝ Divination ➝ Terrestrial ➝ Šumma ālu'],,
88,"1881,0204.202",35,3,AKKADIAN,ina,ina,['ina I'],['CANONICAL ➝ Divination ➝ Terrestrial ➝ Šumma ālu'],,
89,"1881,0204.202",35,4,AKKADIAN,SUKUD-e,SUKUD-e,['mēlû I'],['CANONICAL ➝ Divination ➝ Terrestrial ➝ Šumma ālu'],,
90,"1881,0204.202",35,5,AKKADIAN,GAR-in,GAR-in,['šakānu I'],['CANONICAL ➝ Divination ➝ Terrestrial ➝ Šumma ālu'],,
91,"1881,0204.202",37,1,AKKADIAN,KA,KA,['pû I'],['CANONICAL ➝ Divination ➝ Terrestrial ➝ Šumma ālu'],,
92,"1881,0204.202",37,2,AKKADIAN,{giš}ZU,{giš}ZU,"[""lē'u I""]",['CANONICAL ➝ Divination ➝ Terrestrial ➝ Šumma ālu'],,
93,"1881,0204.202",37,3,AKKADIAN,NU,NU,['lā I'],['CANONICAL ➝ Divination ➝ Terrestrial ➝ Šumma ālu'],,
94,"1881,0204.202",37,4,AKKADIAN,E₃-i,E₃-i,['barû I'],['CANONICAL ➝ Divination ➝ Terrestrial ➝ Šumma ālu'],,
95,"1881,0204.202",37,5,AKKADIAN,SAR,SAR,['šaṭāru II'],['CANONICAL ➝ Divination ➝ Terrestrial ➝ Šumma ālu'],,
96,"1881,0204.202",39,1,AKKADIAN,{m}{d}ku-sud-nun-tu-mu-dim₂-ma,{m}{d}ku-sud-nun-tu-mu-dim₂-ma,[],['CANONICAL ➝ Divination ➝ Terrestrial ➝ Šumma ālu'],,
97,"1881,0204.202",39,2,AKKADIAN,A,A,['māru I'],['CANONICAL ➝ Divination ➝ Terrestrial ➝ Šumma ālu'],,
98,"1881,0204.202",39,3,AKKADIAN,{d}MU-GAL₂-ši!,{d}MU-GAL₂-ši,['Šumu-libšu I'],['CANONICAL ➝ Divination ➝ Terrestrial ➝ Šumma ālu'],,
99,"1881,0204.202",41,0,AKKADIAN,LU₂.GALA,LU₂.GALA,['kalû III'],['CANONICAL ➝ Divination ➝ Terrestrial ➝ Šumma ālu'],,
100,"1881,0204.202",41,1,AKKADIAN,{d}KUR.GAL,{d}KUR.GAL,['Ellil I'],['CANONICAL ➝ Divination ➝ Terrestrial ➝ Šumma ālu'],,
