,fragment_id,fragment_line_num,index_in_line,word_language,value,clean_value,lemma,domain,place_discovery,place_composition
0,"1880,0617.2348",0,2,AKKADIAN,te,te,[],see genres.json file,,
1,"1880,0617.2348",1,2,AKKADIAN,ne,ne,[],see genres.json file,,
2,"1880,0617.2348",1,3,AKKADIAN,eš,eš,[],see genres.json file,,
3,"1880,0617.2348",1,4,AKKADIAN,ti,ti,[],see genres.json file,,
4,"1880,0617.2348",2,2,AKKADIAN,gam/liš,gam/liš,[],see genres.json file,,
5,"1880,0617.2348",2,3,AKKADIAN,ina,ina,[],see genres.json file,,
6,"1880,0617.2348",2,4,AKKADIAN,GI₆,GI₆,[],see genres.json file,,
7,"1880,0617.2348",2,5,AKKADIAN,ana,ana,[],see genres.json file,,
8,"1880,0617.2348",2,6,AKKADIAN,IGI,IGI,[],see genres.json file,,
9,"1880,0617.2348",2,9,AKKADIAN,tuš-bat,tuš-bat,[],see genres.json file,,
10,"1880,0617.2348",2,10,AKKADIAN,ina,ina,[],see genres.json file,,
11,"1880,0617.2348",2,11,AKKADIAN,A₂.GU₂.ZI.GA,A₂.GU₂.ZI.GA,[],see genres.json file,,
12,"1880,0617.2348",3,4,SUMERIAN,{tug₂}šutur,{tug₂}šutur,[],see genres.json file,,
13,"1880,0617.2348",3,6,SUMERIAN,gada,gada,[],see genres.json file,,
14,"1880,0617.2348",3,7,SUMERIAN,babbar-ra,babbar-ra,[],see genres.json file,,
15,"1880,0617.2348",4,1,AKKADIAN,tu,tu,[],see genres.json file,,
16,"1880,0617.2348",4,2,AKKADIAN,na,na,[],see genres.json file,,
