,fragment_id,fragment_line_num,index_in_line,word_language,value,clean_value,lemma,domain,place_discovery,place_composition
0,"1879,0708.144",1,1,AKKADIAN,ina,ina,['ina I'],['CANONICAL ➝ Divination ➝ Celestial ➝ Enūma Anu Enlil ➝ Adad (EAE 36–49)'],,
1,"1879,0708.144",1,2,AKKADIAN,SAG,SAG,[],['CANONICAL ➝ Divination ➝ Celestial ➝ Enūma Anu Enlil ➝ Adad (EAE 36–49)'],,
2,"1879,0708.144",1,3,AKKADIAN,MU,MU,[],['CANONICAL ➝ Divination ➝ Celestial ➝ Enūma Anu Enlil ➝ Adad (EAE 36–49)'],,
3,"1879,0708.144",1,4,AKKADIAN,20,20,[],['CANONICAL ➝ Divination ➝ Celestial ➝ Enūma Anu Enlil ➝ Adad (EAE 36–49)'],,
4,"1879,0708.144",1,5,AKKADIAN,KAN₅,KAN₅,['adāru I'],['CANONICAL ➝ Divination ➝ Celestial ➝ Enūma Anu Enlil ➝ Adad (EAE 36–49)'],,
5,"1879,0708.144",1,6,AKKADIAN,LUGAL,LUGAL,['šarru I'],['CANONICAL ➝ Divination ➝ Celestial ➝ Enūma Anu Enlil ➝ Adad (EAE 36–49)'],,
6,"1879,0708.144",1,7,AKKADIAN,UGU,UGU,['eli I'],['CANONICAL ➝ Divination ➝ Celestial ➝ Enūma Anu Enlil ➝ Adad (EAE 36–49)'],,
7,"1879,0708.144",1,10,AKKADIAN,UGU,UGU,['eli I'],['CANONICAL ➝ Divination ➝ Celestial ➝ Enūma Anu Enlil ➝ Adad (EAE 36–49)'],,
8,"1879,0708.144",1,11,AKKADIAN,KUR,KUR,['mātu I'],['CANONICAL ➝ Divination ➝ Celestial ➝ Enūma Anu Enlil ➝ Adad (EAE 36–49)'],,
9,"1879,0708.144",1,12,AKKADIAN,GIG-ma,GIG-ma,['marāṣu I'],['CANONICAL ➝ Divination ➝ Celestial ➝ Enūma Anu Enlil ➝ Adad (EAE 36–49)'],,
10,"1879,0708.144",1,13,AKKADIAN,ina,ina,['ina I'],['CANONICAL ➝ Divination ➝ Celestial ➝ Enūma Anu Enlil ➝ Adad (EAE 36–49)'],,
11,"1879,0708.144",1,14,AKKADIAN,HI.GAR,HI.GAR,['bārtu I'],['CANONICAL ➝ Divination ➝ Celestial ➝ Enūma Anu Enlil ➝ Adad (EAE 36–49)'],,
12,"1879,0708.144",1,15,AKKADIAN,GAZ,GAZ,['dâku I'],['CANONICAL ➝ Divination ➝ Celestial ➝ Enūma Anu Enlil ➝ Adad (EAE 36–49)'],,
13,"1879,0708.144",1,17,AKKADIAN,ZI-ut,ZI-ut,['tibûtu I'],['CANONICAL ➝ Divination ➝ Celestial ➝ Enūma Anu Enlil ➝ Adad (EAE 36–49)'],,
14,"1879,0708.144",1,18,AKKADIAN,gu-ti-i,gu-ti-i,['Guti I'],['CANONICAL ➝ Divination ➝ Celestial ➝ Enūma Anu Enlil ➝ Adad (EAE 36–49)'],,
15,"1879,0708.144",2,2,AKKADIAN,ina,ina,['ina I'],['CANONICAL ➝ Divination ➝ Celestial ➝ Enūma Anu Enlil ➝ Adad (EAE 36–49)'],,
16,"1879,0708.144",2,3,AKKADIAN,KUR,KUR,[],['CANONICAL ➝ Divination ➝ Celestial ➝ Enūma Anu Enlil ➝ Adad (EAE 36–49)'],,
17,"1879,0708.144",2,4,AKKADIAN,DU₃.A.BI,DU₃.A.BI,['kalāma I'],['CANONICAL ➝ Divination ➝ Celestial ➝ Enūma Anu Enlil ➝ Adad (EAE 36–49)'],,
18,"1879,0708.144",2,5,AKKADIAN,AN.GE₆,AN.GE₆,['antalû I'],['CANONICAL ➝ Divination ➝ Celestial ➝ Enūma Anu Enlil ➝ Adad (EAE 36–49)'],,
19,"1879,0708.144",2,6,AKKADIAN,20,20,[],['CANONICAL ➝ Divination ➝ Celestial ➝ Enūma Anu Enlil ➝ Adad (EAE 36–49)'],,
20,"1879,0708.144",2,7,AKKADIAN,GAR-an,GAR-an,['šakānu I'],['CANONICAL ➝ Divination ➝ Celestial ➝ Enūma Anu Enlil ➝ Adad (EAE 36–49)'],,
21,"1879,0708.144",2,9,AKKADIAN,GA₂.GIŠ,GA₂.GIŠ,[],['CANONICAL ➝ Divination ➝ Celestial ➝ Enūma Anu Enlil ➝ Adad (EAE 36–49)'],,
22,"1879,0708.144",2,10,AKKADIAN,GAR-an,GAR-an,['šakānu I'],['CANONICAL ➝ Divination ➝ Celestial ➝ Enūma Anu Enlil ➝ Adad (EAE 36–49)'],,
23,"1879,0708.144",3,2,AKKADIAN,KUR,KUR,['mātu I'],['CANONICAL ➝ Divination ➝ Celestial ➝ Enūma Anu Enlil ➝ Adad (EAE 36–49)'],,
24,"1879,0708.144",3,3,AKKADIAN,{giš}GIDRU,{giš}GIDRU,['haṭṭu II'],['CANONICAL ➝ Divination ➝ Celestial ➝ Enūma Anu Enlil ➝ Adad (EAE 36–49)'],,
25,"1879,0708.144",3,7,AKKADIAN,{d}UTU,{d}UTU,[],['CANONICAL ➝ Divination ➝ Celestial ➝ Enūma Anu Enlil ➝ Adad (EAE 36–49)'],,
26,"1879,0708.144",3,8,AKKADIAN,GAR-an,GAR-an,['šakānu I'],['CANONICAL ➝ Divination ➝ Celestial ➝ Enūma Anu Enlil ➝ Adad (EAE 36–49)'],,
27,"1879,0708.144",3,10,AKKADIAN,I.{d}UTU,I.{d}UTU,['tazzimtu I'],['CANONICAL ➝ Divination ➝ Celestial ➝ Enūma Anu Enlil ➝ Adad (EAE 36–49)'],,
28,"1879,0708.144",3,11,AKKADIAN,ha-de-e,ha-de-e,['hadû II'],['CANONICAL ➝ Divination ➝ Celestial ➝ Enūma Anu Enlil ➝ Adad (EAE 36–49)'],,
29,"1879,0708.144",3,12,AKKADIAN,ina,ina,['ina I'],['CANONICAL ➝ Divination ➝ Celestial ➝ Enūma Anu Enlil ➝ Adad (EAE 36–49)'],,
30,"1879,0708.144",3,13,AKKADIAN,KUR,KUR,[],['CANONICAL ➝ Divination ➝ Celestial ➝ Enūma Anu Enlil ➝ Adad (EAE 36–49)'],,
31,"1879,0708.144",3,14,AKKADIAN,GAR-an,GAR-an,['šakānu I'],['CANONICAL ➝ Divination ➝ Celestial ➝ Enūma Anu Enlil ➝ Adad (EAE 36–49)'],,
32,"1879,0708.144",4,2,AKKADIAN,a-dir,a-dir,['adāru I'],['CANONICAL ➝ Divination ➝ Celestial ➝ Enūma Anu Enlil ➝ Adad (EAE 36–49)'],,
33,"1879,0708.144",4,3,AKKADIAN,{giš}TUKUL-ME,{giš}TUKUL-ME,['kakku I'],['CANONICAL ➝ Divination ➝ Celestial ➝ Enūma Anu Enlil ➝ Adad (EAE 36–49)'],,
34,"1879,0708.144",4,4,AKKADIAN,ZI-ME,ZI-ME,['tebû I'],['CANONICAL ➝ Divination ➝ Celestial ➝ Enūma Anu Enlil ➝ Adad (EAE 36–49)'],,
35,"1879,0708.144",4,5,AKKADIAN,LUGAL,LUGAL,['šarru I'],['CANONICAL ➝ Divination ➝ Celestial ➝ Enūma Anu Enlil ➝ Adad (EAE 36–49)'],,
36,"1879,0708.144",4,6,AKKADIAN,{giš}TUKU,{giš}TUKU,[],['CANONICAL ➝ Divination ➝ Celestial ➝ Enūma Anu Enlil ➝ Adad (EAE 36–49)'],,
37,"1879,0708.144",4,8,AKKADIAN,he-pi₂,he-pi₂,['hepû II'],['CANONICAL ➝ Divination ➝ Celestial ➝ Enūma Anu Enlil ➝ Adad (EAE 36–49)'],,
38,"1879,0708.144",5,1,AKKADIAN,GAN₂.BA,GAN₂.BA,['mahīru I'],['CANONICAL ➝ Divination ➝ Celestial ➝ Enūma Anu Enlil ➝ Adad (EAE 36–49)'],,
39,"1879,0708.144",5,2,AKKADIAN,TUR-ma,TUR-ma,['ṣehēru I'],['CANONICAL ➝ Divination ➝ Celestial ➝ Enūma Anu Enlil ➝ Adad (EAE 36–49)'],,
40,"1879,0708.144",5,3,AKKADIAN,ŠEŠ,ŠEŠ,['ahu I'],['CANONICAL ➝ Divination ➝ Celestial ➝ Enūma Anu Enlil ➝ Adad (EAE 36–49)'],,
41,"1879,0708.144",5,4,AKKADIAN,E₂,E₂,['bītu I'],['CANONICAL ➝ Divination ➝ Celestial ➝ Enūma Anu Enlil ➝ Adad (EAE 36–49)'],,
42,"1879,0708.144",5,5,AKKADIAN,ŠEŠ-šu₂,ŠEŠ-šu₂,['ahu I'],['CANONICAL ➝ Divination ➝ Celestial ➝ Enūma Anu Enlil ➝ Adad (EAE 36–49)'],,
43,"1879,0708.144",5,6,AKKADIAN,KAR-ʾ,KAR-ʾ,[],['CANONICAL ➝ Divination ➝ Celestial ➝ Enūma Anu Enlil ➝ Adad (EAE 36–49)'],,
44,"1879,0708.144",6,1,AKKADIAN,URU,URU,['ālu I'],['CANONICAL ➝ Divination ➝ Celestial ➝ Enūma Anu Enlil ➝ Adad (EAE 36–49)'],,
45,"1879,0708.144",6,2,AKKADIAN,ERIN₂,ERIN₂,['ummānu I'],['CANONICAL ➝ Divination ➝ Celestial ➝ Enūma Anu Enlil ➝ Adad (EAE 36–49)'],,
46,"1879,0708.144",6,3,AKKADIAN,GAL,GAL,['rabû I'],['CANONICAL ➝ Divination ➝ Celestial ➝ Enūma Anu Enlil ➝ Adad (EAE 36–49)'],,
47,"1879,0708.144",6,4,AKKADIAN,ŠUB-ut,ŠUB-ut,['maqātu I'],['CANONICAL ➝ Divination ➝ Celestial ➝ Enūma Anu Enlil ➝ Adad (EAE 36–49)'],,
48,"1879,0708.144",6,7,AKKADIAN,KUR,KUR,['mātu I'],['CANONICAL ➝ Divination ➝ Celestial ➝ Enūma Anu Enlil ➝ Adad (EAE 36–49)'],,
49,"1879,0708.144",6,8,AKKADIAN,I.{d}UTU,I.{d}UTU,['tazzimtu I'],['CANONICAL ➝ Divination ➝ Celestial ➝ Enūma Anu Enlil ➝ Adad (EAE 36–49)'],,
50,"1879,0708.144",6,10,AKKADIAN,{giš}GIDRU,{giš}GIDRU,['haṭṭu II'],['CANONICAL ➝ Divination ➝ Celestial ➝ Enūma Anu Enlil ➝ Adad (EAE 36–49)'],,
51,"1879,0708.144",6,11,AKKADIAN,{d}UTU,{d}UTU,['Šamaš I'],['CANONICAL ➝ Divination ➝ Celestial ➝ Enūma Anu Enlil ➝ Adad (EAE 36–49)'],,
52,"1879,0708.144",6,12,AKKADIAN,GAL₂!,GAL₂,['bašû I'],['CANONICAL ➝ Divination ➝ Celestial ➝ Enūma Anu Enlil ➝ Adad (EAE 36–49)'],,
53,"1879,0708.144",7,1,AKKADIAN,PEŠ₂.GIŠ.GI,PEŠ₂.GIŠ.GI,[],['CANONICAL ➝ Divination ➝ Celestial ➝ Enūma Anu Enlil ➝ Adad (EAE 36–49)'],,
54,"1879,0708.144",7,2,AKKADIAN,GU₇.E,GU₇.E,[],['CANONICAL ➝ Divination ➝ Celestial ➝ Enūma Anu Enlil ➝ Adad (EAE 36–49)'],,
55,"1879,0708.144",8,2,AKKADIAN,ina,ina,['ina I'],['CANONICAL ➝ Divination ➝ Celestial ➝ Enūma Anu Enlil ➝ Adad (EAE 36–49)'],,
56,"1879,0708.144",8,3,AKKADIAN,ŠA₃,ŠA₃,['libbu I'],['CANONICAL ➝ Divination ➝ Celestial ➝ Enūma Anu Enlil ➝ Adad (EAE 36–49)'],,
57,"1879,0708.144",8,4,AKKADIAN,URU,URU,[],['CANONICAL ➝ Divination ➝ Celestial ➝ Enūma Anu Enlil ➝ Adad (EAE 36–49)'],,
58,"1879,0708.144",8,5,AKKADIAN,DI.KUD,DI.KUD,['dayyānu I'],['CANONICAL ➝ Divination ➝ Celestial ➝ Enūma Anu Enlil ➝ Adad (EAE 36–49)'],,
59,"1879,0708.144",8,6,AKKADIAN,ŠUB-ut,ŠUB-ut,['maqātu I'],['CANONICAL ➝ Divination ➝ Celestial ➝ Enūma Anu Enlil ➝ Adad (EAE 36–49)'],,
60,"1879,0708.144",9,1,AKKADIAN,DI.KUD-MEŠ,DI.KUD-MEŠ,['dayyānu I'],['CANONICAL ➝ Divination ➝ Celestial ➝ Enūma Anu Enlil ➝ Adad (EAE 36–49)'],,
61,"1879,0708.144",9,2,AKKADIAN,ina,ina,['ina I'],['CANONICAL ➝ Divination ➝ Celestial ➝ Enūma Anu Enlil ➝ Adad (EAE 36–49)'],,
62,"1879,0708.144",9,3,AKKADIAN,KUR,KUR,['mātu I'],['CANONICAL ➝ Divination ➝ Celestial ➝ Enūma Anu Enlil ➝ Adad (EAE 36–49)'],,
63,"1879,0708.144",9,6,AKKADIAN,URU.DIDLI,URU.DIDLI,['ālu I'],['CANONICAL ➝ Divination ➝ Celestial ➝ Enūma Anu Enlil ➝ Adad (EAE 36–49)'],,
64,"1879,0708.144",9,7,AKKADIAN,ŠUB-MEŠ,ŠUB-MEŠ,['nadû III'],['CANONICAL ➝ Divination ➝ Celestial ➝ Enūma Anu Enlil ➝ Adad (EAE 36–49)'],,
65,"1879,0708.144",10,1,AKKADIAN,u,u,['u I'],['CANONICAL ➝ Divination ➝ Celestial ➝ Enūma Anu Enlil ➝ Adad (EAE 36–49)'],,
66,"1879,0708.144",10,2,AKKADIAN,UD.DA,UD.DA,['ṣētu I'],['CANONICAL ➝ Divination ➝ Celestial ➝ Enūma Anu Enlil ➝ Adad (EAE 36–49)'],,
67,"1879,0708.144",10,3,AKKADIAN,ka-ṣa-at₂,ka-ṣa-at₂,['kaṣû I'],['CANONICAL ➝ Divination ➝ Celestial ➝ Enūma Anu Enlil ➝ Adad (EAE 36–49)'],,
68,"1879,0708.144",10,4,AKKADIAN,LUGAL,LUGAL,['šarru I'],['CANONICAL ➝ Divination ➝ Celestial ➝ Enūma Anu Enlil ➝ Adad (EAE 36–49)'],,
69,"1879,0708.144",10,5,AKKADIAN,ina,ina,['ina I'],['CANONICAL ➝ Divination ➝ Celestial ➝ Enūma Anu Enlil ➝ Adad (EAE 36–49)'],,
70,"1879,0708.144",10,6,AKKADIAN,URU-šu₂,URU-šu₂,['ālu I'],['CANONICAL ➝ Divination ➝ Celestial ➝ Enūma Anu Enlil ➝ Adad (EAE 36–49)'],,
71,"1879,0708.144",10,8,AKKADIAN,KU₃.BABBAR,KU₃.BABBAR,['kaspu I'],['CANONICAL ➝ Divination ➝ Celestial ➝ Enūma Anu Enlil ➝ Adad (EAE 36–49)'],,
72,"1879,0708.144",10,9,AKKADIAN,u,u,['u I'],['CANONICAL ➝ Divination ➝ Celestial ➝ Enūma Anu Enlil ➝ Adad (EAE 36–49)'],,
73,"1879,0708.144",10,10,AKKADIAN,KU₃.GI,KU₃.GI,['hurāṣu I'],['CANONICAL ➝ Divination ➝ Celestial ➝ Enūma Anu Enlil ➝ Adad (EAE 36–49)'],,
74,"1879,0708.144",10,11,AKKADIAN,ana,ana,['ana I'],['CANONICAL ➝ Divination ➝ Celestial ➝ Enūma Anu Enlil ➝ Adad (EAE 36–49)'],,
75,"1879,0708.144",10,12,AKKADIAN,KUR,KUR,['mātu I'],['CANONICAL ➝ Divination ➝ Celestial ➝ Enūma Anu Enlil ➝ Adad (EAE 36–49)'],,
76,"1879,0708.144",10,13,AKKADIAN,GAL,GAL,['rabû I'],['CANONICAL ➝ Divination ➝ Celestial ➝ Enūma Anu Enlil ➝ Adad (EAE 36–49)'],,
77,"1879,0708.144",10,14,AKKADIAN,NIGIN,NIGIN,['lawû II'],['CANONICAL ➝ Divination ➝ Celestial ➝ Enūma Anu Enlil ➝ Adad (EAE 36–49)'],,
78,"1879,0708.144",11,3,AKKADIAN,IGI,IGI,[],['CANONICAL ➝ Divination ➝ Celestial ➝ Enūma Anu Enlil ➝ Adad (EAE 36–49)'],,
79,"1879,0708.144",11,4,AKKADIAN,UKU.UŠ-MEŠ,UKU.UŠ-MEŠ,[],['CANONICAL ➝ Divination ➝ Celestial ➝ Enūma Anu Enlil ➝ Adad (EAE 36–49)'],,
80,"1879,0708.144",11,5,AKKADIAN,KI.MIN,KI.MIN,"['ašru III', 'šanû I']",['CANONICAL ➝ Divination ➝ Celestial ➝ Enūma Anu Enlil ➝ Adad (EAE 36–49)'],,
81,"1879,0708.144",11,6,AKKADIAN,IGI,IGI,[],['CANONICAL ➝ Divination ➝ Celestial ➝ Enūma Anu Enlil ➝ Adad (EAE 36–49)'],,
82,"1879,0708.144",11,8,AKKADIAN,u₂-ṣa-lam,u₂-ṣa-lam,['ṣalāmu I'],['CANONICAL ➝ Divination ➝ Celestial ➝ Enūma Anu Enlil ➝ Adad (EAE 36–49)'],,
83,"1879,0708.144",12,3,AKKADIAN,ina,ina,['ina I'],['CANONICAL ➝ Divination ➝ Celestial ➝ Enūma Anu Enlil ➝ Adad (EAE 36–49)'],,
84,"1879,0708.144",12,4,AKKADIAN,u₂-zu-uz-zi-šu₂,u₂-zu-uz-zi-šu₂,['izuzzu I'],['CANONICAL ➝ Divination ➝ Celestial ➝ Enūma Anu Enlil ➝ Adad (EAE 36–49)'],,
85,"1879,0708.144",12,5,AKKADIAN,a-dir,a-dir,[],['CANONICAL ➝ Divination ➝ Celestial ➝ Enūma Anu Enlil ➝ Adad (EAE 36–49)'],,
86,"1879,0708.144",12,6,AKKADIAN,LUGAL,LUGAL,['šarru I'],['CANONICAL ➝ Divination ➝ Celestial ➝ Enūma Anu Enlil ➝ Adad (EAE 36–49)'],,
87,"1879,0708.144",12,9,AKKADIAN,he-pi₂,he-pi₂,['hepû II'],['CANONICAL ➝ Divination ➝ Celestial ➝ Enūma Anu Enlil ➝ Adad (EAE 36–49)'],,
88,"1879,0708.144",12,11,AKKADIAN,DIN-ma,DIN-ma,[],['CANONICAL ➝ Divination ➝ Celestial ➝ Enūma Anu Enlil ➝ Adad (EAE 36–49)'],,
89,"1879,0708.144",12,13,AKKADIAN,he-pi₂,he-pi₂,['hepû II'],['CANONICAL ➝ Divination ➝ Celestial ➝ Enūma Anu Enlil ➝ Adad (EAE 36–49)'],,
90,"1879,0708.144",13,3,AKKADIAN,SILIM-MEŠ,SILIM-MEŠ,['šalāmu II'],['CANONICAL ➝ Divination ➝ Celestial ➝ Enūma Anu Enlil ➝ Adad (EAE 36–49)'],,
91,"1879,0708.144",13,4,AKKADIAN,KI,KI,['itti I'],['CANONICAL ➝ Divination ➝ Celestial ➝ Enūma Anu Enlil ➝ Adad (EAE 36–49)'],,
92,"1879,0708.144",13,6,AKKADIAN,KUR₂-MEŠ,KUR₂-MEŠ,['nakāru I'],['CANONICAL ➝ Divination ➝ Celestial ➝ Enūma Anu Enlil ➝ Adad (EAE 36–49)'],,
93,"1879,0708.144",17,1,AKKADIAN,U₄,U₄,[],['CANONICAL ➝ Divination ➝ Celestial ➝ Enūma Anu Enlil ➝ Adad (EAE 36–49)'],,
94,"1879,0708.144",17,2,AKKADIAN,AN,AN,[],['CANONICAL ➝ Divination ➝ Celestial ➝ Enūma Anu Enlil ➝ Adad (EAE 36–49)'],,
95,"1879,0708.144",17,3,AKKADIAN,{d}+en-lil₂,{d}+en-lil₂,['Ellil I'],['CANONICAL ➝ Divination ➝ Celestial ➝ Enūma Anu Enlil ➝ Adad (EAE 36–49)'],,
96,"1879,0708.144",18,1,AKKADIAN,{kur}AN.ŠAR₂{ki},{kur}AN.ŠAR₂{ki},['Aššur I'],['CANONICAL ➝ Divination ➝ Celestial ➝ Enūma Anu Enlil ➝ Adad (EAE 36–49)'],,
