,fragment_id,fragment_line_num,index_in_line,word_language,value,clean_value,lemma,domain,place_discovery,place_composition
0,"1881,0204.204",1,7,AKKADIAN,NIGIN₂,NIGIN₂,['lawû II'],['CANONICAL'],,
1,"1881,0204.204",1,8,AKKADIAN,GAL-MEŠ,GAL-MEŠ,['rabû I'],['CANONICAL'],,
2,"1881,0204.204",1,9,AKKADIAN,UŠ₂-MEŠ,UŠ₂-MEŠ,['mūtānu I'],['CANONICAL'],,
3,"1881,0204.204",2,6,AKKADIAN,{d}UTU,{d}UTU,['Šamaš I'],['CANONICAL'],,
4,"1881,0204.204",2,7,AKKADIAN,GUB-iz,GUB-iz,['izuzzu I'],['CANONICAL'],,
5,"1881,0204.204",2,8,AKKADIAN,NUN,NUN,['rubû I'],['CANONICAL'],,
6,"1881,0204.204",2,9,AKKADIAN,UŠ₂,UŠ₂,['mâtu I'],['CANONICAL'],,
7,"1881,0204.204",3,6,AKKADIAN,{mul}MAR.GID₂.DA,{mul}MAR.GID₂.DA,['ereqqu I'],['CANONICAL'],,
8,"1881,0204.204",3,7,AKKADIAN,NIGIN,NIGIN,['lawû II'],['CANONICAL'],,
9,"1881,0204.204",3,8,AKKADIAN,LUGAL,LUGAL,['šarru I'],['CANONICAL'],,
10,"1881,0204.204",3,9,AKKADIAN,URI{ki},URI{ki},['Akkad I'],['CANONICAL'],,
11,"1881,0204.204",4,1,AKKADIAN,MUL,MUL,['kakkabu I'],['CANONICAL'],,
12,"1881,0204.204",4,2,AKKADIAN,SUR-ma,SUR-ma,['ṣarāru I'],['CANONICAL'],,
13,"1881,0204.204",4,4,AKKADIAN,GIN₇,GIN₇,['kīma I'],['CANONICAL'],,
14,"1881,0204.204",4,5,AKKADIAN,UD.DA,UD.DA,['ṣētu I'],['CANONICAL'],,
15,"1881,0204.204",4,6,AKKADIAN,na-wi-ir,na-wi-ir,['nawāru I'],['CANONICAL'],,
16,"1881,0204.204",4,7,AKKADIAN,ina,ina,['ina I'],['CANONICAL'],,
17,"1881,0204.204",4,8,AKKADIAN,ṣa-ra-ri-šu₂,ṣa-ra-ri-šu₂,['ṣarāru I'],['CANONICAL'],,
18,"1881,0204.204",4,9,AKKADIAN,GIN₇,GIN₇,['kīma I'],['CANONICAL'],,
19,"1881,0204.204",4,10,AKKADIAN,nam-maš-ti,nam-maš-ti,['nammaštû I'],['CANONICAL'],,
20,"1881,0204.204",4,11,AKKADIAN,GIR₂.TAB,GIR₂.TAB,['zuqiqīpu I'],['CANONICAL'],,
21,"1881,0204.204",4,12,AKKADIAN,KUN,KUN,['zibbatu I'],['CANONICAL'],,
22,"1881,0204.204",5,2,AKKADIAN,ši-i,ši-i,['šī I'],['CANONICAL'],,
23,"1881,0204.204",5,3,AKKADIAN,SIG₅,SIG₅,['damāqu I'],['CANONICAL'],,
24,"1881,0204.204",5,5,AKKADIAN,ša₂,ša₂,['ša I'],['CANONICAL'],,
25,"1881,0204.204",5,6,AKKADIAN,EN,EN,[],['CANONICAL'],,
26,"1881,0204.204",5,7,AKKADIAN,E₂-ma,E₂-ma,[],['CANONICAL'],,
27,"1881,0204.204",5,8,AKKADIAN,ša₂,ša₂,['ša I'],['CANONICAL'],,
28,"1881,0204.204",5,9,AKKADIAN,KUR,KUR,['mātu I'],['CANONICAL'],,
29,"1881,0204.204",5,10,AKKADIAN,ka-la-ša₂,ka-la-ša₂,['kalû II'],['CANONICAL'],,
30,"1881,0204.204",5,11,AKKADIAN,BE-ma,BE-ma,[],['CANONICAL'],,
31,"1881,0204.204",5,12,AKKADIAN,be-en-nu,be-en-nu,['bennu I'],['CANONICAL'],,
32,"1881,0204.204",5,13,AKKADIAN,ina,ina,['ina I'],['CANONICAL'],,
33,"1881,0204.204",5,14,AKKADIAN,KUR,KUR,['mātu I'],['CANONICAL'],,
34,"1881,0204.204",5,15,AKKADIAN,DU₃.A-BI,DU₃.A-BI,['kalû II'],['CANONICAL'],,
35,"1881,0204.204",6,2,AKKADIAN,ZAH₂,ZAH₂,[],['CANONICAL'],,
36,"1881,0204.204",6,4,AKKADIAN,GAL₂,GAL₂,['bašû I'],['CANONICAL'],,
37,"1881,0204.204",6,5,AKKADIAN,lap-nu,lap-nu,[],['CANONICAL'],,
38,"1881,0204.204",6,6,AKKADIAN,i-šar₂-ru,i-šar₂-ru,['šarû II'],['CANONICAL'],,
39,"1881,0204.204",6,7,AKKADIAN,LU₂.NIG₂.TUKU,LU₂.NIG₂.TUKU,['šarû I'],['CANONICAL'],,
40,"1881,0204.204",6,8,AKKADIAN,UKU₂-in,UKU₂-in,['lapānu I'],['CANONICAL'],,
41,"1881,0204.204",6,9,AKKADIAN,EN,EN,['bēlu I'],['CANONICAL'],,
42,"1881,0204.204",6,10,AKKADIAN,E₂,E₂,['bītu I'],['CANONICAL'],,
43,"1881,0204.204",6,11,AKKADIAN,BI,BI,['šuāti I'],['CANONICAL'],,
44,"1881,0204.204",6,12,AKKADIAN,KIMIN,KIMIN,"['ašru III', 'šanû I']",['CANONICAL'],,
45,"1881,0204.204",7,3,AKKADIAN,GUB-az,GUB-az,['izuzzu I'],['CANONICAL'],,
46,"1881,0204.204",7,4,AKKADIAN,taš-mu-u₂,taš-mu-u₂,['tešmû I'],['CANONICAL'],,
47,"1881,0204.204",7,5,AKKADIAN,u,u,['u I'],['CANONICAL'],,
48,"1881,0204.204",7,6,AKKADIAN,SILIM-mu,SILIM-mu,['šulmu I'],['CANONICAL'],,
49,"1881,0204.204",7,7,AKKADIAN,ina,ina,['ina I'],['CANONICAL'],,
50,"1881,0204.204",8,4,AKKADIAN,im-šu-uh,im-šu-uh,['mašāhu II'],['CANONICAL'],,
51,"1881,0204.204",8,5,AKKADIAN,IGI,IGI,['amāru I'],['CANONICAL'],,
52,"1881,0204.204",8,6,AKKADIAN,u₃,u₃,['u I'],['CANONICAL'],,
53,"1881,0204.204",8,7,AKKADIAN,GAR-šu₂,GAR-šu₂,['šiknu I'],['CANONICAL'],,
54,"1881,0204.204",8,8,AKKADIAN,GIN₇,GIN₇,['kīma I'],['CANONICAL'],,
55,"1881,0204.204",8,9,AKKADIAN,tim-bu-ut-ti₃,tim-bu-ut-ti₃,['tibbuttu I'],['CANONICAL'],,
56,"1881,0204.204",9,1,AKKADIAN,ina,ina,['ina I'],['CANONICAL'],,
57,"1881,0204.204",9,2,AKKADIAN,KUR,KUR,['mātu I'],['CANONICAL'],,
58,"1881,0204.204",9,3,AKKADIAN,GAR-MEŠ,GAR-MEŠ,['šakānu I'],['CANONICAL'],,
59,"1881,0204.204",9,4,AKKADIAN,LUGAL,LUGAL,['šarru I'],['CANONICAL'],,
60,"1881,0204.204",9,5,AKKADIAN,ana,ana,['ana I'],['CANONICAL'],,
61,"1881,0204.204",9,6,AKKADIAN,LUGAL,LUGAL,['šarru I'],['CANONICAL'],,
62,"1881,0204.204",9,7,AKKADIAN,ze-ra-a-ti,ze-ra-a-ti,['zīru III'],['CANONICAL'],,
63,"1881,0204.204",10,3,AKKADIAN,ŠUB,ŠUB,[],['CANONICAL'],,
64,"1881,0204.204",10,4,AKKADIAN,e,e,[],['CANONICAL'],,
65,"1881,0204.204",10,7,AKKADIAN,KUR₂,KUR₂,['nakru I'],['CANONICAL'],,
66,"1881,0204.204",10,8,AKKADIAN,dan-nu,dan-nu,['dannu I'],['CANONICAL'],,
67,"1881,0204.204",11,2,AKKADIAN,ša₂,ša₂,['ša I'],['CANONICAL'],,
68,"1881,0204.204",11,3,AKKADIAN,HUR-ri,HUR-ri,['hurru I'],['CANONICAL'],,
69,"1881,0204.204",11,4,AKKADIAN,ik-ṣur,ik-ṣur,['kaṣāru I'],['CANONICAL'],,
70,"1881,0204.204",11,5,AKKADIAN,ša₂,ša₂,['ša I'],['CANONICAL'],,
71,"1881,0204.204",11,6,AKKADIAN,ŠA₃,ŠA₃,['libbu I'],['CANONICAL'],,
72,"1881,0204.204",11,7,AKKADIAN,IRI,IRI,['ālu I'],['CANONICAL'],,
73,"1881,0204.204",11,8,AKKADIAN,ana,ana,['ana I'],['CANONICAL'],,
74,"1881,0204.204",11,9,AKKADIAN,ki-di,ki-di,['kīdu I'],['CANONICAL'],,
75,"1881,0204.204",11,10,AKKADIAN,E₃-ma,E₃-ma,['aṣû I'],['CANONICAL'],,
76,"1881,0204.204",11,12,AKKADIAN,ina,ina,['ina I'],['CANONICAL'],,
77,"1881,0204.204",11,13,AKKADIAN,KUR,KUR,['mātu I'],['CANONICAL'],,
78,"1881,0204.204",12,1,AKKADIAN,{d}IŠKUR,{d}IŠKUR,['Adad I'],['CANONICAL'],,
79,"1881,0204.204",12,3,AKKADIAN,ŠUB,ŠUB,['nadû III'],['CANONICAL'],,
80,"1881,0204.204",12,4,AKKADIAN,BURU₁₄,BURU₁₄,['ebūru I'],['CANONICAL'],,
81,"1881,0204.204",12,5,AKKADIAN,KUR,KUR,['mātu I'],['CANONICAL'],,
82,"1881,0204.204",13,1,AKKADIAN,MUL,MUL,['kakkabu I'],['CANONICAL'],,
83,"1881,0204.204",13,4,AKKADIAN,di-pa-ri,di-pa-ri,['dipāru I'],['CANONICAL'],,
84,"1881,0204.204",13,5,AKKADIAN,TA,TA,['ištu I'],['CANONICAL'],,
85,"1881,0204.204",13,6,AKKADIAN,{d}UTU.ŠU₂.A,{d}UTU.ŠU₂.A,['erbu II'],['CANONICAL'],,
86,"1881,0204.204",13,7,AKKADIAN,ana,ana,['ana I'],['CANONICAL'],,
87,"1881,0204.204",13,8,AKKADIAN,{d}UTU.E₃,{d}UTU.E₃,"['ṣītu I', 'šamšu I']",['CANONICAL'],,
88,"1881,0204.204",13,9,AKKADIAN,ŠU₂,ŠU₂,[],['CANONICAL'],,
89,"1881,0204.204",13,10,AKKADIAN,ERIN₂,ERIN₂,['ummānu I'],['CANONICAL'],,
90,"1881,0204.204",13,11,AKKADIAN,KUR₂,KUR₂,['nakru I'],['CANONICAL'],,
91,"1881,0204.204",13,12,AKKADIAN,ina,ina,['ina I'],['CANONICAL'],,
92,"1881,0204.204",13,13,AKKADIAN,DUGUD-ša₂,DUGUD-ša₂,['nakbatu I'],['CANONICAL'],,
93,"1881,0204.204",13,14,AKKADIAN,ŠUB-ut,ŠUB-ut,['maqātu I'],['CANONICAL'],,
94,"1881,0204.204",14,2,AKKADIAN,di-pa-ri,di-pa-ri,['dipāru I'],['CANONICAL'],,
95,"1881,0204.204",14,3,AKKADIAN,TA,TA,['ištu I'],['CANONICAL'],,
96,"1881,0204.204",14,4,AKKADIAN,{d}UTU.ŠU₂.A,{d}UTU.ŠU₂.A,['erbu II'],['CANONICAL'],,
97,"1881,0204.204",14,5,AKKADIAN,ana,ana,['ana I'],['CANONICAL'],,
98,"1881,0204.204",14,6,AKKADIAN,{d}UTU.E₃,{d}UTU.E₃,"['ṣītu I', 'šamšu I']",['CANONICAL'],,
99,"1881,0204.204",14,7,AKKADIAN,ŠU₂,ŠU₂,[],['CANONICAL'],,
100,"1881,0204.204",14,8,AKKADIAN,IRI,IRI,['ālu I'],['CANONICAL'],,
101,"1881,0204.204",14,9,AKKADIAN,ZA₃-MU,ZA₃-MU,['imnu I'],['CANONICAL'],,
102,"1881,0204.204",14,10,AKKADIAN,KUR₂,KUR₂,['nakru I'],['CANONICAL'],,
103,"1881,0204.204",14,13,AKKADIAN,ERIN₂-ni,ERIN₂-ni,['ummānu I'],['CANONICAL'],,
104,"1881,0204.204",14,14,AKKADIAN,ina,ina,['ina I'],['CANONICAL'],,
105,"1881,0204.204",15,3,AKKADIAN,nam-rat,nam-rat,['nawāru I'],['CANONICAL'],,
106,"1881,0204.204",15,4,AKKADIAN,u₃,u₃,['u I'],['CANONICAL'],,
107,"1881,0204.204",15,5,AKKADIAN,ṣi-ri-is-su,ṣi-ri-is-su,['ṣertu I'],['CANONICAL'],,
108,"1881,0204.204",15,6,AKKADIAN,GIN₇,GIN₇,['kīma I'],['CANONICAL'],,
109,"1881,0204.204",15,7,AKKADIAN,IZI,IZI,['išātu I'],['CANONICAL'],,
110,"1881,0204.204",15,10,AKKADIAN,ina,ina,['ina I'],['CANONICAL'],,
111,"1881,0204.204",15,11,AKKADIAN,MU,MU,['šattu I'],['CANONICAL'],,
112,"1881,0204.204",15,12,AKKADIAN,BI,BI,['šuāti I'],['CANONICAL'],,
113,"1881,0204.204",15,13,AKKADIAN,ŠEG₃,ŠEG₃,['zunnu I'],['CANONICAL'],,
114,"1881,0204.204",15,14,AKKADIAN,NU,NU,['ul I'],['CANONICAL'],,
115,"1881,0204.204",17,2,AKKADIAN,bu-ʾu-lu,bu-ʾu-lu,[],['CANONICAL'],,
116,"1881,0204.204",17,3,AKKADIAN,DIGIR-MEŠ,DIGIR-MEŠ,['ilu I'],['CANONICAL'],,
117,"1881,0204.204",17,4,AKKADIAN,KI,KI,['itti I'],['CANONICAL'],,
118,"1881,0204.204",17,5,AKKADIAN,KUR,KUR,['mātu I'],['CANONICAL'],,
119,"1881,0204.204",17,6,AKKADIAN,ze-nu,ze-nu,['zenû II'],['CANONICAL'],,
120,"1881,0204.204",17,8,AKKADIAN,ni-ip-hu,ni-ip-hu,['niphu I'],['CANONICAL'],,
121,"1881,0204.204",17,9,AKKADIAN,ina,ina,['ina I'],['CANONICAL'],,
122,"1881,0204.204",17,10,AKKADIAN,KUR,KUR,['mātu I'],['CANONICAL'],,
123,"1881,0204.204",18,5,AKKADIAN,ina,ina,['ina I'],['CANONICAL'],,
124,"1881,0204.204",18,6,AKKADIAN,MU,MU,['šattu I'],['CANONICAL'],,
125,"1881,0204.204",18,7,AKKADIAN,BI,BI,['šuāti I'],['CANONICAL'],,
126,"1881,0204.204",18,8,AKKADIAN,ŠEG₃,ŠEG₃,['zunnu I'],['CANONICAL'],,
127,"1881,0204.204",19,1,AKKADIAN,ina,ina,['ina I'],['CANONICAL'],,
128,"1881,0204.204",19,2,AKKADIAN,AN-e,AN-e,['šamû I'],['CANONICAL'],,
129,"1881,0204.204",19,4,AKKADIAN,TUM₉,TUM₉,['šāru I'],['CANONICAL'],,
130,"1881,0204.204",19,5,AKKADIAN,dan-nu,dan-nu,['dannu I'],['CANONICAL'],,
131,"1881,0204.204",20,1,AKKADIAN,ina,ina,['ina I'],['CANONICAL'],,
132,"1881,0204.204",20,2,AKKADIAN,AN-e,AN-e,['šamû I'],['CANONICAL'],,
133,"1881,0204.204",20,3,AKKADIAN,GI₆-MEŠ,GI₆-MEŠ,['ṣalāmu I'],['CANONICAL'],,
134,"1881,0204.204",20,4,AKKADIAN,nu-ul-la-te,nu-ul-la-te,['nulliātu I'],['CANONICAL'],,
135,"1881,0204.204",20,5,AKKADIAN,la,la,[],['CANONICAL'],,
136,"1881,0204.204",20,6,AKKADIAN,ki-na-te,ki-na-te,['kittu I'],['CANONICAL'],,
137,"1881,0204.204",20,7,AKKADIAN,ina,ina,['ina I'],['CANONICAL'],,
138,"1881,0204.204",20,8,AKKADIAN,KUR,KUR,['mātu I'],['CANONICAL'],,
139,"1881,0204.204",20,9,AKKADIAN,GAL₂-MEŠ,GAL₂-MEŠ,['bašû I'],['CANONICAL'],,
140,"1881,0204.204",20,10,AKKADIAN,KUR,KUR,['mātu I'],['CANONICAL'],,
141,"1881,0204.204",20,11,AKKADIAN,ina,ina,['ina I'],['CANONICAL'],,
142,"1881,0204.204",20,12,AKKADIAN,hat-ti,hat-ti,['hātu I'],['CANONICAL'],,
143,"1881,0204.204",20,13,AKKADIAN,NI₂-ša₂,NI₂-ša₂,[],['CANONICAL'],,
144,"1881,0204.204",22,1,AKKADIAN,ina,ina,['ina I'],['CANONICAL'],,
145,"1881,0204.204",22,2,AKKADIAN,AN-e,AN-e,['šamû I'],['CANONICAL'],,
146,"1881,0204.204",22,3,AKKADIAN,SIG₇,SIG₇,['arāqu I'],['CANONICAL'],,
147,"1881,0204.204",22,4,AKKADIAN,di-hu-um,di-hu-um,['dīhu I'],['CANONICAL'],,
148,"1881,0204.204",22,5,AKKADIAN,NAM.UŠ₂-MEŠ,NAM.UŠ₂-MEŠ,['mūtānu I'],['CANONICAL'],,
149,"1881,0204.204",22,6,AKKADIAN,ina,ina,['ina I'],['CANONICAL'],,
150,"1881,0204.204",22,7,AKKADIAN,KUR,KUR,['mātu I'],['CANONICAL'],,
151,"1881,0204.204",22,8,AKKADIAN,GAL₂-MEŠ,GAL₂-MEŠ,['bašû I'],['CANONICAL'],,
152,"1881,0204.204",22,9,AKKADIAN,{d}IŠKUR,{d}IŠKUR,['Adad I'],['CANONICAL'],,
153,"1881,0204.204",23,1,AKKADIAN,ina,ina,['ina I'],['CANONICAL'],,
154,"1881,0204.204",23,2,AKKADIAN,AN-e,AN-e,['šamû I'],['CANONICAL'],,
155,"1881,0204.204",23,3,AKKADIAN,SA₅,SA₅,['siāmu I'],['CANONICAL'],,
156,"1881,0204.204",23,5,AKKADIAN,pa,pa,[],['CANONICAL'],,
157,"1881,0204.204",26,1,AKKADIAN,IGI-mar,IGI-mar,['amāru I'],['CANONICAL'],,
158,"1881,0204.204",26,3,AKKADIAN,DIŠ,DIŠ,['šumma I'],['CANONICAL'],,
159,"1881,0204.204",26,4,AKKADIAN,ina,ina,['ina I'],['CANONICAL'],,
160,"1881,0204.204",26,5,AKKADIAN,{iti}APIN,{iti}APIN,['Arahsamna I'],['CANONICAL'],,
161,"1881,0204.204",26,6,AKKADIAN,MIN,MIN,[],['CANONICAL'],,
162,"1881,0204.204",27,2,AKKADIAN,IGI-mar,IGI-mar,['amāru I'],['CANONICAL'],,
163,"1881,0204.204",27,4,AKKADIAN,DIŠ,DIŠ,['šumma I'],['CANONICAL'],,
164,"1881,0204.204",27,5,AKKADIAN,ina,ina,['ina I'],['CANONICAL'],,
165,"1881,0204.204",27,6,AKKADIAN,{iti}AB,{iti}AB,['ṭebētu I'],['CANONICAL'],,
166,"1881,0204.204",27,7,AKKADIAN,MIN,MIN,[],['CANONICAL'],,
167,"1881,0204.204",28,1,AKKADIAN,IGI-mar,IGI-mar,['amāru I'],['CANONICAL'],,
168,"1881,0204.204",28,3,AKKADIAN,DIŠ,DIŠ,['šumma I'],['CANONICAL'],,
169,"1881,0204.204",28,4,AKKADIAN,ina,ina,['ina I'],['CANONICAL'],,
170,"1881,0204.204",28,5,AKKADIAN,{iti}ŠE,{iti}ŠE,['Adaru I'],['CANONICAL'],,
171,"1881,0204.204",28,6,AKKADIAN,MIN,MIN,[],['CANONICAL'],,
172,"1881,0204.204",30,1,AKKADIAN,ina,ina,['ina I'],['CANONICAL'],,
173,"1881,0204.204",30,2,AKKADIAN,{iti}DU₆,{iti}DU₆,['Tašritu I'],['CANONICAL'],,
174,"1881,0204.204",30,4,AKKADIAN,IGI,IGI,['amāru I'],['CANONICAL'],,
175,"1881,0204.204",30,5,AKKADIAN,LUGAL,LUGAL,['šarru I'],['CANONICAL'],,
176,"1881,0204.204",31,1,AKKADIAN,ina,ina,['ina I'],['CANONICAL'],,
177,"1881,0204.204",31,2,AKKADIAN,{iti}BARA₂,{iti}BARA₂,['Nisannu I'],['CANONICAL'],,
178,"1881,0204.204",31,4,AKKADIAN,IGI,IGI,['amāru I'],['CANONICAL'],,
179,"1881,0204.204",31,5,AKKADIAN,MU.5.KAM,MU.5.KAM,[],['CANONICAL'],,
180,"1881,0204.204",31,6,AKKADIAN,ina,ina,['ina I'],['CANONICAL'],,
181,"1881,0204.204",31,7,AKKADIAN,KUR,KUR,['mātu I'],['CANONICAL'],,
182,"1881,0204.204",31,8,AKKADIAN,URI{ki},URI{ki},['Akkad I'],['CANONICAL'],,
183,"1881,0204.204",31,9,AKKADIAN,ina,ina,['ina I'],['CANONICAL'],,
184,"1881,0204.204",31,10,AKKADIAN,INIM,INIM,['awātu I'],['CANONICAL'],,
185,"1881,0204.204",31,11,AKKADIAN,{d}er₃-ra,{d}er₃-ra,['Erra I'],['CANONICAL'],,
186,"1881,0204.204",31,12,AKKADIAN,UŠ₂-MEŠ,UŠ₂-MEŠ,['mâtu I'],['CANONICAL'],,
187,"1881,0204.204",31,13,AKKADIAN,GAL₂-MEŠ,GAL₂-MEŠ,['bašû I'],['CANONICAL'],,
188,"1881,0204.204",31,14,AKKADIAN,ana,ana,['ana I'],['CANONICAL'],,
189,"1881,0204.204",31,15,AKKADIAN,MAŠ₂.ANŠE,MAŠ₂.ANŠE,['būlu I'],['CANONICAL'],,
190,"1881,0204.204",32,1,AKKADIAN,ina,ina,['ina I'],['CANONICAL'],,
191,"1881,0204.204",32,2,AKKADIAN,{iti}BARA₂,{iti}BARA₂,['Nisannu I'],['CANONICAL'],,
192,"1881,0204.204",32,4,AKKADIAN,IGI,IGI,['amāru I'],['CANONICAL'],,
193,"1881,0204.204",32,5,AKKADIAN,a-ru-ur-tu₄,a-ru-ur-tu₄,['arurtu I'],['CANONICAL'],,
194,"1881,0204.204",32,6,AKKADIAN,ina,ina,['ina I'],['CANONICAL'],,
195,"1881,0204.204",32,7,AKKADIAN,KUR,KUR,['mātu I'],['CANONICAL'],,
196,"1881,0204.204",33,1,AKKADIAN,ina,ina,['ina I'],['CANONICAL'],,
197,"1881,0204.204",33,2,AKKADIAN,{iti}NE,{iti}NE,['Abu II'],['CANONICAL'],,
198,"1881,0204.204",33,4,AKKADIAN,IGI,IGI,['amāru I'],['CANONICAL'],,
199,"1881,0204.204",33,5,AKKADIAN,ŠE.GIŠ.I₃,ŠE.GIŠ.I₃,['šamaššammū I'],['CANONICAL'],,
200,"1881,0204.204",34,1,AKKADIAN,{mul}BAN,{mul}BAN,['Qaštu I'],['CANONICAL'],,
201,"1881,0204.204",34,2,AKKADIAN,ana,ana,['ana I'],['CANONICAL'],,
202,"1881,0204.204",34,4,AKKADIAN,DIM₄,DIM₄,['sanāqu I'],['CANONICAL'],,
203,"1881,0204.204",34,5,AKKADIAN,KUR,KUR,['mātu I'],['CANONICAL'],,
204,"1881,0204.204",34,6,AKKADIAN,elam.ma{ki},elam.ma{ki},['Elam I'],['CANONICAL'],,
205,"1881,0204.204",34,7,AKKADIAN,NINDA,NINDA,['akalu I'],['CANONICAL'],,
206,"1881,0204.204",34,8,AKKADIAN,DUG₃.GA,DUG₃.GA,['ṭābu I'],['CANONICAL'],,
207,"1881,0204.204",35,1,AKKADIAN,ina,ina,['ina I'],['CANONICAL'],,
208,"1881,0204.204",35,2,AKKADIAN,{iti}KIN,{iti}KIN,['Elulu I'],['CANONICAL'],,
209,"1881,0204.204",35,4,AKKADIAN,IGI,IGI,['amāru I'],['CANONICAL'],,
210,"1881,0204.204",35,5,AKKADIAN,APIN,APIN,['Arahsamnu I'],['CANONICAL'],,
211,"1881,0204.204",35,6,AKKADIAN,ŠE,ŠE,"[""še'u I""]",['CANONICAL'],,
212,"1881,0204.204",36,1,AKKADIAN,ina,ina,['ina I'],['CANONICAL'],,
213,"1881,0204.204",36,4,AKKADIAN,IGI,IGI,['amāru I'],['CANONICAL'],,
214,"1881,0204.204",36,5,AKKADIAN,KU₆-HI.A,KU₆-HI.A,['nūnu I'],['CANONICAL'],,
215,"1881,0204.204",36,6,AKKADIAN,u,u,['u I'],['CANONICAL'],,
216,"1881,0204.204",36,7,AKKADIAN,MUŠEN-HI.A,MUŠEN-HI.A,['iṣṣūru I'],['CANONICAL'],,
217,"1881,0204.204",36,8,AKKADIAN,KU₅-MEŠ,KU₅-MEŠ,['parāsu I'],['CANONICAL'],,
218,"1881,0204.204",36,9,AKKADIAN,KU₆,KU₆,['nūnu I'],['CANONICAL'],,
219,"1881,0204.204",36,10,AKKADIAN,ina,ina,['ina I'],['CANONICAL'],,
220,"1881,0204.204",36,11,AKKADIAN,I₇,I₇,['nāru I'],['CANONICAL'],,
221,"1881,0204.204",36,12,AKKADIAN,e-ru-tu₂,e-ru-tu₂,['erûtu II'],['CANONICAL'],,
222,"1881,0204.204",36,13,AKKADIAN,MUŠEN,MUŠEN,['iṣṣūru I'],['CANONICAL'],,
223,"1881,0204.204",36,14,AKKADIAN,ina,ina,['ina I'],['CANONICAL'],,
224,"1881,0204.204",36,15,AKKADIAN,AN-e,AN-e,['šamû I'],['CANONICAL'],,
225,"1881,0204.204",36,16,AKKADIAN,NUNUZ-MEŠ,NUNUZ-MEŠ,['pelû II'],['CANONICAL'],,
226,"1881,0204.204",36,17,AKKADIAN,ul,ul,['ul I'],['CANONICAL'],,
227,"1881,0204.204",39,2,AKKADIAN,MAN,MAN,['šarru I'],['CANONICAL'],,
228,"1881,0204.204",39,3,AKKADIAN,ŠU₂,ŠU₂,['kiššatu I'],['CANONICAL'],,
229,"1881,0204.204",39,4,AKKADIAN,MAN,MAN,['šarru I'],['CANONICAL'],,
230,"1881,0204.204",39,5,AKKADIAN,KUR,KUR,['mātu I'],['CANONICAL'],,
231,"1881,0204.204",39,6,AKKADIAN,AN.ŠAR₂{ki},AN.ŠAR₂{ki},['Aššur I'],['CANONICAL'],,
