,fragment_id,fragment_line_num,index_in_line,word_language,value,clean_value,lemma,domain,place_discovery,place_composition
0,"1880,0617.2557",1,1,AKKADIAN,GUB-zi,GUB-zi,[],see genres.json file,,
1,"1880,0617.2557",3,2,AKKADIAN,TA,TA,[],see genres.json file,,
2,"1880,0617.2557",3,3,AKKADIAN,MU,MU,[],see genres.json file,,
3,"1880,0617.2557",3,4,AKKADIAN,u₃,u₃,[],see genres.json file,,
4,"1880,0617.2557",3,5,AKKADIAN,ša₂,ša₂,[],see genres.json file,,
5,"1880,0617.2557",5,1,AKKADIAN,TA,TA,[],see genres.json file,,
6,"1880,0617.2557",5,2,AKKADIAN,DINGIR-ME,DINGIR-ME,[],see genres.json file,,
7,"1880,0617.2557",5,4,AKKADIAN,TA,TA,[],see genres.json file,,
