,fragment_id,fragment_line_num,index_in_line,word_language,value,clean_value,lemma,domain,place_discovery,place_composition
0,"1880,0719.144",2,0,AKKADIAN,1,1,['ištēn I'],[],,
1,"1880,0719.144",3,0,AKKADIAN,2,2,[],[],,
2,"1880,0719.144",3,1,AKKADIAN,{na₄}KIŠIB,{na₄}KIŠIB,['kunukku I'],[],,
3,"1880,0719.144",4,0,AKKADIAN,1,1,['ištēn I'],[],,
4,"1880,0719.144",4,1,AKKADIAN,u₄-mu,u₄-mu,['ūmu I'],[],,
5,"1880,0719.144",4,2,AKKADIAN,DINGIR,DINGIR,['ilu I'],[],,
6,"1880,0719.144",4,3,AKKADIAN,URU,URU,['ālu I'],[],,
7,"1880,0719.144",5,0,AKKADIAN,3,3,[],[],,
8,"1880,0719.144",5,1,AKKADIAN,kam-ma-a-ni,kam-ma-a-ni,['kammu I'],[],,
9,"1880,0719.144",6,0,AKKADIAN,1,1,['ištēn I'],[],,
10,"1880,0719.144",6,1,AKKADIAN,{giš}GIGIR,{giš}GIGIR,['narkabtu I'],[],,
11,"1880,0719.144",6,2,AKKADIAN,{m}ib-nu-tu₂,{m}ib-nu-tu₂,[],[],,
12,"1880,0719.144",7,0,AKKADIAN,1,1,['ištēn I'],[],,
13,"1880,0719.144",7,1,AKKADIAN,is-hur,is-hur,['sahāru I'],[],,
14,"1880,0719.144",7,2,AKKADIAN,ma-a-da,ma-a-da,['mādu I'],[],,
15,"1880,0719.144",8,0,AKKADIAN,1,1,['ištēn I'],[],,
16,"1880,0719.144",8,1,AKKADIAN,EŠ₂.GAR₃,EŠ₂.GAR₃,['iškāru I'],[],,
17,"1880,0719.144",8,2,AKKADIAN,si-du₃,si-du₃,['Sidu I'],[],,
18,"1880,0719.144",9,0,AKKADIAN,1,1,['ištēn I'],[],,
19,"1880,0719.144",9,2,AKKADIAN,{d}GIŠ-gim₂-maš,{d}GIŠ-gim₂-maš,['Gilgameš I'],[],,
20,"1880,0719.144",15,1,AKKADIAN,U₄,U₄,[],[],,
21,"1880,0719.144",15,3,AKKADIAN,{d}BE,{d}BE,['Ellil I'],[],,
22,"1880,0719.144",17,1,AKKADIAN,{giš}ZU,{giš}ZU,"[""lē'u I""]",[],,
23,"1880,0719.144",17,3,AKKADIAN,{giš}IG,{giš}IG,['daltu I'],[],,
24,"1880,0719.144",19,0,AKKADIAN,1,1,['ištēn I'],[],,
25,"1880,0719.144",19,1,AKKADIAN,3,3,[],[],,
26,"1880,0719.144",19,2,AKKADIAN,kak-ku-sak-ku,kak-ku-sak-ku,[],[],,
27,"1880,0719.144",20,0,AKKADIAN,1,1,['ištēn I'],[],,
28,"1880,0719.144",20,1,AKKADIAN,6,6,[],[],,
29,"1880,0719.144",20,2,AKKADIAN,bul-ṭi,bul-ṭi,['bulṭu I'],[],,
30,"1880,0719.144",21,0,AKKADIAN,PAB,PAB,['gimirtu I'],[],,
31,"1880,0719.144",21,1,AKKADIAN,6,6,[],[],,
32,"1880,0719.144",21,2,AKKADIAN,{giš}ZU-MEŠ,{giš}ZU-MEŠ,"[""lē'u I""]",[],,
33,"1880,0719.144",22,1,AKKADIAN,šal-mu-u-te,šal-mu-u-te,['šalmu I'],[],,
34,"1880,0719.144",23,0,AKKADIAN,4,4,[],[],,
35,"1880,0719.144",23,1,AKKADIAN,{giš}IG-MEŠ,{giš}IG-MEŠ,['daltu I'],[],,
36,"1880,0719.144",31,0,AKKADIAN,2,2,[],[],,
37,"1880,0719.144",32,0,AKKADIAN,PAB,PAB,['gimirtu I'],[],,
38,"1880,0719.144",32,1,AKKADIAN,4-me,4-me,[],[],,
39,"1880,0719.144",32,2,AKKADIAN,30,30,[],[],,
40,"1880,0719.144",32,3,AKKADIAN,5,5,[],[],,
41,"1880,0719.144",38,0,AKKADIAN,6,6,[],[],,
42,"1880,0719.144",38,1,AKKADIAN,a-ši-pu-tu₂,a-ši-pu-tu₂,['āšipūtu I'],[],,
43,"1880,0719.144",39,0,AKKADIAN,2,2,[],[],,
44,"1880,0719.144",39,1,AKKADIAN,iz-bu,iz-bu,[],[],,
45,"1880,0719.144",40,0,AKKADIAN,PAB,PAB,['gimirtu I'],[],,
46,"1880,0719.144",40,1,AKKADIAN,28,28,[],[],,
47,"1880,0719.144",40,2,AKKADIAN,DUB-MEŠ,DUB-MEŠ,['ṭuppu I'],[],,
48,"1880,0719.144",41,0,AKKADIAN,{m}{d}UTU-SU,{m}{d}UTU-SU,[],[],,
49,"1880,0719.144",41,1,AKKADIAN,HAL,HAL,[],[],,
50,"1880,0719.144",43,0,AKKADIAN,1,1,['ištēn I'],[],,
51,"1880,0719.144",43,1,AKKADIAN,DUB-pi,DUB-pi,['ṭuppu I'],[],,
52,"1880,0719.144",43,2,AKKADIAN,kit*-tab*-ri,kit-tab-ri,[],[],,
53,"1880,0719.144",44,0,AKKADIAN,{m}A-a-a,{m}A-a-a,[],[],,
54,"1880,0719.144",44,1,AKKADIAN,MAŠ.MAŠ,MAŠ.MAŠ,[],[],,
55,"1880,0719.144",45,0,AKKADIAN,NIBRU{ki}-a-a,NIBRU{ki}-a-a,[],[],,
56,"1880,0719.144",47,0,AKKADIAN,3,3,[],[],,
57,"1880,0719.144",48,0,AKKADIAN,2,2,[],[],,
58,"1880,0719.144",49,0,AKKADIAN,U₄,U₄,[],[],,
59,"1880,0719.144",54,0,AKKADIAN,2,2,[],[],,
60,"1880,0719.144",55,0,AKKADIAN,1,1,['ištēn I'],[],,
61,"1880,0719.144",55,1,AKKADIAN,EŠ₂.GAR₃,EŠ₂.GAR₃,['iškāru I'],[],,
62,"1880,0719.144",55,2,AKKADIAN,za-qi₂-qu,za-qi₂-qu,['zīqīqu I'],[],,
63,"1880,0719.144",56,0,AKKADIAN,PAB,PAB,['gimirtu I'],[],,
64,"1880,0719.144",56,1,AKKADIAN,1-me,1-me,[],[],,
65,"1880,0719.144",56,2,AKKADIAN,60,60,['šūši I'],[],,
66,"1880,0719.144",56,3,AKKADIAN,20,20,[],[],,
67,"1880,0719.144",56,4,AKKADIAN,5,5,[],[],,
68,"1880,0719.144",57,0,AKKADIAN,{m}ar-ra-bu,{m}ar-ra-bu,[],[],,
69,"1880,0719.144",58,0,AKKADIAN,EN.°\LIL₂{ki}°-a-a,EN.LIL₂{ki}-a-a,[],[],,
70,"1880,0719.144",60,0,AKKADIAN,1,1,['ištēn I'],[],,
71,"1880,0719.144",60,1,AKKADIAN,DUB,DUB,[],[],,
72,"1880,0719.144",61,0,AKKADIAN,1,1,['ištēn I'],[],,
73,"1880,0719.144",65,0,AKKADIAN,1,1,['ištēn I'],[],,
74,"1880,0719.144",66,0,AKKADIAN,PAB,PAB,['gimirtu I'],[],,
75,"1880,0719.144",66,1,AKKADIAN,4,4,[],[],,
76,"1880,0719.144",66,2,AKKADIAN,U₄,U₄,[],[],,
77,"1880,0719.144",66,3,AKKADIAN,AN,AN,['Anu I'],[],,
78,"1880,0719.144",67,0,AKKADIAN,1,1,['ištēn I'],[],,
79,"1880,0719.144",67,1,AKKADIAN,2,2,[],[],,
80,"1880,0719.144",67,2,AKKADIAN,SAG.ME.GAR,SAG.ME.GAR,['Dapinu I'],[],,
81,"1880,0719.144",68,0,AKKADIAN,2,2,[],[],,
82,"1880,0719.144",68,1,AKKADIAN,3-a-a,3-a-a,[],[],,
83,"1880,0719.144",68,2,AKKADIAN,iz-bu,iz-bu,['izbu I'],[],,
84,"1880,0719.144",69,0,AKKADIAN,1,1,['ištēn I'],[],,
85,"1880,0719.144",69,1,AKKADIAN,5,5,[],[],,
86,"1880,0719.144",69,2,AKKADIAN,{na₄}KIŠIB,{na₄}KIŠIB,['kunukku I'],[],,
87,"1880,0719.144",69,3,AKKADIAN,hal-tu₂,hal-tu₂,[],[],,
88,"1880,0719.144",74,0,AKKADIAN,3,3,[],[],,
89,"1880,0719.144",74,1,AKKADIAN,3-a-a,3-a-a,[],[],,
90,"1880,0719.144",75,0,AKKADIAN,1,1,['ištēn I'],[],,
91,"1880,0719.144",75,1,AKKADIAN,3,3,[],[],,
92,"1880,0719.144",76,0,AKKADIAN,PAB,PAB,['gimirtu I'],[],,
93,"1880,0719.144",76,1,AKKADIAN,10,10,['ešer I'],[],,
94,"1880,0719.144",77,0,AKKADIAN,45,45,[],[],,
95,"1880,0719.144",77,1,AKKADIAN,DUB-MEŠ,DUB-MEŠ,['ṭuppu I'],[],,
96,"1880,0719.144",78,0,AKKADIAN,5,5,[],[],,
97,"1880,0719.144",79,0,AKKADIAN,4,4,[],[],,
98,"1880,0719.144",79,2,AKKADIAN,a-sar-ri,a-sar-ri,[],[],,
99,"1880,0719.144",80,1,AKKADIAN,U₄,U₄,[],[],,
100,"1880,0719.144",80,2,AKKADIAN,AN,AN,['Anu I'],[],,
101,"1880,0719.144",83,0,AKKADIAN,2,2,[],[],,
102,"1880,0719.144",84,1,AKKADIAN,PAB,PAB,['gimirtu I'],[],,
103,"1880,0719.144",85,0,AKKADIAN,37,37,[],[],,
104,"1880,0719.144",86,0,AKKADIAN,6,6,[],[],,
105,"1880,0719.144",87,0,AKKADIAN,PAB,PAB,['gimirtu I'],[],,
106,"1880,0719.144",87,1,AKKADIAN,3-me,3-me,[],[],,
107,"1880,0719.144",87,2,AKKADIAN,42,42,[],[],,
108,"1880,0719.144",88,0,AKKADIAN,{m}{d}PA-A-AŠ,{m}{d}PA-A-AŠ,[],[],,
109,"1880,0719.144",89,0,AKKADIAN,A,A,['māru I'],[],,
110,"1880,0719.144",92,0,AKKADIAN,4,4,[],[],,
111,"1880,0719.144",93,0,AKKADIAN,PAB,PAB,['gimirtu I'],[],,
112,"1880,0719.144",93,2,AKKADIAN,n,n,[],[],,
113,"1880,0719.144",97,1,AKKADIAN,DIŠ,DIŠ,[],[],,
114,"1880,0719.144",97,2,AKKADIAN,U₄,U₄,[],[],,
115,"1880,0719.144",97,4,AKKADIAN,{d}BE,{d}BE,[],[],,
116,"1880,0719.144",99,1,AKKADIAN,URU,URU,['ālu I'],[],,
117,"1880,0719.144",99,2,AKKADIAN,ina,ina,[],[],,
118,"1880,0719.144",99,3,AKKADIAN,SUKUD,SUKUD,['mēlû I'],[],,
119,"1880,0719.144",99,4,AKKADIAN,GAR,GAR,['šakānu I'],[],,
120,"1880,0719.144",100,1,AKKADIAN,iz-bu,iz-bu,['izbu I'],[],,
121,"1880,0719.144",101,2,AKKADIAN,a-ši-pu-tu₂,a-ši-pu-tu₂,['āšipūtu I'],[],,
122,"1880,0719.144",102,2,AKKADIAN,bul-ṭi,bul-ṭi,['bulṭu I'],[],,
123,"1880,0719.144",106,0,AKKADIAN,{iti}ZIZ₂,{iti}ZIZ₂,[],[],,
124,"1880,0719.144",106,1,AKKADIAN,U₄.1.KAM,U₄.1.KAM,[],[],,
125,"1880,0719.144",107,0,AKKADIAN,lim-mu,lim-mu,[],[],,
126,"1880,0719.144",107,1,AKKADIAN,{m}EN-šu₂-nu,{m}EN-šu₂-nu,[],[],,
127,"1880,0719.144",108,0,AKKADIAN,{lu₂}NAM,{lu₂}NAM,[],[],,
128,"1880,0719.144",108,1,AKKADIAN,{kur}hi-in-dan,{kur}hi-in-dan,[],[],,
