,fragment_id,fragment_line_num,index_in_line,word_language,value,clean_value,lemma,domain,place_discovery,place_composition
0,"1881,0204.216",2,1,AKKADIAN,{d}giš-nu₁₁,{d}giš-nu₁₁,[],['CANONICAL'],,
1,"1881,0204.216",3,1,AKKADIAN,{d}ZA.MUŠ₃,{d}ZA.MUŠ₃,[],['CANONICAL'],,
2,"1881,0204.216",4,1,AKKADIAN,{d}GAŠAN.KUR₂,{d}GAŠAN.KUR₂,[],['CANONICAL'],,
3,"1881,0204.216",5,1,AKKADIAN,{d}GAŠAN.EŠ₃.GAL,{d}GAŠAN.EŠ₃.GAL,[],['CANONICAL'],,
4,"1881,0204.216",5,3,AKKADIAN,{d}NIN.E₂.GAL-lim,{d}NIN.E₂.GAL-lim,[],['CANONICAL'],,
5,"1881,0204.216",6,2,AKKADIAN,{d}nin-urta,{d}nin-urta,[],['CANONICAL'],,
6,"1881,0204.216",7,1,AKKADIAN,{d}ša-ga-pi-ru,{d}ša-ga-pi-ru,['šagapūru I'],['CANONICAL'],,
7,"1881,0204.216",7,2,AKKADIAN,ŠILIG,ŠILIG,[],['CANONICAL'],,
8,"1881,0204.216",7,3,AKKADIAN,{d}IŠKUR,{d}IŠKUR,[],['CANONICAL'],,
9,"1881,0204.216",9,1,AKKADIAN,{d}LUGAL.EZEN.NA,{d}LUGAL.EZEN.NA,[],['CANONICAL'],,
10,"1881,0204.216",9,2,AKKADIAN,{d}a-nu,{d}a-nu,['Anu I'],['CANONICAL'],,
11,"1881,0204.216",10,1,AKKADIAN,{d}LUGAL.GIR₃.RA,{d}LUGAL.GIR₃.RA,[],['CANONICAL'],,
12,"1881,0204.216",10,3,AKKADIAN,TE,TE,['lētu I'],['CANONICAL'],,
13,"1881,0204.216",10,4,AKKADIAN,GUB₃,GUB₃,['šumēlu I'],['CANONICAL'],,
14,"1881,0204.216",10,5,AKKADIAN,{d}MES.LAM.TA.E₃.A,{d}MES.LAM.TA.E₃.A,[],['CANONICAL'],,
15,"1881,0204.216",11,1,AKKADIAN,{d}ul-sig₇-ga,{d}ul-sig₇-ga,[],['CANONICAL'],,
16,"1881,0204.216",11,2,AKKADIAN,{d}MUŠ₃,{d}MUŠ₃,[],['CANONICAL'],,
17,"1881,0204.216",11,4,AKKADIAN,GEŠTUG,GEŠTUG,['uznu I'],['CANONICAL'],,
18,"1881,0204.216",11,5,AKKADIAN,GUB₃,GUB₃,['šumēlu I'],['CANONICAL'],,
19,"1881,0204.216",11,6,AKKADIAN,{d}ME.MAH,{d}ME.MAH,[],['CANONICAL'],,
20,"1881,0204.216",11,7,AKKADIAN,{d}nin-urta,{d}nin-urta,[],['CANONICAL'],,
21,"1881,0204.216",12,1,AKKADIAN,{d}ba-u₂,{d}ba-u₂,[],['CANONICAL'],,
22,"1881,0204.216",12,2,AKKADIAN,SIG₇,SIG₇,"[""šu'ru I""]",['CANONICAL'],,
23,"1881,0204.216",12,3,AKKADIAN,GUB₃,GUB₃,['šumēlu I'],['CANONICAL'],,
24,"1881,0204.216",12,4,AKKADIAN,{d}nin-gir₂-su,{d}nin-gir₂-su,[],['CANONICAL'],,
25,"1881,0204.216",13,1,AKKADIAN,GEŠTUG,GEŠTUG,['uznu I'],['CANONICAL'],,
26,"1881,0204.216",13,2,AKKADIAN,ZAG,ZAG,['imittu I'],['CANONICAL'],,
27,"1881,0204.216",13,3,AKKADIAN,{d}AMAR.UTU,{d}AMAR.UTU,[],['CANONICAL'],,
28,"1881,0204.216",14,1,AKKADIAN,{d}GEŠTUG₂,{d}GEŠTUG₂,[],['CANONICAL'],,
29,"1881,0204.216",14,2,AKKADIAN,{d}e₂-a,{d}e₂-a,[],['CANONICAL'],,
30,"1881,0204.216",15,1,AKKADIAN,ZAG,ZAG,[],['CANONICAL'],,
31,"1881,0204.216",15,2,AKKADIAN,KI.TUŠ,KI.TUŠ,['šubtu I'],['CANONICAL'],,
32,"1881,0204.216",15,4,AKKADIAN,TUR₃,TUR₃,['tarbaṣu I'],['CANONICAL'],,
33,"1881,0204.216",15,5,AKKADIAN,ZAG,ZAG,['imittu I'],['CANONICAL'],,
34,"1881,0204.216",16,2,AKKADIAN,KI.TUŠ,KI.TUŠ,['šubtu I'],['CANONICAL'],,
35,"1881,0204.216",16,4,AKKADIAN,TUR₃,TUR₃,['tarbaṣu I'],['CANONICAL'],,
36,"1881,0204.216",16,5,AKKADIAN,GUB₃,GUB₃,['šumēlu I'],['CANONICAL'],,
37,"1881,0204.216",22,1,AKKADIAN,{m}AN.ŠAR₂-DU₃-IBILA,{m}AN.ŠAR₂-DU₃-IBILA,"['banû IV', 'aplu II']",['CANONICAL'],,
38,"1881,0204.216",22,2,AKKADIAN,LUGAL,LUGAL,['šarru I'],['CANONICAL'],,
39,"1881,0204.216",22,3,AKKADIAN,ŠU₂,ŠU₂,['kiššatu I'],['CANONICAL'],,
40,"1881,0204.216",22,4,AKKADIAN,MAN,MAN,['šarru I'],['CANONICAL'],,
41,"1881,0204.216",22,5,AKKADIAN,{kur}aš-šur{ki},{kur}aš-šur{ki},[],['CANONICAL'],,
42,"1881,0204.216",22,6,AKKADIAN,ša,ša,['ša I'],['CANONICAL'],,
43,"1881,0204.216",22,7,AKKADIAN,{d}+AG,{d}+AG,[],['CANONICAL'],,
44,"1881,0204.216",22,8,AKKADIAN,{d}taš-me-tu₄,{d}taš-me-tu₄,[],['CANONICAL'],,
45,"1881,0204.216",23,2,AKKADIAN,iš-ru-ku-uš,iš-ru-ku-uš,['šarāku I'],['CANONICAL'],,
46,"1881,0204.216",23,3,AKKADIAN,i-hu-uz-zu,i-hu-uz-zu,['ahāzu I'],['CANONICAL'],,
47,"1881,0204.216",23,4,AKKADIAN,e-nu,e-nu,['īnu I'],['CANONICAL'],,
48,"1881,0204.216",23,5,AKKADIAN,na-mir-tu₄,na-mir-tu₄,['nawirtu I'],['CANONICAL'],,
49,"1881,0204.216",23,6,AKKADIAN,ni-siq,ni-siq,['nasāqu I'],['CANONICAL'],,
50,"1881,0204.216",23,7,AKKADIAN,ṭup-šar-ru-u-ti,ṭup-šar-ru-u-ti,['ṭupšarrūtu I'],['CANONICAL'],,
51,"1881,0204.216",24,1,AKKADIAN,ina,ina,['ina I'],['CANONICAL'],,
52,"1881,0204.216",24,3,AKKADIAN,a-lik,a-lik,['āliku I'],['CANONICAL'],,
53,"1881,0204.216",24,4,AKKADIAN,mah-ri-ia,mah-ri-ia,['mahru II'],['CANONICAL'],,
54,"1881,0204.216",24,5,AKKADIAN,mim-ma,mim-ma,['mimma I'],['CANONICAL'],,
55,"1881,0204.216",24,6,AKKADIAN,šip-ru,šip-ru,['šipru I'],['CANONICAL'],,
56,"1881,0204.216",24,7,AKKADIAN,šu-a-tu,šu-a-tu,['šuāti I'],['CANONICAL'],,
57,"1881,0204.216",24,8,AKKADIAN,la,la,['lā I'],['CANONICAL'],,
58,"1881,0204.216",24,9,AKKADIAN,i-hu-uz-zu,i-hu-uz-zu,['ahāzu I'],['CANONICAL'],,
59,"1881,0204.216",25,2,AKKADIAN,ti-kip,ti-kip,['tikpu I'],['CANONICAL'],,
60,"1881,0204.216",25,3,AKKADIAN,sa-an-tak-ki,sa-an-tak-ki,['santakku I'],['CANONICAL'],,
61,"1881,0204.216",25,4,AKKADIAN,ma-la,ma-la,['mala I'],['CANONICAL'],,
62,"1881,0204.216",25,5,AKKADIAN,ba-aš₂-mu,ba-aš₂-mu,['bašāmu II'],['CANONICAL'],,
63,"1881,0204.216",25,6,AKKADIAN,ina,ina,['ina I'],['CANONICAL'],,
64,"1881,0204.216",25,7,AKKADIAN,DUB-MEŠ-ni,DUB-MEŠ-ni,['ṭuppu I'],['CANONICAL'],,
65,"1881,0204.216",25,8,AKKADIAN,aš₂-ṭur,aš₂-ṭur,['šaṭāru II'],['CANONICAL'],,
66,"1881,0204.216",26,2,AKKADIAN,a-na,a-na,['ana I'],['CANONICAL'],,
67,"1881,0204.216",26,3,AKKADIAN,ta-mar-ti,ta-mar-ti,['tāmartu I'],['CANONICAL'],,
68,"1881,0204.216",26,4,AKKADIAN,ši-ta-as-si-ia,ši-ta-as-si-ia,['šasû I'],['CANONICAL'],,
