,fragment_id,fragment_line_num,index_in_line,word_language,value,clean_value,lemma,domain,place_discovery,place_composition
0,"1880,0719.170",1,1,EMESAL,e₂,e₂,[],[],,
1,"1880,0719.170",2,1,AKKADIAN,bi-tu,bi-tu,[],[],,
2,"1880,0719.170",2,2,AKKADIAN,be-el-ka,be-el-ka,[],[],,
3,"1880,0719.170",3,1,EMESAL,uru₂,uru₂,[],[],,
4,"1880,0719.170",3,2,EMESAL,ga-ša-an-zu,ga-ša-an-zu,[],[],,
5,"1880,0719.170",4,1,AKKADIAN,a-lu₄,a-lu₄,[],[],,
6,"1880,0719.170",4,2,AKKADIAN,be-let-ka,be-let-ka,[],[],,
7,"1880,0719.170",4,3,AKKADIAN,li,li,[],[],,
8,"1880,0719.170",5,1,EMESAL,e₂,e₂,[],[],,
9,"1880,0719.170",5,2,EMESAL,u₃-mu-un-zu,u₃-mu-un-zu,[],[],,
10,"1880,0719.170",6,1,AKKADIAN,bi-tu,bi-tu,[],[],,
11,"1880,0719.170",6,2,AKKADIAN,be-el-ka,be-el-ka,[],[],,
12,"1880,0719.170",7,1,EMESAL,uru₂,uru₂,[],[],,
13,"1880,0719.170",8,1,AKKADIAN,a-lu₄,a-lu₄,[],[],,
14,"1880,0719.170",8,2,AKKADIAN,be-let-ka,be-let-ka,[],[],,
15,"1880,0719.170",9,1,EMESAL,ni₂,ni₂,[],[],,
16,"1880,0719.170",10,1,AKKADIAN,ša₂,ša₂,[],[],,
