,fragment_id,fragment_line_num,index_in_line,word_language,value,clean_value,lemma,domain,place_discovery,place_composition
0,"1881,0204.280",1,1,AKKADIAN,{mul}SAG.ME.GAR,{mul}SAG.ME.GAR,[],['CANONICAL ➝ Divination ➝ Celestial'],,
1,"1881,0204.280",2,2,AKKADIAN,{mul}SAG.ME.GAR,{mul}SAG.ME.GAR,[],['CANONICAL ➝ Divination ➝ Celestial'],,
2,"1881,0204.280",2,3,AKKADIAN,u,u,[],['CANONICAL ➝ Divination ➝ Celestial'],,
3,"1881,0204.280",3,3,AKKADIAN,{d}GU₄.UD,{d}GU₄.UD,[],['CANONICAL ➝ Divination ➝ Celestial'],,
4,"1881,0204.280",3,4,AKKADIAN,u,u,[],['CANONICAL ➝ Divination ➝ Celestial'],,
5,"1881,0204.280",3,5,AKKADIAN,{d}dili-bat,{d}dili-bat,[],['CANONICAL ➝ Divination ➝ Celestial'],,
6,"1881,0204.280",3,6,AKKADIAN,SIG₅,SIG₅,[],['CANONICAL ➝ Divination ➝ Celestial'],,
7,"1881,0204.280",3,7,AKKADIAN,KUR,KUR,[],['CANONICAL ➝ Divination ➝ Celestial'],,
8,"1881,0204.280",4,1,AKKADIAN,{d}SAG.ME.GAR,{d}SAG.ME.GAR,[],['CANONICAL ➝ Divination ➝ Celestial'],,
9,"1881,0204.280",4,2,AKKADIAN,u,u,[],['CANONICAL ➝ Divination ➝ Celestial'],,
10,"1881,0204.280",5,1,AKKADIAN,{d}ṣal-bat-a-nu,{d}ṣal-bat-a-nu,[],['CANONICAL ➝ Divination ➝ Celestial'],,
11,"1881,0204.280",5,2,AKKADIAN,u,u,[],['CANONICAL ➝ Divination ➝ Celestial'],,
12,"1881,0204.280",6,2,AKKADIAN,GUB-ME,GUB-ME,[],['CANONICAL ➝ Divination ➝ Celestial'],,
13,"1881,0204.280",6,3,AKKADIAN,{d}GU₄.UD,{d}GU₄.UD,[],['CANONICAL ➝ Divination ➝ Celestial'],,
14,"1881,0204.280",6,4,AKKADIAN,{d}ṣal-bat-a-nu,{d}ṣal-bat-a-nu,[],['CANONICAL ➝ Divination ➝ Celestial'],,
15,"1881,0204.280",6,5,AKKADIAN,KI.MIN,KI.MIN,[],['CANONICAL ➝ Divination ➝ Celestial'],,
16,"1881,0204.280",7,2,AKKADIAN,KU₄-ma,KU₄-ma,[],['CANONICAL ➝ Divination ➝ Celestial'],,
17,"1881,0204.280",7,3,AKKADIAN,GUB,GUB,[],['CANONICAL ➝ Divination ➝ Celestial'],,
18,"1881,0204.280",7,4,AKKADIAN,{d}SAG.UŠ,{d}SAG.UŠ,[],['CANONICAL ➝ Divination ➝ Celestial'],,
19,"1881,0204.280",7,5,AKKADIAN,ina,ina,[],['CANONICAL ➝ Divination ➝ Celestial'],,
20,"1881,0204.280",7,6,AKKADIAN,KUN-MEŠ,KUN-MEŠ,[],['CANONICAL ➝ Divination ➝ Celestial'],,
21,"1881,0204.280",8,2,AKKADIAN,GUB,GUB,[],['CANONICAL ➝ Divination ➝ Celestial'],,
22,"1881,0204.280",8,3,AKKADIAN,{d}GU₄.UD,{d}GU₄.UD,[],['CANONICAL ➝ Divination ➝ Celestial'],,
23,"1881,0204.280",8,4,AKKADIAN,ina,ina,[],['CANONICAL ➝ Divination ➝ Celestial'],,
24,"1881,0204.280",8,5,AKKADIAN,KUN-MEŠ,KUN-MEŠ,[],['CANONICAL ➝ Divination ➝ Celestial'],,
25,"1881,0204.280",9,2,AKKADIAN,GUB,GUB,[],['CANONICAL ➝ Divination ➝ Celestial'],,
26,"1881,0204.280",9,3,AKKADIAN,{d}dili-bat,{d}dili-bat,[],['CANONICAL ➝ Divination ➝ Celestial'],,
27,"1881,0204.280",9,4,AKKADIAN,ina,ina,[],['CANONICAL ➝ Divination ➝ Celestial'],,
28,"1881,0204.280",9,5,AKKADIAN,ŠA₃,ŠA₃,[],['CANONICAL ➝ Divination ➝ Celestial'],,
29,"1881,0204.280",10,2,AKKADIAN,di-im-ta,di-im-ta,[],['CANONICAL ➝ Divination ➝ Celestial'],,
30,"1881,0204.280",10,3,AKKADIAN,NU,NU,[],['CANONICAL ➝ Divination ➝ Celestial'],,
31,"1881,0204.280",10,4,AKKADIAN,DIB,DIB,[],['CANONICAL ➝ Divination ➝ Celestial'],,
32,"1881,0204.280",10,5,AKKADIAN,aš₂-šu₂,aš₂-šu₂,[],['CANONICAL ➝ Divination ➝ Celestial'],,
33,"1881,0204.280",10,6,AKKADIAN,ba,ba,[],['CANONICAL ➝ Divination ➝ Celestial'],,
34,"1881,0204.280",11,1,AKKADIAN,{d}ṣal-bat-a-nu,{d}ṣal-bat-a-nu,[],['CANONICAL ➝ Divination ➝ Celestial'],,
35,"1881,0204.280",11,2,AKKADIAN,ina,ina,[],['CANONICAL ➝ Divination ➝ Celestial'],,
36,"1881,0204.280",11,3,AKKADIAN,ŠA₃,ŠA₃,[],['CANONICAL ➝ Divination ➝ Celestial'],,
37,"1881,0204.280",12,1,AKKADIAN,{d}ṣal-bat-a-nu,{d}ṣal-bat-a-nu,[],['CANONICAL ➝ Divination ➝ Celestial'],,
38,"1881,0204.280",12,2,AKKADIAN,ina,ina,[],['CANONICAL ➝ Divination ➝ Celestial'],,
39,"1881,0204.280",13,1,AKKADIAN,{d}GU₄.UD,{d}GU₄.UD,[],['CANONICAL ➝ Divination ➝ Celestial'],,
40,"1881,0204.280",13,2,AKKADIAN,ina,ina,[],['CANONICAL ➝ Divination ➝ Celestial'],,
41,"1881,0204.280",13,3,AKKADIAN,KUN-MEŠ,KUN-MEŠ,[],['CANONICAL ➝ Divination ➝ Celestial'],,
42,"1881,0204.280",14,2,AKKADIAN,ina,ina,[],['CANONICAL ➝ Divination ➝ Celestial'],,
43,"1881,0204.280",14,3,AKKADIAN,ŠA₃,ŠA₃,[],['CANONICAL ➝ Divination ➝ Celestial'],,
44,"1881,0204.280",14,4,AKKADIAN,{mul}AB.SIN₂,{mul}AB.SIN₂,[],['CANONICAL ➝ Divination ➝ Celestial'],,
45,"1881,0204.280",15,2,AKKADIAN,ina,ina,[],['CANONICAL ➝ Divination ➝ Celestial'],,
46,"1881,0204.280",15,3,AKKADIAN,ŠA₃,ŠA₃,[],['CANONICAL ➝ Divination ➝ Celestial'],,
47,"1881,0204.280",15,4,AKKADIAN,{mul}AB.SIN₂,{mul}AB.SIN₂,[],['CANONICAL ➝ Divination ➝ Celestial'],,
48,"1881,0204.280",16,1,AKKADIAN,ina,ina,[],['CANONICAL ➝ Divination ➝ Celestial'],,
49,"1881,0204.280",16,2,AKKADIAN,ŠA₃,ŠA₃,[],['CANONICAL ➝ Divination ➝ Celestial'],,
50,"1881,0204.280",16,3,AKKADIAN,{mul}AB.SIN₂,{mul}AB.SIN₂,[],['CANONICAL ➝ Divination ➝ Celestial'],,
51,"1881,0204.280",17,2,AKKADIAN,KUN-MEŠ,KUN-MEŠ,[],['CANONICAL ➝ Divination ➝ Celestial'],,
52,"1881,0204.280",20,2,AKKADIAN,KI/DI,KI/DI,[],['CANONICAL ➝ Divination ➝ Celestial'],,
53,"1881,0204.280",21,2,AKKADIAN,ina,ina,[],['CANONICAL ➝ Divination ➝ Celestial'],,
54,"1881,0204.280",22,2,AKKADIAN,30,30,[],['CANONICAL ➝ Divination ➝ Celestial'],,
55,"1881,0204.280",22,3,AKKADIAN,AN,AN,[],['CANONICAL ➝ Divination ➝ Celestial'],,
56,"1881,0204.280",23,2,AKKADIAN,ana,ana,[],['CANONICAL ➝ Divination ➝ Celestial'],,
57,"1881,0204.280",25,2,AKKADIAN,meš-hu,meš-hu,[],['CANONICAL ➝ Divination ➝ Celestial'],,
58,"1881,0204.280",26,2,AKKADIAN,dan-na-tu,dan-na-tu,[],['CANONICAL ➝ Divination ➝ Celestial'],,
59,"1881,0204.280",27,1,AKKADIAN,{d}TIR.AN.NA,{d}TIR.AN.NA,[],['CANONICAL ➝ Divination ➝ Celestial'],,
60,"1881,0204.280",27,2,AKKADIAN,MIN,MIN,[],['CANONICAL ➝ Divination ➝ Celestial'],,
61,"1881,0204.280",28,1,AKKADIAN,{mul}SAG.ME.GAR,{mul}SAG.ME.GAR,[],['CANONICAL ➝ Divination ➝ Celestial'],,
62,"1881,0204.280",28,2,AKKADIAN,ina,ina,[],['CANONICAL ➝ Divination ➝ Celestial'],,
