,fragment_id,fragment_line_num,index_in_line,word_language,value,clean_value,lemma,domain,place_discovery,place_composition
0,"1880,0719.48",1,0,AKKADIAN,2,2,[],"['ARCHIVAL ➝ Legal ➝ Debt Note, Loan']",,
1,"1880,0719.48",1,1,AKKADIAN,MA.NA,MA.NA,['manû II'],"['ARCHIVAL ➝ Legal ➝ Debt Note, Loan']",,
2,"1880,0719.48",1,3,AKKADIAN,SAG.DU,SAG.DU,['qaqqadu I'],"['ARCHIVAL ➝ Legal ➝ Debt Note, Loan']",,
3,"1880,0719.48",3,0,AKKADIAN,ina,ina,['ina I'],"['ARCHIVAL ➝ Legal ➝ Debt Note, Loan']",,
4,"1880,0719.48",3,1,AKKADIAN,1,1,['ištēn I'],"['ARCHIVAL ➝ Legal ➝ Debt Note, Loan']",,
5,"1880,0719.48",3,3,AKKADIAN,ša,ša,['ša I'],"['ARCHIVAL ➝ Legal ➝ Debt Note, Loan']",,
6,"1880,0719.48",3,4,AKKADIAN,{uru}gar-ga-mis,{uru}gar-ga-mis,[],"['ARCHIVAL ➝ Legal ➝ Debt Note, Loan']",,
7,"1880,0719.48",5,0,AKKADIAN,ša,ša,['ša I'],"['ARCHIVAL ➝ Legal ➝ Debt Note, Loan']",,
8,"1880,0719.48",5,2,AKKADIAN,{f}ša₂-kin₂-te,{f}ša₂-kin₂-te,['šakānu I'],"['ARCHIVAL ➝ Legal ➝ Debt Note, Loan']",,
9,"1880,0719.48",7,0,AKKADIAN,ina,ina,['ina I'],"['ARCHIVAL ➝ Legal ➝ Debt Note, Loan']",,
10,"1880,0719.48",7,1,AKKADIAN,IGI,IGI,['pānu I'],"['ARCHIVAL ➝ Legal ➝ Debt Note, Loan']",,
11,"1880,0719.48",7,3,AKKADIAN,{lu₂}2-i,{lu₂}2-i,['šanû I'],"['ARCHIVAL ➝ Legal ➝ Debt Note, Loan']",,
12,"1880,0719.48",7,4,AKKADIAN,{lu₂}GAL-URU-MEŠ,{lu₂}GAL-URU-MEŠ,"['rab I', 'ālu I']","['ARCHIVAL ➝ Legal ➝ Debt Note, Loan']",,
13,"1880,0719.48",9,0,AKKADIAN,ku-um,ku-um,['kūm I'],"['ARCHIVAL ➝ Legal ➝ Debt Note, Loan']",,
14,"1880,0719.48",9,1,AKKADIAN,2,2,[],"['ARCHIVAL ➝ Legal ➝ Debt Note, Loan']",,
15,"1880,0719.48",9,2,AKKADIAN,MA.NA,MA.NA,['manû II'],"['ARCHIVAL ➝ Legal ➝ Debt Note, Loan']",,
16,"1880,0719.48",9,3,AKKADIAN,KU₃.BABBAR,KU₃.BABBAR,['kaspu I'],"['ARCHIVAL ➝ Legal ➝ Debt Note, Loan']",,
17,"1880,0719.48",9,4,AKKADIAN,E₂,E₂,['bītu I'],"['ARCHIVAL ➝ Legal ➝ Debt Note, Loan']",,
18,"1880,0719.48",9,5,AKKADIAN,12,12,[],"['ARCHIVAL ➝ Legal ➝ Debt Note, Loan']",,
19,"1880,0719.48",9,6,AKKADIAN,ANŠE,ANŠE,['imēru I'],"['ARCHIVAL ➝ Legal ➝ Debt Note, Loan']",,
20,"1880,0719.48",11,0,AKKADIAN,A.ŠA₃.GA,A.ŠA₃.GA,['eqlu I'],"['ARCHIVAL ➝ Legal ➝ Debt Note, Loan']",,
21,"1880,0719.48",11,1,AKKADIAN,ina,ina,['ina I'],"['ARCHIVAL ➝ Legal ➝ Debt Note, Loan']",,
22,"1880,0719.48",11,2,AKKADIAN,UGU,UGU,['muhhu I'],"['ARCHIVAL ➝ Legal ➝ Debt Note, Loan']",,
23,"1880,0719.48",11,3,AKKADIAN,EDIN,EDIN,['ṣēru I'],"['ARCHIVAL ➝ Legal ➝ Debt Note, Loan']",,
24,"1880,0719.48",11,4,AKKADIAN,{uru}aš-šur,{uru}aš-šur,[],"['ARCHIVAL ➝ Legal ➝ Debt Note, Loan']",,
25,"1880,0719.48",13,0,AKKADIAN,{m}qur-di-{d}IM,{m}qur-di-{d}IM,[],"['ARCHIVAL ➝ Legal ➝ Debt Note, Loan']",,
26,"1880,0719.48",13,1,AKKADIAN,MUNUS-šu₂,MUNUS-šu₂,['sinništu I'],"['ARCHIVAL ➝ Legal ➝ Debt Note, Loan']",,
27,"1880,0719.48",13,2,AKKADIAN,3,3,[],"['ARCHIVAL ➝ Legal ➝ Debt Note, Loan']",,
28,"1880,0719.48",13,3,AKKADIAN,DUMU-MEŠ-šu₂,DUMU-MEŠ-šu₂,['māru I'],"['ARCHIVAL ➝ Legal ➝ Debt Note, Loan']",,
29,"1880,0719.48",15,0,AKKADIAN,{m}kan-dal₃-a-nu,{m}kan-dal₃-a-nu,['Kandalanu I'],"['ARCHIVAL ➝ Legal ➝ Debt Note, Loan']",,
30,"1880,0719.48",15,1,AKKADIAN,MUNUS-šu₂,MUNUS-šu₂,['sinništu I'],"['ARCHIVAL ➝ Legal ➝ Debt Note, Loan']",,
31,"1880,0719.48",17,0,AKKADIAN,PAB,PAB,['gimru I'],"['ARCHIVAL ➝ Legal ➝ Debt Note, Loan']",,
32,"1880,0719.48",17,1,AKKADIAN,7,7,[],"['ARCHIVAL ➝ Legal ➝ Debt Note, Loan']",,
33,"1880,0719.48",17,2,AKKADIAN,ZI-MEŠ,ZI-MEŠ,['napištu I'],"['ARCHIVAL ➝ Legal ➝ Debt Note, Loan']",,
34,"1880,0719.48",17,3,AKKADIAN,12,12,[],"['ARCHIVAL ➝ Legal ➝ Debt Note, Loan']",,
35,"1880,0719.48",17,4,AKKADIAN,ANŠE,ANŠE,['imēru I'],"['ARCHIVAL ➝ Legal ➝ Debt Note, Loan']",,
36,"1880,0719.48",17,5,AKKADIAN,a-na,a-na,['ana I'],"['ARCHIVAL ➝ Legal ➝ Debt Note, Loan']",,
37,"1880,0719.48",17,6,AKKADIAN,ša₂-par-ti,ša₂-par-ti,['šapartu I'],"['ARCHIVAL ➝ Legal ➝ Debt Note, Loan']",,
38,"1880,0719.48",20,0,AKKADIAN,ina,ina,['ina I'],"['ARCHIVAL ➝ Legal ➝ Debt Note, Loan']",,
39,"1880,0719.48",20,1,AKKADIAN,IGI,IGI,['mahru II'],"['ARCHIVAL ➝ Legal ➝ Debt Note, Loan']",,
40,"1880,0719.48",20,2,AKKADIAN,{f}ad-da-ti,{f}ad-da-ti,[],"['ARCHIVAL ➝ Legal ➝ Debt Note, Loan']",,
41,"1880,0719.48",20,3,AKKADIAN,šak-nu,šak-nu,['šakānu I'],"['ARCHIVAL ➝ Legal ➝ Debt Note, Loan']",,
42,"1880,0719.48",22,0,AKKADIAN,ina,ina,[],"['ARCHIVAL ➝ Legal ➝ Debt Note, Loan']",,
43,"1880,0719.48",22,1,AKKADIAN,ŠA₃,ŠA₃,['libbu I'],"['ARCHIVAL ➝ Legal ➝ Debt Note, Loan']",,
44,"1880,0719.48",22,2,AKKADIAN,UD-me,UD-me,['ūmu I'],"['ARCHIVAL ➝ Legal ➝ Debt Note, Loan']",,
45,"1880,0719.48",22,3,AKKADIAN,ša,ša,['ša I'],"['ARCHIVAL ➝ Legal ➝ Debt Note, Loan']",,
46,"1880,0719.48",22,4,AKKADIAN,KU₃.BABBAR,KU₃.BABBAR,['kaspu I'],"['ARCHIVAL ➝ Legal ➝ Debt Note, Loan']",,
47,"1880,0719.48",22,5,AKKADIAN,SUM-u-ni,SUM-u-ni,['tadānu I'],"['ARCHIVAL ➝ Legal ➝ Debt Note, Loan']",,
48,"1880,0719.48",25,0,AKKADIAN,UN-MEŠ,UN-MEŠ,['nišu I'],"['ARCHIVAL ➝ Legal ➝ Debt Note, Loan']",,
49,"1880,0719.48",25,1,AKKADIAN,A.ŠA₃.GA,A.ŠA₃.GA,['eqlu I'],"['ARCHIVAL ➝ Legal ➝ Debt Note, Loan']",,
50,"1880,0719.48",25,2,AKKADIAN,u₂-še-ṣa,u₂-še-ṣa,['aṣû I'],"['ARCHIVAL ➝ Legal ➝ Debt Note, Loan']",,
51,"1880,0719.48",27,0,AKKADIAN,IGI,IGI,['mahru II'],"['ARCHIVAL ➝ Legal ➝ Debt Note, Loan']",,
52,"1880,0719.48",27,1,AKKADIAN,{m}{d}PA-NUMUN-GIŠ,{m}{d}PA-NUMUN-GIŠ,['Nabu-zer-lišir I'],"['ARCHIVAL ➝ Legal ➝ Debt Note, Loan']",,
53,"1880,0719.48",27,2,AKKADIAN,{lu₂}A.BA,{lu₂}A.BA,['ṭupšarru I'],"['ARCHIVAL ➝ Legal ➝ Debt Note, Loan']",,
54,"1880,0719.48",27,3,AKKADIAN,DUMU-{uru}NINA,DUMU-{uru}NINA,"['māru I', 'Ninua I']","['ARCHIVAL ➝ Legal ➝ Debt Note, Loan']",,
55,"1880,0719.48",29,0,AKKADIAN,IGI,IGI,['mahru II'],"['ARCHIVAL ➝ Legal ➝ Debt Note, Loan']",,
56,"1880,0719.48",29,1,AKKADIAN,{m}{d}šu-ri-ha-DINGIR-a-a,{m}{d}šu-ri-ha-DINGIR-a-a,[],"['ARCHIVAL ➝ Legal ➝ Debt Note, Loan']",,
57,"1880,0719.48",31,0,AKKADIAN,IGI,IGI,['mahru II'],"['ARCHIVAL ➝ Legal ➝ Debt Note, Loan']",,
58,"1880,0719.48",31,1,AKKADIAN,{m}{d}UTU-PAB-AŠ,{m}{d}UTU-PAB-AŠ,[],"['ARCHIVAL ➝ Legal ➝ Debt Note, Loan']",,
59,"1880,0719.48",31,2,AKKADIAN,{lu₂}A.ZU,{lu₂}A.ZU,['asû I'],"['ARCHIVAL ➝ Legal ➝ Debt Note, Loan']",,
60,"1880,0719.48",33,0,AKKADIAN,IGI,IGI,['mahru II'],"['ARCHIVAL ➝ Legal ➝ Debt Note, Loan']",,
61,"1880,0719.48",33,1,AKKADIAN,{m}da₃-ri-EN,{m}da₃-ri-EN,[],"['ARCHIVAL ➝ Legal ➝ Debt Note, Loan']",,
62,"1880,0719.48",33,2,AKKADIAN,IGI,IGI,['mahru II'],"['ARCHIVAL ➝ Legal ➝ Debt Note, Loan']",,
63,"1880,0719.48",33,3,AKKADIAN,{m}ṭa-bi-i,{m}ṭa-bi-i,[],"['ARCHIVAL ➝ Legal ➝ Debt Note, Loan']",,
64,"1880,0719.48",33,4,AKKADIAN,{lu₂}NINDA,{lu₂}NINDA,['ēpû I'],"['ARCHIVAL ➝ Legal ➝ Debt Note, Loan']",,
65,"1880,0719.48",35,0,AKKADIAN,IGI,IGI,['mahru II'],"['ARCHIVAL ➝ Legal ➝ Debt Note, Loan']",,
66,"1880,0719.48",35,1,AKKADIAN,{m}za-bi-nu,{m}za-bi-nu,[],"['ARCHIVAL ➝ Legal ➝ Debt Note, Loan']",,
67,"1880,0719.48",35,2,AKKADIAN,{lu₂}ka-ṣir,{lu₂}ka-ṣir,['kāṣiru I'],"['ARCHIVAL ➝ Legal ➝ Debt Note, Loan']",,
68,"1880,0719.48",35,3,AKKADIAN,IGI,IGI,['mahru II'],"['ARCHIVAL ➝ Legal ➝ Debt Note, Loan']",,
69,"1880,0719.48",35,4,AKKADIAN,{m}an-da-ra-nu,{m}an-da-ra-nu,[],"['ARCHIVAL ➝ Legal ➝ Debt Note, Loan']",,
70,"1880,0719.48",37,0,AKKADIAN,IGI,IGI,['mahru II'],"['ARCHIVAL ➝ Legal ➝ Debt Note, Loan']",,
71,"1880,0719.48",37,1,AKKADIAN,{m}{d}UTU-PAB-PAB,{m}{d}UTU-PAB-PAB,[],"['ARCHIVAL ➝ Legal ➝ Debt Note, Loan']",,
72,"1880,0719.48",37,2,AKKADIAN,{lu₂}SIPA-MUŠEN-MEŠ,{lu₂}SIPA-MUŠEN-MEŠ,"[""rē'û I"", 'iṣṣūru I']","['ARCHIVAL ➝ Legal ➝ Debt Note, Loan']",,
73,"1880,0719.48",39,0,AKKADIAN,IGI,IGI,['mahru II'],"['ARCHIVAL ➝ Legal ➝ Debt Note, Loan']",,
74,"1880,0719.48",39,1,AKKADIAN,{m}sa-gib₂-i,{m}sa-gib₂-i,[],"['ARCHIVAL ➝ Legal ➝ Debt Note, Loan']",,
75,"1880,0719.48",39,2,AKKADIAN,{lu₂}I₃.DU₈,{lu₂}I₃.DU₈,['atû II'],"['ARCHIVAL ➝ Legal ➝ Debt Note, Loan']",,
76,"1880,0719.48",42,0,AKKADIAN,IGI,IGI,['mahru II'],"['ARCHIVAL ➝ Legal ➝ Debt Note, Loan']",,
77,"1880,0719.48",42,1,AKKADIAN,{m}{d}PA-šal-lim,{m}{d}PA-šal-lim,[],"['ARCHIVAL ➝ Legal ➝ Debt Note, Loan']",,
78,"1880,0719.48",42,2,AKKADIAN,{iti}APIN,{iti}APIN,['Arahsamna I'],"['ARCHIVAL ➝ Legal ➝ Debt Note, Loan']",,
79,"1880,0719.48",42,3,AKKADIAN,UD.1.KAM,UD.1.KAM,"['ištēn I', 'ūmu I']","['ARCHIVAL ➝ Legal ➝ Debt Note, Loan']",,
80,"1880,0719.48",44,0,AKKADIAN,lim-mu,lim-mu,['līmu I'],"['ARCHIVAL ➝ Legal ➝ Debt Note, Loan']",,
81,"1880,0719.48",44,1,AKKADIAN,{m}DINGIR-KI-ia,{m}DINGIR-KI-ia,['Ilu-ittiya I'],"['ARCHIVAL ➝ Legal ➝ Debt Note, Loan']",,
82,"1880,0719.48",44,2,AKKADIAN,{lu₂}GAR.KUR,{lu₂}GAR.KUR,['šakānu I'],"['ARCHIVAL ➝ Legal ➝ Debt Note, Loan']",,
83,"1880,0719.48",44,3,AKKADIAN,{uru}di-maš-qa,{uru}di-maš-qa,[],"['ARCHIVAL ➝ Legal ➝ Debt Note, Loan']",,
