,fragment_id,fragment_line_num,index_in_line,word_language,value,clean_value,lemma,domain,place_discovery,place_composition
0,"1880,0719.165",0,3,AKKADIAN,U₂,U₂,[],['CANONICAL ➝ Lexicography ➝ Plant List'],,
1,"1880,0719.165",1,3,AKKADIAN,U₂,U₂,[],['CANONICAL ➝ Lexicography ➝ Plant List'],,
2,"1880,0719.165",3,3,AKKADIAN,U₂,U₂,[],['CANONICAL ➝ Lexicography ➝ Plant List'],,
3,"1880,0719.165",3,4,AKKADIAN,sah-le₂-e,sah-le₂-e,[],['CANONICAL ➝ Lexicography ➝ Plant List'],,
4,"1880,0719.165",5,3,AKKADIAN,U₂,U₂,[],['CANONICAL ➝ Lexicography ➝ Plant List'],,
5,"1880,0719.165",7,3,AKKADIAN,U₂,U₂,[],['CANONICAL ➝ Lexicography ➝ Plant List'],,
6,"1880,0719.165",7,4,AKKADIAN,mar-tu,mar-tu,[],['CANONICAL ➝ Lexicography ➝ Plant List'],,
7,"1880,0719.165",7,6,AKKADIAN,U₂,U₂,[],['CANONICAL ➝ Lexicography ➝ Plant List'],,
8,"1880,0719.165",7,7,AKKADIAN,MIN,MIN,[],['CANONICAL ➝ Lexicography ➝ Plant List'],,
9,"1880,0719.165",9,4,AKKADIAN,U₂,U₂,[],['CANONICAL ➝ Lexicography ➝ Plant List'],,
10,"1880,0719.165",9,5,AKKADIAN,ši-ma-hu,ši-ma-hu,[],['CANONICAL ➝ Lexicography ➝ Plant List'],,
11,"1880,0719.165",11,4,AKKADIAN,U₂,U₂,[],['CANONICAL ➝ Lexicography ➝ Plant List'],,
12,"1880,0719.165",11,5,AKKADIAN,MIN,MIN,[],['CANONICAL ➝ Lexicography ➝ Plant List'],,
13,"1880,0719.165",12,4,AKKADIAN,U₂,U₂,[],['CANONICAL ➝ Lexicography ➝ Plant List'],,
14,"1880,0719.165",12,5,AKKADIAN,MIN,MIN,[],['CANONICAL ➝ Lexicography ➝ Plant List'],,
15,"1880,0719.165",13,4,AKKADIAN,U₂,U₂,[],['CANONICAL ➝ Lexicography ➝ Plant List'],,
16,"1880,0719.165",13,5,AKKADIAN,MIN,MIN,[],['CANONICAL ➝ Lexicography ➝ Plant List'],,
17,"1880,0719.165",14,4,AKKADIAN,du-uk-du-mu,du-uk-du-mu,[],['CANONICAL ➝ Lexicography ➝ Plant List'],,
18,"1880,0719.165",14,5,AKKADIAN,U₂,U₂,[],['CANONICAL ➝ Lexicography ➝ Plant List'],,
19,"1880,0719.165",14,6,AKKADIAN,MIN,MIN,[],['CANONICAL ➝ Lexicography ➝ Plant List'],,
20,"1880,0719.165",16,3,AKKADIAN,U₂,U₂,[],['CANONICAL ➝ Lexicography ➝ Plant List'],,
21,"1880,0719.165",16,4,AKKADIAN,MIN,MIN,[],['CANONICAL ➝ Lexicography ➝ Plant List'],,
22,"1880,0719.165",17,3,AKKADIAN,U₂,U₂,[],['CANONICAL ➝ Lexicography ➝ Plant List'],,
23,"1880,0719.165",17,4,AKKADIAN,MIN,MIN,[],['CANONICAL ➝ Lexicography ➝ Plant List'],,
24,"1880,0719.165",21,3,AKKADIAN,U₂,U₂,[],['CANONICAL ➝ Lexicography ➝ Plant List'],,
25,"1880,0719.165",21,4,AKKADIAN,SUHUŠ,SUHUŠ,[],['CANONICAL ➝ Lexicography ➝ Plant List'],,
26,"1880,0719.165",23,4,AKKADIAN,MIN,MIN,[],['CANONICAL ➝ Lexicography ➝ Plant List'],,
27,"1880,0719.165",24,4,AKKADIAN,MIN,MIN,[],['CANONICAL ➝ Lexicography ➝ Plant List'],,
28,"1880,0719.165",25,4,AKKADIAN,MIN,MIN,[],['CANONICAL ➝ Lexicography ➝ Plant List'],,
29,"1880,0719.165",26,4,AKKADIAN,ša₂-ša₂-{+di}du₁₀,ša₂-ša₂-{+di}du₁₀,[],['CANONICAL ➝ Lexicography ➝ Plant List'],,
30,"1880,0719.165",27,3,AKKADIAN,U₂,U₂,[],['CANONICAL ➝ Lexicography ➝ Plant List'],,
31,"1880,0719.165",27,6,AKKADIAN,MIN,MIN,[],['CANONICAL ➝ Lexicography ➝ Plant List'],,
32,"1880,0719.165",28,3,AKKADIAN,U₂,U₂,[],['CANONICAL ➝ Lexicography ➝ Plant List'],,
33,"1880,0719.165",28,7,AKKADIAN,šu₂-ba-ri,šu₂-ba-ri,[],['CANONICAL ➝ Lexicography ➝ Plant List'],,
34,"1880,0719.165",29,3,AKKADIAN,U₂,U₂,[],['CANONICAL ➝ Lexicography ➝ Plant List'],,
35,"1880,0719.165",30,3,AKKADIAN,U₂,U₂,[],['CANONICAL ➝ Lexicography ➝ Plant List'],,
36,"1880,0719.165",31,3,AKKADIAN,U₂,U₂,[],['CANONICAL ➝ Lexicography ➝ Plant List'],,
37,"1880,0719.165",32,3,AKKADIAN,U₂,U₂,[],['CANONICAL ➝ Lexicography ➝ Plant List'],,
38,"1880,0719.165",32,7,AKKADIAN,GUD,GUD,[],['CANONICAL ➝ Lexicography ➝ Plant List'],,
39,"1880,0719.165",33,3,AKKADIAN,U₂,U₂,[],['CANONICAL ➝ Lexicography ➝ Plant List'],,
40,"1880,0719.165",34,3,AKKADIAN,U₂,U₂,[],['CANONICAL ➝ Lexicography ➝ Plant List'],,
41,"1880,0719.165",34,6,AKKADIAN,U₂,U₂,[],['CANONICAL ➝ Lexicography ➝ Plant List'],,
42,"1880,0719.165",34,7,AKKADIAN,MIN,MIN,[],['CANONICAL ➝ Lexicography ➝ Plant List'],,
43,"1880,0719.165",35,3,AKKADIAN,U₂,U₂,[],['CANONICAL ➝ Lexicography ➝ Plant List'],,
44,"1880,0719.165",36,3,AKKADIAN,U₂,U₂,[],['CANONICAL ➝ Lexicography ➝ Plant List'],,
45,"1880,0719.165",37,3,AKKADIAN,U₂,U₂,[],['CANONICAL ➝ Lexicography ➝ Plant List'],,
46,"1880,0719.165",37,6,AKKADIAN,šu₂-ba-ri,šu₂-ba-ri,[],['CANONICAL ➝ Lexicography ➝ Plant List'],,
47,"1880,0719.165",38,3,AKKADIAN,U₂,U₂,[],['CANONICAL ➝ Lexicography ➝ Plant List'],,
48,"1880,0719.165",38,6,AKKADIAN,MIN,MIN,[],['CANONICAL ➝ Lexicography ➝ Plant List'],,
49,"1880,0719.165",39,3,AKKADIAN,U₂,U₂,[],['CANONICAL ➝ Lexicography ➝ Plant List'],,
50,"1880,0719.165",39,7,AKKADIAN,GA₂,GA₂,[],['CANONICAL ➝ Lexicography ➝ Plant List'],,
51,"1880,0719.165",40,3,AKKADIAN,U₂,U₂,[],['CANONICAL ➝ Lexicography ➝ Plant List'],,
52,"1880,0719.165",40,6,AKKADIAN,BI,BI,[],['CANONICAL ➝ Lexicography ➝ Plant List'],,
53,"1880,0719.165",41,3,AKKADIAN,U₂,U₂,[],['CANONICAL ➝ Lexicography ➝ Plant List'],,
54,"1880,0719.165",42,3,AKKADIAN,U₂,U₂,[],['CANONICAL ➝ Lexicography ➝ Plant List'],,
55,"1880,0719.165",43,3,AKKADIAN,U₂,U₂,[],['CANONICAL ➝ Lexicography ➝ Plant List'],,
56,"1880,0719.165",44,3,AKKADIAN,U₂,U₂,[],['CANONICAL ➝ Lexicography ➝ Plant List'],,
