,fragment_id,fragment_line_num,index_in_line,word_language,value,clean_value,lemma,domain,place_discovery,place_composition
0,"1881,0204.251",0,0,AKKADIAN,i-nu-um,i-nu-um,[],[],,
1,"1881,0204.251",0,1,AKKADIAN,AN.ŠAR₂,AN.ŠAR₂,[],[],,
2,"1881,0204.251",0,2,AKKADIAN,AD,AD,[],[],,
3,"1881,0204.251",0,3,AKKADIAN,DINGIR-MEŠ,DINGIR-MEŠ,[],[],,
4,"1881,0204.251",1,0,AKKADIAN,{d}a-nu-um,{d}a-nu-um,[],[],,
5,"1881,0204.251",1,1,AKKADIAN,tiz-qa-ru,tiz-qa-ru,[],[],,
6,"1881,0204.251",2,0,AKKADIAN,{d}en-lil₂,{d}en-lil₂,[],[],,
7,"1881,0204.251",2,1,AKKADIAN,be-lu₄,be-lu₄,[],[],,
8,"1881,0204.251",2,2,AKKADIAN,ša₂-qu-u₂,ša₂-qu-u₂,[],[],,
9,"1881,0204.251",3,0,AKKADIAN,{d}nin-lil₂,{d}nin-lil₂,[],[],,
10,"1881,0204.251",3,1,AKKADIAN,AMA,AMA,[],[],,
11,"1881,0204.251",3,2,AKKADIAN,DINGIR-MEŠ,DINGIR-MEŠ,[],[],,
12,"1881,0204.251",3,3,AKKADIAN,GAL-MEŠ,GAL-MEŠ,[],[],,
13,"1881,0204.251",4,0,AKKADIAN,{d}e₂-a,{d}e₂-a,[],[],,
14,"1881,0204.251",4,1,AKKADIAN,pa-ti-iq,pa-ti-iq,[],[],,
15,"1881,0204.251",4,2,AKKADIAN,UN-MEŠ,UN-MEŠ,[],[],,
16,"1881,0204.251",5,0,AKKADIAN,{d}30,{d}30,[],[],,
17,"1881,0204.251",5,1,AKKADIAN,na-aš₂,na-aš₂,[],[],,
18,"1881,0204.251",5,2,AKKADIAN,ṣa-ad-di,ṣa-ad-di,[],[],,
19,"1881,0204.251",6,0,AKKADIAN,{d}iš-tar,{d}iš-tar,[],[],,
20,"1881,0204.251",6,1,AKKADIAN,DUMU.MUNUS,DUMU.MUNUS,[],[],,
21,"1881,0204.251",6,2,AKKADIAN,{d}30,{d}30,[],[],,
22,"1881,0204.251",6,3,AKKADIAN,qa-rit-tu,qa-rit-tu,[],[],,
23,"1881,0204.251",7,0,AKKADIAN,{d}UTU,{d}UTU,[],[],,
24,"1881,0204.251",7,1,AKKADIAN,pa-ri-is,pa-ri-is,[],[],,
25,"1881,0204.251",7,2,AKKADIAN,EŠ.BAR,EŠ.BAR,[],[],,
26,"1881,0204.251",7,3,AKKADIAN,ina,ina,[],[],,
27,"1881,0204.251",7,4,AKKADIAN,an-ni-šu,an-ni-šu,[],[],,
28,"1881,0204.251",8,0,AKKADIAN,{d}IŠKUR,{d}IŠKUR,[],[],,
29,"1881,0204.251",8,1,AKKADIAN,LUGAL,LUGAL,[],[],,
30,"1881,0204.251",8,2,AKKADIAN,he₂-gal₂-li,he₂-gal₂-li,[],[],,
31,"1881,0204.251",8,3,AKKADIAN,ŠEG₃,ŠEG₃,[],[],,
32,"1881,0204.251",9,0,AKKADIAN,{d}AMAR.UTU,{d}AMAR.UTU,[],[],,
33,"1881,0204.251",9,1,AKKADIAN,ABGAL,ABGAL,[],[],,
34,"1881,0204.251",9,2,AKKADIAN,DINGIR-MEŠ,DINGIR-MEŠ,[],[],,
35,"1881,0204.251",10,0,AKKADIAN,{d}AG,{d}AG,[],[],,
36,"1881,0204.251",10,1,AKKADIAN,DUB.SAR,DUB.SAR,[],[],,
37,"1881,0204.251",10,2,AKKADIAN,gim-ri,gim-ri,[],[],,
38,"1881,0204.251",11,0,AKKADIAN,{d}dil-bat,{d}dil-bat,[],[],,
39,"1881,0204.251",11,1,AKKADIAN,na-bat,na-bat,[],[],,
40,"1881,0204.251",11,2,AKKADIAN,MUL-MEŠ,MUL-MEŠ,[],[],,
41,"1881,0204.251",11,3,AKKADIAN,GIŠ,GIŠ,[],[],,
42,"1881,0204.251",11,4,AKKADIAN,BAD,BAD,[],[],,
43,"1881,0204.251",12,1,AKKADIAN,dan-dan-ni,dan-dan-ni,[],[],,
44,"1881,0204.251",12,2,AKKADIAN,DINGIR-MEŠ,DINGIR-MEŠ,[],[],,
45,"1881,0204.251",13,2,AKKADIAN,la,la,[],[],,
46,"1881,0204.251",13,3,AKKADIAN,ša₂-na-an,ša₂-na-an,[],[],,
47,"1881,0204.251",14,0,AKKADIAN,DINGIR-MEŠ,DINGIR-MEŠ,[],[],,
48,"1881,0204.251",14,4,AKKADIAN,nu,nu,[],[],,
49,"1881,0204.251",15,0,AKKADIAN,a-na-ku,a-na-ku,[],[],,
50,"1881,0204.251",16,0,AKKADIAN,DUMU,DUMU,[],[],,
51,"1881,0204.251",17,0,AKKADIAN,DUMU,DUMU,[],[],,
52,"1881,0204.251",17,1,AKKADIAN,DUMU,DUMU,[],[],,
53,"1881,0204.251",18,0,AKKADIAN,ša,ša,[],[],,
54,"1881,0204.251",23,0,AKKADIAN,ina,ina,[],[],,
55,"1881,0204.251",23,1,AKKADIAN,UGU,UGU,[],[],,
56,"1881,0204.251",24,0,AKKADIAN,ina,ina,[],[],,
57,"1881,0204.251",24,1,AKKADIAN,HUL₂-MEŠ,HUL₂-MEŠ,[],[],,
58,"1881,0204.251",24,2,AKKADIAN,u,u,[],[],,
59,"1881,0204.251",24,3,AKKADIAN,ri-ša₂-a-ti,ri-ša₂-a-ti,[],[],,
