,fragment_id,fragment_line_num,index_in_line,word_language,value,clean_value,lemma,domain,place_discovery,place_composition
0,"1879,0708.152",3,1,AKKADIAN,ZARAH,ZARAH,['nissatu I'],['CANONICAL ➝ Divination'],,
1,"1879,0708.152",5,2,AKKADIAN,LA₂,LA₂,[],['CANONICAL ➝ Divination'],,
2,"1879,0708.152",5,3,AKKADIAN,e-ma,e-ma,['ēm I'],['CANONICAL ➝ Divination'],,
3,"1879,0708.152",8,1,AKKADIAN,,,['awīlu I'],['CANONICAL ➝ Divination'],,
4,"1879,0708.152",8,2,AKKADIAN,BI,BI,['šuāti I'],['CANONICAL ➝ Divination'],,
5,"1879,0708.152",14,1,AKKADIAN,BI,BI,[],['CANONICAL ➝ Divination'],,
6,"1879,0708.152",16,2,AKKADIAN,BI,BI,[],['CANONICAL ➝ Divination'],,
