,fragment_id,fragment_line_num,index_in_line,word_language,value,clean_value,lemma,domain,place_discovery,place_composition
0,"1880,0719.282",4,6,AKKADIAN,an,an,[],[],,
1,"1880,0719.282",5,6,AKKADIAN,an-ma,an-ma,[],[],,
2,"1880,0719.282",7,6,AKKADIAN,ni-qi₂-i,ni-qi₂-i,[],[],,
3,"1880,0719.282",17,2,SUMERIAN,ku₃-dun-bi,ku₃-dun-bi,[],[],,
4,"1880,0719.282",17,6,AKKADIAN,kas/kas₃-pa,kas/kas₃-pa,[],[],,
5,"1880,0719.282",18,6,AKKADIAN,ki-ma,ki-ma,[],[],,
6,"1880,0719.282",20,2,SUMERIAN,nig₂-tuku,nig₂-tuku,[],[],,
7,"1880,0719.282",20,3,SUMERIAN,nu-me-a,nu-me-a,[],[],,
8,"1880,0719.282",20,7,AKKADIAN,ul,ul,[],[],,
9,"1880,0719.282",23,2,SUMERIAN,nig₂-kalag-ga,nig₂-kalag-ga,[],[],,
10,"1880,0719.282",24,1,SUMERIAN,dingir,dingir,[],[],,
11,"1880,0719.282",24,2,SUMERIAN,a₂-dah-zu,a₂-dah-zu,[],[],,
12,"1880,0719.282",24,3,SUMERIAN,na-nam,na-nam,[],[],,
13,"1880,0719.282",26,1,SUMERIAN,{lu₂}kur₂-ra,{lu₂}kur₂-ra,[],[],,
14,"1880,0719.282",26,2,SUMERIAN,{d}utu-ra-a,{d}utu-ra-a,[],[],,
15,"1880,0719.282",27,1,SUMERIAN,su-me-a,su-me-a,[],[],,
16,"1880,0719.282",27,2,SUMERIAN,KIB,KIB,[],[],,
17,"1880,0719.282",27,3,SUMERIAN,he₂-em,he₂-em,[],[],,
18,"1880,0719.282",29,1,SUMERIAN,me-de₃-en,me-de₃-en,[],[],,
19,"1880,0719.282",29,2,SUMERIAN,{d}utu-ra-a,{d}utu-ra-a,[],[],,
20,"1880,0719.282",30,1,SUMERIAN,su-me-a,su-me-a,[],[],,
21,"1880,0719.282",30,2,SUMERIAN,nig₂-kalag-ga,nig₂-kalag-ga,[],[],,
22,"1880,0719.282",30,3,SUMERIAN,he₂-em,he₂-em,[],[],,
23,"1880,0719.282",32,1,SUMERIAN,su,su,[],[],,
24,"1880,0719.282",32,2,SUMERIAN,{lu₂}kur₂-ra,{lu₂}kur₂-ra,[],[],,
25,"1880,0719.282",32,3,SUMERIAN,NA₄,NA₄,[],[],,
26,"1880,0719.282",32,4,SUMERIAN,he₂-em,he₂-em,[],[],,
27,"1880,0719.282",33,1,SUMERIAN,ud-da,ud-da,[],[],,
28,"1880,0719.282",33,2,SUMERIAN,an-a,an-a,[],[],,
29,"1880,0719.282",33,3,SUMERIAN,an-ga,an-ga,[],[],,
30,"1880,0719.282",33,4,SUMERIAN,su,su,[],[],,
31,"1880,0719.282",34,1,SUMERIAN,nig₂-kalag-ga,nig₂-kalag-ga,[],[],,
32,"1880,0719.282",34,2,SUMERIAN,he₂-em,he₂-em,[],[],,
33,"1880,0719.282",40,4,AKKADIAN,u₄-um,u₄-um,['ūmu I'],[],,
34,"1880,0719.282",40,5,AKKADIAN,ku,ku,[],[],,
35,"1880,0719.282",41,5,AKKADIAN,a-na,a-na,[],[],,
36,"1880,0719.282",41,6,AKKADIAN,E₂,E₂,[],[],,
37,"1880,0719.282",42,5,AKKADIAN,pa-ši-ru,pa-ši-ru,[],[],,
38,"1880,0719.282",43,3,SUMERIAN,ak-a,ak-a,[],[],,
39,"1880,0719.282",43,6,AKKADIAN,ul,ul,[],[],,
40,"1880,0719.282",45,5,AKKADIAN,ša,ša,[],[],,
41,"1880,0719.282",45,6,AKKADIAN,a-ma-ta,a-ma-ta,[],[],,
42,"1880,0719.282",45,7,AKKADIAN,la-a,la-a,[],[],,
43,"1880,0719.282",46,2,SUMERIAN,ub-zu,ub-zu,[],[],,
44,"1880,0719.282",46,5,AKKADIAN,a-na,a-na,['ana I'],[],,
45,"1880,0719.282",46,6,AKKADIAN,E₂,E₂,['bītu I'],[],,
46,"1880,0719.282",46,7,AKKADIAN,e-re-eb-šu₂,e-re-eb-šu₂,['erēbu I'],[],,
47,"1880,0719.282",46,8,AKKADIAN,ul,ul,[],[],,
48,"1880,0719.282",48,5,AKKADIAN,u₄-mi-šam,u₄-mi-šam,[],[],,
