,fragment_id,fragment_line_num,index_in_line,word_language,value,clean_value,lemma,domain,place_discovery,place_composition
0,"1880,0719.277",1,0,AKKADIAN,BE,BE,['šumma I'],['CANONICAL ➝ Divination ➝ Extispicy'],,
1,"1880,0719.277",1,1,AKKADIAN,SAG,SAG,['rēšu I'],['CANONICAL ➝ Divination ➝ Extispicy'],,
2,"1880,0719.277",1,2,AKKADIAN,MUR,MUR,['hašû II'],['CANONICAL ➝ Divination ➝ Extispicy'],,
3,"1880,0719.277",1,3,AKKADIAN,ša₂,ša₂,['ša I'],['CANONICAL ➝ Divination ➝ Extispicy'],,
4,"1880,0719.277",1,4,AKKADIAN,15,15,['imittu I'],['CANONICAL ➝ Divination ➝ Extispicy'],,
5,"1880,0719.277",1,5,AKKADIAN,ina,ina,['ina I'],['CANONICAL ➝ Divination ➝ Extispicy'],,
6,"1880,0719.277",1,6,AKKADIAN,SIG-šu₂,SIG-šu₂,[],['CANONICAL ➝ Divination ➝ Extispicy'],,
7,"1880,0719.277",1,7,AKKADIAN,KI.TA,KI.TA,[],['CANONICAL ➝ Divination ➝ Extispicy'],,
8,"1880,0719.277",1,8,AKKADIAN,KAR,KAR,[],['CANONICAL ➝ Divination ➝ Extispicy'],,
9,"1880,0719.277",1,9,AKKADIAN,ina,ina,['ina I'],['CANONICAL ➝ Divination ➝ Extispicy'],,
10,"1880,0719.277",1,10,AKKADIAN,GU₄.UD-iṭ,GU₄.UD-iṭ,[],['CANONICAL ➝ Divination ➝ Extispicy'],,
11,"1880,0719.277",1,11,AKKADIAN,{d}UTU-ši,{d}UTU-ši,['šamšu I'],['CANONICAL ➝ Divination ➝ Extispicy'],,
12,"1880,0719.277",1,12,AKKADIAN,KUR₂,KUR₂,['nakru I'],['CANONICAL ➝ Divination ➝ Extispicy'],,
13,"1880,0719.277",1,13,AKKADIAN,GAZ-an-ni,GAZ-an-ni,"['dâku I', '-am I', '-ni II']",['CANONICAL ➝ Divination ➝ Extispicy'],,
14,"1880,0719.277",2,0,AKKADIAN,BE,BE,['šumma I'],['CANONICAL ➝ Divination ➝ Extispicy'],,
15,"1880,0719.277",2,1,AKKADIAN,AN.TA,AN.TA,[],['CANONICAL ➝ Divination ➝ Extispicy'],,
16,"1880,0719.277",2,2,AKKADIAN,KAR,KAR,[],['CANONICAL ➝ Divination ➝ Extispicy'],,
17,"1880,0719.277",2,3,AKKADIAN,ina,ina,['ina I'],['CANONICAL ➝ Divination ➝ Extispicy'],,
18,"1880,0719.277",2,4,AKKADIAN,GU₄.UD-iṭ,GU₄.UD-iṭ,[],['CANONICAL ➝ Divination ➝ Extispicy'],,
19,"1880,0719.277",2,5,AKKADIAN,{d}UTU-ši,{d}UTU-ši,['šamšu I'],['CANONICAL ➝ Divination ➝ Extispicy'],,
20,"1880,0719.277",2,6,AKKADIAN,KUR₂,KUR₂,['nakru I'],['CANONICAL ➝ Divination ➝ Extispicy'],,
21,"1880,0719.277",2,7,AKKADIAN,a-dak,a-dak,['dâku I'],['CANONICAL ➝ Divination ➝ Extispicy'],,
22,"1880,0719.277",3,0,AKKADIAN,BE,BE,['šumma I'],['CANONICAL ➝ Divination ➝ Extispicy'],,
23,"1880,0719.277",3,1,AKKADIAN,ku-tal,ku-tal,['kutallu I'],['CANONICAL ➝ Divination ➝ Extispicy'],,
24,"1880,0719.277",3,2,AKKADIAN,MUR,MUR,['hašû II'],['CANONICAL ➝ Divination ➝ Extispicy'],,
25,"1880,0719.277",3,3,AKKADIAN,ša₂,ša₂,['ša I'],['CANONICAL ➝ Divination ➝ Extispicy'],,
26,"1880,0719.277",3,4,AKKADIAN,15,15,[],['CANONICAL ➝ Divination ➝ Extispicy'],,
27,"1880,0719.277",3,5,AKKADIAN,KI.TA,KI.TA,[],['CANONICAL ➝ Divination ➝ Extispicy'],,
28,"1880,0719.277",3,6,AKKADIAN,KAR,KAR,[],['CANONICAL ➝ Divination ➝ Extispicy'],,
29,"1880,0719.277",3,7,AKKADIAN,DINGIR-MEŠ,DINGIR-MEŠ,['ilu I'],['CANONICAL ➝ Divination ➝ Extispicy'],,
30,"1880,0719.277",3,8,AKKADIAN,A₂,A₂,[],['CANONICAL ➝ Divination ➝ Extispicy'],,
31,"1880,0719.277",3,9,AKKADIAN,ERIN₂,ERIN₂,['ummānu I'],['CANONICAL ➝ Divination ➝ Extispicy'],,
32,"1880,0719.277",3,10,AKKADIAN,KUR₂,KUR₂,['nakru I'],['CANONICAL ➝ Divination ➝ Extispicy'],,
33,"1880,0719.277",3,11,AKKADIAN,GIN-MEŠ-ma,GIN-MEŠ-ma,['alāku I'],['CANONICAL ➝ Divination ➝ Extispicy'],,
34,"1880,0719.277",3,12,AKKADIAN,KUR₂,KUR₂,['nakru I'],['CANONICAL ➝ Divination ➝ Extispicy'],,
35,"1880,0719.277",3,13,AKKADIAN,GAZ-an-ni,GAZ-an-ni,"['dâku I', '-am I', '-ni II']",['CANONICAL ➝ Divination ➝ Extispicy'],,
36,"1880,0719.277",4,0,AKKADIAN,BE,BE,['šumma I'],['CANONICAL ➝ Divination ➝ Extispicy'],,
37,"1880,0719.277",4,1,AKKADIAN,a-ah,a-ah,['ahu II'],['CANONICAL ➝ Divination ➝ Extispicy'],,
38,"1880,0719.277",4,2,AKKADIAN,ID₂,ID₂,['nāru I'],['CANONICAL ➝ Divination ➝ Extispicy'],,
39,"1880,0719.277",4,3,AKKADIAN,MUR,MUR,['hašû II'],['CANONICAL ➝ Divination ➝ Extispicy'],,
40,"1880,0719.277",4,4,AKKADIAN,ša₂,ša₂,['ša I'],['CANONICAL ➝ Divination ➝ Extispicy'],,
41,"1880,0719.277",4,5,AKKADIAN,15,15,[],['CANONICAL ➝ Divination ➝ Extispicy'],,
42,"1880,0719.277",4,6,AKKADIAN,AN.TA,AN.TA,[],['CANONICAL ➝ Divination ➝ Extispicy'],,
43,"1880,0719.277",4,7,AKKADIAN,KAR,KAR,[],['CANONICAL ➝ Divination ➝ Extispicy'],,
44,"1880,0719.277",4,8,AKKADIAN,DINGIR-MEŠ,DINGIR-MEŠ,['ilu I'],['CANONICAL ➝ Divination ➝ Extispicy'],,
45,"1880,0719.277",4,9,AKKADIAN,A₂,A₂,[],['CANONICAL ➝ Divination ➝ Extispicy'],,
46,"1880,0719.277",4,10,AKKADIAN,ERIN₂-MU,ERIN₂-MU,[],['CANONICAL ➝ Divination ➝ Extispicy'],,
47,"1880,0719.277",4,11,AKKADIAN,GIN-MEŠ-ma,GIN-MEŠ-ma,['alāku I'],['CANONICAL ➝ Divination ➝ Extispicy'],,
48,"1880,0719.277",4,12,AKKADIAN,KUR₂,KUR₂,['nakru I'],['CANONICAL ➝ Divination ➝ Extispicy'],,
49,"1880,0719.277",4,13,AKKADIAN,a-dak,a-dak,['dâku I'],['CANONICAL ➝ Divination ➝ Extispicy'],,
50,"1880,0719.277",5,0,AKKADIAN,BE,BE,['šumma I'],['CANONICAL ➝ Divination ➝ Extispicy'],,
51,"1880,0719.277",5,1,AKKADIAN,MAŠ.GAN₂,MAŠ.GAN₂,['maškanu I'],['CANONICAL ➝ Divination ➝ Extispicy'],,
52,"1880,0719.277",5,2,AKKADIAN,let,let,['lētu I'],['CANONICAL ➝ Divination ➝ Extispicy'],,
53,"1880,0719.277",5,3,AKKADIAN,15,15,[],['CANONICAL ➝ Divination ➝ Extispicy'],,
54,"1880,0719.277",5,4,AKKADIAN,KI.TA,KI.TA,[],['CANONICAL ➝ Divination ➝ Extispicy'],,
55,"1880,0719.277",5,5,AKKADIAN,KAR,KAR,[],['CANONICAL ➝ Divination ➝ Extispicy'],,
56,"1880,0719.277",5,6,AKKADIAN,KUR₂,KUR₂,['nakru I'],['CANONICAL ➝ Divination ➝ Extispicy'],,
57,"1880,0719.277",5,7,AKKADIAN,ERIN₂-ka,ERIN₂-ka,['ummānu I'],['CANONICAL ➝ Divination ➝ Extispicy'],,
58,"1880,0719.277",5,8,AKKADIAN,ina,ina,['ina I'],['CANONICAL ➝ Divination ➝ Extispicy'],,
59,"1880,0719.277",5,9,AKKADIAN,SAG,SAG,[],['CANONICAL ➝ Divination ➝ Extispicy'],,
60,"1880,0719.277",5,10,AKKADIAN,A.ŠA₃,A.ŠA₃,['eqlu I'],['CANONICAL ➝ Divination ➝ Extispicy'],,
61,"1880,0719.277",7,0,AKKADIAN,BE,BE,['šumma I'],['CANONICAL ➝ Divination ➝ Extispicy'],,
62,"1880,0719.277",7,1,AKKADIAN,AN.TA,AN.TA,[],['CANONICAL ➝ Divination ➝ Extispicy'],,
63,"1880,0719.277",7,2,AKKADIAN,KAR,KAR,[],['CANONICAL ➝ Divination ➝ Extispicy'],,
64,"1880,0719.277",7,3,AKKADIAN,ERIN₂,ERIN₂,['ummānu I'],['CANONICAL ➝ Divination ➝ Extispicy'],,
65,"1880,0719.277",7,4,AKKADIAN,KUR₂,KUR₂,['nakru I'],['CANONICAL ➝ Divination ➝ Extispicy'],,
66,"1880,0719.277",7,5,AKKADIAN,ina,ina,['ina I'],['CANONICAL ➝ Divination ➝ Extispicy'],,
67,"1880,0719.277",7,6,AKKADIAN,SAG,SAG,[],['CANONICAL ➝ Divination ➝ Extispicy'],,
68,"1880,0719.277",8,0,AKKADIAN,BE,BE,['šumma I'],['CANONICAL ➝ Divination ➝ Extispicy'],,
69,"1880,0719.277",8,1,AKKADIAN,SAG,SAG,[],['CANONICAL ➝ Divination ➝ Extispicy'],,
70,"1880,0719.277",8,2,AKKADIAN,ŠU.SI,ŠU.SI,['ubānu I'],['CANONICAL ➝ Divination ➝ Extispicy'],,
71,"1880,0719.277",8,3,AKKADIAN,MUR,MUR,['hašû II'],['CANONICAL ➝ Divination ➝ Extispicy'],,
72,"1880,0719.277",8,4,AKKADIAN,TUR-ti,TUR-ti,['ṣehru I'],['CANONICAL ➝ Divination ➝ Extispicy'],,
73,"1880,0719.277",8,5,AKKADIAN,ša₂,ša₂,['ša I'],['CANONICAL ➝ Divination ➝ Extispicy'],,
74,"1880,0719.277",8,6,AKKADIAN,IGI,IGI,[],['CANONICAL ➝ Divination ➝ Extispicy'],,
75,"1880,0719.277",8,7,AKKADIAN,GU₂.MUR,GU₂.MUR,"[""ur'udu I""]",['CANONICAL ➝ Divination ➝ Extispicy'],,
76,"1880,0719.277",8,8,AKKADIAN,KI.TA,KI.TA,[],['CANONICAL ➝ Divination ➝ Extispicy'],,
77,"1880,0719.277",8,9,AKKADIAN,KAR,KAR,[],['CANONICAL ➝ Divination ➝ Extispicy'],,
78,"1880,0719.277",8,10,AKKADIAN,KUR₂,KUR₂,['nakru I'],['CANONICAL ➝ Divination ➝ Extispicy'],,
79,"1880,0719.277",8,11,AKKADIAN,ina,ina,['ina I'],['CANONICAL ➝ Divination ➝ Extispicy'],,
80,"1880,0719.277",8,12,AKKADIAN,ŠA₃,ŠA₃,['libbu I'],['CANONICAL ➝ Divination ➝ Extispicy'],,
81,"1880,0719.277",9,0,AKKADIAN,BE,BE,['šumma I'],['CANONICAL ➝ Divination ➝ Extispicy'],,
82,"1880,0719.277",9,1,AKKADIAN,AN.TA,AN.TA,[],['CANONICAL ➝ Divination ➝ Extispicy'],,
83,"1880,0719.277",9,2,AKKADIAN,KAR,KAR,[],['CANONICAL ➝ Divination ➝ Extispicy'],,
84,"1880,0719.277",9,3,AKKADIAN,KUR₂,KUR₂,['nakru I'],['CANONICAL ➝ Divination ➝ Extispicy'],,
85,"1880,0719.277",9,4,AKKADIAN,i-par-ri-ka,i-par-ri-ka,[],['CANONICAL ➝ Divination ➝ Extispicy'],,
86,"1880,0719.277",9,5,AKKADIAN,NE-ma,NE-ma,[],['CANONICAL ➝ Divination ➝ Extispicy'],,
87,"1880,0719.277",10,0,AKKADIAN,BE,BE,['šumma I'],['CANONICAL ➝ Divination ➝ Extispicy'],,
88,"1880,0719.277",10,1,AKKADIAN,15,15,[],['CANONICAL ➝ Divination ➝ Extispicy'],,
89,"1880,0719.277",10,2,AKKADIAN,ŠU.SI,ŠU.SI,['ubānu I'],['CANONICAL ➝ Divination ➝ Extispicy'],,
90,"1880,0719.277",10,3,AKKADIAN,MUR,MUR,['hašû II'],['CANONICAL ➝ Divination ➝ Extispicy'],,
91,"1880,0719.277",10,4,AKKADIAN,TUR-ti,TUR-ti,['ṣehru I'],['CANONICAL ➝ Divination ➝ Extispicy'],,
92,"1880,0719.277",10,5,AKKADIAN,ša₂,ša₂,['ša I'],['CANONICAL ➝ Divination ➝ Extispicy'],,
93,"1880,0719.277",10,6,AKKADIAN,IGI,IGI,[],['CANONICAL ➝ Divination ➝ Extispicy'],,
94,"1880,0719.277",10,7,AKKADIAN,GU₂.MUR,GU₂.MUR,"[""ur'udu I""]",['CANONICAL ➝ Divination ➝ Extispicy'],,
95,"1880,0719.277",10,8,AKKADIAN,KI.TA,KI.TA,[],['CANONICAL ➝ Divination ➝ Extispicy'],,
96,"1880,0719.277",10,9,AKKADIAN,KAR,KAR,[],['CANONICAL ➝ Divination ➝ Extispicy'],,
97,"1880,0719.277",10,10,AKKADIAN,ina,ina,['ina I'],['CANONICAL ➝ Divination ➝ Extispicy'],,
98,"1880,0719.277",10,11,AKKADIAN,{giš}TUKUL,{giš}TUKUL,['kakku I'],['CANONICAL ➝ Divination ➝ Extispicy'],,
99,"1880,0719.277",10,12,AKKADIAN,KUR₂,KUR₂,['nakru I'],['CANONICAL ➝ Divination ➝ Extispicy'],,
100,"1880,0719.277",10,13,AKKADIAN,15,15,[],['CANONICAL ➝ Divination ➝ Extispicy'],,
101,"1880,0719.277",11,0,AKKADIAN,BE,BE,['šumma I'],['CANONICAL ➝ Divination ➝ Extispicy'],,
102,"1880,0719.277",11,1,AKKADIAN,AN.TA,AN.TA,[],['CANONICAL ➝ Divination ➝ Extispicy'],,
103,"1880,0719.277",11,2,AKKADIAN,KAR,KAR,[],['CANONICAL ➝ Divination ➝ Extispicy'],,
104,"1880,0719.277",11,3,AKKADIAN,ina,ina,['ina I'],['CANONICAL ➝ Divination ➝ Extispicy'],,
105,"1880,0719.277",11,4,AKKADIAN,{giš}TUKUL,{giš}TUKUL,['kakku I'],['CANONICAL ➝ Divination ➝ Extispicy'],,
106,"1880,0719.277",11,5,AKKADIAN,15,15,[],['CANONICAL ➝ Divination ➝ Extispicy'],,
107,"1880,0719.277",11,6,AKKADIAN,KUR₂,KUR₂,['nakru I'],['CANONICAL ➝ Divination ➝ Extispicy'],,
108,"1880,0719.277",12,0,AKKADIAN,BE,BE,['šumma I'],['CANONICAL ➝ Divination ➝ Extispicy'],,
109,"1880,0719.277",12,1,AKKADIAN,15,15,[],['CANONICAL ➝ Divination ➝ Extispicy'],,
110,"1880,0719.277",12,2,AKKADIAN,ŠU.SI,ŠU.SI,['ubānu I'],['CANONICAL ➝ Divination ➝ Extispicy'],,
111,"1880,0719.277",12,3,AKKADIAN,MUR,MUR,['hašû II'],['CANONICAL ➝ Divination ➝ Extispicy'],,
112,"1880,0719.277",12,4,AKKADIAN,TUR-ti,TUR-ti,['ṣehru I'],['CANONICAL ➝ Divination ➝ Extispicy'],,
113,"1880,0719.277",12,5,AKKADIAN,ana,ana,['ana I'],['CANONICAL ➝ Divination ➝ Extispicy'],,
114,"1880,0719.277",12,6,AKKADIAN,A₂,A₂,[],['CANONICAL ➝ Divination ➝ Extispicy'],,
115,"1880,0719.277",12,7,AKKADIAN,ŠU.SI,ŠU.SI,['ubānu I'],['CANONICAL ➝ Divination ➝ Extispicy'],,
116,"1880,0719.277",12,8,AKKADIAN,MUR,MUR,['hašû II'],['CANONICAL ➝ Divination ➝ Extispicy'],,
117,"1880,0719.277",12,9,AKKADIAN,GAL-ti,GAL-ti,['rabû I'],['CANONICAL ➝ Divination ➝ Extispicy'],,
118,"1880,0719.277",12,10,AKKADIAN,KI.TA,KI.TA,[],['CANONICAL ➝ Divination ➝ Extispicy'],,
119,"1880,0719.277",12,11,AKKADIAN,KAR,KAR,[],['CANONICAL ➝ Divination ➝ Extispicy'],,
120,"1880,0719.277",12,12,AKKADIAN,KUR₂,KUR₂,['nakru I'],['CANONICAL ➝ Divination ➝ Extispicy'],,
121,"1880,0719.277",12,13,AKKADIAN,ZI-am-ma,ZI-am-ma,[],['CANONICAL ➝ Divination ➝ Extispicy'],,
122,"1880,0719.277",13,0,AKKADIAN,BE,BE,['šumma I'],['CANONICAL ➝ Divination ➝ Extispicy'],,
123,"1880,0719.277",13,1,AKKADIAN,AN.TA,AN.TA,[],['CANONICAL ➝ Divination ➝ Extispicy'],,
124,"1880,0719.277",13,2,AKKADIAN,KAR,KAR,[],['CANONICAL ➝ Divination ➝ Extispicy'],,
125,"1880,0719.277",13,3,AKKADIAN,KUR₂,KUR₂,['nakru I'],['CANONICAL ➝ Divination ➝ Extispicy'],,
126,"1880,0719.277",13,4,AKKADIAN,ZI-am-ma,ZI-am-ma,[],['CANONICAL ➝ Divination ➝ Extispicy'],,
127,"1880,0719.277",14,0,AKKADIAN,BE,BE,['šumma I'],['CANONICAL ➝ Divination ➝ Extispicy'],,
128,"1880,0719.277",14,1,AKKADIAN,bi-rit,bi-rit,['birītu I'],['CANONICAL ➝ Divination ➝ Extispicy'],,
129,"1880,0719.277",14,2,AKKADIAN,SAGŠU,SAGŠU,['kubšu I'],['CANONICAL ➝ Divination ➝ Extispicy'],,
130,"1880,0719.277",14,3,AKKADIAN,MUR,MUR,['hašû II'],['CANONICAL ➝ Divination ➝ Extispicy'],,
131,"1880,0719.277",14,4,AKKADIAN,u,u,['u I'],['CANONICAL ➝ Divination ➝ Extispicy'],,
132,"1880,0719.277",14,5,AKKADIAN,MAŠ.GAN₂,MAŠ.GAN₂,['maškanu I'],['CANONICAL ➝ Divination ➝ Extispicy'],,
133,"1880,0719.277",14,6,AKKADIAN,let,let,['lētu I'],['CANONICAL ➝ Divination ➝ Extispicy'],,
134,"1880,0719.277",14,7,AKKADIAN,15,15,[],['CANONICAL ➝ Divination ➝ Extispicy'],,
135,"1880,0719.277",14,8,AKKADIAN,KI.TA,KI.TA,[],['CANONICAL ➝ Divination ➝ Extispicy'],,
136,"1880,0719.277",14,9,AKKADIAN,KAR,KAR,[],['CANONICAL ➝ Divination ➝ Extispicy'],,
137,"1880,0719.277",14,10,AKKADIAN,ŠEG₃-MEŠ,ŠEG₃-MEŠ,['zunnu I'],['CANONICAL ➝ Divination ➝ Extispicy'],,
138,"1880,0719.277",14,12,AKKADIAN,BURU₁₄,BURU₁₄,['ebūru I'],['CANONICAL ➝ Divination ➝ Extispicy'],,
139,"1880,0719.277",14,13,AKKADIAN,KUR,KUR,[],['CANONICAL ➝ Divination ➝ Extispicy'],,
140,"1880,0719.277",15,0,AKKADIAN,BE,BE,['šumma I'],['CANONICAL ➝ Divination ➝ Extispicy'],,
141,"1880,0719.277",15,1,AKKADIAN,AN.TA,AN.TA,[],['CANONICAL ➝ Divination ➝ Extispicy'],,
142,"1880,0719.277",15,2,AKKADIAN,KAR,KAR,[],['CANONICAL ➝ Divination ➝ Extispicy'],,
143,"1880,0719.277",15,3,AKKADIAN,AN-tu₄,AN-tu₄,['elītu I'],['CANONICAL ➝ Divination ➝ Extispicy'],,
144,"1880,0719.277",15,4,AKKADIAN,ṭa-hu-tu₄,ṭa-hu-tu₄,[],['CANONICAL ➝ Divination ➝ Extispicy'],,
145,"1880,0719.277",15,5,AKKADIAN,SUR-nun,SUR-nun,['zanānu I'],['CANONICAL ➝ Divination ➝ Extispicy'],,
146,"1880,0719.277",15,6,AKKADIAN,ILLU,ILLU,[],['CANONICAL ➝ Divination ➝ Extispicy'],,
147,"1880,0719.277",16,0,AKKADIAN,BE,BE,['šumma I'],['CANONICAL ➝ Divination ➝ Extispicy'],,
148,"1880,0719.277",16,1,AKKADIAN,SAG,SAG,[],['CANONICAL ➝ Divination ➝ Extispicy'],,
149,"1880,0719.277",16,2,AKKADIAN,SAGŠU,SAGŠU,['kubšu I'],['CANONICAL ➝ Divination ➝ Extispicy'],,
150,"1880,0719.277",16,3,AKKADIAN,MUR,MUR,['hašû II'],['CANONICAL ➝ Divination ➝ Extispicy'],,
151,"1880,0719.277",16,4,AKKADIAN,BAR-ma,BAR-ma,[],['CANONICAL ➝ Divination ➝ Extispicy'],,
152,"1880,0719.277",16,5,AKKADIAN,KI.TA,KI.TA,[],['CANONICAL ➝ Divination ➝ Extispicy'],,
153,"1880,0719.277",16,6,AKKADIAN,KAR,KAR,[],['CANONICAL ➝ Divination ➝ Extispicy'],,
154,"1880,0719.277",16,7,AKKADIAN,DUMU,DUMU,['māru I'],['CANONICAL ➝ Divination ➝ Extispicy'],,
155,"1880,0719.277",16,8,AKKADIAN,{lu₂}DAM.GAR₃,{lu₂}DAM.GAR₃,['tamkāru I'],['CANONICAL ➝ Divination ➝ Extispicy'],,
156,"1880,0719.277",16,9,AKKADIAN,ana,ana,['ana I'],['CANONICAL ➝ Divination ➝ Extispicy'],,
157,"1880,0719.277",16,10,AKKADIAN,KUR,KUR,[],['CANONICAL ➝ Divination ➝ Extispicy'],,
158,"1880,0719.277",16,11,AKKADIAN,SU₃,SU₃,[],['CANONICAL ➝ Divination ➝ Extispicy'],,
159,"1880,0719.277",16,13,AKKADIAN,GIN-ma,GIN-ma,['alāku I'],['CANONICAL ➝ Divination ➝ Extispicy'],,
160,"1880,0719.277",16,14,AKKADIAN,ki-is-su,ki-is-su,[],['CANONICAL ➝ Divination ➝ Extispicy'],,
161,"1880,0719.277",16,16,AKKADIAN,SU₃-su,SU₃-su,[],['CANONICAL ➝ Divination ➝ Extispicy'],,
162,"1880,0719.277",17,0,AKKADIAN,BE,BE,['šumma I'],['CANONICAL ➝ Divination ➝ Extispicy'],,
163,"1880,0719.277",17,2,AKKADIAN,KAR,KAR,[],['CANONICAL ➝ Divination ➝ Extispicy'],,
164,"1880,0719.277",17,3,AKKADIAN,GABA.RI,GABA.RI,[],['CANONICAL ➝ Divination ➝ Extispicy'],,
165,"1880,0719.277",17,6,AKKADIAN,mim-ma,mim-ma,[],['CANONICAL ➝ Divination ➝ Extispicy'],,
166,"1880,0719.277",17,7,AKKADIAN,aq-ra,aq-ra,[],['CANONICAL ➝ Divination ➝ Extispicy'],,
167,"1880,0719.277",17,8,AKKADIAN,TI-ma,TI-ma,[],['CANONICAL ➝ Divination ➝ Extispicy'],,
168,"1880,0719.277",17,9,AKKADIAN,ana,ana,['ana I'],['CANONICAL ➝ Divination ➝ Extispicy'],,
169,"1880,0719.277",17,10,AKKADIAN,LUGAL,LUGAL,['šarru I'],['CANONICAL ➝ Divination ➝ Extispicy'],,
170,"1880,0719.277",20,0,AKKADIAN,BE,BE,['šumma I'],['CANONICAL ➝ Divination ➝ Extispicy'],,
171,"1880,0719.277",23,0,AKKADIAN,BE,BE,['šumma I'],['CANONICAL ➝ Divination ➝ Extispicy'],,
172,"1880,0719.277",23,1,AKKADIAN,ŠU.SI,ŠU.SI,['ubānu I'],['CANONICAL ➝ Divination ➝ Extispicy'],,
173,"1880,0719.277",23,2,AKKADIAN,MUR,MUR,['hašû II'],['CANONICAL ➝ Divination ➝ Extispicy'],,
174,"1880,0719.277",23,3,AKKADIAN,MURUB₄,MURUB₄,['qablu I'],['CANONICAL ➝ Divination ➝ Extispicy'],,
175,"1880,0719.277",23,4,AKKADIAN,BAL-at-ma,BAL-at-ma,['nabalkutu II'],['CANONICAL ➝ Divination ➝ Extispicy'],,
176,"1880,0719.277",23,5,AKKADIAN,ina,ina,['ina I'],['CANONICAL ➝ Divination ➝ Extispicy'],,
177,"1880,0719.277",23,6,AKKADIAN,MAŠ.GAN₂-ša₂,MAŠ.GAN₂-ša₂,['maškanu I'],['CANONICAL ➝ Divination ➝ Extispicy'],,
178,"1880,0719.277",23,8,AKKADIAN,GAR-at,GAR-at,['šakānu I'],['CANONICAL ➝ Divination ➝ Extispicy'],,
179,"1880,0719.277",23,9,AKKADIAN,KUR₂,KUR₂,['nakru I'],['CANONICAL ➝ Divination ➝ Extispicy'],,
180,"1880,0719.277",23,10,AKKADIAN,ina,ina,['ina I'],['CANONICAL ➝ Divination ➝ Extispicy'],,
181,"1880,0719.277",23,11,AKKADIAN,IGI,IGI,[],['CANONICAL ➝ Divination ➝ Extispicy'],,
182,"1880,0719.277",25,0,AKKADIAN,DUB.10.KAM₂,DUB.10.KAM₂,[],['CANONICAL ➝ Divination ➝ Extispicy'],,
183,"1880,0719.277",25,1,AKKADIAN,EŠ₂.GAR₃,EŠ₂.GAR₃,['iškāru I'],['CANONICAL ➝ Divination ➝ Extispicy'],,
184,"1880,0719.277",25,2,AKKADIAN,BE,BE,['šumma I'],['CANONICAL ➝ Divination ➝ Extispicy'],,
185,"1880,0719.277",26,0,AKKADIAN,tup-pi,tup-pi,['ṭuppu I'],['CANONICAL ➝ Divination ➝ Extispicy'],,
186,"1880,0719.277",26,1,AKKADIAN,{m}AN.ŠAR₂-DU₃-IBILA,{m}AN.ŠAR₂-DU₃-IBILA,['Aššur-bani-apli I'],['CANONICAL ➝ Divination ➝ Extispicy'],,
187,"1880,0719.277",26,2,AKKADIAN,LUGAL,LUGAL,['šarru I'],['CANONICAL ➝ Divination ➝ Extispicy'],,
188,"1880,0719.277",26,3,AKKADIAN,GAL-u₂,GAL-u₂,['rabû I'],['CANONICAL ➝ Divination ➝ Extispicy'],,
189,"1880,0719.277",26,4,AKKADIAN,LUGAL,LUGAL,['šarru I'],['CANONICAL ➝ Divination ➝ Extispicy'],,
190,"1880,0719.277",26,5,AKKADIAN,dan-nu,dan-nu,['dannu I'],['CANONICAL ➝ Divination ➝ Extispicy'],,
191,"1880,0719.277",26,6,AKKADIAN,LUGAL,LUGAL,['šarru I'],['CANONICAL ➝ Divination ➝ Extispicy'],,
192,"1880,0719.277",26,7,AKKADIAN,ŠU₂,ŠU₂,[],['CANONICAL ➝ Divination ➝ Extispicy'],,
193,"1880,0719.277",26,8,AKKADIAN,LUGAL,LUGAL,['šarru I'],['CANONICAL ➝ Divination ➝ Extispicy'],,
194,"1880,0719.277",26,9,AKKADIAN,KUR,KUR,[],['CANONICAL ➝ Divination ➝ Extispicy'],,
195,"1880,0719.277",26,10,AKKADIAN,aš+šur{ki},aš+šur{ki},[],['CANONICAL ➝ Divination ➝ Extispicy'],,
196,"1880,0719.277",27,0,AKKADIAN,na-ram,na-ram,['narāmu I'],['CANONICAL ➝ Divination ➝ Extispicy'],,
197,"1880,0719.277",27,1,AKKADIAN,DINGIR-MEŠ,DINGIR-MEŠ,['ilu I'],['CANONICAL ➝ Divination ➝ Extispicy'],,
198,"1880,0719.277",27,3,AKKADIAN,ša,ša,['ša I'],['CANONICAL ➝ Divination ➝ Extispicy'],,
199,"1880,0719.277",27,5,AKKADIAN,u₃,u₃,['u I'],['CANONICAL ➝ Divination ➝ Extispicy'],,
200,"1880,0719.277",27,6,AKKADIAN,{d}IŠKUR,{d}IŠKUR,['Adad I'],['CANONICAL ➝ Divination ➝ Extispicy'],,
201,"1880,0719.277",27,7,AKKADIAN,GEŠTUG+MIN,GEŠTUG+MIN,['uznu I'],['CANONICAL ➝ Divination ➝ Extispicy'],,
202,"1880,0719.277",27,8,AKKADIAN,DAGAL-tu₄,DAGAL-tu₄,['rapšu I'],['CANONICAL ➝ Divination ➝ Extispicy'],,
203,"1880,0719.277",27,9,AKKADIAN,id-di-nu-niš-šum-ma,id-di-nu-niš-šum-ma,['nadānu II'],['CANONICAL ➝ Divination ➝ Extispicy'],,
204,"1880,0719.277",28,0,AKKADIAN,NAM.AZU,NAM.AZU,['bārûtu I'],['CANONICAL ➝ Divination ➝ Extispicy'],,
205,"1880,0719.277",28,1,AKKADIAN,AD.HAL,AD.HAL,['pirištu I'],['CANONICAL ➝ Divination ➝ Extispicy'],,
206,"1880,0719.277",28,2,AKKADIAN,AN-e,AN-e,['šamû I'],['CANONICAL ➝ Divination ➝ Extispicy'],,
207,"1880,0719.277",28,3,AKKADIAN,u₃,u₃,['u I'],['CANONICAL ➝ Divination ➝ Extispicy'],,
208,"1880,0719.277",28,4,AKKADIAN,KI-ti₃,KI-ti₃,['erṣetu I'],['CANONICAL ➝ Divination ➝ Extispicy'],,
209,"1880,0719.277",28,5,AKKADIAN,ne₂-me-qi₂,ne₂-me-qi₂,['nēmequ I'],['CANONICAL ➝ Divination ➝ Extispicy'],,
210,"1880,0719.277",28,6,AKKADIAN,{d}UTU,{d}UTU,['Šamaš I'],['CANONICAL ➝ Divination ➝ Extispicy'],,
211,"1880,0719.277",28,7,AKKADIAN,u₃,u₃,['u I'],['CANONICAL ➝ Divination ➝ Extispicy'],,
212,"1880,0719.277",28,8,AKKADIAN,{d}IŠKUR,{d}IŠKUR,['Adad I'],['CANONICAL ➝ Divination ➝ Extispicy'],,
213,"1880,0719.277",29,0,AKKADIAN,i-hu-zu-ma,i-hu-zu-ma,['ahāzu I'],['CANONICAL ➝ Divination ➝ Extispicy'],,
214,"1880,0719.277",29,1,AKKADIAN,uš-ta-bil,uš-ta-bil,['wabālu I'],['CANONICAL ➝ Divination ➝ Extispicy'],,
215,"1880,0719.277",29,2,AKKADIAN,ka-ras-su,ka-ras-su,['karšu I'],['CANONICAL ➝ Divination ➝ Extispicy'],,
216,"1880,0719.277",30,0,AKKADIAN,ṭup-pu,ṭup-pu,['ṭuppu I'],['CANONICAL ➝ Divination ➝ Extispicy'],,
217,"1880,0719.277",30,1,AKKADIAN,šu-a-tu₄,šu-a-tu₄,['šuāti I'],['CANONICAL ➝ Divination ➝ Extispicy'],,
218,"1880,0719.277",30,2,AKKADIAN,iš-ṭur,iš-ṭur,['šaṭāru II'],['CANONICAL ➝ Divination ➝ Extispicy'],,
219,"1880,0719.277",30,3,AKKADIAN,is-niq,is-niq,['sanāqu I'],['CANONICAL ➝ Divination ➝ Extispicy'],,
220,"1880,0719.277",30,4,AKKADIAN,ib-re-e-ma,ib-re-e-ma,['barû I'],['CANONICAL ➝ Divination ➝ Extispicy'],,
221,"1880,0719.277",30,5,AKKADIAN,i-na,i-na,['ina I'],['CANONICAL ➝ Divination ➝ Extispicy'],,
222,"1880,0719.277",30,6,AKKADIAN,qe₂-reb,qe₂-reb,['qerbu II'],['CANONICAL ➝ Divination ➝ Extispicy'],,
223,"1880,0719.277",30,7,AKKADIAN,E₂.GAL-šu₂,E₂.GAL-šu₂,['ēkallu I'],['CANONICAL ➝ Divination ➝ Extispicy'],,
224,"1880,0719.277",30,8,AKKADIAN,u₂-kin,u₂-kin,['kânu I'],['CANONICAL ➝ Divination ➝ Extispicy'],,
