,fragment_id,fragment_line_num,index_in_line,word_language,value,clean_value,lemma,domain,place_discovery,place_composition
0,"1879,0708.237",0,2,AKKADIAN,2,2,['šina II'],['CANONICAL ➝ Divination ➝ Teratological ➝ Šumma izbu'],,
1,"1879,0708.237",0,3,AKKADIAN,U₃.TU-ma,U₃.TU-ma,['alādu I'],['CANONICAL ➝ Divination ➝ Teratological ➝ Šumma izbu'],,
2,"1879,0708.237",0,4,AKKADIAN,2,2,['šina II'],['CANONICAL ➝ Divination ➝ Teratological ➝ Šumma izbu'],,
3,"1879,0708.237",1,1,AKKADIAN,6,6,['šediš I'],['CANONICAL ➝ Divination ➝ Teratological ➝ Šumma izbu'],,
4,"1879,0708.237",1,2,AKKADIAN,GIR₃-MEŠ-šu₂-nu,GIR₃-MEŠ-šu₂-nu,"['šēpu I', '-šunu I']",['CANONICAL ➝ Divination ➝ Teratological ➝ Šumma izbu'],,
5,"1879,0708.237",1,3,AKKADIAN,KA,KA,['pû I'],['CANONICAL ➝ Divination ➝ Teratological ➝ Šumma izbu'],,
6,"1879,0708.237",2,2,AKKADIAN,GAZ-ma,GAZ-ma,['dâku I'],['CANONICAL ➝ Divination ➝ Teratological ➝ Šumma izbu'],,
7,"1879,0708.237",2,3,AKKADIAN,ERIN₂,ERIN₂,['ummānu I'],['CANONICAL ➝ Divination ➝ Teratological ➝ Šumma izbu'],,
8,"1879,0708.237",3,1,AKKADIAN,{munus}ANŠE.KUR.RA,{munus}ANŠE.KUR.RA,['sisû I'],['CANONICAL ➝ Divination ➝ Teratological ➝ Šumma izbu'],,
9,"1879,0708.237",3,2,AKKADIAN,2,2,['šina II'],['CANONICAL ➝ Divination ➝ Teratological ➝ Šumma izbu'],,
10,"1879,0708.237",3,3,AKKADIAN,U₃.TU-ma,U₃.TU-ma,['alādu I'],['CANONICAL ➝ Divination ➝ Teratological ➝ Šumma izbu'],,
11,"1879,0708.237",3,4,AKKADIAN,2,2,['šina II'],['CANONICAL ➝ Divination ➝ Teratological ➝ Šumma izbu'],,
12,"1879,0708.237",4,1,AKKADIAN,6,6,['šediš I'],['CANONICAL ➝ Divination ➝ Teratological ➝ Šumma izbu'],,
13,"1879,0708.237",4,2,AKKADIAN,GIR₃-MEŠ-šu₂-nu,GIR₃-MEŠ-šu₂-nu,"['šēpu I', '-šunu I']",['CANONICAL ➝ Divination ➝ Teratological ➝ Šumma izbu'],,
14,"1879,0708.237",4,3,AKKADIAN,1,1,['ištēn I'],['CANONICAL ➝ Divination ➝ Teratological ➝ Šumma izbu'],,
15,"1879,0708.237",4,4,AKKADIAN,TA.AM₃,TA.AM₃,[],['CANONICAL ➝ Divination ➝ Teratological ➝ Šumma izbu'],,
16,"1879,0708.237",4,5,AKKADIAN,GEŠTUG-MEŠ-šu₂-nu,GEŠTUG-MEŠ-šu₂-nu,"['uznu I', '-šunu I']",['CANONICAL ➝ Divination ➝ Teratological ➝ Šumma izbu'],,
17,"1879,0708.237",5,1,AKKADIAN,GIM,GIM,['kīma I'],['CANONICAL ➝ Divination ➝ Teratological ➝ Šumma izbu'],,
18,"1879,0708.237",5,2,AKKADIAN,NAM.LU₂.U₁₈.LU,NAM.LU₂.U₁₈.LU,['awīlūtu I'],['CANONICAL ➝ Divination ➝ Teratological ➝ Šumma izbu'],,
19,"1879,0708.237",5,3,AKKADIAN,3,3,['šalāš I'],['CANONICAL ➝ Divination ➝ Teratological ➝ Šumma izbu'],,
20,"1879,0708.237",6,1,AKKADIAN,{munus}ANŠE.KUR.RA,{munus}ANŠE.KUR.RA,['sisû I'],['CANONICAL ➝ Divination ➝ Teratological ➝ Šumma izbu'],,
21,"1879,0708.237",6,2,AKKADIAN,2,2,['šina II'],['CANONICAL ➝ Divination ➝ Teratological ➝ Šumma izbu'],,
22,"1879,0708.237",6,3,AKKADIAN,U₃.TU-ma,U₃.TU-ma,['alādu I'],['CANONICAL ➝ Divination ➝ Teratological ➝ Šumma izbu'],,
23,"1879,0708.237",7,1,AKKADIAN,GEŠTUG-MEŠ,GEŠTUG-MEŠ,['uznu I'],['CANONICAL ➝ Divination ➝ Teratological ➝ Šumma izbu'],,
24,"1879,0708.237",7,2,AKKADIAN,SIK₂,SIK₂,['šārtu I'],['CANONICAL ➝ Divination ➝ Teratological ➝ Šumma izbu'],,
25,"1879,0708.237",7,3,AKKADIAN,NU,NU,['lā I'],['CANONICAL ➝ Divination ➝ Teratological ➝ Šumma izbu'],,
26,"1879,0708.237",7,4,AKKADIAN,TUK-MEŠ,TUK-MEŠ,['rašû I'],['CANONICAL ➝ Divination ➝ Teratological ➝ Šumma izbu'],,
