,fragment_id,fragment_line_num,index_in_line,word_language,value,clean_value,lemma,domain,place_discovery,place_composition
0,"1880,0719.115",3,1,AKKADIAN,ka,ka,[],['CANONICAL ➝ Literature ➝ Hymns ➝ Divine'],,
1,"1880,0719.115",5,0,AKKADIAN,ša₂,ša₂,[],['CANONICAL ➝ Literature ➝ Hymns ➝ Divine'],,
2,"1880,0719.115",6,0,AKKADIAN,gam-ma-la,gam-ma-la,['gammalu I'],['CANONICAL ➝ Literature ➝ Hymns ➝ Divine'],,
3,"1880,0719.115",6,1,AKKADIAN,rit-ta-a-ki,rit-ta-a-ki,['rittu I'],['CANONICAL ➝ Literature ➝ Hymns ➝ Divine'],,
4,"1880,0719.115",6,3,AKKADIAN,u₂-ba-na-a-ki,u₂-ba-na-a-ki,['ubānu I'],['CANONICAL ➝ Literature ➝ Hymns ➝ Divine'],,
5,"1880,0719.115",7,0,AKKADIAN,{d}e₂-a,{d}e₂-a,[],['CANONICAL ➝ Literature ➝ Hymns ➝ Divine'],,
6,"1880,0719.115",7,1,AKKADIAN,uz-na,uz-na,['uznu I'],['CANONICAL ➝ Literature ➝ Hymns ➝ Divine'],,
7,"1880,0719.115",7,2,AKKADIAN,iš-ruk-ki,iš-ruk-ki,[],['CANONICAL ➝ Literature ➝ Hymns ➝ Divine'],,
8,"1880,0719.115",7,3,AKKADIAN,ne₂-me-qa,ne₂-me-qa,['nēmequ I'],['CANONICAL ➝ Literature ➝ Hymns ➝ Divine'],,
9,"1880,0719.115",7,4,AKKADIAN,u₂-gam-mir-ki,u₂-gam-mir-ki,[],['CANONICAL ➝ Literature ➝ Hymns ➝ Divine'],,
10,"1880,0719.115",8,0,AKKADIAN,uš-te-eṣ-bi,uš-te-eṣ-bi,[],['CANONICAL ➝ Literature ➝ Hymns ➝ Divine'],,
11,"1880,0719.115",8,1,AKKADIAN,kiš-kat₃-ta-a,kiš-kat₃-ta-a,['kiškattû I'],['CANONICAL ➝ Literature ➝ Hymns ➝ Divine'],,
12,"1880,0719.115",8,2,AKKADIAN,ša₂,ša₂,['ša I'],['CANONICAL ➝ Literature ➝ Hymns ➝ Divine'],,
13,"1880,0719.115",8,3,AKKADIAN,iš-ta-kan,iš-ta-kan,['šakānu I'],['CANONICAL ➝ Literature ➝ Hymns ➝ Divine'],,
14,"1880,0719.115",8,4,AKKADIAN,qa-tuk-ki,qa-tuk-ki,[],['CANONICAL ➝ Literature ➝ Hymns ➝ Divine'],,
15,"1880,0719.115",9,2,AKKADIAN,lab-šu,lab-šu,['labšu I'],['CANONICAL ➝ Literature ➝ Hymns ➝ Divine'],,
16,"1880,0719.115",9,3,AKKADIAN,ina,ina,['ina I'],['CANONICAL ➝ Literature ➝ Hymns ➝ Divine'],,
17,"1880,0719.115",9,4,AKKADIAN,qi₂-bi-ti-ki,qi₂-bi-ti-ki,['qibītu I'],['CANONICAL ➝ Literature ➝ Hymns ➝ Divine'],,
18,"1880,0719.115",9,5,AKKADIAN,u₂-tab-ba-ba,u₂-tab-ba-ba,[],['CANONICAL ➝ Literature ➝ Hymns ➝ Divine'],,
19,"1880,0719.115",10,3,AKKADIAN,tu!-šat-be₂-e,tu-šat-be₂-e,[],['CANONICAL ➝ Literature ➝ Hymns ➝ Divine'],,
20,"1880,0719.115",10,4,AKKADIAN,ma-aq-ta,ma-aq-ta,[],['CANONICAL ➝ Literature ➝ Hymns ➝ Divine'],,
21,"1880,0719.115",11,2,AKKADIAN,ta-gam-me-li,ta-gam-me-li,['gamālu I'],['CANONICAL ➝ Literature ➝ Hymns ➝ Divine'],,
22,"1880,0719.115",11,3,AKKADIAN,ki-i-na,ki-i-na,['kīnu I'],['CANONICAL ➝ Literature ➝ Hymns ➝ Divine'],,
23,"1880,0719.115",12,2,AKKADIAN,te-re-e-te,te-re-e-te,['têrtu I'],['CANONICAL ➝ Literature ➝ Hymns ➝ Divine'],,
24,"1880,0719.115",13,1,AKKADIAN,an-šar₂,an-šar₂,[],['CANONICAL ➝ Literature ➝ Hymns ➝ Divine'],,
25,"1880,0719.115",13,2,AKKADIAN,be-li₂,be-li₂,['bēlu I'],['CANONICAL ➝ Literature ➝ Hymns ➝ Divine'],,
26,"1880,0719.115",15,2,AKKADIAN,šul-mu,šul-mu,['šulmu I'],['CANONICAL ➝ Literature ➝ Hymns ➝ Divine'],,
27,"1880,0719.115",20,0,AKKADIAN,ha-šu-u₂,ha-šu-u₂,[],['CANONICAL ➝ Literature ➝ Hymns ➝ Divine'],,
28,"1880,0719.115",21,0,AKKADIAN,up-pu,up-pu,['huppu II'],['CANONICAL ➝ Literature ➝ Hymns ➝ Divine'],,
29,"1880,0719.115",21,2,AKKADIAN,ti-ra-nu,ti-ra-nu,[],['CANONICAL ➝ Literature ➝ Hymns ➝ Divine'],,
30,"1880,0719.115",21,3,AKKADIAN,ri-ki-is,ri-ki-is,[],['CANONICAL ➝ Literature ➝ Hymns ➝ Divine'],,
31,"1880,0719.115",22,0,AKKADIAN,a-šar,a-šar,['ašru III'],['CANONICAL ➝ Literature ➝ Hymns ➝ Divine'],,
32,"1880,0719.115",23,0,AKKADIAN,i-sil-tu₂,i-sil-tu₂,['isiltu I'],['CANONICAL ➝ Literature ➝ Hymns ➝ Divine'],,
33,"1880,0719.115",24,0,AKKADIAN,at-ti-ma,at-ti-ma,['attī I'],['CANONICAL ➝ Literature ➝ Hymns ➝ Divine'],,
34,"1880,0719.115",25,0,AKKADIAN,ša₂-qu-tu₄,ša₂-qu-tu₄,[],['CANONICAL ➝ Literature ➝ Hymns ➝ Divine'],,
35,"1880,0719.115",28,0,AKKADIAN,el-lu,el-lu,['ellu I'],['CANONICAL ➝ Literature ➝ Hymns ➝ Divine'],,
36,"1880,0719.115",35,0,AKKADIAN,ša,ša,['ša I'],['CANONICAL ➝ Literature ➝ Hymns ➝ Divine'],,
37,"1880,0719.115",35,1,AKKADIAN,en,en,[],['CANONICAL ➝ Literature ➝ Hymns ➝ Divine'],,
38,"1880,0719.115",36,0,AKKADIAN,NU,NU,['lā I'],['CANONICAL ➝ Literature ➝ Hymns ➝ Divine'],,
