,fragment_id,fragment_line_num,index_in_line,word_language,value,clean_value,lemma,domain,place_discovery,place_composition
0,"1881,0204.225",2,1,AKKADIAN,EN,EN,[],[],,
1,"1881,0204.225",2,2,AKKADIAN,u₃,u₃,['u I'],[],,
2,"1881,0204.225",3,2,AKKADIAN,HI.LI,HI.LI,['kuzbu I'],[],,
3,"1881,0204.225",4,2,AKKADIAN,ŠUB-šu₂,ŠUB-šu₂,['nadû III'],[],,
4,"1881,0204.225",4,3,AKKADIAN,ina,ina,['ina I'],[],,
5,"1881,0204.225",4,4,AKKADIAN,GIG,GIG,[],[],,
6,"1881,0204.225",6,2,AKKADIAN,kan-ni,kan-ni,['kannu II'],[],,
7,"1881,0204.225",6,3,AKKADIAN,{lu₂}KURUN₂.NA,{lu₂}KURUN₂.NA,['sābû I'],[],,
8,"1881,0204.225",11,1,AKKADIAN,im-da-ra-ah,im-da-ra-ah,[],[],,
9,"1881,0204.225",12,1,AKKADIAN,pa-šu-ri,pa-šu-ri,[],[],,
10,"1881,0204.225",12,2,AKKADIAN,iš-pa-ri-iš,iš-pa-ri-iš,[],[],,
