,fragment_id,fragment_line_num,index_in_line,word_language,value,clean_value,lemma,domain,place_discovery,place_composition
0,"1879,0708.128",1,0,AKKADIAN,DIŠ,DIŠ,[],['CANONICAL ➝ Divination ➝ Terrestrial ➝ Šumma ālu'],,
1,"1879,0708.128",3,0,AKKADIAN,DIŠ,DIŠ,[],['CANONICAL ➝ Divination ➝ Terrestrial ➝ Šumma ālu'],,
2,"1879,0708.128",3,1,AKKADIAN,ANŠE.KUR.RA,ANŠE.KUR.RA,['sisû I'],['CANONICAL ➝ Divination ➝ Terrestrial ➝ Šumma ālu'],,
3,"1879,0708.128",3,2,AKKADIAN,ana,ana,['ana I'],['CANONICAL ➝ Divination ➝ Terrestrial ➝ Šumma ālu'],,
4,"1879,0708.128",4,0,AKKADIAN,DIŠ,DIŠ,[],['CANONICAL ➝ Divination ➝ Terrestrial ➝ Šumma ālu'],,
5,"1879,0708.128",4,1,AKKADIAN,ANŠE.KUR.RA,ANŠE.KUR.RA,['sisû I'],['CANONICAL ➝ Divination ➝ Terrestrial ➝ Šumma ālu'],,
6,"1879,0708.128",5,0,AKKADIAN,DIŠ,DIŠ,[],['CANONICAL ➝ Divination ➝ Terrestrial ➝ Šumma ālu'],,
7,"1879,0708.128",5,1,AKKADIAN,ANŠE.KUR.RA,ANŠE.KUR.RA,['sisû I'],['CANONICAL ➝ Divination ➝ Terrestrial ➝ Šumma ālu'],,
8,"1879,0708.128",5,2,AKKADIAN,ina,ina,['ina I'],['CANONICAL ➝ Divination ➝ Terrestrial ➝ Šumma ālu'],,
9,"1879,0708.128",5,3,AKKADIAN,E₂,E₂,['bītu I'],['CANONICAL ➝ Divination ➝ Terrestrial ➝ Šumma ālu'],,
10,"1879,0708.128",5,4,AKKADIAN,LU₂,LU₂,['awīlu I'],['CANONICAL ➝ Divination ➝ Terrestrial ➝ Šumma ālu'],,
11,"1879,0708.128",7,0,AKKADIAN,DIŠ,DIŠ,[],['CANONICAL ➝ Divination ➝ Terrestrial ➝ Šumma ālu'],,
12,"1879,0708.128",7,1,AKKADIAN,ANŠE.KUR.RA,ANŠE.KUR.RA,['sisû I'],['CANONICAL ➝ Divination ➝ Terrestrial ➝ Šumma ālu'],,
13,"1879,0708.128",7,2,AKKADIAN,TUG₂,TUG₂,['ṣubātu I'],['CANONICAL ➝ Divination ➝ Terrestrial ➝ Šumma ālu'],,
14,"1879,0708.128",7,3,AKKADIAN,LU₂,LU₂,['awīlu I'],['CANONICAL ➝ Divination ➝ Terrestrial ➝ Šumma ālu'],,
15,"1879,0708.128",8,0,AKKADIAN,DIŠ,DIŠ,[],['CANONICAL ➝ Divination ➝ Terrestrial ➝ Šumma ālu'],,
16,"1879,0708.128",8,1,AKKADIAN,ANŠE.KUR.RA,ANŠE.KUR.RA,['sisû I'],['CANONICAL ➝ Divination ➝ Terrestrial ➝ Šumma ālu'],,
17,"1879,0708.128",8,2,AKKADIAN,TUG₂.IB₂.LAL,TUG₂.IB₂.LAL,['nēbehu I'],['CANONICAL ➝ Divination ➝ Terrestrial ➝ Šumma ālu'],,
18,"1879,0708.128",8,3,AKKADIAN,LU₂,LU₂,['awīlu I'],['CANONICAL ➝ Divination ➝ Terrestrial ➝ Šumma ālu'],,
19,"1879,0708.128",8,4,AKKADIAN,GU₇,GU₇,['akālu I'],['CANONICAL ➝ Divination ➝ Terrestrial ➝ Šumma ālu'],,
20,"1879,0708.128",9,0,AKKADIAN,DIŠ,DIŠ,[],['CANONICAL ➝ Divination ➝ Terrestrial ➝ Šumma ālu'],,
21,"1879,0708.128",9,1,AKKADIAN,ANŠE.KUR.RA,ANŠE.KUR.RA,['sisû I'],['CANONICAL ➝ Divination ➝ Terrestrial ➝ Šumma ālu'],,
22,"1879,0708.128",9,2,AKKADIAN,KUŠ.E.SIR₂,KUŠ.E.SIR₂,['šēnu I'],['CANONICAL ➝ Divination ➝ Terrestrial ➝ Šumma ālu'],,
23,"1879,0708.128",9,3,AKKADIAN,LU₂,LU₂,['awīlu I'],['CANONICAL ➝ Divination ➝ Terrestrial ➝ Šumma ālu'],,
24,"1879,0708.128",9,4,AKKADIAN,GU₇,GU₇,['akālu I'],['CANONICAL ➝ Divination ➝ Terrestrial ➝ Šumma ālu'],,
25,"1879,0708.128",10,0,AKKADIAN,DIŠ,DIŠ,[],['CANONICAL ➝ Divination ➝ Terrestrial ➝ Šumma ālu'],,
26,"1879,0708.128",10,1,AKKADIAN,ANŠE.KUR.RA,ANŠE.KUR.RA,['sisû I'],['CANONICAL ➝ Divination ➝ Terrestrial ➝ Šumma ālu'],,
27,"1879,0708.128",10,2,AKKADIAN,ana,ana,['ana I'],['CANONICAL ➝ Divination ➝ Terrestrial ➝ Šumma ālu'],,
28,"1879,0708.128",10,3,AKKADIAN,E₂,E₂,['bītu I'],['CANONICAL ➝ Divination ➝ Terrestrial ➝ Šumma ālu'],,
29,"1879,0708.128",10,4,AKKADIAN,GIBIL,GIBIL,['eššu I'],['CANONICAL ➝ Divination ➝ Terrestrial ➝ Šumma ālu'],,
30,"1879,0708.128",10,5,AKKADIAN,ša₂,ša₂,['ša I'],['CANONICAL ➝ Divination ➝ Terrestrial ➝ Šumma ālu'],,
31,"1879,0708.128",10,6,AKKADIAN,ZAG.DU₈,ZAG.DU₈,['sippu I'],['CANONICAL ➝ Divination ➝ Terrestrial ➝ Šumma ālu'],,
32,"1879,0708.128",10,7,AKKADIAN,kaṣ-ru,kaṣ-ru,['kaṣāru I'],['CANONICAL ➝ Divination ➝ Terrestrial ➝ Šumma ālu'],,
33,"1879,0708.128",10,8,AKKADIAN,KU₄,KU₄,['erēbu I'],['CANONICAL ➝ Divination ➝ Terrestrial ➝ Šumma ālu'],,
34,"1879,0708.128",10,9,AKKADIAN,DAM,DAM,['aššatu I'],['CANONICAL ➝ Divination ➝ Terrestrial ➝ Šumma ālu'],,
35,"1879,0708.128",10,10,AKKADIAN,LU₂,LU₂,['awīlu I'],['CANONICAL ➝ Divination ➝ Terrestrial ➝ Šumma ālu'],,
36,"1879,0708.128",10,11,AKKADIAN,BA.UG₇,BA.UG₇,['mâtu I'],['CANONICAL ➝ Divination ➝ Terrestrial ➝ Šumma ālu'],,
37,"1879,0708.128",11,0,AKKADIAN,DIŠ,DIŠ,[],['CANONICAL ➝ Divination ➝ Terrestrial ➝ Šumma ālu'],,
38,"1879,0708.128",11,1,AKKADIAN,ANŠE.KUR.RA,ANŠE.KUR.RA,['sisû I'],['CANONICAL ➝ Divination ➝ Terrestrial ➝ Šumma ālu'],,
39,"1879,0708.128",11,2,AKKADIAN,ana,ana,['ana I'],['CANONICAL ➝ Divination ➝ Terrestrial ➝ Šumma ālu'],,
40,"1879,0708.128",11,3,AKKADIAN,GU₄,GU₄,['alpu I'],['CANONICAL ➝ Divination ➝ Terrestrial ➝ Šumma ālu'],,
41,"1879,0708.128",11,4,AKKADIAN,TE,TE,['ṭehû I'],['CANONICAL ➝ Divination ➝ Terrestrial ➝ Šumma ālu'],,
42,"1879,0708.128",11,5,AKKADIAN,na-zaq,na-zaq,['nazāqu I'],['CANONICAL ➝ Divination ➝ Terrestrial ➝ Šumma ālu'],,
43,"1879,0708.128",11,6,AKKADIAN,E₂,E₂,['bītu I'],['CANONICAL ➝ Divination ➝ Terrestrial ➝ Šumma ālu'],,
44,"1879,0708.128",11,7,AKKADIAN,LU₂,LU₂,['awīlu I'],['CANONICAL ➝ Divination ➝ Terrestrial ➝ Šumma ālu'],,
45,"1879,0708.128",12,0,AKKADIAN,DIŠ,DIŠ,[],['CANONICAL ➝ Divination ➝ Terrestrial ➝ Šumma ālu'],,
46,"1879,0708.128",12,1,AKKADIAN,ANŠE.KUR.RA,ANŠE.KUR.RA,['sisû I'],['CANONICAL ➝ Divination ➝ Terrestrial ➝ Šumma ālu'],,
47,"1879,0708.128",12,2,AKKADIAN,ANŠE.NITA₂-ša,ANŠE.NITA₂-ša,['imēru I'],['CANONICAL ➝ Divination ➝ Terrestrial ➝ Šumma ālu'],,
48,"1879,0708.128",12,3,AKKADIAN,u₃-lu,u₃-lu,['ūlū I'],['CANONICAL ➝ Divination ➝ Terrestrial ➝ Šumma ālu'],,
49,"1879,0708.128",12,4,AKKADIAN,ARHUŠ,ARHUŠ,['rēmu I'],['CANONICAL ➝ Divination ➝ Terrestrial ➝ Šumma ālu'],,
50,"1879,0708.128",12,5,AKKADIAN,GU₇,GU₇,['akālu I'],['CANONICAL ➝ Divination ➝ Terrestrial ➝ Šumma ālu'],,
51,"1879,0708.128",12,6,AKKADIAN,URU,URU,['ālu I'],['CANONICAL ➝ Divination ➝ Terrestrial ➝ Šumma ālu'],,
52,"1879,0708.128",12,7,AKKADIAN,BI,BI,['šuāti I'],['CANONICAL ➝ Divination ➝ Terrestrial ➝ Šumma ālu'],,
53,"1879,0708.128",12,8,AKKADIAN,ŠU,ŠU,['qātu I'],['CANONICAL ➝ Divination ➝ Terrestrial ➝ Šumma ālu'],,
54,"1879,0708.128",12,9,AKKADIAN,KUR-ad₂,KUR-ad₂,['kašādu I'],['CANONICAL ➝ Divination ➝ Terrestrial ➝ Šumma ālu'],,
55,"1879,0708.128",12,10,AKKADIAN,E₂,E₂,['bītu I'],['CANONICAL ➝ Divination ➝ Terrestrial ➝ Šumma ālu'],,
56,"1879,0708.128",12,11,AKKADIAN,BI,BI,['šū I'],['CANONICAL ➝ Divination ➝ Terrestrial ➝ Šumma ālu'],,
57,"1879,0708.128",12,12,AKKADIAN,BIR,BIR,['sapāhu I'],['CANONICAL ➝ Divination ➝ Terrestrial ➝ Šumma ālu'],,
58,"1879,0708.128",15,0,AKKADIAN,DIŠ,DIŠ,[],['CANONICAL ➝ Divination ➝ Terrestrial ➝ Šumma ālu'],,
59,"1879,0708.128",15,1,AKKADIAN,AM,AM,['rīmu I'],['CANONICAL ➝ Divination ➝ Terrestrial ➝ Šumma ālu'],,
60,"1879,0708.128",15,2,AKKADIAN,ina,ina,['ina I'],['CANONICAL ➝ Divination ➝ Terrestrial ➝ Šumma ālu'],,
61,"1879,0708.128",15,3,AKKADIAN,IGI,IGI,['pānu I'],['CANONICAL ➝ Divination ➝ Terrestrial ➝ Šumma ālu'],,
62,"1879,0708.128",15,4,AKKADIAN,KA₂.GAL,KA₂.GAL,['abullu I'],['CANONICAL ➝ Divination ➝ Terrestrial ➝ Šumma ālu'],,
63,"1879,0708.128",15,5,AKKADIAN,IGI-ir,IGI-ir,['amāru I'],['CANONICAL ➝ Divination ➝ Terrestrial ➝ Šumma ālu'],,
64,"1879,0708.128",15,6,AKKADIAN,KUR₂,KUR₂,['nakru I'],['CANONICAL ➝ Divination ➝ Terrestrial ➝ Šumma ālu'],,
65,"1879,0708.128",15,7,AKKADIAN,URU,URU,['ālu I'],['CANONICAL ➝ Divination ➝ Terrestrial ➝ Šumma ālu'],,
66,"1879,0708.128",15,8,AKKADIAN,NIGIN-mi,NIGIN-mi,['lawû II'],['CANONICAL ➝ Divination ➝ Terrestrial ➝ Šumma ālu'],,
67,"1879,0708.128",16,0,AKKADIAN,DIŠ,DIŠ,[],['CANONICAL ➝ Divination ➝ Terrestrial ➝ Šumma ālu'],,
68,"1879,0708.128",16,1,AKKADIAN,AM,AM,['rīmu I'],['CANONICAL ➝ Divination ➝ Terrestrial ➝ Šumma ālu'],,
69,"1879,0708.128",16,2,AKKADIAN,ina,ina,['ina I'],['CANONICAL ➝ Divination ➝ Terrestrial ➝ Šumma ālu'],,
70,"1879,0708.128",16,3,AKKADIAN,IGI,IGI,['pānu I'],['CANONICAL ➝ Divination ➝ Terrestrial ➝ Šumma ālu'],,
71,"1879,0708.128",16,4,AKKADIAN,KA₂.GAL,KA₂.GAL,['abullu I'],['CANONICAL ➝ Divination ➝ Terrestrial ➝ Šumma ālu'],,
72,"1879,0708.128",16,5,AKKADIAN,ir-bi-iṣ,ir-bi-iṣ,['rabāṣu I'],['CANONICAL ➝ Divination ➝ Terrestrial ➝ Šumma ālu'],,
73,"1879,0708.128",16,6,AKKADIAN,KUR₂,KUR₂,['nakru I'],['CANONICAL ➝ Divination ➝ Terrestrial ➝ Šumma ālu'],,
74,"1879,0708.128",16,7,AKKADIAN,KA₂.GAL,KA₂.GAL,['abullu I'],['CANONICAL ➝ Divination ➝ Terrestrial ➝ Šumma ālu'],,
75,"1879,0708.128",16,8,AKKADIAN,URU,URU,['ālu I'],['CANONICAL ➝ Divination ➝ Terrestrial ➝ Šumma ālu'],,
76,"1879,0708.128",16,9,AKKADIAN,DIB-ma,DIB-ma,['ṣabātu I'],['CANONICAL ➝ Divination ➝ Terrestrial ➝ Šumma ālu'],,
77,"1879,0708.128",16,10,AKKADIAN,KA₂.GAL,KA₂.GAL,['abullu I'],['CANONICAL ➝ Divination ➝ Terrestrial ➝ Šumma ālu'],,
78,"1879,0708.128",16,11,AKKADIAN,BI,BI,['šū I'],['CANONICAL ➝ Divination ➝ Terrestrial ➝ Šumma ālu'],,
79,"1879,0708.128",16,12,AKKADIAN,ip-pe-eh-hi,ip-pe-eh-hi,['pehû II'],['CANONICAL ➝ Divination ➝ Terrestrial ➝ Šumma ālu'],,
80,"1879,0708.128",17,0,AKKADIAN,DIŠ,DIŠ,[],['CANONICAL ➝ Divination ➝ Terrestrial ➝ Šumma ālu'],,
81,"1879,0708.128",17,1,AKKADIAN,AM,AM,['rīmu I'],['CANONICAL ➝ Divination ➝ Terrestrial ➝ Šumma ālu'],,
82,"1879,0708.128",17,2,AKKADIAN,ina,ina,['ina I'],['CANONICAL ➝ Divination ➝ Terrestrial ➝ Šumma ālu'],,
83,"1879,0708.128",17,3,AKKADIAN,IGI,IGI,['amāru I'],['CANONICAL ➝ Divination ➝ Terrestrial ➝ Šumma ālu'],,
84,"1879,0708.128",17,4,AKKADIAN,KA₂.GAL,KA₂.GAL,['abullu I'],['CANONICAL ➝ Divination ➝ Terrestrial ➝ Šumma ālu'],,
85,"1879,0708.128",17,5,AKKADIAN,in-na-dir,in-na-dir,['nadāru I'],['CANONICAL ➝ Divination ➝ Terrestrial ➝ Šumma ālu'],,
86,"1879,0708.128",17,6,AKKADIAN,ŠU.BI.DIL.AM₃,ŠU.BI.DIL.AM₃,[],['CANONICAL ➝ Divination ➝ Terrestrial ➝ Šumma ālu'],,
87,"1879,0708.128",18,0,AKKADIAN,DIŠ,DIŠ,[],['CANONICAL ➝ Divination ➝ Terrestrial ➝ Šumma ālu'],,
88,"1879,0708.128",18,1,AKKADIAN,AM,AM,['rīmu I'],['CANONICAL ➝ Divination ➝ Terrestrial ➝ Šumma ālu'],,
89,"1879,0708.128",18,2,AKKADIAN,ana,ana,['ana I'],['CANONICAL ➝ Divination ➝ Terrestrial ➝ Šumma ālu'],,
90,"1879,0708.128",18,3,AKKADIAN,ŠA₃,ŠA₃,['libbu I'],['CANONICAL ➝ Divination ➝ Terrestrial ➝ Šumma ālu'],,
91,"1879,0708.128",18,4,AKKADIAN,URU,URU,['ālu I'],['CANONICAL ➝ Divination ➝ Terrestrial ➝ Šumma ālu'],,
92,"1879,0708.128",18,5,AKKADIAN,KU₄-ba,KU₄-ba,['erēbu I'],['CANONICAL ➝ Divination ➝ Terrestrial ➝ Šumma ālu'],,
93,"1879,0708.128",18,6,AKKADIAN,KUR₂,KUR₂,['nakru I'],['CANONICAL ➝ Divination ➝ Terrestrial ➝ Šumma ālu'],,
94,"1879,0708.128",18,7,AKKADIAN,URU,URU,['ālu I'],['CANONICAL ➝ Divination ➝ Terrestrial ➝ Šumma ālu'],,
95,"1879,0708.128",18,9,AKKADIAN,URU,URU,['ālu I'],['CANONICAL ➝ Divination ➝ Terrestrial ➝ Šumma ālu'],,
96,"1879,0708.128",18,10,AKKADIAN,BI,BI,['šū I'],['CANONICAL ➝ Divination ➝ Terrestrial ➝ Šumma ālu'],,
97,"1879,0708.128",18,11,AKKADIAN,ŠUB!(di)-di,ŠUB(di)-di,['nadû III'],['CANONICAL ➝ Divination ➝ Terrestrial ➝ Šumma ālu'],,
98,"1879,0708.128",18,12,AKKADIAN,DIB-bat,DIB-bat,['ṣabātu I'],['CANONICAL ➝ Divination ➝ Terrestrial ➝ Šumma ālu'],,
99,"1879,0708.128",19,0,AKKADIAN,DIŠ,DIŠ,[],['CANONICAL ➝ Divination ➝ Terrestrial ➝ Šumma ālu'],,
100,"1879,0708.128",19,1,AKKADIAN,AM,AM,['rīmu I'],['CANONICAL ➝ Divination ➝ Terrestrial ➝ Šumma ālu'],,
101,"1879,0708.128",19,2,AKKADIAN,ana,ana,['ana I'],['CANONICAL ➝ Divination ➝ Terrestrial ➝ Šumma ālu'],,
102,"1879,0708.128",19,3,AKKADIAN,AB.GU₄.HI.A,AB.GU₄.HI.A,['ṣēnu III'],['CANONICAL ➝ Divination ➝ Terrestrial ➝ Šumma ālu'],,
103,"1879,0708.128",19,4,AKKADIAN,KU₄-ub-ma,KU₄-ub-ma,['erēbu I'],['CANONICAL ➝ Divination ➝ Terrestrial ➝ Šumma ālu'],,
104,"1879,0708.128",19,5,AKKADIAN,u₄-mi-šam-ma,u₄-mi-šam-ma,['ūmišam I'],['CANONICAL ➝ Divination ➝ Terrestrial ➝ Šumma ālu'],,
105,"1879,0708.128",19,6,AKKADIAN,it-ti-ši-na,it-ti-ši-na,"['itti I', '-šina I']",['CANONICAL ➝ Divination ➝ Terrestrial ➝ Šumma ālu'],,
106,"1879,0708.128",19,7,AKKADIAN,ir-te-ʾe,ir-te-ʾe,"[""re'û I""]",['CANONICAL ➝ Divination ➝ Terrestrial ➝ Šumma ālu'],,
107,"1879,0708.128",19,8,AKKADIAN,AN-e,AN-e,['šamû I'],['CANONICAL ➝ Divination ➝ Terrestrial ➝ Šumma ālu'],,
108,"1879,0708.128",19,9,AKKADIAN,SIG₅,SIG₅,['damāqu I'],['CANONICAL ➝ Divination ➝ Terrestrial ➝ Šumma ālu'],,
109,"1879,0708.128",20,1,AKKADIAN,šum-ma,šum-ma,['šumma I'],['CANONICAL ➝ Divination ➝ Terrestrial ➝ Šumma ālu'],,
110,"1879,0708.128",20,2,AKKADIAN,ina,ina,['ina I'],['CANONICAL ➝ Divination ➝ Terrestrial ➝ Šumma ālu'],,
111,"1879,0708.128",20,3,AKKADIAN,u₄-mi-šu-ma,u₄-mi-šu-ma,"['ūmu I', '-šu I', '-ma I']",['CANONICAL ➝ Divination ➝ Terrestrial ➝ Šumma ālu'],,
112,"1879,0708.128",20,4,AKKADIAN,ip-ṭur,ip-ṭur,['paṭāru I'],['CANONICAL ➝ Divination ➝ Terrestrial ➝ Šumma ālu'],,
113,"1879,0708.128",20,5,AKKADIAN,i-ta-la-ak,i-ta-la-ak,['alāku I'],['CANONICAL ➝ Divination ➝ Terrestrial ➝ Šumma ālu'],,
114,"1879,0708.128",20,6,AKKADIAN,NU,NU,['ul I'],['CANONICAL ➝ Divination ➝ Terrestrial ➝ Šumma ālu'],,
115,"1879,0708.128",20,7,AKKADIAN,SIG₅,SIG₅,['damāqu I'],['CANONICAL ➝ Divination ➝ Terrestrial ➝ Šumma ālu'],,
116,"1879,0708.128",21,0,AKKADIAN,DIŠ,DIŠ,[],['CANONICAL ➝ Divination ➝ Terrestrial ➝ Šumma ālu'],,
117,"1879,0708.128",21,1,AKKADIAN,AM,AM,['rīmu I'],['CANONICAL ➝ Divination ➝ Terrestrial ➝ Šumma ālu'],,
118,"1879,0708.128",21,2,AKKADIAN,ana,ana,['ana I'],['CANONICAL ➝ Divination ➝ Terrestrial ➝ Šumma ālu'],,
119,"1879,0708.128",21,3,AKKADIAN,TUR₃,TUR₃,['tarbaṣu I'],['CANONICAL ➝ Divination ➝ Terrestrial ➝ Šumma ālu'],,
120,"1879,0708.128",21,4,AKKADIAN,E₂,E₂,['bītu I'],['CANONICAL ➝ Divination ➝ Terrestrial ➝ Šumma ālu'],,
121,"1879,0708.128",21,5,AKKADIAN,LU₂,LU₂,['awīlu I'],['CANONICAL ➝ Divination ➝ Terrestrial ➝ Šumma ālu'],,
122,"1879,0708.128",21,6,AKKADIAN,u₄-mi-šam-ma,u₄-mi-šam-ma,['ūmišam I'],['CANONICAL ➝ Divination ➝ Terrestrial ➝ Šumma ālu'],,
123,"1879,0708.128",21,7,AKKADIAN,KU₄-MEŠ,KU₄-MEŠ,['erēbu I'],['CANONICAL ➝ Divination ➝ Terrestrial ➝ Šumma ālu'],,
124,"1879,0708.128",21,8,AKKADIAN,SIG₅-iq,SIG₅-iq,['damqu I'],['CANONICAL ➝ Divination ➝ Terrestrial ➝ Šumma ālu'],,
125,"1879,0708.128",22,0,AKKADIAN,DIŠ,DIŠ,[],['CANONICAL ➝ Divination ➝ Terrestrial ➝ Šumma ālu'],,
126,"1879,0708.128",22,1,AKKADIAN,AM,AM,['rīmu I'],['CANONICAL ➝ Divination ➝ Terrestrial ➝ Šumma ālu'],,
127,"1879,0708.128",22,2,AKKADIAN,GU₄,GU₄,['alpu I'],['CANONICAL ➝ Divination ➝ Terrestrial ➝ Šumma ālu'],,
128,"1879,0708.128",22,3,AKKADIAN,ina,ina,['ina I'],['CANONICAL ➝ Divination ➝ Terrestrial ➝ Šumma ālu'],,
129,"1879,0708.128",22,4,AKKADIAN,URU,URU,['ālu I'],['CANONICAL ➝ Divination ➝ Terrestrial ➝ Šumma ālu'],,
130,"1879,0708.128",22,5,AKKADIAN,u₂-na-kap,u₂-na-kap,['nakāpu I'],['CANONICAL ➝ Divination ➝ Terrestrial ➝ Šumma ālu'],,
131,"1879,0708.128",22,6,AKKADIAN,NU,NU,['ul I'],['CANONICAL ➝ Divination ➝ Terrestrial ➝ Šumma ālu'],,
132,"1879,0708.128",22,7,AKKADIAN,SIG₅-iq,SIG₅-iq,['damqu I'],['CANONICAL ➝ Divination ➝ Terrestrial ➝ Šumma ālu'],,
133,"1879,0708.128",24,0,AKKADIAN,DIŠ,DIŠ,[],['CANONICAL ➝ Divination ➝ Terrestrial ➝ Šumma ālu'],,
134,"1879,0708.128",24,1,AKKADIAN,AM.SI,AM.SI,['pīru I'],['CANONICAL ➝ Divination ➝ Terrestrial ➝ Šumma ālu'],,
135,"1879,0708.128",24,2,AKKADIAN,ina,ina,['ina I'],['CANONICAL ➝ Divination ➝ Terrestrial ➝ Šumma ālu'],,
136,"1879,0708.128",24,3,AKKADIAN,IGI,IGI,['pānu I'],['CANONICAL ➝ Divination ➝ Terrestrial ➝ Šumma ālu'],,
137,"1879,0708.128",24,4,AKKADIAN,KA₂.GAL,KA₂.GAL,['abullu I'],['CANONICAL ➝ Divination ➝ Terrestrial ➝ Šumma ālu'],,
138,"1879,0708.128",24,5,AKKADIAN,IGI-ir,IGI-ir,['amāru I'],['CANONICAL ➝ Divination ➝ Terrestrial ➝ Šumma ālu'],,
139,"1879,0708.128",24,6,AKKADIAN,KUR₂-ad₂,KUR₂-ad₂,['kašādu I'],['CANONICAL ➝ Divination ➝ Terrestrial ➝ Šumma ālu'],,
140,"1879,0708.128",24,7,AKKADIAN,AŠ₂,AŠ₂,['ṣibûtu I'],['CANONICAL ➝ Divination ➝ Terrestrial ➝ Šumma ālu'],,
141,"1879,0708.128",25,0,AKKADIAN,DIŠ,DIŠ,[],['CANONICAL ➝ Divination ➝ Terrestrial ➝ Šumma ālu'],,
142,"1879,0708.128",25,1,AKKADIAN,AM.SI,AM.SI,[],['CANONICAL ➝ Divination ➝ Terrestrial ➝ Šumma ālu'],,
143,"1879,0708.128",25,2,AKKADIAN,ina,ina,['ina I'],['CANONICAL ➝ Divination ➝ Terrestrial ➝ Šumma ālu'],,
144,"1879,0708.128",25,3,AKKADIAN,IGI,IGI,['pānu I'],['CANONICAL ➝ Divination ➝ Terrestrial ➝ Šumma ālu'],,
145,"1879,0708.128",25,4,AKKADIAN,KA₂.GAL,KA₂.GAL,['abullu I'],['CANONICAL ➝ Divination ➝ Terrestrial ➝ Šumma ālu'],,
146,"1879,0708.128",25,5,AKKADIAN,in-na-dir,in-na-dir,['nadāru I'],['CANONICAL ➝ Divination ➝ Terrestrial ➝ Šumma ālu'],,
147,"1879,0708.128",25,6,AKKADIAN,KUR₂,KUR₂,['nakru I'],['CANONICAL ➝ Divination ➝ Terrestrial ➝ Šumma ālu'],,
148,"1879,0708.128",25,7,AKKADIAN,URU,URU,['ālu I'],['CANONICAL ➝ Divination ➝ Terrestrial ➝ Šumma ālu'],,
149,"1879,0708.128",25,8,AKKADIAN,BI,BI,['šuāti I'],['CANONICAL ➝ Divination ➝ Terrestrial ➝ Šumma ālu'],,
150,"1879,0708.128",25,9,AKKADIAN,DIB-ma,DIB-ma,['ṣabātu I'],['CANONICAL ➝ Divination ➝ Terrestrial ➝ Šumma ālu'],,
151,"1879,0708.128",26,2,AKKADIAN,ina,ina,['ina I'],['CANONICAL ➝ Divination ➝ Terrestrial ➝ Šumma ālu'],,
152,"1879,0708.128",26,3,AKKADIAN,IGI,IGI,[],['CANONICAL ➝ Divination ➝ Terrestrial ➝ Šumma ālu'],,
153,"1879,0708.128",26,5,AKKADIAN,A₂.DAM,A₂.DAM,['nammaštû I'],['CANONICAL ➝ Divination ➝ Terrestrial ➝ Šumma ālu'],,
154,"1879,0708.128",26,6,AKKADIAN,URU,URU,['ālu I'],['CANONICAL ➝ Divination ➝ Terrestrial ➝ Šumma ālu'],,
155,"1879,0708.128",26,7,AKKADIAN,u₂-qar-ri-ba,u₂-qar-ri-ba,['qerēbu I'],['CANONICAL ➝ Divination ➝ Terrestrial ➝ Šumma ālu'],,
156,"1879,0708.128",28,1,AKKADIAN,IGI-ir,IGI-ir,['amāru I'],['CANONICAL ➝ Divination ➝ Terrestrial ➝ Šumma ālu'],,
