,fragment_id,fragment_line_num,index_in_line,word_language,value,clean_value,lemma,domain,place_discovery,place_composition
0,"1880,0719.174",2,2,AKKADIAN,en-na,en-na,[],[],,
1,"1880,0719.174",3,1,AKKADIAN,ša₂,ša₂,[],[],,
2,"1880,0719.174",3,2,AKKADIAN,bal-ṭu,bal-ṭu,[],[],,
3,"1880,0719.174",4,1,AKKADIAN,i-gu-ru,i-gu-ru,[],[],,
4,"1880,0719.174",5,2,AKKADIAN,AD-šu₂,AD-šu₂,[],[],,
5,"1880,0719.174",5,3,AKKADIAN,i-rad-di,i-rad-di,[],[],,
6,"1880,0719.174",6,1,AKKADIAN,u₂-maš-šar,u₂-maš-šar,[],[],,
7,"1880,0719.174",8,1,AKKADIAN,an-nu-u₂-ši,an-nu-u₂-ši,[],[],,
8,"1880,0719.174",11,2,AKKADIAN,ša₂,ša₂,[],[],,
9,"1880,0719.174",11,3,AKKADIAN,i-zi-iz,i-zi-iz,[],[],,
10,"1880,0719.174",12,2,AKKADIAN,iz-zi-iz,iz-zi-iz,[],[],,
11,"1880,0719.174",14,2,AKKADIAN,ba-aš₂-ši,ba-aš₂-ši,[],[],,
12,"1880,0719.174",22,2,AKKADIAN,u₂,u₂,[],[],,
13,"1880,0719.174",25,2,AKKADIAN,{d}AMAR.UTU,{d}AMAR.UTU,[],[],,
14,"1880,0719.174",26,2,AKKADIAN,E₂-šu₂,E₂-šu₂,[],[],,
15,"1880,0719.174",27,2,AKKADIAN,tal-bu-uš,tal-bu-uš,[],[],,
16,"1880,0719.174",31,1,AKKADIAN,e/a-ši-du,e/a-ši-du,[],[],,
