,fragment_id,fragment_line_num,index_in_line,word_language,value,clean_value,lemma,domain,place_discovery,place_composition
0,"1879,0708.137",2,2,AKKADIAN,i-šim-ki,i-šim-ki,['šiāmu I'],['CANONICAL'],,
1,"1879,0708.137",2,3,AKKADIAN,šim-ta,šim-ta,['šīmtu I'],['CANONICAL'],,
2,"1879,0708.137",3,1,AKKADIAN,lu-u₂,lu-u₂,['lū I'],['CANONICAL'],,
3,"1879,0708.137",3,2,AKKADIAN,da-ru-u₂,da-ru-u₂,['dārû I'],['CANONICAL'],,
4,"1879,0708.137",4,2,AKKADIAN,lu-u₂,lu-u₂,['lū I'],['CANONICAL'],,
5,"1879,0708.137",4,3,AKKADIAN,ki-na-at,ki-na-at,['kīnu I'],['CANONICAL'],,
6,"1879,0708.137",5,2,AKKADIAN,ku-ru,ku-ru,['kūru I'],['CANONICAL'],,
7,"1879,0708.137",5,3,AKKADIAN,ni-is-sa-tu₂,ni-is-sa-tu₂,['nissatu I'],['CANONICAL'],,
8,"1879,0708.137",5,4,AKKADIAN,i-dir-tu₂,i-dir-tu₂,['idirtu I'],['CANONICAL'],,
9,"1879,0708.137",6,2,AKKADIAN,ŠA₃-ka,ŠA₃-ka,['libbu I'],['CANONICAL'],,
10,"1879,0708.137",6,3,AKKADIAN,ne-ru-u₂,ne-ru-u₂,[],['CANONICAL'],,
11,"1879,0708.137",6,4,AKKADIAN,ne-bi-iʾ,ne-bi-iʾ,[],['CANONICAL'],,
12,"1879,0708.137",6,5,AKKADIAN,ka-mu-ni,ka-mu-ni,['kamūnu II'],['CANONICAL'],,
13,"1879,0708.137",7,2,AKKADIAN,HUL-tu₄,HUL-tu₄,['lemuttu I'],['CANONICAL'],,
14,"1879,0708.137",7,3,AKKADIAN,INIM.GAR,INIM.GAR,['egerrû I'],['CANONICAL'],,
15,"1879,0708.137",7,4,AKKADIAN,NU,NU,['lā I'],['CANONICAL'],,
16,"1879,0708.137",7,5,AKKADIAN,SIG₅.GA,SIG₅.GA,['damqu I'],['CANONICAL'],,
17,"1879,0708.137",7,6,AKKADIAN,ina,ina,['ina I'],['CANONICAL'],,
18,"1879,0708.137",7,7,AKKADIAN,ŠA₃-ka,ŠA₃-ka,['libbu I'],['CANONICAL'],,
19,"1879,0708.137",8,2,AKKADIAN,ina,ina,['ina I'],['CANONICAL'],,
20,"1879,0708.137",8,3,AKKADIAN,la,la,['lā I'],['CANONICAL'],,
21,"1879,0708.137",8,4,AKKADIAN,šim-ti-šu₂,šim-ti-šu₂,['šīmtu I'],['CANONICAL'],,
22,"1879,0708.137",8,5,AKKADIAN,i-mat-ma,i-mat-ma,['mâtu I'],['CANONICAL'],,
23,"1879,0708.137",9,2,AKKADIAN,i-na,i-na,['ina I'],['CANONICAL'],,
24,"1879,0708.137",9,3,AKKADIAN,qer-bi-ka,qer-bi-ka,['qerbu I'],['CANONICAL'],,
25,"1879,0708.137",10,2,AKKADIAN,su,su,[],['CANONICAL'],,
26,"1879,0708.137",10,3,AKKADIAN,la,la,['lā I'],['CANONICAL'],,
27,"1879,0708.137",10,4,AKKADIAN,tul-tam-man-šu₂,tul-tam-man-šu₂,[],['CANONICAL'],,
28,"1879,0708.137",11,2,AKKADIAN,e-ṭem-mu-ta,e-ṭem-mu-ta,['eṭemmūtu I'],['CANONICAL'],,
29,"1879,0708.137",11,3,AKKADIAN,la,la,['lā I'],['CANONICAL'],,
30,"1879,0708.137",11,4,AKKADIAN,il-lak,il-lak,['alāku I'],['CANONICAL'],,
31,"1879,0708.137",12,2,AKKADIAN,la,la,['lā I'],['CANONICAL'],,
32,"1879,0708.137",12,3,AKKADIAN,i-ma-at,i-ma-at,['mâtu I'],['CANONICAL'],,
33,"1879,0708.137",13,2,AKKADIAN,la,la,['lā I'],['CANONICAL'],,
34,"1879,0708.137",13,3,AKKADIAN,šim-ti-šu₂,šim-ti-šu₂,['šīmtu I'],['CANONICAL'],,
35,"1879,0708.137",14,1,AKKADIAN,a-na,a-na,['ana I'],['CANONICAL'],,
36,"1879,0708.137",14,2,AKKADIAN,ip-ṭi-ri-šu₂,ip-ṭi-ri-šu₂,['ipṭiru I'],['CANONICAL'],,
37,"1879,0708.137",15,2,AKKADIAN,{na₄}GUG,{na₄}GUG,['sāmtu I'],['CANONICAL'],,
38,"1879,0708.137",15,3,AKKADIAN,{na₄}ZA.GIN₃,{na₄}ZA.GIN₃,['uqnû I'],['CANONICAL'],,
39,"1879,0708.137",16,2,AKKADIAN,da-a-a-ni,da-a-a-ni,['dayyānu I'],['CANONICAL'],,
40,"1879,0708.137",18,2,AKKADIAN,ma,ma,[],['CANONICAL'],,
