,fragment_id,fragment_line_num,index_in_line,word_language,value,clean_value,lemma,domain,place_discovery,place_composition
0,"1879,0708.147",1,2,AKKADIAN,ina,ina,[],['CANONICAL ➝ Divination ➝ Terrestrial ➝ Šumma ālu'],,
1,"1879,0708.147",1,3,AKKADIAN,KU₄-šu₂,KU₄-šu₂,[],['CANONICAL ➝ Divination ➝ Terrestrial ➝ Šumma ālu'],,
2,"1879,0708.147",1,4,AKKADIAN,KUN₄,KUN₄,[],['CANONICAL ➝ Divination ➝ Terrestrial ➝ Šumma ālu'],,
3,"1879,0708.147",1,5,AKKADIAN,GIR₃-šu₂,GIR₃-šu₂,[],['CANONICAL ➝ Divination ➝ Terrestrial ➝ Šumma ālu'],,
4,"1879,0708.147",1,6,AKKADIAN,ik-kip,ik-kip,[],['CANONICAL ➝ Divination ➝ Terrestrial ➝ Šumma ālu'],,
5,"1879,0708.147",2,2,AKKADIAN,KU₄-ma,KU₄-ma,[],['CANONICAL ➝ Divination ➝ Terrestrial ➝ Šumma ālu'],,
6,"1879,0708.147",2,3,AKKADIAN,PEŠ₂,PEŠ₂,[],['CANONICAL ➝ Divination ➝ Terrestrial ➝ Šumma ālu'],,
7,"1879,0708.147",3,1,AKKADIAN,KU₄-ma,KU₄-ma,[],['CANONICAL ➝ Divination ➝ Terrestrial ➝ Šumma ālu'],,
8,"1879,0708.147",3,2,AKKADIAN,ud-dur,ud-dur,[],['CANONICAL ➝ Divination ➝ Terrestrial ➝ Šumma ālu'],,
9,"1879,0708.147",4,2,AKKADIAN,ŠAH,ŠAH,[],['CANONICAL ➝ Divination ➝ Terrestrial ➝ Šumma ālu'],,
10,"1879,0708.147",4,3,AKKADIAN,hu-ṣab,hu-ṣab,[],['CANONICAL ➝ Divination ➝ Terrestrial ➝ Šumma ālu'],,
11,"1879,0708.147",4,4,AKKADIAN,E₂,E₂,[],['CANONICAL ➝ Divination ➝ Terrestrial ➝ Šumma ālu'],,
12,"1879,0708.147",4,5,AKKADIAN,ŠUB-ma,ŠUB-ma,[],['CANONICAL ➝ Divination ➝ Terrestrial ➝ Šumma ālu'],,
13,"1879,0708.147",4,6,AKKADIAN,ma,ma,[],['CANONICAL ➝ Divination ➝ Terrestrial ➝ Šumma ālu'],,
14,"1879,0708.147",5,1,AKKADIAN,DU-šu₂,DU-šu₂,[],['CANONICAL ➝ Divination ➝ Terrestrial ➝ Šumma ālu'],,
15,"1879,0708.147",5,2,AKKADIAN,ŠAH₂,ŠAH₂,[],['CANONICAL ➝ Divination ➝ Terrestrial ➝ Šumma ālu'],,
16,"1879,0708.147",5,3,AKKADIAN,GI,GI,[],['CANONICAL ➝ Divination ➝ Terrestrial ➝ Šumma ālu'],,
17,"1879,0708.147",5,4,AKKADIAN,GIB,GIB,[],['CANONICAL ➝ Divination ➝ Terrestrial ➝ Šumma ālu'],,
18,"1879,0708.147",5,5,AKKADIAN,MIN,MIN,[],['CANONICAL ➝ Divination ➝ Terrestrial ➝ Šumma ālu'],,
19,"1879,0708.147",6,2,AKKADIAN,IGI-ma,IGI-ma,[],['CANONICAL ➝ Divination ➝ Terrestrial ➝ Šumma ālu'],,
20,"1879,0708.147",6,3,AKKADIAN,ana,ana,[],['CANONICAL ➝ Divination ➝ Terrestrial ➝ Šumma ālu'],,
21,"1879,0708.147",6,4,AKKADIAN,E₂,E₂,[],['CANONICAL ➝ Divination ➝ Terrestrial ➝ Šumma ālu'],,
22,"1879,0708.147",6,5,AKKADIAN,DINGIR,DINGIR,[],['CANONICAL ➝ Divination ➝ Terrestrial ➝ Šumma ālu'],,
23,"1879,0708.147",6,6,AKKADIAN,KU₄-ub,KU₄-ub,[],['CANONICAL ➝ Divination ➝ Terrestrial ➝ Šumma ālu'],,
24,"1879,0708.147",7,1,AKKADIAN,DU-ki,DU-ki,[],['CANONICAL ➝ Divination ➝ Terrestrial ➝ Šumma ālu'],,
25,"1879,0708.147",7,2,AKKADIAN,DU-ma,DU-ma,[],['CANONICAL ➝ Divination ➝ Terrestrial ➝ Šumma ālu'],,
26,"1879,0708.147",7,3,AKKADIAN,ZI-MIN-šu₂,ZI-MIN-šu₂,[],['CANONICAL ➝ Divination ➝ Terrestrial ➝ Šumma ālu'],,
27,"1879,0708.147",7,4,AKKADIAN,DIB.DIB,DIB.DIB,[],['CANONICAL ➝ Divination ➝ Terrestrial ➝ Šumma ālu'],,
28,"1879,0708.147",8,2,AKKADIAN,ina,ina,[],['CANONICAL ➝ Divination ➝ Terrestrial ➝ Šumma ālu'],,
29,"1879,0708.147",8,3,AKKADIAN,ID₂,ID₂,[],['CANONICAL ➝ Divination ➝ Terrestrial ➝ Šumma ālu'],,
30,"1879,0708.147",8,4,AKKADIAN,ir-muk,ir-muk,[],['CANONICAL ➝ Divination ➝ Terrestrial ➝ Šumma ālu'],,
31,"1879,0708.147",9,2,AKKADIAN,ina,ina,[],['CANONICAL ➝ Divination ➝ Terrestrial ➝ Šumma ālu'],,
32,"1879,0708.147",9,3,AKKADIAN,ID₂,ID₂,[],['CANONICAL ➝ Divination ➝ Terrestrial ➝ Šumma ālu'],,
33,"1879,0708.147",10,2,AKKADIAN,E₂,E₂,[],['CANONICAL ➝ Divination ➝ Terrestrial ➝ Šumma ālu'],,
34,"1879,0708.147",11,1,AKKADIAN,MAŠ,MAŠ,[],['CANONICAL ➝ Divination ➝ Terrestrial ➝ Šumma ālu'],,
