,fragment_id,fragment_line_num,index_in_line,word_language,value,clean_value,lemma,domain,place_discovery,place_composition
0,"1880,0719.311",1,1,AKKADIAN,ina-ṭal,ina-ṭal,['naṭālu I'],['CANONICAL ➝ Technical ➝ Ritual texts'],,
1,"1880,0719.311",2,2,AKKADIAN,u₂,u₂,[],['CANONICAL ➝ Technical ➝ Ritual texts'],,
2,"1880,0719.311",2,3,AKKADIAN,tu₂,tu₂,[],['CANONICAL ➝ Technical ➝ Ritual texts'],,
3,"1880,0719.311",4,2,AKKADIAN,KI-šu₂,KI-šu₂,['itti I'],['CANONICAL ➝ Technical ➝ Ritual texts'],,
4,"1880,0719.311",4,3,AKKADIAN,SILIM-mu,SILIM-mu,['salāmu II'],['CANONICAL ➝ Technical ➝ Ritual texts'],,
5,"1880,0719.311",5,1,AKKADIAN,ŠID-nu,ŠID-nu,['manû IV'],['CANONICAL ➝ Technical ➝ Ritual texts'],,
6,"1880,0719.311",8,2,AKKADIAN,SILIM-me,SILIM-me,[],['CANONICAL ➝ Technical ➝ Ritual texts'],,
7,"1880,0719.311",9,2,AKKADIAN,ša₂,ša₂,['ša I'],['CANONICAL ➝ Technical ➝ Ritual texts'],,
8,"1880,0719.311",9,3,AKKADIAN,ina,ina,['ina I'],['CANONICAL ➝ Technical ➝ Ritual texts'],,
9,"1880,0719.311",9,4,AKKADIAN,KUŠ,KUŠ,[],['CANONICAL ➝ Technical ➝ Ritual texts'],,
10,"1880,0719.311",11,1,AKKADIAN,i-na-aṭ-ṭal,i-na-aṭ-ṭal,['naṭālu I'],['CANONICAL ➝ Technical ➝ Ritual texts'],,
