,fragment_id,fragment_line_num,index_in_line,word_language,value,clean_value,lemma,domain,place_discovery,place_composition
0,"1879,0708.233",2,1,AKKADIAN,NU,NU,['lā I'],"['CANONICAL ➝ Literature ➝ Hymns', 'CANONICAL ➝ Magic']",,
1,"1879,0708.233",3,1,AKKADIAN,ABGAL,ABGAL,['apkallu I'],"['CANONICAL ➝ Literature ➝ Hymns', 'CANONICAL ➝ Magic']",,
2,"1879,0708.233",4,0,AKKADIAN,{d}+AG,{d}+AG,['Nabu I'],"['CANONICAL ➝ Literature ➝ Hymns', 'CANONICAL ➝ Magic']",,
3,"1879,0708.233",4,1,AKKADIAN,ABGAL,ABGAL,['apkallu I'],"['CANONICAL ➝ Literature ➝ Hymns', 'CANONICAL ➝ Magic']",,
4,"1879,0708.233",5,1,AKKADIAN,GIG,GIG,['murṣu I'],"['CANONICAL ➝ Literature ➝ Hymns', 'CANONICAL ➝ Magic']",,
5,"1879,0708.233",7,0,AKKADIAN,a-mi₃-ri,a-mi₃-ri,['amāru I'],"['CANONICAL ➝ Literature ➝ Hymns', 'CANONICAL ➝ Magic']",,
6,"1879,0708.233",8,1,AKKADIAN,{d}LAMMA,{d}LAMMA,['lamassu I'],"['CANONICAL ➝ Literature ➝ Hymns', 'CANONICAL ➝ Magic']",,
7,"1879,0708.233",8,2,AKKADIAN,qa-be₂-e,qa-be₂-e,['qabû II'],"['CANONICAL ➝ Literature ➝ Hymns', 'CANONICAL ➝ Magic']",,
