,fragment_id,fragment_line_num,index_in_line,word_language,value,clean_value,lemma,domain,place_discovery,place_composition
0,"1880,1112.2371",2,1,AKKADIAN,{d}50,{d}50,[],[],,
1,"1880,1112.2371",2,9,AKKADIAN,DINGIR-MEŠ,DINGIR-MEŠ,[],[],,
2,"1880,1112.2371",2,10,AKKADIAN,GAL-MEŠ,GAL-MEŠ,[],[],,
3,"1880,1112.2371",2,12,AKKADIAN,NUNDUN-ša₂,NUNDUN-ša₂,[],[],,
4,"1880,1112.2371",2,13,AKKADIAN,u₂-ša₂-hi-zu,u₂-ša₂-hi-zu,[],[],,
5,"1880,1112.2371",4,1,AKKADIAN,DUMU-BI,DUMU-BI,[],[],,
6,"1880,1112.2371",4,2,AKKADIAN,ša,ša,[],[],,
7,"1880,1112.2371",4,3,AKKADIAN,AN.ŠAR₂,AN.ŠAR₂,[],[],,
8,"1880,1112.2371",4,6,AKKADIAN,is,is,[],[],,
9,"1880,1112.2371",4,7,AKKADIAN,šu₂,šu₂,[],[],,
10,"1880,1112.2371",4,8,AKKADIAN,SISKUR-BI,SISKUR-BI,[],[],,
11,"1880,1112.2371",4,11,AKKADIAN,ana,ana,[],[],,
12,"1880,1112.2371",4,12,AKKADIAN,GIR₃.BAL-šu₂,GIR₃.BAL-šu₂,[],[],,
13,"1880,1112.2371",6,2,AKKADIAN,SILIM-ma,SILIM-ma,[],[],,
14,"1880,1112.2371",6,4,AKKADIAN,ana,ana,[],[],,
15,"1880,1112.2371",6,5,AKKADIAN,GIR₃.BAL-šu₂,GIR₃.BAL-šu₂,[],[],,
16,"1880,1112.2371",8,1,AKKADIAN,BI.IZ-šu₂-ma,BI.IZ-šu₂-ma,[],[],,
17,"1880,1112.2371",8,3,AKKADIAN,BAR,BAR,[],[],,
18,"1880,1112.2371",8,4,AKKADIAN,URU{ki},URU{ki},[],[],,
