,fragment_id,fragment_line_num,index_in_line,word_language,value,clean_value,lemma,domain,place_discovery,place_composition
0,"1881,0204.279",0,1,AKKADIAN,ina,ina,['ina I'],[],,
1,"1881,0204.279",0,2,AKKADIAN,ŠA₃,ŠA₃,['libbu I'],[],,
2,"1881,0204.279",0,3,AKKADIAN,GIR₂,GIR₂,['padānu I'],[],,
3,"1881,0204.279",0,4,AKKADIAN,IM,IM,['šāru I'],[],,
4,"1881,0204.279",0,6,AKKADIAN,ša₂-a-ru,ša₂-a-ru,['šāru I'],[],,
5,"1881,0204.279",1,2,AKKADIAN,GEŠTU-MIN,GEŠTU-MIN,['uznu I'],[],,
6,"1881,0204.279",1,3,AKKADIAN,ina,ina,['ina I'],[],,
7,"1881,0204.279",1,4,AKKADIAN,ŠA₃,ŠA₃,['libbu I'],[],,
8,"1881,0204.279",1,6,AKKADIAN,DU-MEŠ,DU-MEŠ,['alāku I'],[],,
9,"1881,0204.279",1,7,AKKADIAN,ša₂,ša₂,['ša I'],[],,
10,"1881,0204.279",1,8,AKKADIAN,MIN,MIN,[],[],,
11,"1881,0204.279",1,9,AKKADIAN,BAR-tu₄,BAR-tu₄,[],[],,
12,"1881,0204.279",1,10,AKKADIAN,ša₂,ša₂,['ša I'],[],,
13,"1881,0204.279",1,11,AKKADIAN,GEŠTU-MIN,GEŠTU-MIN,['uznu I'],[],,
14,"1881,0204.279",2,1,AKKADIAN,15,15,['imittu I'],[],,
15,"1881,0204.279",2,2,AKKADIAN,GIR₂,GIR₂,['padānu I'],[],,
16,"1881,0204.279",2,4,AKKADIAN,ma-ṭir₅,ma-ṭir₅,['matāru I'],[],,
17,"1881,0204.279",2,5,AKKADIAN,ERIN₂,ERIN₂,['ummānu I'],[],,
18,"1881,0204.279",2,6,AKKADIAN,NUN,NUN,['rubû I'],[],,
19,"1881,0204.279",2,8,AKKADIAN,NU,NU,['ul I'],[],,
20,"1881,0204.279",3,3,AKKADIAN,GIR₂,GIR₂,['padānu I'],[],,
21,"1881,0204.279",3,4,AKKADIAN,150,150,['šumēlu I'],[],,
22,"1881,0204.279",3,5,AKKADIAN,MURUB₄,MURUB₄,['qablu I'],[],,
23,"1881,0204.279",3,6,AKKADIAN,15,15,['imittu I'],[],,
24,"1881,0204.279",3,7,AKKADIAN,GIR₂,GIR₂,['padānu I'],[],,
25,"1881,0204.279",3,8,AKKADIAN,BABBAR,BABBAR,['peṣû I'],[],,
26,"1881,0204.279",4,1,AKKADIAN,GIR₂,GIR₂,['padānu I'],[],,
27,"1881,0204.279",4,3,AKKADIAN,DUMU,DUMU,['māru I'],[],,
28,"1881,0204.279",4,4,AKKADIAN,GABA,GABA,['irtu I'],[],,
29,"1881,0204.279",4,5,AKKADIAN,ina,ina,['ina I'],[],,
30,"1881,0204.279",4,6,AKKADIAN,SILA,SILA,['sūqu I'],[],,
31,"1881,0204.279",5,1,AKKADIAN,MAN-u₂,MAN-u₂,['šanû I'],[],,
32,"1881,0204.279",6,3,AKKADIAN,na-par₂-qud,na-par₂-qud,['naparqudu I'],[],,
33,"1881,0204.279",6,4,AKKADIAN,ni-ip-hat,ni-ip-hat,['niphu I'],[],,
34,"1881,0204.279",7,2,AKKADIAN,SAL.LA,SAL.LA,['ruqqu II'],[],,
35,"1881,0204.279",7,3,AKKADIAN,DU₈,DU₈,[],[],,
36,"1881,0204.279",7,4,AKKADIAN,IM,IM,[],[],,
37,"1881,0204.279",7,5,AKKADIAN,KUR-ud,KUR-ud,['kašādu I'],[],,
38,"1881,0204.279",7,6,AKKADIAN,ṭar-du,ṭar-du,['ṭardu I'],[],,
39,"1881,0204.279",7,7,AKKADIAN,ana,ana,['ana I'],[],,
40,"1881,0204.279",7,8,AKKADIAN,E₂,E₂,['bītu I'],[],,
41,"1881,0204.279",9,1,AKKADIAN,gam-li₃,gam-li₃,['gamlu I'],[],,
42,"1881,0204.279",10,2,AKKADIAN,KUR₂,KUR₂,['nakru I'],[],,
43,"1881,0204.279",10,3,AKKADIAN,NU,NU,[],[],,
44,"1881,0204.279",11,2,AKKADIAN,KUR₂,KUR₂,['nakru I'],[],,
45,"1881,0204.279",11,3,AKKADIAN,ina,ina,['ina I'],[],,
46,"1881,0204.279",11,4,AKKADIAN,u₂,u₂,[],[],,
47,"1881,0204.279",11,5,AKKADIAN,mu,mu,[],[],,
48,"1881,0204.279",11,6,AKKADIAN,bu,bu,[],[],,
49,"1881,0204.279",12,1,AKKADIAN,GIR₂,GIR₂,['padānu I'],[],,
50,"1881,0204.279",12,2,AKKADIAN,2-ma,2-ma,[],[],,
51,"1881,0204.279",12,3,AKKADIAN,GIM,GIM,['kīma I'],[],,
52,"1881,0204.279",12,4,AKKADIAN,BAR-tu₄,BAR-tu₄,[],[],,
53,"1881,0204.279",12,6,AKKADIAN,GAL,GAL,['rabû I'],[],,
54,"1881,0204.279",12,7,AKKADIAN,{giš}GAG,{giš}GAG,['sikkatu I'],[],,
55,"1881,0204.279",13,2,AKKADIAN,TUKU-ši,TUKU-ši,['rašû I'],[],,
56,"1881,0204.279",13,3,AKKADIAN,sah-maš-tu₄,sah-maš-tu₄,['sahmaštu I'],[],,
57,"1881,0204.279",16,2,AKKADIAN,KUR,KUR,[],[],,
58,"1881,0204.279",16,3,AKKADIAN,KUR₂,KUR₂,['nakru I'],[],,
