,fragment_id,fragment_line_num,index_in_line,word_language,value,clean_value,lemma,domain,place_discovery,place_composition
0,"1881,0204.314",0,1,AKKADIAN,ZI-bu,ZI-bu,[],['CANONICAL ➝ Divination ➝ Terrestrial ➝ Šumma ālu'],,
1,"1881,0204.314",2,2,AKKADIAN,IGI,IGI,['amāru I'],['CANONICAL ➝ Divination ➝ Terrestrial ➝ Šumma ālu'],,
2,"1881,0204.314",2,3,AKKADIAN,E₂,E₂,['bītu I'],['CANONICAL ➝ Divination ➝ Terrestrial ➝ Šumma ālu'],,
3,"1881,0204.314",2,4,AKKADIAN,BI,BI,['šū I'],['CANONICAL ➝ Divination ➝ Terrestrial ➝ Šumma ālu'],,
4,"1881,0204.314",3,1,AKKADIAN,E₂,E₂,['bītu I'],['CANONICAL ➝ Divination ➝ Terrestrial ➝ Šumma ālu'],,
5,"1881,0204.314",3,2,AKKADIAN,,,['awīlu I'],['CANONICAL ➝ Divination ➝ Terrestrial ➝ Šumma ālu'],,
6,"1881,0204.314",3,3,AKKADIAN,IGI,IGI,['amāru I'],['CANONICAL ➝ Divination ➝ Terrestrial ➝ Šumma ālu'],,
7,"1881,0204.314",3,4,AKKADIAN,ŠUB,ŠUB,['maqātu I'],['CANONICAL ➝ Divination ➝ Terrestrial ➝ Šumma ālu'],,
8,"1881,0204.314",3,5,AKKADIAN,EN,EN,['bēlu I'],['CANONICAL ➝ Divination ➝ Terrestrial ➝ Šumma ālu'],,
9,"1881,0204.314",4,2,AKKADIAN,IGI,IGI,[],['CANONICAL ➝ Divination ➝ Terrestrial ➝ Šumma ālu'],,
10,"1881,0204.314",4,3,AKKADIAN,ina,ina,[],['CANONICAL ➝ Divination ➝ Terrestrial ➝ Šumma ālu'],,
11,"1881,0204.314",5,2,AKKADIAN,E₂,E₂,['bītu I'],['CANONICAL ➝ Divination ➝ Terrestrial ➝ Šumma ālu'],,
12,"1881,0204.314",5,3,AKKADIAN,,,['awīlu I'],['CANONICAL ➝ Divination ➝ Terrestrial ➝ Šumma ālu'],,
13,"1881,0204.314",5,4,AKKADIAN,E₃-MEŠ-ni,E₃-MEŠ-ni,['aṣû I'],['CANONICAL ➝ Divination ➝ Terrestrial ➝ Šumma ālu'],,
14,"1881,0204.314",5,5,AKKADIAN,E₂,E₂,['bītu I'],['CANONICAL ➝ Divination ➝ Terrestrial ➝ Šumma ālu'],,
15,"1881,0204.314",5,6,AKKADIAN,BI,BI,['šū I'],['CANONICAL ➝ Divination ➝ Terrestrial ➝ Šumma ālu'],,
