,fragment_id,fragment_line_num,index_in_line,word_language,value,clean_value,lemma,domain,place_discovery,place_composition
0,"1881,0204.278",2,3,EMESAL,gašan,gašan,[],['CANONICAL ➝ Literature ➝ Lamentations'],,
1,"1881,0204.278",8,3,EMESAL,ad-gi₄-gi₄,ad-gi₄-gi₄,[],['CANONICAL ➝ Literature ➝ Lamentations'],,
2,"1881,0204.278",11,3,EMESAL,kur!-ra,kur-ra,[],['CANONICAL ➝ Literature ➝ Lamentations'],,
3,"1881,0204.278",12,3,AKKADIAN,ša₂,ša₂,['ša I'],['CANONICAL ➝ Literature ➝ Lamentations'],,
4,"1881,0204.278",12,4,AKKADIAN,ina,ina,['ina I'],['CANONICAL ➝ Literature ➝ Lamentations'],,
5,"1881,0204.278",12,5,AKKADIAN,ša₂-di-i,ša₂-di-i,['šadû I'],['CANONICAL ➝ Literature ➝ Lamentations'],,
6,"1881,0204.278",13,4,EMESAL,ri-a-ba,ri-a-ba,[],['CANONICAL ➝ Literature ➝ Lamentations'],,
7,"1881,0204.278",14,4,AKKADIAN,ina,ina,['ina I'],['CANONICAL ➝ Literature ➝ Lamentations'],,
8,"1881,0204.278",14,5,AKKADIAN,ša₂-di-i,ša₂-di-i,['šadû I'],['CANONICAL ➝ Literature ➝ Lamentations'],,
9,"1881,0204.278",14,6,AKKADIAN,i-zi-qa,i-zi-qa,['ziāqu I'],['CANONICAL ➝ Literature ➝ Lamentations'],,
10,"1881,0204.278",16,3,AKKADIAN,ina,ina,['ina I'],['CANONICAL ➝ Literature ➝ Lamentations'],,
11,"1881,0204.278",16,4,AKKADIAN,za-na-ni-šu₂,za-na-ni-šu₂,['zanānu I'],['CANONICAL ➝ Literature ➝ Lamentations'],,
12,"1881,0204.278",17,3,EMESAL,ri-a-ba,ri-a-ba,[],['CANONICAL ➝ Literature ➝ Lamentations'],,
13,"1881,0204.278",18,2,AKKADIAN,ina,ina,['ina I'],['CANONICAL ➝ Literature ➝ Lamentations'],,
