,fragment_id,fragment_line_num,index_in_line,word_language,value,clean_value,lemma,domain,place_discovery,place_composition
0,"1881,0204.303",0,2,EMESAL,u₃-na-nam,u₃-na-nam,[],['CANONICAL ➝ Literature ➝ Lamentations'],,
1,"1881,0204.303",1,2,EMESAL,e-ne-eg₃-ga₂-ni,e-ne-eg₃-ga₂-ni,[],['CANONICAL ➝ Literature ➝ Lamentations'],,
2,"1881,0204.303",2,3,EMESAL,gal-e,gal-e,[],['CANONICAL ➝ Literature ➝ Lamentations'],,
3,"1881,0204.303",3,3,EMESAL,{d}mu-ul-lil₂-la₂,{d}mu-ul-lil₂-la₂,[],['CANONICAL ➝ Literature ➝ Lamentations'],,
4,"1881,0204.303",5,2,EMESAL,dumu,dumu,[],['CANONICAL ➝ Literature ➝ Lamentations'],,
5,"1881,0204.303",5,3,EMESAL,nun-na,nun-na,[],['CANONICAL ➝ Literature ➝ Lamentations'],,
6,"1881,0204.303",6,1,EMESAL,ibila,ibila,[],['CANONICAL ➝ Literature ➝ Lamentations'],,
7,"1881,0204.303",6,2,EMESAL,e₂-sag-il₂-la,e₂-sag-il₂-la,[],['CANONICAL ➝ Literature ➝ Lamentations'],,
8,"1881,0204.303",7,2,EMESAL,me₃-e,me₃-e,[],['CANONICAL ➝ Literature ➝ Lamentations'],,
9,"1881,0204.303",8,2,EMESAL,šen-šen-na,šen-šen-na,[],['CANONICAL ➝ Literature ➝ Lamentations'],,
