,fragment_id,fragment_line_num,index_in_line,word_language,value,clean_value,lemma,domain,place_discovery,place_composition
0,"1880,0719.148",2,1,AKKADIAN,a-a,a-a,[],['CANONICAL ➝ Magic ➝ Purification ➝ Mīs pî'],,
1,"1880,0719.148",3,1,AKKADIAN,lu,lu,[],['CANONICAL ➝ Magic ➝ Purification ➝ Mīs pî'],,
2,"1880,0719.148",3,2,AKKADIAN,ša₂,ša₂,[],['CANONICAL ➝ Magic ➝ Purification ➝ Mīs pî'],,
3,"1880,0719.148",3,3,AKKADIAN,te-re-ti,te-re-ti,[],['CANONICAL ➝ Magic ➝ Purification ➝ Mīs pî'],,
4,"1880,0719.148",4,2,SUMERIAN,ša₃-bi,ša₃-bi,[],['CANONICAL ➝ Magic ➝ Purification ➝ Mīs pî'],,
5,"1880,0719.148",4,3,SUMERIAN,zal-zal-e-a,zal-zal-e-a,[],['CANONICAL ➝ Magic ➝ Purification ➝ Mīs pî'],,
6,"1880,0719.148",5,1,AKKADIAN,ina,ina,[],['CANONICAL ➝ Magic ➝ Purification ➝ Mīs pî'],,
7,"1880,0719.148",5,2,AKKADIAN,lib₃-bi-šu₂,lib₃-bi-šu₂,[],['CANONICAL ➝ Magic ➝ Purification ➝ Mīs pî'],,
8,"1880,0719.148",5,3,AKKADIAN,šu-tab-ri,šu-tab-ri,[],['CANONICAL ➝ Magic ➝ Purification ➝ Mīs pî'],,
9,"1880,0719.148",6,3,SUMERIAN,nun,nun,[],['CANONICAL ➝ Magic ➝ Purification ➝ Mīs pî'],,
10,"1880,0719.148",6,4,SUMERIAN,de₂,de₂,[],['CANONICAL ➝ Magic ➝ Purification ➝ Mīs pî'],,
11,"1880,0719.148",6,5,SUMERIAN,he₂-a,he₂-a,[],['CANONICAL ➝ Magic ➝ Purification ➝ Mīs pî'],,
12,"1880,0719.148",7,2,AKKADIAN,bu-ru,bu-ru,[],['CANONICAL ➝ Magic ➝ Purification ➝ Mīs pî'],,
13,"1880,0719.148",7,3,AKKADIAN,lih-tab-ba-ab-bu,lih-tab-ba-ab-bu,[],['CANONICAL ➝ Magic ➝ Purification ➝ Mīs pî'],,
14,"1880,0719.148",8,2,SUMERIAN,u₃-tu-ud-da,u₃-tu-ud-da,[],['CANONICAL ➝ Magic ➝ Purification ➝ Mīs pî'],,
15,"1880,0719.148",8,3,SUMERIAN,he₂-me-en,he₂-me-en,[],['CANONICAL ➝ Magic ➝ Purification ➝ Mīs pî'],,
16,"1880,0719.148",9,1,AKKADIAN,nam-ru-ti,nam-ru-ti,[],['CANONICAL ➝ Magic ➝ Purification ➝ Mīs pî'],,
17,"1880,0719.148",9,2,AKKADIAN,ul-la-da-šu₂,ul-la-da-šu₂,[],['CANONICAL ➝ Magic ➝ Purification ➝ Mīs pî'],,
18,"1880,0719.148",9,3,AKKADIAN,at-tu₂,at-tu₂,[],['CANONICAL ➝ Magic ➝ Purification ➝ Mīs pî'],,
19,"1880,0719.148",10,2,SUMERIAN,u₃-tu-ud-da,u₃-tu-ud-da,[],['CANONICAL ➝ Magic ➝ Purification ➝ Mīs pî'],,
20,"1880,0719.148",10,3,SUMERIAN,he₂-me-en,he₂-me-en,[],['CANONICAL ➝ Magic ➝ Purification ➝ Mīs pî'],,
21,"1880,0719.148",11,2,AKKADIAN,la,la,[],['CANONICAL ➝ Magic ➝ Purification ➝ Mīs pî'],,
22,"1880,0719.148",11,3,AKKADIAN,li-ʾ-i,li-ʾ-i,[],['CANONICAL ➝ Magic ➝ Purification ➝ Mīs pî'],,
23,"1880,0719.148",11,4,AKKADIAN,ar₂-qu-ti,ar₂-qu-ti,[],['CANONICAL ➝ Magic ➝ Purification ➝ Mīs pî'],,
24,"1880,0719.148",11,5,AKKADIAN,MIN,MIN,[],['CANONICAL ➝ Magic ➝ Purification ➝ Mīs pî'],,
25,"1880,0719.148",12,3,SUMERIAN,šu,šu,[],['CANONICAL ➝ Magic ➝ Purification ➝ Mīs pî'],,
26,"1880,0719.148",12,4,SUMERIAN,peš-peš-da,peš-peš-da,[],['CANONICAL ➝ Magic ➝ Purification ➝ Mīs pî'],,
27,"1880,0719.148",12,5,SUMERIAN,he₂-me-en,he₂-me-en,[],['CANONICAL ➝ Magic ➝ Purification ➝ Mīs pî'],,
28,"1880,0719.148",13,1,AKKADIAN,kara₂-nam,kara₂-nam,[],['CANONICAL ➝ Magic ➝ Purification ➝ Mīs pî'],,
29,"1880,0719.148",13,2,AKKADIAN,šum-du-lu-šu₂,šum-du-lu-šu₂,[],['CANONICAL ➝ Magic ➝ Purification ➝ Mīs pî'],,
30,"1880,0719.148",13,3,AKKADIAN,at-tu₂,at-tu₂,[],['CANONICAL ➝ Magic ➝ Purification ➝ Mīs pî'],,
31,"1880,0719.148",14,3,SUMERIAN,gun,gun,[],['CANONICAL ➝ Magic ➝ Purification ➝ Mīs pî'],,
32,"1880,0719.148",14,4,SUMERIAN,he₂-en-na-an-gur₃-ru,he₂-en-na-an-gur₃-ru,[],['CANONICAL ➝ Magic ➝ Purification ➝ Mīs pî'],,
33,"1880,0719.148",15,2,AKKADIAN,bil-tu₂,bil-tu₂,[],['CANONICAL ➝ Magic ➝ Purification ➝ Mīs pî'],,
34,"1880,0719.148",15,3,AKKADIAN,liš-ši-ku,liš-ši-ku,[],['CANONICAL ➝ Magic ➝ Purification ➝ Mīs pî'],,
35,"1880,0719.148",16,3,SUMERIAN,gun,gun,[],['CANONICAL ➝ Magic ➝ Purification ➝ Mīs pî'],,
36,"1880,0719.148",16,4,SUMERIAN,he₂-en-na-an-gur₃-ru,he₂-en-na-an-gur₃-ru,[],['CANONICAL ➝ Magic ➝ Purification ➝ Mīs pî'],,
37,"1880,0719.148",17,1,AKKADIAN,na-aš₂,na-aš₂,[],['CANONICAL ➝ Magic ➝ Purification ➝ Mīs pî'],,
38,"1880,0719.148",17,2,AKKADIAN,bil-ti,bil-ti,[],['CANONICAL ➝ Magic ➝ Purification ➝ Mīs pî'],,
39,"1880,0719.148",17,3,AKKADIAN,MIN,MIN,[],['CANONICAL ➝ Magic ➝ Purification ➝ Mīs pî'],,
40,"1880,0719.148",18,3,SUMERIAN,gur₃-ru,gur₃-ru,[],['CANONICAL ➝ Magic ➝ Purification ➝ Mīs pî'],,
41,"1880,0719.148",18,4,SUMERIAN,gun,gun,[],['CANONICAL ➝ Magic ➝ Purification ➝ Mīs pî'],,
42,"1880,0719.148",18,5,SUMERIAN,he₂-en-na-an-gur₃-ru,he₂-en-na-an-gur₃-ru,[],['CANONICAL ➝ Magic ➝ Purification ➝ Mīs pî'],,
43,"1880,0719.148",19,1,AKKADIAN,MIN,MIN,[],['CANONICAL ➝ Magic ➝ Purification ➝ Mīs pî'],,
44,"1880,0719.148",19,2,AKKADIAN,MIN,MIN,[],['CANONICAL ➝ Magic ➝ Purification ➝ Mīs pî'],,
45,"1880,0719.148",20,3,SUMERIAN,gun,gun,[],['CANONICAL ➝ Magic ➝ Purification ➝ Mīs pî'],,
46,"1880,0719.148",21,2,AKKADIAN,na-aš,na-aš,[],['CANONICAL ➝ Magic ➝ Purification ➝ Mīs pî'],,
47,"1880,0719.148",21,3,AKKADIAN,MIN,MIN,[],['CANONICAL ➝ Magic ➝ Purification ➝ Mīs pî'],,
48,"1880,0719.148",22,3,SUMERIAN,gun,gun,[],['CANONICAL ➝ Magic ➝ Purification ➝ Mīs pî'],,
49,"1880,0719.148",23,1,AKKADIAN,hi-ṣib-ša₂,hi-ṣib-ša₂,[],['CANONICAL ➝ Magic ➝ Purification ➝ Mīs pî'],,
50,"1880,0719.148",23,2,AKKADIAN,MIN,MIN,[],['CANONICAL ➝ Magic ➝ Purification ➝ Mīs pî'],,
51,"1880,0719.148",24,2,SUMERIAN,{d}nin-tu,{d}nin-tu,[],['CANONICAL ➝ Magic ➝ Purification ➝ Mīs pî'],,
52,"1880,0719.148",28,2,SUMERIAN,dumu,dumu,[],['CANONICAL ➝ Magic ➝ Purification ➝ Mīs pî'],,
53,"1880,0719.148",28,3,SUMERIAN,eridu{ki}-ga-ke₂,eridu{ki}-ga-ke₂,[],['CANONICAL ➝ Magic ➝ Purification ➝ Mīs pî'],,
54,"1880,0719.148",29,1,AKKADIAN,DUMU,DUMU,[],['CANONICAL ➝ Magic ➝ Purification ➝ Mīs pî'],,
55,"1880,0719.148",29,2,AKKADIAN,eri-du₁₀{ki},eri-du₁₀{ki},[],['CANONICAL ➝ Magic ➝ Purification ➝ Mīs pî'],,
56,"1880,0719.148",30,3,SUMERIAN,mu-un-dadag,mu-un-dadag,[],['CANONICAL ➝ Magic ➝ Purification ➝ Mīs pî'],,
57,"1880,0719.148",31,2,AKKADIAN,li-bi-il,li-bi-il,[],['CANONICAL ➝ Magic ➝ Purification ➝ Mīs pî'],,
58,"1880,0719.148",32,2,SUMERIAN,he₂-en-ku₃-ga,he₂-en-ku₃-ga,[],['CANONICAL ➝ Magic ➝ Purification ➝ Mīs pî'],,
59,"1880,0719.148",32,4,SUMERIAN,he₂-en-sikil-la,he₂-en-sikil-la,[],['CANONICAL ➝ Magic ➝ Purification ➝ Mīs pî'],,
60,"1880,0719.148",33,2,SUMERIAN,eme,eme,[],['CANONICAL ➝ Magic ➝ Purification ➝ Mīs pî'],,
61,"1880,0719.148",33,3,SUMERIAN,hul,hul,[],['CANONICAL ➝ Magic ➝ Purification ➝ Mīs pî'],,
62,"1880,0719.148",33,4,SUMERIAN,gal₂,gal₂,[],['CANONICAL ➝ Magic ➝ Purification ➝ Mīs pî'],,
63,"1880,0719.148",33,5,SUMERIAN,bar-še₃,bar-še₃,[],['CANONICAL ➝ Magic ➝ Purification ➝ Mīs pî'],,
64,"1880,0719.148",33,6,SUMERIAN,he₂-em-ta-gub,he₂-em-ta-gub,[],['CANONICAL ➝ Magic ➝ Purification ➝ Mīs pî'],,
65,"1880,0719.148",35,2,SUMERIAN,gir₃,gir₃,[],['CANONICAL ➝ Magic ➝ Purification ➝ Mīs pî'],,
66,"1880,0719.148",35,3,SUMERIAN,dib-ba-a-kam₂,dib-ba-a-kam₂,[],['CANONICAL ➝ Magic ➝ Purification ➝ Mīs pî'],,
67,"1880,0719.148",37,2,SUMERIAN,lugal-gu₁₀,lugal-gu₁₀,[],['CANONICAL ➝ Magic ➝ Purification ➝ Mīs pî'],,
68,"1880,0719.148",37,4,SUMERIAN,e₂-a,e₂-a,[],['CANONICAL ➝ Magic ➝ Purification ➝ Mīs pî'],,
69,"1880,0719.148",37,5,SUMERIAN,mu-ra-an-ni,mu-ra-an-ni,[],['CANONICAL ➝ Magic ➝ Purification ➝ Mīs pî'],,
70,"1880,0719.148",38,1,AKKADIAN,ana,ana,[],['CANONICAL ➝ Magic ➝ Purification ➝ Mīs pî'],,
71,"1880,0719.148",38,2,AKKADIAN,ṭu₂-ub,ṭu₂-ub,[],['CANONICAL ➝ Magic ➝ Purification ➝ Mīs pî'],,
72,"1880,0719.148",38,4,AKKADIAN,E₂,E₂,[],['CANONICAL ➝ Magic ➝ Purification ➝ Mīs pî'],,
73,"1880,0719.148",38,5,AKKADIAN,e-pu-uš-ka,e-pu-uš-ka,[],['CANONICAL ➝ Magic ➝ Purification ➝ Mīs pî'],,
74,"1880,0719.148",39,3,SUMERIAN,an,an,[],['CANONICAL ➝ Magic ➝ Purification ➝ Mīs pî'],,
75,"1880,0719.148",39,4,SUMERIAN,ri,ri,[],['CANONICAL ➝ Magic ➝ Purification ➝ Mīs pî'],,
76,"1880,0719.148",39,7,AKKADIAN,ana,ana,[],['CANONICAL ➝ Magic ➝ Purification ➝ Mīs pî'],,
77,"1880,0719.148",39,8,AKKADIAN,hu-ud,hu-ud,[],['CANONICAL ➝ Magic ➝ Purification ➝ Mīs pî'],,
78,"1880,0719.148",39,9,AKKADIAN,lib₃-bi-ka,lib₃-bi-ka,[],['CANONICAL ➝ Magic ➝ Purification ➝ Mīs pî'],,
79,"1880,0719.148",39,10,AKKADIAN,pa-rak-ku,pa-rak-ku,[],['CANONICAL ➝ Magic ➝ Purification ➝ Mīs pî'],,
80,"1880,0719.148",39,12,AKKADIAN,ka,ka,[],['CANONICAL ➝ Magic ➝ Purification ➝ Mīs pî'],,
81,"1880,0719.148",40,2,SUMERIAN,he₂-en-hun-ga₂,he₂-en-hun-ga₂,[],['CANONICAL ➝ Magic ➝ Purification ➝ Mīs pî'],,
82,"1880,0719.148",40,3,SUMERIAN,bar-zu,bar-zu,[],['CANONICAL ➝ Magic ➝ Purification ➝ Mīs pî'],,
83,"1880,0719.148",40,5,SUMERIAN,nam-du₁₀,nam-du₁₀,[],['CANONICAL ➝ Magic ➝ Purification ➝ Mīs pî'],,
84,"1880,0719.148",40,6,SUMERIAN,ha-ra-an-tar-re,ha-ra-an-tar-re,[],['CANONICAL ➝ Magic ➝ Purification ➝ Mīs pî'],,
85,"1880,0719.148",41,1,AKKADIAN,li-nu-uh,li-nu-uh,[],['CANONICAL ➝ Magic ➝ Purification ➝ Mīs pî'],,
86,"1880,0719.148",41,3,AKKADIAN,lip-šah,lip-šah,[],['CANONICAL ➝ Magic ➝ Purification ➝ Mīs pî'],,
87,"1880,0719.148",41,4,AKKADIAN,šim-tu₄,šim-tu₄,[],['CANONICAL ➝ Magic ➝ Purification ➝ Mīs pî'],,
88,"1880,0719.148",41,5,AKKADIAN,ṭa-ab-tu₄,ṭa-ab-tu₄,[],['CANONICAL ➝ Magic ➝ Purification ➝ Mīs pî'],,
89,"1880,0719.148",41,6,AKKADIAN,lu-ši-mu-ka,lu-ši-mu-ka,[],['CANONICAL ➝ Magic ➝ Purification ➝ Mīs pî'],,
90,"1880,0719.148",42,3,SUMERIAN,ni,ni,[],['CANONICAL ➝ Magic ➝ Purification ➝ Mīs pî'],,
91,"1880,0719.148",42,6,AKKADIAN,ina,ina,[],['CANONICAL ➝ Magic ➝ Purification ➝ Mīs pî'],,
92,"1880,0719.148",42,7,AKKADIAN,E₂,E₂,[],['CANONICAL ➝ Magic ➝ Purification ➝ Mīs pî'],,
93,"1880,0719.148",42,8,AKKADIAN,hu-ud,hu-ud,[],['CANONICAL ➝ Magic ➝ Purification ➝ Mīs pî'],,
94,"1880,0719.148",42,9,AKKADIAN,lib₃-bi,lib₃-bi,[],['CANONICAL ➝ Magic ➝ Purification ➝ Mīs pî'],,
95,"1880,0719.148",42,10,AKKADIAN,u₄-mi-šam-ma,u₄-mi-šam-ma,[],['CANONICAL ➝ Magic ➝ Purification ➝ Mīs pî'],,
96,"1880,0719.148",42,11,AKKADIAN,šu-tab-ri,šu-tab-ri,[],['CANONICAL ➝ Magic ➝ Purification ➝ Mīs pî'],,
97,"1880,0719.148",43,1,AKKADIAN,{d}a-nu,{d}a-nu,[],['CANONICAL ➝ Magic ➝ Purification ➝ Mīs pî'],,
98,"1880,0719.148",43,2,AKKADIAN,ku-ru-um-ma-tu₂,ku-ru-um-ma-tu₂,[],['CANONICAL ➝ Magic ➝ Purification ➝ Mīs pî'],,
99,"1880,0719.148",43,3,AKKADIAN,lid-din-ka,lid-din-ka,[],['CANONICAL ➝ Magic ➝ Purification ➝ Mīs pî'],,
100,"1880,0719.148",44,2,SUMERIAN,zi₃-eša,zi₃-eša,[],['CANONICAL ➝ Magic ➝ Purification ➝ Mīs pî'],,
101,"1880,0719.148",44,3,SUMERIAN,sag-giš,sag-giš,[],['CANONICAL ➝ Magic ➝ Purification ➝ Mīs pî'],,
102,"1880,0719.148",44,4,SUMERIAN,hu-mu-ra-ab-rig₇-ga,hu-mu-ra-ab-rig₇-ga,[],['CANONICAL ➝ Magic ➝ Purification ➝ Mīs pî'],,
103,"1880,0719.148",45,2,AKKADIAN,pa,pa,[],['CANONICAL ➝ Magic ➝ Purification ➝ Mīs pî'],,
104,"1880,0719.148",45,3,AKKADIAN,ta-as-ka-a,ta-as-ka-a,[],['CANONICAL ➝ Magic ➝ Purification ➝ Mīs pî'],,
105,"1880,0719.148",45,4,AKKADIAN,ana,ana,[],['CANONICAL ➝ Magic ➝ Purification ➝ Mīs pî'],,
106,"1880,0719.148",45,5,AKKADIAN,ši-rik-ti,ši-rik-ti,[],['CANONICAL ➝ Magic ➝ Purification ➝ Mīs pî'],,
107,"1880,0719.148",45,6,AKKADIAN,liš-ruk-ka,liš-ruk-ka,[],['CANONICAL ➝ Magic ➝ Purification ➝ Mīs pî'],,
108,"1880,0719.148",46,2,SUMERIAN,ga,ga,[],['CANONICAL ➝ Magic ➝ Purification ➝ Mīs pî'],,
109,"1880,0719.148",46,5,AKKADIAN,ra-bi-iṣ,ra-bi-iṣ,[],['CANONICAL ➝ Magic ➝ Purification ➝ Mīs pî'],,
110,"1880,0719.148",46,6,AKKADIAN,da-me-eq-ti,da-me-eq-ti,[],['CANONICAL ➝ Magic ➝ Purification ➝ Mīs pî'],,
111,"1880,0719.148",46,7,AKKADIAN,ma-har-ka,ma-har-ka,[],['CANONICAL ➝ Magic ➝ Purification ➝ Mīs pî'],,
112,"1880,0719.148",46,8,AKKADIAN,lu,lu,[],['CANONICAL ➝ Magic ➝ Purification ➝ Mīs pî'],,
113,"1880,0719.148",46,9,AKKADIAN,ka-a-a-an,ka-a-a-an,[],['CANONICAL ➝ Magic ➝ Purification ➝ Mīs pî'],,
114,"1880,0719.148",47,2,SUMERIAN,a-ra-zu-bi,a-ra-zu-bi,[],['CANONICAL ➝ Magic ➝ Purification ➝ Mīs pî'],,
115,"1880,0719.148",47,3,SUMERIAN,giš-tuku-ma-ba,giš-tuku-ma-ba,[],['CANONICAL ➝ Magic ➝ Purification ➝ Mīs pî'],,
116,"1880,0719.148",48,2,AKKADIAN,ši-mi,ši-mi,[],['CANONICAL ➝ Magic ➝ Purification ➝ Mīs pî'],,
117,"1880,0719.148",50,3,SUMERIAN,ku₄-ku₄-da-kam₂,ku₄-ku₄-da-kam₂,[],['CANONICAL ➝ Magic ➝ Purification ➝ Mīs pî'],,
