,fragment_id,fragment_line_num,index_in_line,word_language,value,clean_value,lemma,domain,place_discovery,place_composition
0,"1880,0719.126",1,1,SUMERIAN,{d}nin-i₃-si-in-na,{d}nin-i₃-si-in-na,[],"['CANONICAL', 'CANONICAL ➝ Literature ➝ Hymns']",,
1,"1880,0719.126",1,3,SUMERIAN,sag,sag,[],"['CANONICAL', 'CANONICAL ➝ Literature ➝ Hymns']",,
2,"1880,0719.126",2,1,AKKADIAN,a-na,a-na,['ana I'],"['CANONICAL', 'CANONICAL ➝ Literature ➝ Hymns']",,
3,"1880,0719.126",2,2,AKKADIAN,{d}gu-la,{d}gu-la,['Gula I'],"['CANONICAL', 'CANONICAL ➝ Literature ➝ Hymns']",,
4,"1880,0719.126",2,4,AKKADIAN,reš-ti-tu₄,reš-ti-tu₄,['rēštû I'],"['CANONICAL', 'CANONICAL ➝ Literature ➝ Hymns']",,
5,"1880,0719.126",2,5,AKKADIAN,ša,ša,[],"['CANONICAL', 'CANONICAL ➝ Literature ➝ Hymns']",,
6,"1880,0719.126",3,1,SUMERIAN,egi₂,egi₂,[],"['CANONICAL', 'CANONICAL ➝ Literature ➝ Hymns']",,
7,"1880,0719.126",3,2,SUMERIAN,mah,mah,[],"['CANONICAL', 'CANONICAL ➝ Literature ➝ Hymns']",,
8,"1880,0719.126",3,3,SUMERIAN,a₂,a₂,[],"['CANONICAL', 'CANONICAL ➝ Literature ➝ Hymns']",,
9,"1880,0719.126",3,4,SUMERIAN,ag₂-ga₂-ni,ag₂-ga₂-ni,[],"['CANONICAL', 'CANONICAL ➝ Literature ➝ Hymns']",,
10,"1880,0719.126",4,1,AKKADIAN,ru-ba-tu₄,ru-ba-tu₄,['rubātu I'],"['CANONICAL', 'CANONICAL ➝ Literature ➝ Hymns']",,
11,"1880,0719.126",4,2,AKKADIAN,ṣir-tu₄,ṣir-tu₄,['ṣīru I'],"['CANONICAL', 'CANONICAL ➝ Literature ➝ Hymns']",,
12,"1880,0719.126",4,3,AKKADIAN,ša,ša,['ša I'],"['CANONICAL', 'CANONICAL ➝ Literature ➝ Hymns']",,
13,"1880,0719.126",5,1,SUMERIAN,e₂-gi₄-a,e₂-gi₄-a,[],"['CANONICAL', 'CANONICAL ➝ Literature ➝ Hymns']",,
14,"1880,0719.126",5,2,SUMERIAN,en,en,[],"['CANONICAL', 'CANONICAL ➝ Literature ➝ Hymns']",,
15,"1880,0719.126",5,3,SUMERIAN,{d}nun-nam-nir-ra,{d}nun-nam-nir-ra,[],"['CANONICAL', 'CANONICAL ➝ Literature ➝ Hymns']",,
16,"1880,0719.126",6,1,AKKADIAN,kal-lat,kal-lat,['kallātu I'],"['CANONICAL', 'CANONICAL ➝ Literature ➝ Hymns']",,
17,"1880,0719.126",6,2,AKKADIAN,be-li₂,be-li₂,['bēlu I'],"['CANONICAL', 'CANONICAL ➝ Literature ➝ Hymns']",,
18,"1880,0719.126",6,3,AKKADIAN,{d}nun-nam-nir,{d}nun-nam-nir,[],"['CANONICAL', 'CANONICAL ➝ Literature ➝ Hymns']",,
19,"1880,0719.126",6,4,AKKADIAN,hi-rat,hi-rat,['hīrtu I'],"['CANONICAL', 'CANONICAL ➝ Literature ➝ Hymns']",,
20,"1880,0719.126",7,1,SUMERIAN,nibru{ki},nibru{ki},[],"['CANONICAL', 'CANONICAL ➝ Literature ➝ Hymns']",,
21,"1880,0719.126",7,2,SUMERIAN,bara₂,bara₂,[],"['CANONICAL', 'CANONICAL ➝ Literature ➝ Hymns']",,
22,"1880,0719.126",7,3,SUMERIAN,mah,mah,[],"['CANONICAL', 'CANONICAL ➝ Literature ➝ Hymns']",,
23,"1880,0719.126",7,4,SUMERIAN,an-ki-ke₄,an-ki-ke₄,[],"['CANONICAL', 'CANONICAL ➝ Literature ➝ Hymns']",,
24,"1880,0719.126",7,5,SUMERIAN,nam,nam,[],"['CANONICAL', 'CANONICAL ➝ Literature ➝ Hymns']",,
25,"1880,0719.126",8,1,AKKADIAN,i-na,i-na,['ina I'],"['CANONICAL', 'CANONICAL ➝ Literature ➝ Hymns']",,
26,"1880,0719.126",8,2,AKKADIAN,ni-ip-pu-ru,ni-ip-pu-ru,['Nippur I'],"['CANONICAL', 'CANONICAL ➝ Literature ➝ Hymns']",,
27,"1880,0719.126",8,3,AKKADIAN,pa-rak-ku,pa-rak-ku,['parakku I'],"['CANONICAL', 'CANONICAL ➝ Literature ➝ Hymns']",,
28,"1880,0719.126",8,4,AKKADIAN,ṣi-ri,ṣi-ri,['ṣīru I'],"['CANONICAL', 'CANONICAL ➝ Literature ➝ Hymns']",,
29,"1880,0719.126",8,6,AKKADIAN,AN-e,AN-e,[],"['CANONICAL', 'CANONICAL ➝ Literature ➝ Hymns']",,
30,"1880,0719.126",8,7,AKKADIAN,u,u,[],"['CANONICAL', 'CANONICAL ➝ Literature ➝ Hymns']",,
31,"1880,0719.126",8,8,AKKADIAN,KI-ti₃,KI-ti₃,[],"['CANONICAL', 'CANONICAL ➝ Literature ➝ Hymns']",,
32,"1880,0719.126",9,1,SUMERIAN,i₃-si-in{ki},i₃-si-in{ki},[],"['CANONICAL', 'CANONICAL ➝ Literature ➝ Hymns']",,
33,"1880,0719.126",9,2,SUMERIAN,uru,uru,[],"['CANONICAL', 'CANONICAL ➝ Literature ➝ Hymns']",,
34,"1880,0719.126",9,3,SUMERIAN,nam-nin-a-ni,nam-nin-a-ni,[],"['CANONICAL', 'CANONICAL ➝ Literature ➝ Hymns']",,
35,"1880,0719.126",10,1,AKKADIAN,i-na,i-na,['ina I'],"['CANONICAL', 'CANONICAL ➝ Literature ➝ Hymns']",,
36,"1880,0719.126",10,2,AKKADIAN,i-si-in,i-si-in,['Isin I'],"['CANONICAL', 'CANONICAL ➝ Literature ➝ Hymns']",,
37,"1880,0719.126",10,3,AKKADIAN,URU,URU,['ālu I'],"['CANONICAL', 'CANONICAL ➝ Literature ➝ Hymns']",,
38,"1880,0719.126",10,4,AKKADIAN,be-lu-ti-ša₂,be-lu-ti-ša₂,['bēlūtu I'],"['CANONICAL', 'CANONICAL ➝ Literature ➝ Hymns']",,
39,"1880,0719.126",10,5,AKKADIAN,ina,ina,['ina I'],"['CANONICAL', 'CANONICAL ➝ Literature ➝ Hymns']",,
40,"1880,0719.126",11,1,SUMERIAN,dur-an-ki-ke₄,dur-an-ki-ke₄,[],"['CANONICAL', 'CANONICAL ➝ Literature ➝ Hymns']",,
41,"1880,0719.126",12,1,AKKADIAN,i-na,i-na,['ina I'],"['CANONICAL', 'CANONICAL ➝ Literature ➝ Hymns']",,
42,"1880,0719.126",12,2,AKKADIAN,dur-an-ki,dur-an-ki,['Duranki I'],"['CANONICAL', 'CANONICAL ➝ Literature ➝ Hymns']",,
43,"1880,0719.126",13,1,SUMERIAN,nin,nin,[],"['CANONICAL', 'CANONICAL ➝ Literature ➝ Hymns']",,
44,"1880,0719.126",13,2,SUMERIAN,tu₆-dug₄-ga-a-ni,tu₆-dug₄-ga-a-ni,[],"['CANONICAL', 'CANONICAL ➝ Literature ➝ Hymns']",,
45,"1880,0719.126",13,3,SUMERIAN,ti-la!(BA),ti-la(BA),[],"['CANONICAL', 'CANONICAL ➝ Literature ➝ Hymns']",,
46,"1880,0719.126",13,4,SUMERIAN,šu-mu₂-mu₂,šu-mu₂-mu₂,[],"['CANONICAL', 'CANONICAL ➝ Literature ➝ Hymns']",,
47,"1880,0719.126",13,5,SUMERIAN,ki,ki,[],"['CANONICAL', 'CANONICAL ➝ Literature ➝ Hymns']",,
48,"1880,0719.126",14,1,AKKADIAN,be-el-tu,be-el-tu,['bēltu I'],"['CANONICAL', 'CANONICAL ➝ Literature ➝ Hymns']",,
49,"1880,0719.126",14,2,AKKADIAN,ša,ša,['ša I'],"['CANONICAL', 'CANONICAL ➝ Literature ➝ Hymns']",,
50,"1880,0719.126",14,3,AKKADIAN,tu-duq-qu-ša,tu-duq-qu-ša,['tuduqqû I'],"['CANONICAL', 'CANONICAL ➝ Literature ➝ Hymns']",,
51,"1880,0719.126",15,1,SUMERIAN,agrig,agrig,[],"['CANONICAL', 'CANONICAL ➝ Literature ➝ Hymns']",,
52,"1880,0719.126",15,2,SUMERIAN,mah,mah,[],"['CANONICAL', 'CANONICAL ➝ Literature ➝ Hymns']",,
53,"1880,0719.126",15,3,SUMERIAN,ki,ki,[],"['CANONICAL', 'CANONICAL ➝ Literature ➝ Hymns']",,
54,"1880,0719.126",15,4,SUMERIAN,an-na,an-na,[],"['CANONICAL', 'CANONICAL ➝ Literature ➝ Hymns']",,
55,"1880,0719.126",15,5,SUMERIAN,{d}+en-lil₂-bi,{d}+en-lil₂-bi,[],"['CANONICAL', 'CANONICAL ➝ Literature ➝ Hymns']",,
56,"1880,0719.126",16,1,AKKADIAN,a-ba-rak-ka-tu₄,a-ba-rak-ka-tu₄,['abarakkatu I'],"['CANONICAL', 'CANONICAL ➝ Literature ➝ Hymns']",,
57,"1880,0719.126",16,2,AKKADIAN,ṣir-tu₄,ṣir-tu₄,['ṣīru I'],"['CANONICAL', 'CANONICAL ➝ Literature ➝ Hymns']",,
58,"1880,0719.126",16,3,AKKADIAN,ša,ša,['ša I'],"['CANONICAL', 'CANONICAL ➝ Literature ➝ Hymns']",,
59,"1880,0719.126",16,4,AKKADIAN,it-ti,it-ti,['itti I'],"['CANONICAL', 'CANONICAL ➝ Literature ➝ Hymns']",,
60,"1880,0719.126",16,6,AKKADIAN,u₃,u₃,[],"['CANONICAL', 'CANONICAL ➝ Literature ➝ Hymns']",,
61,"1880,0719.126",16,7,AKKADIAN,{d}en-lil₂,{d}en-lil₂,[],"['CANONICAL', 'CANONICAL ➝ Literature ➝ Hymns']",,
62,"1880,0719.126",19,0,AKKADIAN,ša,ša,['ša I'],"['CANONICAL', 'CANONICAL ➝ Literature ➝ Hymns']",,
63,"1880,0719.126",19,3,AKKADIAN,{d}PAPNUN,{d}PAPNUN,['Zarpānītu I'],"['CANONICAL', 'CANONICAL ➝ Literature ➝ Hymns']",,
64,"1880,0719.126",19,5,AKKADIAN,DAGAL-tu₄,DAGAL-tu₄,['rapšu I'],"['CANONICAL', 'CANONICAL ➝ Literature ➝ Hymns']",,
65,"1880,0719.126",20,0,AKKADIAN,e-hu-uz-zu,e-hu-uz-zu,['ahāzu I'],"['CANONICAL', 'CANONICAL ➝ Literature ➝ Hymns']",,
66,"1880,0719.126",20,1,AKKADIAN,IGI-MIN,IGI-MIN,['īnu I'],"['CANONICAL', 'CANONICAL ➝ Literature ➝ Hymns']",,
67,"1880,0719.126",20,3,AKKADIAN,ni-siq,ni-siq,['nisqu I'],"['CANONICAL', 'CANONICAL ➝ Literature ➝ Hymns']",,
68,"1880,0719.126",21,0,AKKADIAN,ša,ša,['ša I'],"['CANONICAL', 'CANONICAL ➝ Literature ➝ Hymns']",,
69,"1880,0719.126",21,1,AKKADIAN,ina,ina,['ina I'],"['CANONICAL', 'CANONICAL ➝ Literature ➝ Hymns']",,
70,"1880,0719.126",21,2,AKKADIAN,LUGAL-MEŠ,LUGAL-MEŠ,['šarru I'],"['CANONICAL', 'CANONICAL ➝ Literature ➝ Hymns']",,
71,"1880,0719.126",21,4,AKKADIAN,mah-ri-ia,mah-ri-ia,['mahru II'],"['CANONICAL', 'CANONICAL ➝ Literature ➝ Hymns']",,
72,"1880,0719.126",21,5,AKKADIAN,mim-ma,mim-ma,['mimma I'],"['CANONICAL', 'CANONICAL ➝ Literature ➝ Hymns']",,
73,"1880,0719.126",21,6,AKKADIAN,šip-ru,šip-ru,['šipru I'],"['CANONICAL', 'CANONICAL ➝ Literature ➝ Hymns']",,
74,"1880,0719.126",21,7,AKKADIAN,šu-a-tu₂,šu-a-tu₂,['šuāti I'],"['CANONICAL', 'CANONICAL ➝ Literature ➝ Hymns']",,
75,"1880,0719.126",21,8,AKKADIAN,la,la,['lā I'],"['CANONICAL', 'CANONICAL ➝ Literature ➝ Hymns']",,
76,"1880,0719.126",22,0,AKKADIAN,mim-ma,mim-ma,['mimma I'],"['CANONICAL', 'CANONICAL ➝ Literature ➝ Hymns']",,
77,"1880,0719.126",22,1,AKKADIAN,šip-ru,šip-ru,['šipru I'],"['CANONICAL', 'CANONICAL ➝ Literature ➝ Hymns']",,
78,"1880,0719.126",22,2,AKKADIAN,šu-a-tu,šu-a-tu,['šuāti I'],"['CANONICAL', 'CANONICAL ➝ Literature ➝ Hymns']",,
79,"1880,0719.126",23,0,AKKADIAN,ne₂-me-eq,ne₂-me-eq,['nēmequ I'],"['CANONICAL', 'CANONICAL ➝ Literature ➝ Hymns']",,
80,"1880,0719.126",23,2,AKKADIAN,ti-kip,ti-kip,['tikpu I'],"['CANONICAL', 'CANONICAL ➝ Literature ➝ Hymns']",,
81,"1880,0719.126",23,3,AKKADIAN,sa-an-tak-ki,sa-an-tak-ki,['santakku I'],"['CANONICAL', 'CANONICAL ➝ Literature ➝ Hymns']",,
82,"1880,0719.126",23,4,AKKADIAN,ma-la,ma-la,['mala I'],"['CANONICAL', 'CANONICAL ➝ Literature ➝ Hymns']",,
83,"1880,0719.126",24,0,AKKADIAN,ina,ina,['ina I'],"['CANONICAL', 'CANONICAL ➝ Literature ➝ Hymns']",,
84,"1880,0719.126",24,1,AKKADIAN,DUB-MEŠ,DUB-MEŠ,['ṭuppu I'],"['CANONICAL', 'CANONICAL ➝ Literature ➝ Hymns']",,
85,"1880,0719.126",24,2,AKKADIAN,aš₂-ṭur,aš₂-ṭur,['šaṭāru II'],"['CANONICAL', 'CANONICAL ➝ Literature ➝ Hymns']",,
86,"1880,0719.126",25,0,AKKADIAN,a-na,a-na,['ana I'],"['CANONICAL', 'CANONICAL ➝ Literature ➝ Hymns']",,
87,"1880,0719.126",25,1,AKKADIAN,ta-mar-ti,ta-mar-ti,['tāmartu I'],"['CANONICAL', 'CANONICAL ➝ Literature ➝ Hymns']",,
88,"1880,0719.126",26,0,AKKADIAN,qe₂-reb,qe₂-reb,['qerbu II'],"['CANONICAL', 'CANONICAL ➝ Literature ➝ Hymns']",,
