,fragment_id,fragment_line_num,index_in_line,word_language,value,clean_value,lemma,domain,place_discovery,place_composition
0,"1881,0204.226",1,2,AKKADIAN,EN.NUN.ZAL.LE,EN.NUN.ZAL.LE,['šāt urri I'],['CANONICAL ➝ Divination ➝ Celestial'],,
1,"1881,0204.226",2,1,AKKADIAN,da,da,[],['CANONICAL ➝ Divination ➝ Celestial'],,
2,"1881,0204.226",2,2,AKKADIAN,lu,lu,[],['CANONICAL ➝ Divination ➝ Celestial'],,
3,"1881,0204.226",2,3,AKKADIAN,U₄.1.KAM@v,U₄.1.KAM@v,"['ūmu I', 'mahrû I']",['CANONICAL ➝ Divination ➝ Celestial'],,
4,"1881,0204.226",2,4,AKKADIAN,KI.TA-ma,KI.TA-ma,['šapālu I'],['CANONICAL ➝ Divination ➝ Celestial'],,
5,"1881,0204.226",2,5,AKKADIAN,IGI,IGI,['amāru I'],['CANONICAL ➝ Divination ➝ Celestial'],,
6,"1881,0204.226",3,1,AKKADIAN,ša₂,ša₂,['ša I'],['CANONICAL ➝ Divination ➝ Celestial'],,
7,"1881,0204.226",3,2,AKKADIAN,AN.GI₆,AN.GI₆,['antalû I'],['CANONICAL ➝ Divination ➝ Celestial'],,
8,"1881,0204.226",3,3,AKKADIAN,šu-u₂,šu-u₂,['šū I'],['CANONICAL ➝ Divination ➝ Celestial'],,
9,"1881,0204.226",4,2,AKKADIAN,ina,ina,['ina I'],['CANONICAL ➝ Divination ➝ Celestial'],,
10,"1881,0204.226",4,3,AKKADIAN,muh-hi-šu₂,muh-hi-šu₂,['muhhu I'],['CANONICAL ➝ Divination ➝ Celestial'],,
11,"1881,0204.226",4,4,AKKADIAN,i-ma-id-ma,i-ma-id-ma,['mâdu I'],['CANONICAL ➝ Divination ➝ Celestial'],,
12,"1881,0204.226",5,1,AKKADIAN,LUGAL,LUGAL,['šarru I'],['CANONICAL ➝ Divination ➝ Celestial'],,
13,"1881,0204.226",5,2,AKKADIAN,KI,KI,['itti I'],['CANONICAL ➝ Divination ➝ Celestial'],,
14,"1881,0204.226",5,3,AKKADIAN,KUR-šu₂,KUR-šu₂,['mātu I'],['CANONICAL ➝ Divination ➝ Celestial'],,
15,"1881,0204.226",5,4,AKKADIAN,u,u,['u I'],['CANONICAL ➝ Divination ➝ Celestial'],,
16,"1881,0204.226",5,5,AKKADIAN,UN-MEŠ-šu₂,UN-MEŠ-šu₂,['nišu I'],['CANONICAL ➝ Divination ➝ Celestial'],,
17,"1881,0204.226",5,6,AKKADIAN,ze-ni,ze-ni,['zenû II'],['CANONICAL ➝ Divination ➝ Celestial'],,
18,"1881,0204.226",6,1,AKKADIAN,NU,NU,['lā I'],['CANONICAL ➝ Divination ➝ Celestial'],,
19,"1881,0204.226",6,2,AKKADIAN,IGI-MEŠ,IGI-MEŠ,['amāru I'],['CANONICAL ➝ Divination ➝ Celestial'],,
20,"1881,0204.226",7,1,AKKADIAN,AN.GI₆,AN.GI₆,['antalû I'],['CANONICAL ➝ Divination ➝ Celestial'],,
21,"1881,0204.226",7,2,AKKADIAN,GAR-MEŠ-ma,GAR-MEŠ-ma,['šakānu I'],['CANONICAL ➝ Divination ➝ Celestial'],,
22,"1881,0204.226",8,2,AKKADIAN,ŠUB-u,ŠUB-u,['nadû III'],['CANONICAL ➝ Divination ➝ Celestial'],,
23,"1881,0204.226",8,3,AKKADIAN,a-na,a-na,['ana I'],['CANONICAL ➝ Divination ➝ Celestial'],,
24,"1881,0204.226",8,4,AKKADIAN,u₄-mi,u₄-mi,['ūmu I'],['CANONICAL ➝ Divination ➝ Celestial'],,
25,"1881,0204.226",8,5,AKKADIAN,er-pi,er-pi,['erpu I'],['CANONICAL ➝ Divination ➝ Celestial'],,
26,"1881,0204.226",9,1,AKKADIAN,30,30,['Sîn I'],['CANONICAL ➝ Divination ➝ Celestial'],,
27,"1881,0204.226",9,2,AKKADIAN,NU,NU,['lā I'],['CANONICAL ➝ Divination ➝ Celestial'],,
28,"1881,0204.226",9,3,AKKADIAN,IGI-ma,IGI-ma,['amāru I'],['CANONICAL ➝ Divination ➝ Celestial'],,
29,"1881,0204.226",9,4,AKKADIAN,2,2,['šina II'],['CANONICAL ➝ Divination ➝ Celestial'],,
30,"1881,0204.226",9,5,AKKADIAN,U₄.SAKAR-MEŠ,U₄.SAKAR-MEŠ,['uskāru I'],['CANONICAL ➝ Divination ➝ Celestial'],,
31,"1881,0204.226",9,6,AKKADIAN,IGI-MEŠ,IGI-MEŠ,['amāru I'],['CANONICAL ➝ Divination ➝ Celestial'],,
32,"1881,0204.226",9,7,AKKADIAN,{munus}HUL,{munus}HUL,['lemuttu I'],['CANONICAL ➝ Divination ➝ Celestial'],,
33,"1881,0204.226",9,8,AKKADIAN,ina,ina,['ina I'],['CANONICAL ➝ Divination ➝ Celestial'],,
34,"1881,0204.226",9,9,AKKADIAN,KUR-MEŠ,KUR-MEŠ,['mātu I'],['CANONICAL ➝ Divination ➝ Celestial'],,
35,"1881,0204.226",9,10,AKKADIAN,GAR,GAR,['šakānu I'],['CANONICAL ➝ Divination ➝ Celestial'],,
36,"1881,0204.226",9,13,AKKADIAN,U₄.14.KAM@v,U₄.14.KAM@v,[],['CANONICAL ➝ Divination ➝ Celestial'],,
37,"1881,0204.226",9,14,AKKADIAN,TA,TA,['ištu I'],['CANONICAL ➝ Divination ➝ Celestial'],,
38,"1881,0204.226",9,15,AKKADIAN,BAR,BAR,[],['CANONICAL ➝ Divination ➝ Celestial'],,
39,"1881,0204.226",9,16,AKKADIAN,hap-rat,hap-rat,['haprātu I'],['CANONICAL ➝ Divination ➝ Celestial'],,
40,"1881,0204.226",9,17,AKKADIAN,30,30,['Sîn I'],['CANONICAL ➝ Divination ➝ Celestial'],,
41,"1881,0204.226",9,18,AKKADIAN,ana,ana,['ana I'],['CANONICAL ➝ Divination ➝ Celestial'],,
42,"1881,0204.226",9,19,AKKADIAN,ŠU₂,ŠU₂,['rabû III'],['CANONICAL ➝ Divination ➝ Celestial'],,
43,"1881,0204.226",9,20,AKKADIAN,BAR-ma,BAR-ma,['mašālu I'],['CANONICAL ➝ Divination ➝ Celestial'],,
44,"1881,0204.226",10,2,AKKADIAN,hap-rat,hap-rat,['haprātu I'],['CANONICAL ➝ Divination ➝ Celestial'],,
45,"1881,0204.226",10,3,AKKADIAN,20,20,['Šamaš I'],['CANONICAL ➝ Divination ➝ Celestial'],,
46,"1881,0204.226",10,4,AKKADIAN,ana,ana,['ana I'],['CANONICAL ➝ Divination ➝ Celestial'],,
47,"1881,0204.226",10,5,AKKADIAN,KUR,KUR,['napāhu I'],['CANONICAL ➝ Divination ➝ Celestial'],,
48,"1881,0204.226",10,6,AKKADIAN,BAR-ma,BAR-ma,['mašālu I'],['CANONICAL ➝ Divination ➝ Celestial'],,
49,"1881,0204.226",10,7,AKKADIAN,ina,ina,['ina I'],['CANONICAL ➝ Divination ➝ Celestial'],,
50,"1881,0204.226",10,8,AKKADIAN,{giš}DIH₃,{giš}DIH₃,['baltu I'],['CANONICAL ➝ Divination ➝ Celestial'],,
51,"1881,0204.226",10,9,AKKADIAN,u,u,['u I'],['CANONICAL ➝ Divination ➝ Celestial'],,
52,"1881,0204.226",10,10,AKKADIAN,{giš}ŠU₂,{giš}ŠU₂,[],['CANONICAL ➝ Divination ➝ Celestial'],,
53,"1881,0204.226",10,11,AKKADIAN,EN,EN,['adi I'],['CANONICAL ➝ Divination ➝ Celestial'],,
54,"1881,0204.226",10,12,AKKADIAN,BAR-MEŠ-šu₂-nu,BAR-MEŠ-šu₂-nu,['mišlu I'],['CANONICAL ➝ Divination ➝ Celestial'],,
55,"1881,0204.226",10,13,AKKADIAN,DU-MEŠ-ma,DU-MEŠ-ma,['alāku I'],['CANONICAL ➝ Divination ➝ Celestial'],,
56,"1881,0204.226",10,14,AKKADIAN,KIMIN,KIMIN,"['ašru III', 'šanû I']",['CANONICAL ➝ Divination ➝ Celestial'],,
57,"1881,0204.226",10,15,AKKADIAN,ina,ina,['ina I'],['CANONICAL ➝ Divination ➝ Celestial'],,
58,"1881,0204.226",10,17,AKKADIAN,IGI-MEŠ-ma,IGI-MEŠ-ma,['amāru I'],['CANONICAL ➝ Divination ➝ Celestial'],,
59,"1881,0204.226",10,18,AKKADIAN,AN.GI₆,AN.GI₆,['antalû I'],['CANONICAL ➝ Divination ➝ Celestial'],,
60,"1881,0204.226",10,19,AKKADIAN,NU,NU,['lā I'],['CANONICAL ➝ Divination ➝ Celestial'],,
61,"1881,0204.226",10,20,AKKADIAN,GAR-an,GAR-an,['šakānu I'],['CANONICAL ➝ Divination ➝ Celestial'],,
62,"1881,0204.226",11,2,AKKADIAN,ina,ina,['ina I'],['CANONICAL ➝ Divination ➝ Celestial'],,
63,"1881,0204.226",11,3,AKKADIAN,GU₄.UD,GU₄.UD,['šehṭu I'],['CANONICAL ➝ Divination ➝ Celestial'],,
64,"1881,0204.226",11,4,AKKADIAN,20,20,['Šamaš I'],['CANONICAL ➝ Divination ➝ Celestial'],,
65,"1881,0204.226",11,5,AKKADIAN,IGI,IGI,['amāru I'],['CANONICAL ➝ Divination ➝ Celestial'],,
66,"1881,0204.226",11,8,AKKADIAN,nab-ṭu-u,nab-ṭu-u,['nabṭû I'],['CANONICAL ➝ Divination ➝ Celestial'],,
67,"1881,0204.226",11,9,AKKADIAN,ša₂,ša₂,['ša I'],['CANONICAL ➝ Divination ➝ Celestial'],,
68,"1881,0204.226",11,10,AKKADIAN,KIŠI₄-su,KIŠI₄-su,['muttatu I'],['CANONICAL ➝ Divination ➝ Celestial'],,
69,"1881,0204.226",11,11,AKKADIAN,zi-za-at,zi-za-at,['zâzu I'],['CANONICAL ➝ Divination ➝ Celestial'],,
70,"1881,0204.226",14,1,AKKADIAN,U₄.13.KAM@v,U₄.13.KAM@v,[],['CANONICAL ➝ Divination ➝ Celestial'],,
71,"1881,0204.226",14,2,AKKADIAN,ina,ina,['ina I'],['CANONICAL ➝ Divination ➝ Celestial'],,
72,"1881,0204.226",14,3,AKKADIAN,nab-ṭe-e,nab-ṭe-e,['nabṭû I'],['CANONICAL ➝ Divination ➝ Celestial'],,
73,"1881,0204.226",14,4,AKKADIAN,IGI-MEŠ-ma,IGI-MEŠ-ma,['amāru I'],['CANONICAL ➝ Divination ➝ Celestial'],,
74,"1881,0204.226",15,1,AKKADIAN,KI,KI,['itti I'],['CANONICAL ➝ Divination ➝ Celestial'],,
75,"1881,0204.226",15,2,AKKADIAN,20,20,['Šamaš I'],['CANONICAL ➝ Divination ➝ Celestial'],,
76,"1881,0204.226",15,3,AKKADIAN,GUB-az-ma,GUB-az-ma,['izuzzu I'],['CANONICAL ➝ Divination ➝ Celestial'],,
77,"1881,0204.226",16,2,AKKADIAN,is,is,['isu I'],['CANONICAL ➝ Divination ➝ Celestial'],,
78,"1881,0204.226",16,3,AKKADIAN,{iti}AŠ₂,{iti}AŠ₂,['Šabāṭu I'],['CANONICAL ➝ Divination ➝ Celestial'],,
79,"1881,0204.226",16,4,AKKADIAN,{iti}ŠE,{iti}ŠE,['Adaru I'],['CANONICAL ➝ Divination ➝ Celestial'],,
80,"1881,0204.226",16,5,AKKADIAN,GIN₇,GIN₇,['kīma I'],['CANONICAL ➝ Divination ➝ Celestial'],,
81,"1881,0204.226",16,6,AKKADIAN,30,30,['Sîn I'],['CANONICAL ➝ Divination ➝ Celestial'],,
82,"1881,0204.226",16,7,AKKADIAN,IGI-ru,IGI-ru,['amāru I'],['CANONICAL ➝ Divination ➝ Celestial'],,
83,"1881,0204.226",16,8,AKKADIAN,AN-e,AN-e,['šamû I'],['CANONICAL ➝ Divination ➝ Celestial'],,
84,"1881,0204.226",16,9,AKKADIAN,za-ku,za-ku,['zakû II'],['CANONICAL ➝ Divination ➝ Celestial'],,
85,"1881,0204.226",17,1,AKKADIAN,ir-rim-ma,ir-rim-ma,['arāmu I'],['CANONICAL ➝ Divination ➝ Celestial'],,
86,"1881,0204.226",18,1,AKKADIAN,UB.DA,UB.DA,['kibru I'],['CANONICAL ➝ Divination ➝ Celestial'],,
87,"1881,0204.226",18,2,AKKADIAN,LIMMU₂-BA,LIMMU₂-BA,['erbe I'],['CANONICAL ➝ Divination ➝ Celestial'],,
88,"1881,0204.226",19,1,AKKADIAN,{d}TIR.AN.NA,{d}TIR.AN.NA,['Manziat I'],['CANONICAL ➝ Divination ➝ Celestial'],,
89,"1881,0204.226",20,2,AKKADIAN,MUL.MUL,MUL.MUL,[],['CANONICAL ➝ Divination ➝ Celestial'],,
90,"1881,0204.226",21,1,AKKADIAN,GIN₇,GIN₇,['kīma I'],['CANONICAL ➝ Divination ➝ Celestial'],,
91,"1881,0204.226",23,2,AKKADIAN,KA,KA,[],['CANONICAL ➝ Divination ➝ Celestial'],,
92,"1881,0204.226",24,2,AKKADIAN,ŠEŠ,ŠEŠ,[],['CANONICAL ➝ Divination ➝ Celestial'],,
93,"1881,0204.226",24,4,AKKADIAN,IGI,IGI,[],['CANONICAL ➝ Divination ➝ Celestial'],,
94,"1881,0204.226",25,2,AKKADIAN,GIR₂,GIR₂,[],['CANONICAL ➝ Divination ➝ Celestial'],,
95,"1881,0204.226",25,4,AKKADIAN,ra-ha-ṣu,ra-ha-ṣu,['rahāṣu I'],['CANONICAL ➝ Divination ➝ Celestial'],,
96,"1881,0204.226",26,2,AKKADIAN,MU,MU,[],['CANONICAL ➝ Divination ➝ Celestial'],,
97,"1881,0204.226",26,3,AKKADIAN,DU,DU,[],['CANONICAL ➝ Divination ➝ Celestial'],,
98,"1881,0204.226",27,2,AKKADIAN,ina,ina,['ina I'],['CANONICAL ➝ Divination ➝ Celestial'],,
99,"1881,0204.226",27,3,AKKADIAN,KUR-e,KUR-e,['šadû I'],['CANONICAL ➝ Divination ➝ Celestial'],,
100,"1881,0204.226",27,4,AKKADIAN,BI,BI,['šuāti I'],['CANONICAL ➝ Divination ➝ Celestial'],,
101,"1881,0204.226",27,5,AKKADIAN,kit-tu₂,kit-tu₂,['kittu I'],['CANONICAL ➝ Divination ➝ Celestial'],,
102,"1881,0204.226",27,6,AKKADIAN,u,u,['u I'],['CANONICAL ➝ Divination ➝ Celestial'],,
103,"1881,0204.226",27,7,AKKADIAN,mi-ša₂-ru,mi-ša₂-ru,['mīšaru I'],['CANONICAL ➝ Divination ➝ Celestial'],,
104,"1881,0204.226",27,8,AKKADIAN,GAL₂!-MEŠ-ma,GAL₂-MEŠ-ma,['bašû I'],['CANONICAL ➝ Divination ➝ Celestial'],,
105,"1881,0204.226",27,9,AKKADIAN,sar-tu₂,sar-tu₂,['sartu I'],['CANONICAL ➝ Divination ➝ Celestial'],,
106,"1881,0204.226",27,10,AKKADIAN,ma,ma,[],['CANONICAL ➝ Divination ➝ Celestial'],,
107,"1881,0204.226",29,2,AKKADIAN,AN.GI₆,AN.GI₆,['antalû I'],['CANONICAL ➝ Divination ➝ Celestial'],,
108,"1881,0204.226",29,3,AKKADIAN,MU₂-ma,MU₂-ma,['napāhu I'],['CANONICAL ➝ Divination ➝ Celestial'],,
109,"1881,0204.226",30,2,AKKADIAN,TA,TA,['ištu I'],['CANONICAL ➝ Divination ➝ Celestial'],,
110,"1881,0204.226",30,3,AKKADIAN,{tum₉}MAR.TU,{tum₉}MAR.TU,['amurru I'],['CANONICAL ➝ Divination ➝ Celestial'],,
111,"1881,0204.226",30,4,AKKADIAN,AN.GI₆,AN.GI₆,['antalû I'],['CANONICAL ➝ Divination ➝ Celestial'],,
112,"1881,0204.226",30,5,AKKADIAN,MU₂-ma,MU₂-ma,['napāhu I'],['CANONICAL ➝ Divination ➝ Celestial'],,
113,"1881,0204.226",31,2,AKKADIAN,IGI,IGI,[],['CANONICAL ➝ Divination ➝ Celestial'],,
114,"1881,0204.226",31,3,AKKADIAN,{lu₂}GALA,{lu₂}GALA,['kalû III'],['CANONICAL ➝ Divination ➝ Celestial'],,
115,"1881,0204.226",31,4,AKKADIAN,NUN,NUN,['rubû I'],['CANONICAL ➝ Divination ➝ Celestial'],,
116,"1881,0204.226",32,2,AKKADIAN,IGI-ma,IGI-ma,['amāru I'],['CANONICAL ➝ Divination ➝ Celestial'],,
117,"1881,0204.226",32,3,AKKADIAN,ana,ana,['ana I'],['CANONICAL ➝ Divination ➝ Celestial'],,
118,"1881,0204.226",32,4,AKKADIAN,{d}UTU.ŠU₂.A,{d}UTU.ŠU₂.A,['erbu II'],['CANONICAL ➝ Divination ➝ Celestial'],,
119,"1881,0204.226",32,5,AKKADIAN,BAL-ut,BAL-ut,['nabalkutu II'],['CANONICAL ➝ Divination ➝ Celestial'],,
120,"1881,0204.226",32,6,AKKADIAN,ina,ina,['ina I'],['CANONICAL ➝ Divination ➝ Celestial'],,
121,"1881,0204.226",32,7,AKKADIAN,IGI.LA₂-šu₂,IGI.LA₂-šu₂,['tāmartu I'],['CANONICAL ➝ Divination ➝ Celestial'],,
122,"1881,0204.226",32,8,AKKADIAN,KI-TA,KI-TA,['šaplû I'],['CANONICAL ➝ Divination ➝ Celestial'],,
123,"1881,0204.226",33,2,AKKADIAN,za-mar,za-mar,[],['CANONICAL ➝ Divination ➝ Celestial'],,
124,"1881,0204.226",33,3,AKKADIAN,GIŠ.HUR,GIŠ.HUR,['uṣurtu I'],['CANONICAL ➝ Divination ➝ Celestial'],,
125,"1881,0204.226",33,4,AKKADIAN,BABBAR-u₂,BABBAR-u₂,['peṣû I'],['CANONICAL ➝ Divination ➝ Celestial'],,
126,"1881,0204.226",33,5,AKKADIAN,ina,ina,['ina I'],['CANONICAL ➝ Divination ➝ Celestial'],,
127,"1881,0204.226",33,6,AKKADIAN,muh-hi-šu₂,muh-hi-šu₂,['muhhu I'],['CANONICAL ➝ Divination ➝ Celestial'],,
128,"1881,0204.226",33,7,AKKADIAN,GILIM,GILIM,['parāku I'],['CANONICAL ➝ Divination ➝ Celestial'],,
129,"1881,0204.226",35,2,AKKADIAN,gab-bi-šu₂,gab-bi-šu₂,['gabbu I'],['CANONICAL ➝ Divination ➝ Celestial'],,
130,"1881,0204.226",35,3,AKKADIAN,ir-rim-ma,ir-rim-ma,['arāmu I'],['CANONICAL ➝ Divination ➝ Celestial'],,
131,"1881,0204.226",37,1,AKKADIAN,di-ʾu,di-ʾu,"[""di'u I""]",['CANONICAL ➝ Divination ➝ Celestial'],,
132,"1881,0204.226",37,3,AKKADIAN,di-lip-tu₂,di-lip-tu₂,['diliptu I'],['CANONICAL ➝ Divination ➝ Celestial'],,
133,"1881,0204.226",37,4,AKKADIAN,ina,ina,['ina I'],['CANONICAL ➝ Divination ➝ Celestial'],,
134,"1881,0204.226",37,5,AKKADIAN,KUR,KUR,['mātu I'],['CANONICAL ➝ Divination ➝ Celestial'],,
135,"1881,0204.226",37,6,AKKADIAN,GAL₂-ši,GAL₂-ši,['bašû I'],['CANONICAL ➝ Divination ➝ Celestial'],,
136,"1881,0204.226",39,1,AKKADIAN,ina,ina,['ina I'],['CANONICAL ➝ Divination ➝ Celestial'],,
137,"1881,0204.226",39,3,AKKADIAN,DIŠ,DIŠ,['šumma I'],['CANONICAL ➝ Divination ➝ Celestial'],,
138,"1881,0204.226",39,4,AKKADIAN,AN,AN,['Anu I'],['CANONICAL ➝ Divination ➝ Celestial'],,
139,"1881,0204.226",39,5,AKKADIAN,{d}+en.lil₂,{d}+en.lil₂,['Ellil I'],['CANONICAL ➝ Divination ➝ Celestial'],,
140,"1881,0204.226",39,6,AKKADIAN,E₂.GAL,E₂.GAL,['ēkallu I'],['CANONICAL ➝ Divination ➝ Celestial'],,
141,"1881,0204.226",39,7,AKKADIAN,{m}AN.ŠAR₂-DU₃-A,{m}AN.ŠAR₂-DU₃-A,['Aššur-bani-apli I'],['CANONICAL ➝ Divination ➝ Celestial'],,
142,"1881,0204.226",40,1,AKKADIAN,ŠU₂,ŠU₂,['kiššatu I'],['CANONICAL ➝ Divination ➝ Celestial'],,
143,"1881,0204.226",40,2,AKKADIAN,MAN,MAN,['šarru I'],['CANONICAL ➝ Divination ➝ Celestial'],,
144,"1881,0204.226",40,4,AKKADIAN,aš-šur{ki},aš-šur{ki},['Aššur I'],['CANONICAL ➝ Divination ➝ Celestial'],,
145,"1881,0204.226",40,5,AKKADIAN,ša₂,ša₂,['ša I'],['CANONICAL ➝ Divination ➝ Celestial'],,
146,"1881,0204.226",40,6,AKKADIAN,{d}PA,{d}PA,['Nabu I'],['CANONICAL ➝ Divination ➝ Celestial'],,
147,"1881,0204.226",40,7,AKKADIAN,u,u,['u I'],['CANONICAL ➝ Divination ➝ Celestial'],,
148,"1881,0204.226",41,1,AKKADIAN,TUKU-MEŠ-šu₂-ma,TUKU-MEŠ-šu₂-ma,['rašû I'],['CANONICAL ➝ Divination ➝ Celestial'],,
149,"1881,0204.226",41,2,AKKADIAN,GIM,GIM,['kīma I'],['CANONICAL ➝ Divination ➝ Celestial'],,
150,"1881,0204.226",41,3,AKKADIAN,AD,AD,['abu I'],['CANONICAL ➝ Divination ➝ Celestial'],,
151,"1881,0204.226",41,5,AKKADIAN,AMA,AMA,[],['CANONICAL ➝ Divination ➝ Celestial'],,
152,"1881,0204.226",41,6,AKKADIAN,u₂-rab-bu-šu₂,u₂-rab-bu-šu₂,['rabû II'],['CANONICAL ➝ Divination ➝ Celestial'],,
153,"1881,0204.226",41,7,AKKADIAN,a-na,a-na,['ana I'],['CANONICAL ➝ Divination ➝ Celestial'],,
154,"1881,0204.226",42,1,AKKADIAN,BA.AN.E₃,BA.AN.E₃,['barû II'],['CANONICAL ➝ Divination ➝ Celestial'],,
155,"1881,0204.226",42,2,AKKADIAN,qe₂-reb,qe₂-reb,['qerbu II'],['CANONICAL ➝ Divination ➝ Celestial'],,
