,fragment_id,fragment_line_num,index_in_line,word_language,value,clean_value,lemma,domain,place_discovery,place_composition
0,"1879,0708.322",1,7,AKKADIAN,NE,NE,[],['CANONICAL ➝ Literature ➝ Lamentations'],,
1,"1879,0708.322",2,6,AKKADIAN,NU,NU,[],['CANONICAL ➝ Literature ➝ Lamentations'],,
2,"1879,0708.322",3,1,EMESAL,en-še₃,en-še₃,[],['CANONICAL ➝ Literature ➝ Lamentations'],,
3,"1879,0708.322",3,5,EMESAL,kur-kur-ra,kur-kur-ra,[],['CANONICAL ➝ Literature ➝ Lamentations'],,
4,"1879,0708.322",4,1,AKKADIAN,a-di,a-di,['adi I'],['CANONICAL ➝ Literature ➝ Lamentations'],,
5,"1879,0708.322",4,2,AKKADIAN,ma-ti₃,ma-ti₃,[],['CANONICAL ➝ Literature ➝ Lamentations'],,
6,"1879,0708.322",4,5,AKKADIAN,ma-ta-a-ti₃,ma-ta-a-ti₃,[],['CANONICAL ➝ Literature ➝ Lamentations'],,
7,"1879,0708.322",5,1,EMESAL,en₃-še₃,en₃-še₃,[],['CANONICAL ➝ Literature ➝ Lamentations'],,
8,"1879,0708.322",5,2,EMESAL,umun,umun,[],['CANONICAL ➝ Literature ➝ Lamentations'],,
9,"1879,0708.322",5,3,EMESAL,kur-kur-ra,kur-kur-ra,[],['CANONICAL ➝ Literature ➝ Lamentations'],,
10,"1879,0708.322",5,7,EMESAL,NE,NE,[],['CANONICAL ➝ Literature ➝ Lamentations'],,
11,"1879,0708.322",6,1,AKKADIAN,a-di,a-di,['adi I'],['CANONICAL ➝ Literature ➝ Lamentations'],,
12,"1879,0708.322",6,2,AKKADIAN,ma-ti₃,ma-ti₃,['mati I'],['CANONICAL ➝ Literature ➝ Lamentations'],,
13,"1879,0708.322",6,3,AKKADIAN,be-el,be-el,['bēlu I'],['CANONICAL ➝ Literature ➝ Lamentations'],,
14,"1879,0708.322",6,5,AKKADIAN,u₂-ga-ru,u₂-ga-ru,['ugāru I'],['CANONICAL ➝ Literature ➝ Lamentations'],,
15,"1879,0708.322",6,6,AKKADIAN,ina,ina,['ina I'],['CANONICAL ➝ Literature ➝ Lamentations'],,
16,"1879,0708.322",7,1,AKKADIAN,u₂-ṭab,u₂-ṭab,['ṭiābu I'],['CANONICAL ➝ Literature ➝ Lamentations'],,
17,"1879,0708.322",8,1,EMESAL,en-še₃,en-še₃,[],['CANONICAL ➝ Literature ➝ Lamentations'],,
18,"1879,0708.322",8,2,EMESAL,{d}mu-ul-lil₂-la₂,{d}mu-ul-lil₂-la₂,[],['CANONICAL ➝ Literature ➝ Lamentations'],,
19,"1879,0708.322",8,3,EMESAL,en₃-še₃,en₃-še₃,[],['CANONICAL ➝ Literature ➝ Lamentations'],,
20,"1879,0708.322",8,4,EMESAL,{d}mu-ul-lil₂-la₂,{d}mu-ul-lil₂-la₂,[],['CANONICAL ➝ Literature ➝ Lamentations'],,
21,"1879,0708.322",9,1,AKKADIAN,a-di,a-di,['adi I'],['CANONICAL ➝ Literature ➝ Lamentations'],,
22,"1879,0708.322",9,2,AKKADIAN,ma-ti₃,ma-ti₃,['mati I'],['CANONICAL ➝ Literature ➝ Lamentations'],,
23,"1879,0708.322",9,3,AKKADIAN,{d}en-lil₂,{d}en-lil₂,['Ellil I'],['CANONICAL ➝ Literature ➝ Lamentations'],,
