,fragment_id,fragment_line_num,index_in_line,word_language,value,clean_value,lemma,domain,place_discovery,place_composition
0,"1848,0720.121",8,1,AKKADIAN,BE-ma,BE-ma,['šumma I'],['CANONICAL ➝ Divination ➝ Celestial'],,
1,"1848,0720.121",8,2,AKKADIAN,AN.GE₆,AN.GE₆,['antalû I'],['CANONICAL ➝ Divination ➝ Celestial'],,
2,"1848,0720.121",9,1,AKKADIAN,ŠEŠ,ŠEŠ,[],['CANONICAL ➝ Divination ➝ Celestial'],,
3,"1848,0720.121",9,2,AKKADIAN,ŠEŠ-šu₂,ŠEŠ-šu₂,[],['CANONICAL ➝ Divination ➝ Celestial'],,
4,"1848,0720.121",9,3,AKKADIAN,GU₇,GU₇,['akālu I'],['CANONICAL ➝ Divination ➝ Celestial'],,
5,"1848,0720.121",10,0,AKKADIAN,DIŠ,DIŠ,[],['CANONICAL ➝ Divination ➝ Celestial'],,
6,"1848,0720.121",10,1,AKKADIAN,U₄.15.KAM₂,U₄.15.KAM₂,['šapattu I'],['CANONICAL ➝ Divination ➝ Celestial'],,
7,"1848,0720.121",10,2,AKKADIAN,AN.GE₆,AN.GE₆,['antalû I'],['CANONICAL ➝ Divination ➝ Celestial'],,
8,"1848,0720.121",10,3,AKKADIAN,GAR,GAR,[],['CANONICAL ➝ Divination ➝ Celestial'],,
9,"1848,0720.121",11,1,AKKADIAN,HI.GAR,HI.GAR,[],['CANONICAL ➝ Divination ➝ Celestial'],,
10,"1848,0720.121",11,2,AKKADIAN,ana,ana,['ana I'],['CANONICAL ➝ Divination ➝ Celestial'],,
11,"1848,0720.121",11,3,AKKADIAN,LUGAL,LUGAL,['šarru I'],['CANONICAL ➝ Divination ➝ Celestial'],,
12,"1848,0720.121",11,4,AKKADIAN,u,u,['u I'],['CANONICAL ➝ Divination ➝ Celestial'],,
13,"1848,0720.121",12,0,AKKADIAN,DIŠ,DIŠ,[],['CANONICAL ➝ Divination ➝ Celestial'],,
14,"1848,0720.121",12,1,AKKADIAN,U₄.15.KAM₂,U₄.15.KAM₂,['šapattu I'],['CANONICAL ➝ Divination ➝ Celestial'],,
15,"1848,0720.121",12,2,AKKADIAN,AN.GE₆,AN.GE₆,['antalû I'],['CANONICAL ➝ Divination ➝ Celestial'],,
16,"1848,0720.121",12,3,AKKADIAN,GAR,GAR,[],['CANONICAL ➝ Divination ➝ Celestial'],,
17,"1848,0720.121",13,1,AKKADIAN,KIMIN,KIMIN,[],['CANONICAL ➝ Divination ➝ Celestial'],,
18,"1848,0720.121",14,0,AKKADIAN,DIŠ,DIŠ,[],['CANONICAL ➝ Divination ➝ Celestial'],,
19,"1848,0720.121",14,1,AKKADIAN,U₄.16.KAM₂,U₄.16.KAM₂,[],['CANONICAL ➝ Divination ➝ Celestial'],,
20,"1848,0720.121",14,2,AKKADIAN,AN.GE₆,AN.GE₆,['antalû I'],['CANONICAL ➝ Divination ➝ Celestial'],,
21,"1848,0720.121",14,3,AKKADIAN,GAR,GAR,[],['CANONICAL ➝ Divination ➝ Celestial'],,
22,"1848,0720.121",14,4,AKKADIAN,DUMU,DUMU,['māru I'],['CANONICAL ➝ Divination ➝ Celestial'],,
23,"1848,0720.121",14,5,AKKADIAN,LUGAL,LUGAL,['šarru I'],['CANONICAL ➝ Divination ➝ Celestial'],,
24,"1848,0720.121",15,1,AKKADIAN,LUGAL,LUGAL,['šarru I'],['CANONICAL ➝ Divination ➝ Celestial'],,
25,"1848,0720.121",15,2,AKKADIAN,KUR,KUR,[],['CANONICAL ➝ Divination ➝ Celestial'],,
26,"1848,0720.121",15,3,AKKADIAN,ZAH₂,ZAH₂,['halāqu I'],['CANONICAL ➝ Divination ➝ Celestial'],,
27,"1848,0720.121",15,4,AKKADIAN,ana,ana,['ana I'],['CANONICAL ➝ Divination ➝ Celestial'],,
28,"1848,0720.121",15,5,AKKADIAN,KUR,KUR,[],['CANONICAL ➝ Divination ➝ Celestial'],,
29,"1848,0720.121",15,6,AKKADIAN,TUŠ,TUŠ,['ašābu I'],['CANONICAL ➝ Divination ➝ Celestial'],,
30,"1848,0720.121",17,1,AKKADIAN,U₄.17.KAM₂,U₄.17.KAM₂,[],['CANONICAL ➝ Divination ➝ Celestial'],,
31,"1848,0720.121",22,1,AKKADIAN,ši,ši,[],['CANONICAL ➝ Divination ➝ Celestial'],,
