,fragment_id,fragment_line_num,index_in_line,word_language,value,clean_value,lemma,domain,place_discovery,place_composition
0,"1879,0708.33",6,3,AKKADIAN,ar₂-na,ar₂-na,['arnu I'],"['CANONICAL ➝ Literature ➝ Hymns ➝ Divine ➝ Kiutu', 'CANONICAL ➝ Magic ➝ Purification ➝ Bīt rimki']",,
1,"1879,0708.33",9,2,SUMERIAN,la₂,la₂,[],"['CANONICAL ➝ Literature ➝ Hymns ➝ Divine ➝ Kiutu', 'CANONICAL ➝ Magic ➝ Purification ➝ Bīt rimki']",,
2,"1879,0708.33",9,3,SUMERIAN,šu,šu,[],"['CANONICAL ➝ Literature ➝ Hymns ➝ Divine ➝ Kiutu', 'CANONICAL ➝ Magic ➝ Purification ➝ Bīt rimki']",,
3,"1879,0708.33",9,4,SUMERIAN,bar-re-da,bar-re-da,[],"['CANONICAL ➝ Literature ➝ Hymns ➝ Divine ➝ Kiutu', 'CANONICAL ➝ Magic ➝ Purification ➝ Bīt rimki']",,
4,"1879,0708.33",9,6,SUMERIAN,ti-le-de₃,ti-le-de₃,[],"['CANONICAL ➝ Literature ➝ Hymns ➝ Divine ➝ Kiutu', 'CANONICAL ➝ Magic ➝ Purification ➝ Bīt rimki']",,
5,"1879,0708.33",9,7,SUMERIAN,za-e-da,za-e-da,[],"['CANONICAL ➝ Literature ➝ Hymns ➝ Divine ➝ Kiutu', 'CANONICAL ➝ Magic ➝ Purification ➝ Bīt rimki']",,
6,"1879,0708.33",10,2,AKKADIAN,uš-šu₂-ru,uš-šu₂-ru,[],"['CANONICAL ➝ Literature ➝ Hymns ➝ Divine ➝ Kiutu', 'CANONICAL ➝ Magic ➝ Purification ➝ Bīt rimki']",,
7,"1879,0708.33",10,4,AKKADIAN,bul-lu-ṭu,bul-lu-ṭu,['balāṭu II'],"['CANONICAL ➝ Literature ➝ Hymns ➝ Divine ➝ Kiutu', 'CANONICAL ➝ Magic ➝ Purification ➝ Bīt rimki']",,
8,"1879,0708.33",10,5,AKKADIAN,it-ti-ka,it-ti-ka,['itti I'],"['CANONICAL ➝ Literature ➝ Hymns ➝ Divine ➝ Kiutu', 'CANONICAL ➝ Magic ➝ Purification ➝ Bīt rimki']",,
9,"1879,0708.33",13,2,SUMERIAN,lu₂-u₁₈-lu,lu₂-u₁₈-lu,[],"['CANONICAL ➝ Literature ➝ Hymns ➝ Divine ➝ Kiutu', 'CANONICAL ➝ Magic ➝ Purification ➝ Bīt rimki']",,
10,"1879,0708.33",13,4,SUMERIAN,šu-bar-zi,šu-bar-zi,[],"['CANONICAL ➝ Literature ➝ Hymns ➝ Divine ➝ Kiutu', 'CANONICAL ➝ Magic ➝ Purification ➝ Bīt rimki']",,
11,"1879,0708.33",13,5,SUMERIAN,ak-de₃,ak-de₃,[],"['CANONICAL ➝ Literature ➝ Hymns ➝ Divine ➝ Kiutu', 'CANONICAL ➝ Magic ➝ Purification ➝ Bīt rimki']",,
12,"1879,0708.33",13,6,SUMERIAN,nam-ti-la,nam-ti-la,[],"['CANONICAL ➝ Literature ➝ Hymns ➝ Divine ➝ Kiutu', 'CANONICAL ➝ Magic ➝ Purification ➝ Bīt rimki']",,
13,"1879,0708.33",13,7,SUMERIAN,sun₅-na,sun₅-na,[],"['CANONICAL ➝ Literature ➝ Hymns ➝ Divine ➝ Kiutu', 'CANONICAL ➝ Magic ➝ Purification ➝ Bīt rimki']",,
14,"1879,0708.33",14,2,AKKADIAN,LU₂,LU₂,['awīlu I'],"['CANONICAL ➝ Literature ➝ Hymns ➝ Divine ➝ Kiutu', 'CANONICAL ➝ Magic ➝ Purification ➝ Bīt rimki']",,
15,"1879,0708.33",14,3,AKKADIAN,aš-šu,aš-šu,['aššu I'],"['CANONICAL ➝ Literature ➝ Hymns ➝ Divine ➝ Kiutu', 'CANONICAL ➝ Magic ➝ Purification ➝ Bīt rimki']",,
16,"1879,0708.33",14,5,AKKADIAN,bul-lu-ṭi,bul-lu-ṭi,['balāṭu II'],"['CANONICAL ➝ Literature ➝ Hymns ➝ Divine ➝ Kiutu', 'CANONICAL ➝ Magic ➝ Purification ➝ Bīt rimki']",,
17,"1879,0708.33",14,6,AKKADIAN,ka-a-ša₂,ka-a-ša₂,['kâšim I'],"['CANONICAL ➝ Literature ➝ Hymns ➝ Divine ➝ Kiutu', 'CANONICAL ➝ Magic ➝ Purification ➝ Bīt rimki']",,
18,"1879,0708.33",14,7,AKKADIAN,aš₂-riš,aš₂-riš,['ašriš I'],"['CANONICAL ➝ Literature ➝ Hymns ➝ Divine ➝ Kiutu', 'CANONICAL ➝ Magic ➝ Purification ➝ Bīt rimki']",,
