,fragment_id,fragment_line_num,index_in_line,word_language,value,clean_value,lemma,domain,place_discovery,place_composition
0,"1879,0708.42",1,1,AKKADIAN,diš,diš,[],"['CANONICAL ➝ Divination ➝ Celestial', 'CANONICAL ➝ Technical ➝ Commentary']",,
1,"1879,0708.42",1,2,AKKADIAN,dir,dir,[],"['CANONICAL ➝ Divination ➝ Celestial', 'CANONICAL ➝ Technical ➝ Commentary']",,
2,"1879,0708.42",1,3,AKKADIAN,igi,igi,[],"['CANONICAL ➝ Divination ➝ Celestial', 'CANONICAL ➝ Technical ➝ Commentary']",,
3,"1879,0708.42",1,7,AKKADIAN,{d}e₂-a,{d}e₂-a,[],"['CANONICAL ➝ Divination ➝ Celestial', 'CANONICAL ➝ Technical ➝ Commentary']",,
4,"1879,0708.42",1,8,AKKADIAN,GAR,GAR,[],"['CANONICAL ➝ Divination ➝ Celestial', 'CANONICAL ➝ Technical ➝ Commentary']",,
5,"1879,0708.42",2,2,AKKADIAN,ina,ina,[],"['CANONICAL ➝ Divination ➝ Celestial', 'CANONICAL ➝ Technical ➝ Commentary']",,
6,"1879,0708.42",2,3,AKKADIAN,ŠA₃-šu₂,ŠA₃-šu₂,[],"['CANONICAL ➝ Divination ➝ Celestial', 'CANONICAL ➝ Technical ➝ Commentary']",,
7,"1879,0708.42",2,4,AKKADIAN,GUB-ma,GUB-ma,[],"['CANONICAL ➝ Divination ➝ Celestial', 'CANONICAL ➝ Technical ➝ Commentary']",,
8,"1879,0708.42",2,6,AKKADIAN,IGI-šu₂,IGI-šu₂,[],"['CANONICAL ➝ Divination ➝ Celestial', 'CANONICAL ➝ Technical ➝ Commentary']",,
9,"1879,0708.42",3,1,AKKADIAN,KI.GUB-šu₂,KI.GUB-šu₂,[],"['CANONICAL ➝ Divination ➝ Celestial', 'CANONICAL ➝ Technical ➝ Commentary']",,
10,"1879,0708.42",3,2,AKKADIAN,⅔,⅔,[],"['CANONICAL ➝ Divination ➝ Celestial', 'CANONICAL ➝ Technical ➝ Commentary']",,
11,"1879,0708.42",3,3,AKKADIAN,DANNA,DANNA,[],"['CANONICAL ➝ Divination ➝ Celestial', 'CANONICAL ➝ Technical ➝ Commentary']",,
12,"1879,0708.42",3,4,AKKADIAN,5,5,[],"['CANONICAL ➝ Divination ➝ Celestial', 'CANONICAL ➝ Technical ➝ Commentary']",,
13,"1879,0708.42",3,5,AKKADIAN,UŠ,UŠ,[],"['CANONICAL ➝ Divination ➝ Celestial', 'CANONICAL ➝ Technical ➝ Commentary']",,
14,"1879,0708.42",3,6,AKKADIAN,TAB-ma,TAB-ma,[],"['CANONICAL ➝ Divination ➝ Celestial', 'CANONICAL ➝ Technical ➝ Commentary']",,
15,"1879,0708.42",3,7,AKKADIAN,⅔,⅔,[],"['CANONICAL ➝ Divination ➝ Celestial', 'CANONICAL ➝ Technical ➝ Commentary']",,
16,"1879,0708.42",3,8,AKKADIAN,DANNA,DANNA,[],"['CANONICAL ➝ Divination ➝ Celestial', 'CANONICAL ➝ Technical ➝ Commentary']",,
17,"1879,0708.42",3,9,AKKADIAN,5,5,[],"['CANONICAL ➝ Divination ➝ Celestial', 'CANONICAL ➝ Technical ➝ Commentary']",,
18,"1879,0708.42",3,10,AKKADIAN,UŠ,UŠ,[],"['CANONICAL ➝ Divination ➝ Celestial', 'CANONICAL ➝ Technical ➝ Commentary']",,
19,"1879,0708.42",3,11,AKKADIAN,U₅,U₅,[],"['CANONICAL ➝ Divination ➝ Celestial', 'CANONICAL ➝ Technical ➝ Commentary']",,
20,"1879,0708.42",4,2,AKKADIAN,{d}ne₂-bi-ru₃,{d}ne₂-bi-ru₃,[],"['CANONICAL ➝ Divination ➝ Celestial', 'CANONICAL ➝ Technical ➝ Commentary']",,
21,"1879,0708.42",4,4,AKKADIAN,{d}ṣal-bat-a-nu,{d}ṣal-bat-a-nu,[],"['CANONICAL ➝ Divination ➝ Celestial', 'CANONICAL ➝ Technical ➝ Commentary']",,
22,"1879,0708.42",4,7,AKKADIAN,GUB,GUB,[],"['CANONICAL ➝ Divination ➝ Celestial', 'CANONICAL ➝ Technical ➝ Commentary']",,
23,"1879,0708.42",5,3,AKKADIAN,ina,ina,[],"['CANONICAL ➝ Divination ➝ Celestial', 'CANONICAL ➝ Technical ➝ Commentary']",,
24,"1879,0708.42",5,4,AKKADIAN,{d}UTU.ŠU₂.A,{d}UTU.ŠU₂.A,[],"['CANONICAL ➝ Divination ➝ Celestial', 'CANONICAL ➝ Technical ➝ Commentary']",,
25,"1879,0708.42",5,7,AKKADIAN,BI,BI,[],"['CANONICAL ➝ Divination ➝ Celestial', 'CANONICAL ➝ Technical ➝ Commentary']",,
26,"1879,0708.42",5,8,AKKADIAN,1,1,[],"['CANONICAL ➝ Divination ➝ Celestial', 'CANONICAL ➝ Technical ➝ Commentary']",,
27,"1879,0708.42",5,9,AKKADIAN,DANNA,DANNA,[],"['CANONICAL ➝ Divination ➝ Celestial', 'CANONICAL ➝ Technical ➝ Commentary']",,
28,"1879,0708.42",5,10,AKKADIAN,i-šaq-qam-ma,i-šaq-qam-ma,[],"['CANONICAL ➝ Divination ➝ Celestial', 'CANONICAL ➝ Technical ➝ Commentary']",,
29,"1879,0708.42",6,1,AKKADIAN,A.ŠA₃,A.ŠA₃,[],"['CANONICAL ➝ Divination ➝ Celestial', 'CANONICAL ➝ Technical ➝ Commentary']",,
30,"1879,0708.42",6,2,AKKADIAN,A.GAR₃,A.GAR₃,[],"['CANONICAL ➝ Divination ➝ Celestial', 'CANONICAL ➝ Technical ➝ Commentary']",,
31,"1879,0708.42",8,1,AKKADIAN,IM-MEŠ,IM-MEŠ,[],"['CANONICAL ➝ Divination ➝ Celestial', 'CANONICAL ➝ Technical ➝ Commentary']",,
32,"1879,0708.42",8,2,AKKADIAN,IGI,IGI,[],"['CANONICAL ➝ Divination ➝ Celestial', 'CANONICAL ➝ Technical ➝ Commentary']",,
