,fragment_id,fragment_line_num,index_in_line,word_language,value,clean_value,lemma,domain,place_discovery,place_composition
0,"1880,0719.125",1,2,EMESAL,nibru{ki}-na,nibru{ki}-na,[],['CANONICAL ➝ Literature ➝ Lamentations ➝ Balaĝ'],,
1,"1880,0719.125",2,2,EMESAL,e₂-kur-ra,e₂-kur-ra,[],['CANONICAL ➝ Literature ➝ Lamentations ➝ Balaĝ'],,
2,"1880,0719.125",3,1,EMESAL,ki-ur₃,ki-ur₃,[],['CANONICAL ➝ Literature ➝ Lamentations ➝ Balaĝ'],,
3,"1880,0719.125",3,2,EMESAL,ki,ki,[],['CANONICAL ➝ Literature ➝ Lamentations ➝ Balaĝ'],,
4,"1880,0719.125",3,3,EMESAL,gal-la,gal-la,[],['CANONICAL ➝ Literature ➝ Lamentations ➝ Balaĝ'],,
5,"1880,0719.125",4,1,EMESAL,eš₃,eš₃,[],['CANONICAL ➝ Literature ➝ Lamentations ➝ Balaĝ'],,
6,"1880,0719.125",4,2,EMESAL,e₂-nam-ti-la,e₂-nam-ti-la,[],['CANONICAL ➝ Literature ➝ Lamentations ➝ Balaĝ'],,
7,"1880,0719.125",5,1,EMESAL,še-eb,še-eb,[],['CANONICAL ➝ Literature ➝ Lamentations ➝ Balaĝ'],,
8,"1880,0719.125",5,2,EMESAL,zimbir{ki},zimbir{ki},[],['CANONICAL ➝ Literature ➝ Lamentations ➝ Balaĝ'],,
9,"1880,0719.125",6,1,EMESAL,eš₃,eš₃,[],['CANONICAL ➝ Literature ➝ Lamentations ➝ Balaĝ'],,
10,"1880,0719.125",6,2,EMESAL,e₂-babbar-ra,e₂-babbar-ra,[],['CANONICAL ➝ Literature ➝ Lamentations ➝ Balaĝ'],,
11,"1880,0719.125",7,1,EMESAL,še-eb,še-eb,[],['CANONICAL ➝ Literature ➝ Lamentations ➝ Balaĝ'],,
12,"1880,0719.125",7,2,EMESAL,tin-tir{ki},tin-tir{ki},[],['CANONICAL ➝ Literature ➝ Lamentations ➝ Balaĝ'],,
13,"1880,0719.125",8,1,EMESAL,še-eb,še-eb,[],['CANONICAL ➝ Literature ➝ Lamentations ➝ Balaĝ'],,
14,"1880,0719.125",8,2,EMESAL,e₂-sag-il₂-la,e₂-sag-il₂-la,[],['CANONICAL ➝ Literature ➝ Lamentations ➝ Balaĝ'],,
15,"1880,0719.125",9,1,EMESAL,še-eb,še-eb,[],['CANONICAL ➝ Literature ➝ Lamentations ➝ Balaĝ'],,
16,"1880,0719.125",9,2,EMESAL,bad₃-si-ab-ba{ki},bad₃-si-ab-ba{ki},[],['CANONICAL ➝ Literature ➝ Lamentations ➝ Balaĝ'],,
17,"1880,0719.125",10,1,EMESAL,še-eb,še-eb,[],['CANONICAL ➝ Literature ➝ Lamentations ➝ Balaĝ'],,
18,"1880,0719.125",10,2,EMESAL,e₂-zi-da,e₂-zi-da,[],['CANONICAL ➝ Literature ➝ Lamentations ➝ Balaĝ'],,
19,"1880,0719.125",11,1,EMESAL,eš₃,eš₃,[],['CANONICAL ➝ Literature ➝ Lamentations ➝ Balaĝ'],,
20,"1880,0719.125",11,2,EMESAL,e₂-mah-ti-la,e₂-mah-ti-la,[],['CANONICAL ➝ Literature ➝ Lamentations ➝ Balaĝ'],,
21,"1880,0719.125",12,1,EMESAL,e₂-te-me-an-ki,e₂-te-me-an-ki,[],['CANONICAL ➝ Literature ➝ Lamentations ➝ Balaĝ'],,
22,"1880,0719.125",13,1,EMESAL,e₂-dara₃-an-na,e₂-dara₃-an-na,[],['CANONICAL ➝ Literature ➝ Lamentations ➝ Balaĝ'],,
23,"1880,0719.125",14,1,EMESAL,še-eb,še-eb,[],['CANONICAL ➝ Literature ➝ Lamentations ➝ Balaĝ'],,
24,"1880,0719.125",14,2,EMESAL,e₂-u₄-gal-gal-la,e₂-u₄-gal-gal-la,[],['CANONICAL ➝ Literature ➝ Lamentations ➝ Balaĝ'],,
25,"1880,0719.125",15,1,EMESAL,eš₃,eš₃,[],['CANONICAL ➝ Literature ➝ Lamentations ➝ Balaĝ'],,
26,"1880,0719.125",15,2,EMESAL,e₂-nam-he₂-a,e₂-nam-he₂-a,[],['CANONICAL ➝ Literature ➝ Lamentations ➝ Balaĝ'],,
27,"1880,0719.125",16,1,EMESAL,eš₃,eš₃,[],['CANONICAL ➝ Literature ➝ Lamentations ➝ Balaĝ'],,
28,"1880,0719.125",16,2,EMESAL,e₂-pa₃-da,e₂-pa₃-da,[],['CANONICAL ➝ Literature ➝ Lamentations ➝ Balaĝ'],,
29,"1880,0719.125",17,1,EMESAL,eš₃,eš₃,[],['CANONICAL ➝ Literature ➝ Lamentations ➝ Balaĝ'],,
30,"1880,0719.125",17,2,EMESAL,e₂-ut-ta-aš,e₂-ut-ta-aš,[],['CANONICAL ➝ Literature ➝ Lamentations ➝ Balaĝ'],,
31,"1880,0719.125",18,1,EMESAL,e₂-he₂-nun-na,e₂-he₂-nun-na,[],['CANONICAL ➝ Literature ➝ Lamentations ➝ Balaĝ'],,
32,"1880,0719.125",22,1,EMESAL,bur-gal,bur-gal,[],['CANONICAL ➝ Literature ➝ Lamentations ➝ Balaĝ'],,
33,"1880,0719.125",22,2,EMESAL,unu₂,unu₂,[],['CANONICAL ➝ Literature ➝ Lamentations ➝ Balaĝ'],,
34,"1880,0719.125",22,3,EMESAL,gal-bi,gal-bi,[],['CANONICAL ➝ Literature ➝ Lamentations ➝ Balaĝ'],,
35,"1880,0719.125",22,4,EMESAL,ir-si-im,ir-si-im,[],['CANONICAL ➝ Literature ➝ Lamentations ➝ Balaĝ'],,
36,"1880,0719.125",22,5,EMESAL,nu-ur₅-re,nu-ur₅-re,[],['CANONICAL ➝ Literature ➝ Lamentations ➝ Balaĝ'],,
37,"1880,0719.125",23,1,AKKADIAN,ina,ina,['ina I'],['CANONICAL ➝ Literature ➝ Lamentations ➝ Balaĝ'],,
38,"1880,0719.125",23,2,AKKADIAN,pu-ur,pu-ur,['pūru I'],['CANONICAL ➝ Literature ➝ Lamentations ➝ Balaĝ'],,
39,"1880,0719.125",23,3,AKKADIAN,ma-ka-li-šu₂,ma-ka-li-šu₂,['mākālu I'],['CANONICAL ➝ Literature ➝ Lamentations ➝ Balaĝ'],,
40,"1880,0719.125",23,4,AKKADIAN,rab-bu-ti,rab-bu-ti,['rabbû I'],['CANONICAL ➝ Literature ➝ Lamentations ➝ Balaĝ'],,
41,"1880,0719.125",23,5,AKKADIAN,e-re-ši,e-re-ši,[],['CANONICAL ➝ Literature ➝ Lamentations ➝ Balaĝ'],,
42,"1880,0719.125",23,6,AKKADIAN,ul,ul,[],['CANONICAL ➝ Literature ➝ Lamentations ➝ Balaĝ'],,
43,"1880,0719.125",23,7,AKKADIAN,in-ni-ṣi-in,in-ni-ṣi-in,[],['CANONICAL ➝ Literature ➝ Lamentations ➝ Balaĝ'],,
44,"1880,0719.125",24,1,EMESAL,umun,umun,[],['CANONICAL ➝ Literature ➝ Lamentations ➝ Balaĝ'],,
45,"1880,0719.125",24,2,EMESAL,gal-gal-la-e,gal-gal-la-e,[],['CANONICAL ➝ Literature ➝ Lamentations ➝ Balaĝ'],,
46,"1880,0719.125",24,3,EMESAL,ša₃-bi-a,ša₃-bi-a,[],['CANONICAL ➝ Literature ➝ Lamentations ➝ Balaĝ'],,
47,"1880,0719.125",24,4,EMESAL,nu-un-ti,nu-un-ti,[],['CANONICAL ➝ Literature ➝ Lamentations ➝ Balaĝ'],,
48,"1880,0719.125",25,1,AKKADIAN,be-lu₄,be-lu₄,['bēlu I'],['CANONICAL ➝ Literature ➝ Lamentations ➝ Balaĝ'],,
49,"1880,0719.125",25,2,AKKADIAN,ša₂,ša₂,['ša I'],['CANONICAL ➝ Literature ➝ Lamentations ➝ Balaĝ'],,
50,"1880,0719.125",25,3,AKKADIAN,ra-ba-ti,ra-ba-ti,['rabû I'],['CANONICAL ➝ Literature ➝ Lamentations ➝ Balaĝ'],,
51,"1880,0719.125",25,4,AKKADIAN,ina,ina,['ina I'],['CANONICAL ➝ Literature ➝ Lamentations ➝ Balaĝ'],,
52,"1880,0719.125",25,5,AKKADIAN,lib₃-bi-šu₂,lib₃-bi-šu₂,[],['CANONICAL ➝ Literature ➝ Lamentations ➝ Balaĝ'],,
53,"1880,0719.125",25,6,AKKADIAN,ul,ul,[],['CANONICAL ➝ Literature ➝ Lamentations ➝ Balaĝ'],,
54,"1880,0719.125",25,7,AKKADIAN,a-šib,a-šib,['ašābu I'],['CANONICAL ➝ Literature ➝ Lamentations ➝ Balaĝ'],,
55,"1880,0719.125",26,1,EMESAL,ur-sag,ur-sag,[],['CANONICAL ➝ Literature ➝ Lamentations ➝ Balaĝ'],,
56,"1880,0719.125",26,2,EMESAL,šul,šul,[],['CANONICAL ➝ Literature ➝ Lamentations ➝ Balaĝ'],,
57,"1880,0719.125",26,3,EMESAL,{d}utu,{d}utu,[],['CANONICAL ➝ Literature ➝ Lamentations ➝ Balaĝ'],,
58,"1880,0719.125",26,5,EMESAL,bara₂-ga,bara₂-ga,[],['CANONICAL ➝ Literature ➝ Lamentations ➝ Balaĝ'],,
59,"1880,0719.125",26,6,EMESAL,nu-un-da-re-eš,nu-un-da-re-eš,[],['CANONICAL ➝ Literature ➝ Lamentations ➝ Balaĝ'],,
60,"1880,0719.125",27,3,AKKADIAN,ir-me,ir-me,[],['CANONICAL ➝ Literature ➝ Lamentations ➝ Balaĝ'],,
61,"1880,0719.125",28,1,EMESAL,umun,umun,[],['CANONICAL ➝ Literature ➝ Lamentations ➝ Balaĝ'],,
62,"1880,0719.125",28,2,EMESAL,di-ku₅-ku₅-da,di-ku₅-ku₅-da,[],['CANONICAL ➝ Literature ➝ Lamentations ➝ Balaĝ'],,
63,"1880,0719.125",29,1,AKKADIAN,be-lu₄,be-lu₄,['bēlu I'],['CANONICAL ➝ Literature ➝ Lamentations ➝ Balaĝ'],,
64,"1880,0719.125",30,1,EMESAL,{d}iškur,{d}iškur,[],['CANONICAL ➝ Literature ➝ Lamentations ➝ Balaĝ'],,
65,"1880,0719.125",32,1,EMESAL,nun,nun,[],['CANONICAL ➝ Literature ➝ Lamentations ➝ Balaĝ'],,
