,fragment_id,fragment_line_num,index_in_line,word_language,value,clean_value,lemma,domain,place_discovery,place_composition
0,"1880,0719.285",3,3,AKKADIAN,ina,ina,['ina I'],[],,
1,"1880,0719.285",4,1,AKKADIAN,ŠUB,ŠUB,[],[],,
2,"1880,0719.285",5,2,AKKADIAN,ŠUB,ŠUB,[],[],,
3,"1880,0719.285",6,1,AKKADIAN,MIN,MIN,[],[],,
4,"1880,0719.285",6,3,AKKADIAN,ZI-ut,ZI-ut,['tibûtu I'],[],,
5,"1880,0719.285",7,1,AKKADIAN,MIN,MIN,[],[],,
6,"1880,0719.285",7,3,AKKADIAN,MU.3.KAM@v,MU.3.KAM@v,[],[],,
7,"1880,0719.285",8,1,AKKADIAN,MIN,MIN,[],[],,
8,"1880,0719.285",8,3,AKKADIAN,ILLU,ILLU,['mīlu I'],[],,
9,"1880,0719.285",10,2,AKKADIAN,ŠUB,ŠUB,[],[],,
10,"1880,0719.285",10,4,AKKADIAN,BURU₄,BURU₄,['ebūru I'],[],,
11,"1880,0719.285",11,2,AKKADIAN,ŠUB,ŠUB,[],[],,
12,"1880,0719.285",12,2,AKKADIAN,ŠUB,ŠUB,[],[],,
13,"1880,0719.285",12,4,AKKADIAN,AN,AN,[],[],,
14,"1880,0719.285",13,2,AKKADIAN,ŠUB,ŠUB,[],[],,
15,"1880,0719.285",14,1,AKKADIAN,ŠUB,ŠUB,[],[],,
16,"1880,0719.285",17,1,AKKADIAN,ina,ina,['ina I'],[],,
17,"1880,0719.285",17,2,AKKADIAN,ŠA₃,ŠA₃,['libbu I'],[],,
18,"1880,0719.285",18,1,AKKADIAN,AŠ,AŠ,[],[],,
19,"1880,0719.285",18,2,AKKADIAN,MEŠ,MEŠ,[],[],,
20,"1880,0719.285",19,2,AKKADIAN,U₂.GIR₂,U₂.GIR₂,[],[],,
21,"1880,0719.285",19,3,AKKADIAN,DIRI-MEŠ,DIRI-MEŠ,['malû IV'],[],,
22,"1880,0719.285",19,4,AKKADIAN,ina,ina,['ina I'],[],,
23,"1880,0719.285",19,5,AKKADIAN,ŠA₃,ŠA₃,['libbu I'],[],,
24,"1880,0719.285",20,1,AKKADIAN,7,7,['sebe I'],[],,
25,"1880,0719.285",20,2,AKKADIAN,MU.MEŠ,MU.MEŠ,['šattu I'],[],,
26,"1880,0719.285",20,3,AKKADIAN,BURU₁₄,BURU₁₄,['ebūru I'],[],,
27,"1880,0719.285",20,4,AKKADIAN,SI.SA₂,SI.SA₂,['ešēru I'],[],,
28,"1880,0719.285",21,2,AKKADIAN,U₂.GIR₂,U₂.GIR₂,[],[],,
29,"1880,0719.285",21,3,AKKADIAN,DIRI-MEŠ,DIRI-MEŠ,['malû IV'],[],,
30,"1880,0719.285",21,4,AKKADIAN,ina,ina,['ina I'],[],,
31,"1880,0719.285",21,5,AKKADIAN,ŠA₃,ŠA₃,['libbu I'],[],,
32,"1880,0719.285",21,6,AKKADIAN,AN,AN,[],[],,
33,"1880,0719.285",22,1,AKKADIAN,7,7,['sebe I'],[],,
34,"1880,0719.285",22,2,AKKADIAN,MU.MEŠ,MU.MEŠ,['šattu I'],[],,
35,"1880,0719.285",22,3,AKKADIAN,BURU₁₄,BURU₁₄,['ebūru I'],[],,
36,"1880,0719.285",22,4,AKKADIAN,SI.SA₂,SI.SA₂,['ešēru I'],[],,
37,"1880,0719.285",22,5,AKKADIAN,DIGIR-MEŠ,DIGIR-MEŠ,['ilu I'],[],,
38,"1880,0719.285",24,2,AKKADIAN,SI,SI,[],[],,
39,"1880,0719.285",24,3,AKKADIAN,KUR,KUR,[],[],,
40,"1880,0719.285",24,4,AKKADIAN,GAR,GAR,[],[],,
