,fragment_id,fragment_line_num,index_in_line,word_language,value,clean_value,lemma,domain,place_discovery,place_composition
0,"1880,0719.153",1,2,AKKADIAN,um-ma,um-ma,['umma I'],['ARCHIVAL ➝ Letter'],,
1,"1880,0719.153",1,3,AKKADIAN,aš₂-ša₂,aš₂-ša₂,['ašša I'],['ARCHIVAL ➝ Letter'],,
2,"1880,0719.153",2,2,AKKADIAN,a-na,a-na,['ana I'],['ARCHIVAL ➝ Letter'],,
3,"1880,0719.153",3,1,AKKADIAN,{lu₂}A-šip-ri-šu₂,{lu₂}A-šip-ri-šu₂,"['māru I', 'šipru I']",['ARCHIVAL ➝ Letter'],,
4,"1880,0719.153",4,1,AKKADIAN,i-bu-kam@v-ma,i-bu-kam@v-ma,['abāku I'],['ARCHIVAL ➝ Letter'],,
5,"1880,0719.153",4,2,AKKADIAN,a-ha-miš,a-ha-miš,['ahāmiš I'],['ARCHIVAL ➝ Letter'],,
6,"1880,0719.153",5,2,AKKADIAN,šu-u₂,šu-u₂,['šū I'],['ARCHIVAL ➝ Letter'],,
7,"1880,0719.153",6,2,AKKADIAN,ša₂,ša₂,['ša I'],['ARCHIVAL ➝ Letter'],,
8,"1880,0719.153",7,1,AKKADIAN,{m}um-man-ni-gaš,{m}um-man-ni-gaš,[],['ARCHIVAL ➝ Letter'],,
9,"1880,0719.153",7,2,AKKADIAN,a,a,[],['ARCHIVAL ➝ Letter'],,
10,"1880,0719.153",9,1,AKKADIAN,ina,ina,[],['ARCHIVAL ➝ Letter'],,
11,"1880,0719.153",9,2,AKKADIAN,E₂,E₂,[],['ARCHIVAL ➝ Letter'],,
12,"1880,0719.153",9,4,AKKADIAN,u,u,[],['ARCHIVAL ➝ Letter'],,
13,"1880,0719.153",9,5,AKKADIAN,ki,ki,[],['ARCHIVAL ➝ Letter'],,
14,"1880,0719.153",10,2,AKKADIAN,ki-i,ki-i,['kī I'],['ARCHIVAL ➝ Letter'],,
15,"1880,0719.153",11,2,AKKADIAN,a-na,a-na,['ana I'],['ARCHIVAL ➝ Letter'],,
16,"1880,0719.153",16,2,AKKADIAN,šu,šu,[],['ARCHIVAL ➝ Letter'],,
