,fragment_id,fragment_line_num,index_in_line,word_language,value,clean_value,lemma,domain,place_discovery,place_composition
0,"1879,0708.97",1,0,AKKADIAN,BE,BE,[],['CANONICAL ➝ Divination ➝ Extispicy'],,
1,"1879,0708.97",3,0,AKKADIAN,BE,BE,[],['CANONICAL ➝ Divination ➝ Extispicy'],,
2,"1879,0708.97",4,0,AKKADIAN,BE,BE,[],['CANONICAL ➝ Divination ➝ Extispicy'],,
3,"1879,0708.97",5,0,AKKADIAN,BE,BE,[],['CANONICAL ➝ Divination ➝ Extispicy'],,
4,"1879,0708.97",6,0,AKKADIAN,BE,BE,[],['CANONICAL ➝ Divination ➝ Extispicy'],,
5,"1879,0708.97",9,0,AKKADIAN,BE,BE,[],['CANONICAL ➝ Divination ➝ Extispicy'],,
6,"1879,0708.97",10,0,AKKADIAN,BE,BE,[],['CANONICAL ➝ Divination ➝ Extispicy'],,
7,"1879,0708.97",10,1,AKKADIAN,BI.RI,BI.RI,[],['CANONICAL ➝ Divination ➝ Extispicy'],,
8,"1879,0708.97",11,0,AKKADIAN,BE,BE,[],['CANONICAL ➝ Divination ➝ Extispicy'],,
9,"1879,0708.97",11,1,AKKADIAN,BI.RI,BI.RI,[],['CANONICAL ➝ Divination ➝ Extispicy'],,
10,"1879,0708.97",11,2,AKKADIAN,UGU,UGU,[],['CANONICAL ➝ Divination ➝ Extispicy'],,
11,"1879,0708.97",12,1,AKKADIAN,LUGAL,LUGAL,[],['CANONICAL ➝ Divination ➝ Extispicy'],,
12,"1879,0708.97",12,2,AKKADIAN,LUGAL,LUGAL,[],['CANONICAL ➝ Divination ➝ Extispicy'],,
13,"1879,0708.97",13,0,AKKADIAN,BE,BE,[],['CANONICAL ➝ Divination ➝ Extispicy'],,
14,"1879,0708.97",13,1,AKKADIAN,BI.RI,BI.RI,[],['CANONICAL ➝ Divination ➝ Extispicy'],,
15,"1879,0708.97",13,2,AKKADIAN,SAG.UŠ,SAG.UŠ,[],['CANONICAL ➝ Divination ➝ Extispicy'],,
16,"1879,0708.97",15,0,AKKADIAN,BE,BE,[],['CANONICAL ➝ Divination ➝ Extispicy'],,
17,"1879,0708.97",15,1,AKKADIAN,BI.RI,BI.RI,[],['CANONICAL ➝ Divination ➝ Extispicy'],,
18,"1879,0708.97",17,0,AKKADIAN,BE,BE,[],['CANONICAL ➝ Divination ➝ Extispicy'],,
19,"1879,0708.97",17,1,AKKADIAN,15,15,[],['CANONICAL ➝ Divination ➝ Extispicy'],,
20,"1879,0708.97",17,2,AKKADIAN,BI.RI,BI.RI,[],['CANONICAL ➝ Divination ➝ Extispicy'],,
