,fragment_id,fragment_line_num,index_in_line,word_language,value,clean_value,lemma,domain,place_discovery,place_composition
0,"1879,0708.51",0,11,AKKADIAN,{giš}EREN,{giš}EREN,[],"['CANONICAL ➝ Magic ➝ Purification ➝ Bīt rimki', 'CANONICAL ➝ Technical ➝ Ritual texts']",,
1,"1879,0708.51",1,2,AKKADIAN,lib₃-bi,lib₃-bi,[],"['CANONICAL ➝ Magic ➝ Purification ➝ Bīt rimki', 'CANONICAL ➝ Technical ➝ Ritual texts']",,
2,"1879,0708.51",1,3,AKKADIAN,ŠUB-di-ma,ŠUB-di-ma,[],"['CANONICAL ➝ Magic ➝ Purification ➝ Bīt rimki', 'CANONICAL ➝ Technical ➝ Ritual texts']",,
3,"1879,0708.51",1,5,AKKADIAN,mul-lil-li,mul-lil-li,[],"['CANONICAL ➝ Magic ➝ Purification ➝ Bīt rimki', 'CANONICAL ➝ Technical ➝ Ritual texts']",,
4,"1879,0708.51",1,6,AKKADIAN,ina,ina,[],"['CANONICAL ➝ Magic ➝ Purification ➝ Bīt rimki', 'CANONICAL ➝ Technical ➝ Ritual texts']",,
5,"1879,0708.51",1,7,AKKADIAN,lib₃-bi,lib₃-bi,[],"['CANONICAL ➝ Magic ➝ Purification ➝ Bīt rimki', 'CANONICAL ➝ Technical ➝ Ritual texts']",,
6,"1879,0708.51",1,8,AKKADIAN,GAR-ma,GAR-ma,[],"['CANONICAL ➝ Magic ➝ Purification ➝ Bīt rimki', 'CANONICAL ➝ Technical ➝ Ritual texts']",,
7,"1879,0708.51",2,1,AKKADIAN,ZAG-šu₂,ZAG-šu₂,[],"['CANONICAL ➝ Magic ➝ Purification ➝ Bīt rimki', 'CANONICAL ➝ Technical ➝ Ritual texts']",,
8,"1879,0708.51",2,2,AKKADIAN,u,u,[],"['CANONICAL ➝ Magic ➝ Purification ➝ Bīt rimki', 'CANONICAL ➝ Technical ➝ Ritual texts']",,
9,"1879,0708.51",2,4,AKKADIAN,mul-lil-li,mul-lil-li,[],"['CANONICAL ➝ Magic ➝ Purification ➝ Bīt rimki', 'CANONICAL ➝ Technical ➝ Ritual texts']",,
10,"1879,0708.51",2,6,AKKADIAN,LUGAL,LUGAL,[],"['CANONICAL ➝ Magic ➝ Purification ➝ Bīt rimki', 'CANONICAL ➝ Technical ➝ Ritual texts']",,
11,"1879,0708.51",2,7,AKKADIAN,ina,ina,[],"['CANONICAL ➝ Magic ➝ Purification ➝ Bīt rimki', 'CANONICAL ➝ Technical ➝ Ritual texts']",,
12,"1879,0708.51",2,9,AKKADIAN,GI.IZI.LA₂,GI.IZI.LA₂,[],"['CANONICAL ➝ Magic ➝ Purification ➝ Bīt rimki', 'CANONICAL ➝ Technical ➝ Ritual texts']",,
13,"1879,0708.51",3,2,AKKADIAN,šu₂-nu-ti,šu₂-nu-ti,[],"['CANONICAL ➝ Magic ➝ Purification ➝ Bīt rimki', 'CANONICAL ➝ Technical ➝ Ritual texts']",,
14,"1879,0708.51",3,3,AKKADIAN,7-šu₂,7-šu₂,[],"['CANONICAL ➝ Magic ➝ Purification ➝ Bīt rimki', 'CANONICAL ➝ Technical ➝ Ritual texts']",,
15,"1879,0708.51",3,4,AKKADIAN,ana,ana,[],"['CANONICAL ➝ Magic ➝ Purification ➝ Bīt rimki', 'CANONICAL ➝ Technical ➝ Ritual texts']",,
16,"1879,0708.51",3,6,AKKADIAN,7-šu₂,7-šu₂,[],"['CANONICAL ➝ Magic ➝ Purification ➝ Bīt rimki', 'CANONICAL ➝ Technical ➝ Ritual texts']",,
17,"1879,0708.51",3,7,AKKADIAN,ana,ana,[],"['CANONICAL ➝ Magic ➝ Purification ➝ Bīt rimki', 'CANONICAL ➝ Technical ➝ Ritual texts']",,
18,"1879,0708.51",3,8,AKKADIAN,GUB₃-šu₂,GUB₃-šu₂,[],"['CANONICAL ➝ Magic ➝ Purification ➝ Bīt rimki', 'CANONICAL ➝ Technical ➝ Ritual texts']",,
19,"1879,0708.51",4,2,AKKADIAN,ŠUB-di-ma,ŠUB-di-ma,[],"['CANONICAL ➝ Magic ➝ Purification ➝ Bīt rimki', 'CANONICAL ➝ Technical ➝ Ritual texts']",,
20,"1879,0708.51",4,3,AKKADIAN,kam@v,kam@v,[],"['CANONICAL ➝ Magic ➝ Purification ➝ Bīt rimki', 'CANONICAL ➝ Technical ➝ Ritual texts']",,
21,"1879,0708.51",4,4,AKKADIAN,DU₁₁.GA,DU₁₁.GA,[],"['CANONICAL ➝ Magic ➝ Purification ➝ Bīt rimki', 'CANONICAL ➝ Technical ➝ Ritual texts']",,
22,"1879,0708.51",4,7,AKKADIAN,{d}e₂-a,{d}e₂-a,[],"['CANONICAL ➝ Magic ➝ Purification ➝ Bīt rimki', 'CANONICAL ➝ Technical ➝ Ritual texts']",,
23,"1879,0708.51",4,8,AKKADIAN,ip-šur,ip-šur,[],"['CANONICAL ➝ Magic ➝ Purification ➝ Bīt rimki', 'CANONICAL ➝ Technical ➝ Ritual texts']",,
24,"1879,0708.51",5,1,AKKADIAN,DU₁₁.GA-ma,DU₁₁.GA-ma,[],"['CANONICAL ➝ Magic ➝ Purification ➝ Bīt rimki', 'CANONICAL ➝ Technical ➝ Ritual texts']",,
25,"1879,0708.51",5,2,AKKADIAN,2,2,[],"['CANONICAL ➝ Magic ➝ Purification ➝ Bīt rimki', 'CANONICAL ➝ Technical ➝ Ritual texts']",,
26,"1879,0708.51",5,3,AKKADIAN,ša₂,ša₂,[],"['CANONICAL ➝ Magic ➝ Purification ➝ Bīt rimki', 'CANONICAL ➝ Technical ➝ Ritual texts']",,
27,"1879,0708.51",5,4,AKKADIAN,E₂,E₂,[],"['CANONICAL ➝ Magic ➝ Purification ➝ Bīt rimki', 'CANONICAL ➝ Technical ➝ Ritual texts']",,
28,"1879,0708.51",5,6,AKKADIAN,BAR-ar₂-ma,BAR-ar₂-ma,[],"['CANONICAL ➝ Magic ➝ Purification ➝ Bīt rimki', 'CANONICAL ➝ Technical ➝ Ritual texts']",,
29,"1879,0708.51",5,7,AKKADIAN,kam@v,kam@v,[],"['CANONICAL ➝ Magic ➝ Purification ➝ Bīt rimki', 'CANONICAL ➝ Technical ➝ Ritual texts']",,
30,"1879,0708.51",6,1,AKKADIAN,ina,ina,[],"['CANONICAL ➝ Magic ➝ Purification ➝ Bīt rimki', 'CANONICAL ➝ Technical ➝ Ritual texts']",,
31,"1879,0708.51",6,2,AKKADIAN,an-ni-šu₂-nu,an-ni-šu₂-nu,[],"['CANONICAL ➝ Magic ➝ Purification ➝ Bīt rimki', 'CANONICAL ➝ Technical ➝ Ritual texts']",,
32,"1879,0708.51",6,3,AKKADIAN,a-qis-su-nu-ti,a-qis-su-nu-ti,[],"['CANONICAL ➝ Magic ➝ Purification ➝ Bīt rimki', 'CANONICAL ➝ Technical ➝ Ritual texts']",,
33,"1879,0708.51",7,0,AKKADIAN,GU₄,GU₄,[],"['CANONICAL ➝ Magic ➝ Purification ➝ Bīt rimki', 'CANONICAL ➝ Technical ➝ Ritual texts']",,
34,"1879,0708.51",7,1,AKKADIAN,ŠE.NUMUN-MEŠ,ŠE.NUMUN-MEŠ,[],"['CANONICAL ➝ Magic ➝ Purification ➝ Bīt rimki', 'CANONICAL ➝ Technical ➝ Ritual texts']",,
35,"1879,0708.51",7,2,AKKADIAN,tu-ša₂-kal,tu-ša₂-kal,[],"['CANONICAL ➝ Magic ➝ Purification ➝ Bīt rimki', 'CANONICAL ➝ Technical ➝ Ritual texts']",,
36,"1879,0708.51",7,3,AKKADIAN,EN₂,EN₂,[],"['CANONICAL ➝ Magic ➝ Purification ➝ Bīt rimki', 'CANONICAL ➝ Technical ➝ Ritual texts']",,
37,"1879,0708.51",7,6,SUMERIAN,dumu-munus,dumu-munus,[],"['CANONICAL ➝ Magic ➝ Purification ➝ Bīt rimki', 'CANONICAL ➝ Technical ➝ Ritual texts']",,
38,"1879,0708.51",7,12,SUMERIAN,ŠID-nu-ma,ŠID-nu-ma,[],"['CANONICAL ➝ Magic ➝ Purification ➝ Bīt rimki', 'CANONICAL ➝ Technical ➝ Ritual texts']",,
39,"1879,0708.51",8,0,AKKADIAN,KI,KI,[],"['CANONICAL ➝ Magic ➝ Purification ➝ Bīt rimki', 'CANONICAL ➝ Technical ➝ Ritual texts']",,
40,"1879,0708.51",8,1,AKKADIAN,LUGAL,LUGAL,[],"['CANONICAL ➝ Magic ➝ Purification ➝ Bīt rimki', 'CANONICAL ➝ Technical ➝ Ritual texts']",,
41,"1879,0708.51",8,2,AKKADIAN,tu-šal-ma-ma,tu-šal-ma-ma,[],"['CANONICAL ➝ Magic ➝ Purification ➝ Bīt rimki', 'CANONICAL ➝ Technical ➝ Ritual texts']",,
42,"1879,0708.51",8,3,AKKADIAN,MAŠ-ar₂,MAŠ-ar₂,[],"['CANONICAL ➝ Magic ➝ Purification ➝ Bīt rimki', 'CANONICAL ➝ Technical ➝ Ritual texts']",,
43,"1879,0708.51",8,4,AKKADIAN,ANŠE,ANŠE,[],"['CANONICAL ➝ Magic ➝ Purification ➝ Bīt rimki', 'CANONICAL ➝ Technical ➝ Ritual texts']",,
44,"1879,0708.51",9,0,AKKADIAN,EN₂,EN₂,[],"['CANONICAL ➝ Magic ➝ Purification ➝ Bīt rimki', 'CANONICAL ➝ Technical ➝ Ritual texts']",,
45,"1879,0708.51",9,2,AKKADIAN,{d}UTU,{d}UTU,[],"['CANONICAL ➝ Magic ➝ Purification ➝ Bīt rimki', 'CANONICAL ➝ Technical ➝ Ritual texts']",,
46,"1879,0708.51",9,3,AKKADIAN,an-nu-u₂,an-nu-u₂,[],"['CANONICAL ➝ Magic ➝ Purification ➝ Bīt rimki', 'CANONICAL ➝ Technical ➝ Ritual texts']",,
47,"1879,0708.51",9,4,AKKADIAN,ŠE.NUMUN-MEŠ,ŠE.NUMUN-MEŠ,[],"['CANONICAL ➝ Magic ➝ Purification ➝ Bīt rimki', 'CANONICAL ➝ Technical ➝ Ritual texts']",,
48,"1879,0708.51",9,7,AKKADIAN,ŠID-nu-ma,ŠID-nu-ma,[],"['CANONICAL ➝ Magic ➝ Purification ➝ Bīt rimki', 'CANONICAL ➝ Technical ➝ Ritual texts']",,
49,"1879,0708.51",10,0,AKKADIAN,MAŠ.DA₃,MAŠ.DA₃,[],"['CANONICAL ➝ Magic ➝ Purification ➝ Bīt rimki', 'CANONICAL ➝ Technical ➝ Ritual texts']",,
50,"1879,0708.51",10,1,AKKADIAN,KI,KI,[],"['CANONICAL ➝ Magic ➝ Purification ➝ Bīt rimki', 'CANONICAL ➝ Technical ➝ Ritual texts']",,
51,"1879,0708.51",10,2,AKKADIAN,LUGAL,LUGAL,[],"['CANONICAL ➝ Magic ➝ Purification ➝ Bīt rimki', 'CANONICAL ➝ Technical ➝ Ritual texts']",,
52,"1879,0708.51",10,3,AKKADIAN,tu-šal-ma-ma,tu-šal-ma-ma,[],"['CANONICAL ➝ Magic ➝ Purification ➝ Bīt rimki', 'CANONICAL ➝ Technical ➝ Ritual texts']",,
53,"1879,0708.51",10,5,AKKADIAN,ina,ina,[],"['CANONICAL ➝ Magic ➝ Purification ➝ Bīt rimki', 'CANONICAL ➝ Technical ➝ Ritual texts']",,
54,"1879,0708.51",10,6,AKKADIAN,GEŠPU,GEŠPU,[],"['CANONICAL ➝ Magic ➝ Purification ➝ Bīt rimki', 'CANONICAL ➝ Technical ➝ Ritual texts']",,
55,"1879,0708.51",11,0,AKKADIAN,EN₂,EN₂,[],"['CANONICAL ➝ Magic ➝ Purification ➝ Bīt rimki', 'CANONICAL ➝ Technical ➝ Ritual texts']",,
56,"1879,0708.51",11,3,SUMERIAN,en-e,en-e,[],"['CANONICAL ➝ Magic ➝ Purification ➝ Bīt rimki', 'CANONICAL ➝ Technical ➝ Ritual texts']",,
57,"1879,0708.51",11,4,SUMERIAN,an,an,[],"['CANONICAL ➝ Magic ➝ Purification ➝ Bīt rimki', 'CANONICAL ➝ Technical ➝ Ritual texts']",,
58,"1879,0708.51",11,5,SUMERIAN,eden-na,eden-na,[],"['CANONICAL ➝ Magic ➝ Purification ➝ Bīt rimki', 'CANONICAL ➝ Technical ➝ Ritual texts']",,
59,"1879,0708.51",12,0,AKKADIAN,KUR.GI{mušen},KUR.GI{mušen},[],"['CANONICAL ➝ Magic ➝ Purification ➝ Bīt rimki', 'CANONICAL ➝ Technical ➝ Ritual texts']",,
60,"1879,0708.51",12,1,AKKADIAN,BAR-ar₂-ma,BAR-ar₂-ma,[],"['CANONICAL ➝ Magic ➝ Purification ➝ Bīt rimki', 'CANONICAL ➝ Technical ➝ Ritual texts']",,
61,"1879,0708.51",12,5,SUMERIAN,kur-gi{mušen},kur-gi{mušen},[],"['CANONICAL ➝ Magic ➝ Purification ➝ Bīt rimki', 'CANONICAL ➝ Technical ➝ Ritual texts']",,
62,"1879,0708.51",12,6,SUMERIAN,kur-ta,kur-ta,[],"['CANONICAL ➝ Magic ➝ Purification ➝ Bīt rimki', 'CANONICAL ➝ Technical ➝ Ritual texts']",,
63,"1879,0708.51",13,1,AKKADIAN,BAR-ar₂-ma,BAR-ar₂-ma,[],"['CANONICAL ➝ Magic ➝ Purification ➝ Bīt rimki', 'CANONICAL ➝ Technical ➝ Ritual texts']",,
64,"1879,0708.51",13,5,SUMERIAN,buru₅,buru₅,[],"['CANONICAL ➝ Magic ➝ Purification ➝ Bīt rimki', 'CANONICAL ➝ Technical ➝ Ritual texts']",,
65,"1879,0708.51",13,6,SUMERIAN,a-ab-ba,a-ab-ba,[],"['CANONICAL ➝ Magic ➝ Purification ➝ Bīt rimki', 'CANONICAL ➝ Technical ➝ Ritual texts']",,
66,"1879,0708.51",13,7,SUMERIAN,in-tu-ud,in-tu-ud,[],"['CANONICAL ➝ Magic ➝ Purification ➝ Bīt rimki', 'CANONICAL ➝ Technical ➝ Ritual texts']",,
67,"1879,0708.51",14,0,AKKADIAN,2,2,[],"['CANONICAL ➝ Magic ➝ Purification ➝ Bīt rimki', 'CANONICAL ➝ Technical ➝ Ritual texts']",,
68,"1879,0708.51",14,1,AKKADIAN,KU₆-MEŠ,KU₆-MEŠ,[],"['CANONICAL ➝ Magic ➝ Purification ➝ Bīt rimki', 'CANONICAL ➝ Technical ➝ Ritual texts']",,
69,"1879,0708.51",14,3,AKKADIAN,EN₂,EN₂,[],"['CANONICAL ➝ Magic ➝ Purification ➝ Bīt rimki', 'CANONICAL ➝ Technical ➝ Ritual texts']",,
70,"1879,0708.51",14,6,SUMERIAN,ku₆,ku₆,[],"['CANONICAL ➝ Magic ➝ Purification ➝ Bīt rimki', 'CANONICAL ➝ Technical ➝ Ritual texts']",,
71,"1879,0708.51",14,7,SUMERIAN,a-ab-ba,a-ab-ba,[],"['CANONICAL ➝ Magic ➝ Purification ➝ Bīt rimki', 'CANONICAL ➝ Technical ➝ Ritual texts']",,
72,"1879,0708.51",15,0,AKKADIAN,ana,ana,[],"['CANONICAL ➝ Magic ➝ Purification ➝ Bīt rimki', 'CANONICAL ➝ Technical ➝ Ritual texts']",,
73,"1879,0708.51",15,1,AKKADIAN,IGI,IGI,[],"['CANONICAL ➝ Magic ➝ Purification ➝ Bīt rimki', 'CANONICAL ➝ Technical ➝ Ritual texts']",,
74,"1879,0708.51",15,2,AKKADIAN,KEŠ₂,KEŠ₂,[],"['CANONICAL ➝ Magic ➝ Purification ➝ Bīt rimki', 'CANONICAL ➝ Technical ➝ Ritual texts']",,
75,"1879,0708.51",15,3,AKKADIAN,GAR-an,GAR-an,[],"['CANONICAL ➝ Magic ➝ Purification ➝ Bīt rimki', 'CANONICAL ➝ Technical ➝ Ritual texts']",,
