,fragment_id,fragment_line_num,index_in_line,word_language,value,clean_value,lemma,domain,place_discovery,place_composition
0,"1880,1112.2350",1,2,SUMERIAN,kur-ra,kur-ra,[],"[['CANONICAL', 'Literature', 'Lamentations'], ['CANONICAL', 'Magic']]",,
1,"1880,1112.2350",2,2,AKKADIAN,ina,ina,[],"[['CANONICAL', 'Literature', 'Lamentations'], ['CANONICAL', 'Magic']]",,
2,"1880,1112.2350",2,3,AKKADIAN,KUR-i,KUR-i,[],"[['CANONICAL', 'Literature', 'Lamentations'], ['CANONICAL', 'Magic']]",,
3,"1880,1112.2350",3,3,SUMERIAN,rib-ba-aš,rib-ba-aš,[],"[['CANONICAL', 'Literature', 'Lamentations'], ['CANONICAL', 'Magic']]",,
4,"1880,1112.2350",4,3,AKKADIAN,ša₂,ša₂,[],"[['CANONICAL', 'Literature', 'Lamentations'], ['CANONICAL', 'Magic']]",,
5,"1880,1112.2350",4,4,AKKADIAN,ki-a-am,ki-a-am,[],"[['CANONICAL', 'Literature', 'Lamentations'], ['CANONICAL', 'Magic']]",,
6,"1880,1112.2350",7,3,AKKADIAN,MIN/a,MIN/a,[],"[['CANONICAL', 'Literature', 'Lamentations'], ['CANONICAL', 'Magic']]",,
7,"1880,1112.2350",7,4,AKKADIAN,MIN/a,MIN/a,[],"[['CANONICAL', 'Literature', 'Lamentations'], ['CANONICAL', 'Magic']]",,
