,fragment_id,fragment_line_num,index_in_line,word_language,value,clean_value,lemma,domain,place_discovery,place_composition
0,"1880,1112.2179",1,3,EMESAL,mu-lu,mu-lu,[],[],,
1,"1880,1112.2179",2,4,AKKADIAN,la,la,[],[],,
2,"1880,1112.2179",4,3,EMESAL,zalag₂-ga,zalag₂-ga,[],[],,
3,"1880,1112.2179",5,3,AKKADIAN,ana,ana,[],[],,
4,"1880,1112.2179",5,4,AKKADIAN,nu-ri,nu-ri,[],[],,
5,"1880,1112.2179",5,5,AKKADIAN,ul,ul,[],[],,
6,"1880,1112.2179",6,3,EMESAL,u₂,u₂,[],[],,
7,"1880,1112.2179",15,3,EMESAL,a,a,[],[],,
