,fragment_id,fragment_line_num,index_in_line,word_language,value,clean_value,lemma,domain,place_discovery,place_composition
0,"1879,0708.271",2,2,AKKADIAN,ana,ana,[],"['CANONICAL ➝ Divination ➝ Celestial ➝ Enūma Anu Enlil ➝ Ištar (EAE 50–68) (?)', 'CANONICAL ➝ Technical ➝ Astronomy ➝ MUL.APIN (?)']",,
1,"1879,0708.271",2,3,AKKADIAN,UGU,UGU,[],"['CANONICAL ➝ Divination ➝ Celestial ➝ Enūma Anu Enlil ➝ Ištar (EAE 50–68) (?)', 'CANONICAL ➝ Technical ➝ Astronomy ➝ MUL.APIN (?)']",,
2,"1879,0708.271",2,4,AKKADIAN,KI.GUB,KI.GUB,[],"['CANONICAL ➝ Divination ➝ Celestial ➝ Enūma Anu Enlil ➝ Ištar (EAE 50–68) (?)', 'CANONICAL ➝ Technical ➝ Astronomy ➝ MUL.APIN (?)']",,
3,"1879,0708.271",3,3,AKKADIAN,u,u,[],"['CANONICAL ➝ Divination ➝ Celestial ➝ Enūma Anu Enlil ➝ Ištar (EAE 50–68) (?)', 'CANONICAL ➝ Technical ➝ Astronomy ➝ MUL.APIN (?)']",,
4,"1879,0708.271",3,4,AKKADIAN,ina,ina,[],"['CANONICAL ➝ Divination ➝ Celestial ➝ Enūma Anu Enlil ➝ Ištar (EAE 50–68) (?)', 'CANONICAL ➝ Technical ➝ Astronomy ➝ MUL.APIN (?)']",,
5,"1879,0708.271",3,5,AKKADIAN,šu-ut,šu-ut,[],"['CANONICAL ➝ Divination ➝ Celestial ➝ Enūma Anu Enlil ➝ Ištar (EAE 50–68) (?)', 'CANONICAL ➝ Technical ➝ Astronomy ➝ MUL.APIN (?)']",,
6,"1879,0708.271",4,3,AKKADIAN,ina,ina,[],"['CANONICAL ➝ Divination ➝ Celestial ➝ Enūma Anu Enlil ➝ Ištar (EAE 50–68) (?)', 'CANONICAL ➝ Technical ➝ Astronomy ➝ MUL.APIN (?)']",,
7,"1879,0708.271",4,4,AKKADIAN,{d}UTU.E₃,{d}UTU.E₃,[],"['CANONICAL ➝ Divination ➝ Celestial ➝ Enūma Anu Enlil ➝ Ištar (EAE 50–68) (?)', 'CANONICAL ➝ Technical ➝ Astronomy ➝ MUL.APIN (?)']",,
8,"1879,0708.271",4,5,AKKADIAN,ŠANABI,ŠANABI,[],"['CANONICAL ➝ Divination ➝ Celestial ➝ Enūma Anu Enlil ➝ Ištar (EAE 50–68) (?)', 'CANONICAL ➝ Technical ➝ Astronomy ➝ MUL.APIN (?)']",,
9,"1879,0708.271",6,4,AKKADIAN,MUL.MUL,MUL.MUL,[],"['CANONICAL ➝ Divination ➝ Celestial ➝ Enūma Anu Enlil ➝ Ištar (EAE 50–68) (?)', 'CANONICAL ➝ Technical ➝ Astronomy ➝ MUL.APIN (?)']",,
10,"1879,0708.271",8,2,AKKADIAN,pa,pa,[],"['CANONICAL ➝ Divination ➝ Celestial ➝ Enūma Anu Enlil ➝ Ištar (EAE 50–68) (?)', 'CANONICAL ➝ Technical ➝ Astronomy ➝ MUL.APIN (?)']",,
11,"1879,0708.271",8,3,AKKADIAN,ni,ni,[],"['CANONICAL ➝ Divination ➝ Celestial ➝ Enūma Anu Enlil ➝ Ištar (EAE 50–68) (?)', 'CANONICAL ➝ Technical ➝ Astronomy ➝ MUL.APIN (?)']",,
12,"1879,0708.271",8,4,AKKADIAN,ma,ma,[],"['CANONICAL ➝ Divination ➝ Celestial ➝ Enūma Anu Enlil ➝ Ištar (EAE 50–68) (?)', 'CANONICAL ➝ Technical ➝ Astronomy ➝ MUL.APIN (?)']",,
13,"1879,0708.271",9,2,AKKADIAN,MUL,MUL,[],"['CANONICAL ➝ Divination ➝ Celestial ➝ Enūma Anu Enlil ➝ Ištar (EAE 50–68) (?)', 'CANONICAL ➝ Technical ➝ Astronomy ➝ MUL.APIN (?)']",,
14,"1879,0708.271",9,3,AKKADIAN,ka,ka,[],"['CANONICAL ➝ Divination ➝ Celestial ➝ Enūma Anu Enlil ➝ Ištar (EAE 50–68) (?)', 'CANONICAL ➝ Technical ➝ Astronomy ➝ MUL.APIN (?)']",,
15,"1879,0708.271",11,2,AKKADIAN,šu₂,šu₂,[],"['CANONICAL ➝ Divination ➝ Celestial ➝ Enūma Anu Enlil ➝ Ištar (EAE 50–68) (?)', 'CANONICAL ➝ Technical ➝ Astronomy ➝ MUL.APIN (?)']",,
16,"1879,0708.271",11,3,AKKADIAN,u,u,[],"['CANONICAL ➝ Divination ➝ Celestial ➝ Enūma Anu Enlil ➝ Ištar (EAE 50–68) (?)', 'CANONICAL ➝ Technical ➝ Astronomy ➝ MUL.APIN (?)']",,
