,fragment_id,fragment_line_num,index_in_line,word_language,value,clean_value,lemma,domain,place_discovery,place_composition
0,"1879,0708.133",1,1,AKKADIAN,ka-ra-bu,ka-ra-bu,[],['MONUMENTAL'],,
1,"1879,0708.133",3,5,AKKADIAN,GUN,GUN,[],['MONUMENTAL'],,
2,"1879,0708.133",3,6,AKKADIAN,i-he-ep-pi,i-he-ep-pi,[],['MONUMENTAL'],,
3,"1879,0708.133",4,7,AKKADIAN,i-kaš-šiṭ,i-kaš-šiṭ,[],['MONUMENTAL'],,
4,"1879,0708.133",5,2,AKKADIAN,i-ga-ru,i-ga-ru,[],['MONUMENTAL'],,
5,"1879,0708.133",5,4,AKKADIAN,7,7,[],['MONUMENTAL'],,
6,"1879,0708.133",5,6,AKKADIAN,i-naq-qar,i-naq-qar,[],['MONUMENTAL'],,
7,"1879,0708.133",6,2,AKKADIAN,ša₂,ša₂,['ša I'],['MONUMENTAL'],,
8,"1879,0708.133",6,3,AKKADIAN,ANŠE.EDIN.NA,ANŠE.EDIN.NA,['serrēmu I'],['MONUMENTAL'],,
9,"1879,0708.133",6,4,AKKADIAN,i-šab-bir,i-šab-bir,['šebēru I'],['MONUMENTAL'],,
10,"1879,0708.133",7,2,AKKADIAN,ku-šir,ku-šir,['kušīru I'],['MONUMENTAL'],,
11,"1879,0708.133",7,7,AKKADIAN,i-pat-tah,i-pat-tah,['patāhu I'],['MONUMENTAL'],,
12,"1879,0708.133",8,2,AKKADIAN,na-ši,na-ši,['našû II'],['MONUMENTAL'],,
13,"1879,0708.133",9,1,AKKADIAN,i-be-el-šu₂,i-be-el-šu₂,['bêlu I'],['MONUMENTAL'],,
14,"1879,0708.133",9,2,AKKADIAN,ina,ina,['ina I'],['MONUMENTAL'],,
15,"1879,0708.133",9,7,AKKADIAN,u₂-še-zib,u₂-še-zib,['ezēbu I'],['MONUMENTAL'],,
16,"1879,0708.133",10,2,AKKADIAN,ša₂,ša₂,['ša I'],['MONUMENTAL'],,
17,"1879,0708.133",10,3,AKKADIAN,ana,ana,['ana I'],['MONUMENTAL'],,
18,"1879,0708.133",10,4,AKKADIAN,ha-re-e,ha-re-e,['harû I'],['MONUMENTAL'],,
19,"1879,0708.133",11,2,AKKADIAN,i-na,i-na,['ina I'],['MONUMENTAL'],,
20,"1879,0708.133",11,4,AKKADIAN,a-na,a-na,['ana I'],['MONUMENTAL'],,
21,"1879,0708.133",13,2,AKKADIAN,ina,ina,[],['MONUMENTAL'],,
22,"1879,0708.133",13,3,AKKADIAN,ku-tal,ku-tal,[],['MONUMENTAL'],,
23,"1879,0708.133",13,4,AKKADIAN,E₂.GAL-ia₂,E₂.GAL-ia₂,[],['MONUMENTAL'],,
