,fragment_id,fragment_line_num,index_in_line,word_language,value,clean_value,lemma,domain,place_discovery,place_composition
0,"1879,0708.165",0,2,AKKADIAN,ba,ba,[],['CANONICAL ➝ Magic (?)'],,
1,"1879,0708.165",0,3,AKKADIAN,nu,nu,[],['CANONICAL ➝ Magic (?)'],,
2,"1879,0708.165",1,2,AKKADIAN,E₂,E₂,[],['CANONICAL ➝ Magic (?)'],,
3,"1879,0708.165",1,3,AKKADIAN,{d}nin-urta,{d}nin-urta,[],['CANONICAL ➝ Magic (?)'],,
4,"1879,0708.165",2,2,AKKADIAN,{d}nin-urta,{d}nin-urta,[],['CANONICAL ➝ Magic (?)'],,
5,"1879,0708.165",3,5,AKKADIAN,SIŠKUR₂,SIŠKUR₂,[],['CANONICAL ➝ Magic (?)'],,
6,"1879,0708.165",4,1,AKKADIAN,i-nu-šu,i-nu-šu,[],['CANONICAL ➝ Magic (?)'],,
7,"1879,0708.165",4,2,AKKADIAN,SIŠKUR₂-šu,SIŠKUR₂-šu,[],['CANONICAL ➝ Magic (?)'],,
8,"1879,0708.165",4,4,AKKADIAN,GUN-su,GUN-su,[],['CANONICAL ➝ Magic (?)'],,
9,"1879,0708.165",4,5,AKKADIAN,DUGUD-tu₂,DUGUD-tu₂,[],['CANONICAL ➝ Magic (?)'],,
10,"1879,0708.165",4,6,AKKADIAN,a-na,a-na,[],['CANONICAL ➝ Magic (?)'],,
11,"1879,0708.165",5,1,AKKADIAN,il-lak,il-lak,[],['CANONICAL ➝ Magic (?)'],,
12,"1879,0708.165",5,3,AKKADIAN,MAŠ₂.GI₆,MAŠ₂.GI₆,[],['CANONICAL ➝ Magic (?)'],,
13,"1879,0708.165",6,1,AKKADIAN,MAŠ₂.GI₆-šu₂,MAŠ₂.GI₆-šu₂,[],['CANONICAL ➝ Magic (?)'],,
14,"1879,0708.165",6,2,AKKADIAN,DINGIR-MEŠ,DINGIR-MEŠ,[],['CANONICAL ➝ Magic (?)'],,
15,"1879,0708.165",6,4,AKKADIAN,{d}+en-lil₂,{d}+en-lil₂,[],['CANONICAL ➝ Magic (?)'],,
16,"1879,0708.165",7,2,AKKADIAN,NINDA-HI.A,NINDA-HI.A,[],['CANONICAL ➝ Magic (?)'],,
17,"1879,0708.165",7,3,AKKADIAN,u,u,[],['CANONICAL ➝ Magic (?)'],,
18,"1879,0708.165",7,4,AKKADIAN,A-MEŠ-šu₂,A-MEŠ-šu₂,[],['CANONICAL ➝ Magic (?)'],,
19,"1879,0708.165",7,5,AKKADIAN,E₂-MEŠ,E₂-MEŠ,[],['CANONICAL ➝ Magic (?)'],,
20,"1879,0708.165",8,5,AKKADIAN,{d}UTU,{d}UTU,[],['CANONICAL ➝ Magic (?)'],,
21,"1879,0708.165",8,6,AKKADIAN,DI.KU₅,DI.KU₅,[],['CANONICAL ➝ Magic (?)'],,
22,"1879,0708.165",8,7,AKKADIAN,ša₂,ša₂,[],['CANONICAL ➝ Magic (?)'],,
23,"1879,0708.165",8,8,AKKADIAN,DINGIR-MEŠ,DINGIR-MEŠ,[],['CANONICAL ➝ Magic (?)'],,
