,fragment_id,fragment_line_num,index_in_line,word_language,value,clean_value,lemma,domain,place_discovery,place_composition
0,"1879,0708.185",2,1,AKKADIAN,A.ŠA₃,A.ŠA₃,[],[],,
1,"1879,0708.185",2,2,AKKADIAN,A.GAR₃,A.GAR₃,[],[],,
2,"1879,0708.185",2,4,AKKADIAN,{d}IŠKUR,{d}IŠKUR,[],[],,
3,"1879,0708.185",2,5,AKKADIAN,RA-iṣ!(BI),RA-iṣ(BI),[],[],,
4,"1879,0708.185",2,6,AKKADIAN,u₃-lu,u₃-lu,[],[],,
5,"1879,0708.185",3,1,AKKADIAN,ina,ina,[],[],,
6,"1879,0708.185",3,2,AKKADIAN,GIZKIM,GIZKIM,[],[],,
7,"1879,0708.185",3,3,AKKADIAN,A.ŠA₃,A.ŠA₃,[],[],,
8,"1879,0708.185",3,4,AKKADIAN,{u₂}KI.KAL,{u₂}KI.KAL,[],[],,
9,"1879,0708.185",3,5,AKKADIAN,BABBAR,BABBAR,[],[],,
10,"1879,0708.185",3,6,AKKADIAN,ina,ina,[],[],,
11,"1879,0708.185",3,7,AKKADIAN,A.ŠA₃,A.ŠA₃,[],[],,
12,"1879,0708.185",3,9,AKKADIAN,I₃.GAL₂,I₃.GAL₂,[],[],,
13,"1879,0708.185",3,10,AKKADIAN,KI,KI,[],[],,
14,"1879,0708.185",3,11,AKKADIAN,šu₂-a-ti,šu₂-a-ti,[],[],,
15,"1879,0708.185",3,12,AKKADIAN,KUR₂,KUR₂,[],[],,
16,"1879,0708.185",4,1,AKKADIAN,I₃.GAL₂,I₃.GAL₂,[],[],,
17,"1879,0708.185",4,2,AKKADIAN,{d}+en-lil₂,{d}+en-lil₂,[],[],,
18,"1879,0708.185",4,3,AKKADIAN,KI.LAM,KI.LAM,[],[],,
19,"1879,0708.185",5,2,AKKADIAN,KUR,KUR,[],[],,
20,"1879,0708.185",9,1,AKKADIAN,KIMIN,KIMIN,[],[],,
21,"1879,0708.185",9,3,AKKADIAN,ina,ina,[],[],,
22,"1879,0708.185",9,4,AKKADIAN,A.ŠA₃,A.ŠA₃,[],[],,
23,"1879,0708.185",9,5,AKKADIAN,A.GAR₃,A.GAR₃,[],[],,
24,"1879,0708.185",9,6,AKKADIAN,I₃.GAL₂,I₃.GAL₂,[],[],,
25,"1879,0708.185",9,7,AKKADIAN,A.ŠA₃,A.ŠA₃,[],[],,
26,"1879,0708.185",9,8,AKKADIAN,A.GAR₃,A.GAR₃,[],[],,
27,"1879,0708.185",9,9,AKKADIAN,BI,BI,[],[],,
28,"1879,0708.185",10,1,AKKADIAN,KIMIN,KIMIN,[],[],,
29,"1879,0708.185",10,3,AKKADIAN,KIMIN,KIMIN,[],[],,
30,"1879,0708.185",10,4,AKKADIAN,KUR,KUR,[],[],,
31,"1879,0708.185",10,5,AKKADIAN,BI,BI,[],[],,
32,"1879,0708.185",10,6,AKKADIAN,ŠUB-ma,ŠUB-ma,[],[],,
33,"1879,0708.185",10,8,AKKADIAN,KI,KI,[],[],,
34,"1879,0708.185",10,9,AKKADIAN,GAR,GAR,[],[],,
35,"1879,0708.185",10,10,AKKADIAN,NU,NU,[],[],,
36,"1879,0708.185",11,1,AKKADIAN,ša₂,ša₂,[],[],,
37,"1879,0708.185",11,2,AKKADIAN,kap-pi,kap-pi,[],[],,
38,"1879,0708.185",11,3,AKKADIAN,GAR-nu,GAR-nu,[],[],,
39,"1879,0708.185",11,7,AKKADIAN,ina,ina,[],[],,
40,"1879,0708.185",11,9,AKKADIAN,A.ŠA₃,A.ŠA₃,[],[],,
41,"1879,0708.185",11,10,AKKADIAN,A.GAR₃,A.GAR₃,[],[],,
42,"1879,0708.185",11,11,AKKADIAN,I₃.GAL₂,I₃.GAL₂,[],[],,
43,"1879,0708.185",12,2,AKKADIAN,A.GAR₃,A.GAR₃,[],[],,
44,"1879,0708.185",12,3,AKKADIAN,BI,BI,[],[],,
45,"1879,0708.185",13,2,AKKADIAN,SAHAR-HI.A,SAHAR-HI.A,[],[],,
46,"1879,0708.185",13,3,AKKADIAN,u₂-nap-pal,u₂-nap-pal,[],[],,
47,"1879,0708.185",13,4,AKKADIAN,A.ŠA₃,A.ŠA₃,[],[],,
48,"1879,0708.185",13,5,AKKADIAN,A.GAR₃,A.GAR₃,[],[],,
49,"1879,0708.185",13,6,AKKADIAN,BI,BI,[],[],,
50,"1879,0708.185",14,2,AKKADIAN,ub-ta-taq,ub-ta-taq,[],[],,
51,"1879,0708.185",14,4,AKKADIAN,ul,ul,[],[],,
52,"1879,0708.185",15,1,AKKADIAN,et-tu-tu₂,et-tu-tu₂,[],[],,
53,"1879,0708.185",15,3,AKKADIAN,A.ŠA₃,A.ŠA₃,[],[],,
54,"1879,0708.185",15,4,AKKADIAN,A.GAR₃,A.GAR₃,[],[],,
55,"1879,0708.185",15,5,AKKADIAN,ša-ta-at,ša-ta-at,[],[],,
56,"1879,0708.185",15,6,AKKADIAN,ŠA₃.SU₃,ŠA₃.SU₃,[],[],,
57,"1879,0708.185",15,7,AKKADIAN,ŠE,ŠE,[],[],,
58,"1879,0708.185",15,8,AKKADIAN,u,u,[],[],,
59,"1879,0708.185",16,2,AKKADIAN,GU₂.UN-sa₃,GU₂.UN-sa₃,[],[],,
60,"1879,0708.185",17,1,AKKADIAN,ši-ir-iʾ,ši-ir-iʾ,[],[],,
61,"1879,0708.185",17,3,AKKADIAN,MUŠEN,MUŠEN,[],[],,
62,"1879,0708.185",17,5,AKKADIAN,ina,ina,[],[],,
63,"1879,0708.185",17,6,AKKADIAN,A.ŠA₃,A.ŠA₃,[],[],,
64,"1879,0708.185",17,7,AKKADIAN,A.GAR₃,A.GAR₃,[],[],,
65,"1879,0708.185",18,2,AKKADIAN,ŠE,ŠE,[],[],,
66,"1879,0708.185",18,3,AKKADIAN,u,u,[],[],,
67,"1879,0708.185",18,5,AKKADIAN,ina,ina,[],[],,
68,"1879,0708.185",18,6,AKKADIAN,KUR,KUR,[],[],,
69,"1879,0708.185",18,8,AKKADIAN,KUR,KUR,[],[],,
70,"1879,0708.185",18,9,AKKADIAN,GAL,GAL,[],[],,
71,"1879,0708.185",18,10,AKKADIAN,ana,ana,[],[],,
72,"1879,0708.185",18,11,AKKADIAN,KUR,KUR,[],[],,
73,"1879,0708.185",18,12,AKKADIAN,TUR,TUR,[],[],,
