,fragment_id,fragment_line_num,index_in_line,word_language,value,clean_value,lemma,domain,place_discovery,place_composition
0,"1879,0708.57",5,1,AKKADIAN,šug-lu-da-at,šug-lu-da-at,['galātu I'],['CANONICAL ➝ Magic (?)'],,
1,"1879,0708.57",5,2,AKKADIAN,šit-ti,šit-ti,['šittu I'],['CANONICAL ➝ Magic (?)'],,
2,"1879,0708.57",7,2,AKKADIAN,na-piš-ti,na-piš-ti,['napištu I'],['CANONICAL ➝ Magic (?)'],,
3,"1879,0708.57",8,2,AKKADIAN,ul,ul,['ul I'],['CANONICAL ➝ Magic (?)'],,
4,"1879,0708.57",8,3,AKKADIAN,i-de,i-de,['edû II'],['CANONICAL ➝ Magic (?)'],,
5,"1879,0708.57",9,2,AKKADIAN,pu-ṭur,pu-ṭur,['paṭāru I'],['CANONICAL ➝ Magic (?)'],,
6,"1879,0708.57",10,2,AKKADIAN,di-ni,di-ni,['dīnu I'],['CANONICAL ➝ Magic (?)'],,
