,fragment_id,fragment_line_num,index_in_line,word_language,value,clean_value,lemma,domain,place_discovery,place_composition
0,"1879,0708.159",0,3,AKKADIAN,a-šu₂,a-šu₂,[],['CANONICAL ➝ Divination'],,
1,"1879,0708.159",2,3,AKKADIAN,15,15,['imittu I'],['CANONICAL ➝ Divination'],,
2,"1879,0708.159",4,3,AKKADIAN,ana,ana,['ana I'],['CANONICAL ➝ Divination'],,
3,"1879,0708.159",5,2,AKKADIAN,12,12,['šinšeret I'],['CANONICAL ➝ Divination'],,
4,"1879,0708.159",7,1,AKKADIAN,se-ʾi,se-ʾi,"[""se'û I""]",['CANONICAL ➝ Divination'],,
5,"1879,0708.159",7,2,AKKADIAN,mil-ki,mil-ki,['milku I'],['CANONICAL ➝ Divination'],,
6,"1879,0708.159",8,1,AKKADIAN,ana,ana,['ana I'],['CANONICAL ➝ Divination'],,
7,"1879,0708.159",8,3,AKKADIAN,ina,ina,['ina I'],['CANONICAL ➝ Divination'],,
8,"1879,0708.159",8,4,AKKADIAN,a,a,[],['CANONICAL ➝ Divination'],,
9,"1879,0708.159",9,0,AKKADIAN,DIŠ,DIŠ,[],['CANONICAL ➝ Divination'],,
10,"1879,0708.159",9,1,AKKADIAN,se-ʾi,se-ʾi,[],['CANONICAL ➝ Divination'],,
11,"1879,0708.159",9,2,AKKADIAN,ha-ti/an,ha-ti/an,[],['CANONICAL ➝ Divination'],,
12,"1879,0708.159",10,0,AKKADIAN,ana,ana,['ana I'],['CANONICAL ➝ Divination'],,
13,"1879,0708.159",15,1,AKKADIAN,ab₂,ab₂,[],['CANONICAL ➝ Divination'],,
14,"1879,0708.159",15,2,AKKADIAN,ana,ana,['ana I'],['CANONICAL ➝ Divination'],,
