,fragment_id,fragment_line_num,index_in_line,word_language,value,clean_value,lemma,domain,place_discovery,place_composition
0,"1880,0719.361",0,9,AKKADIAN,LAL,LAL,[],['CANONICAL ➝ Divination ➝ Extispicy ➝ DUB ḪA.LA and the Calculation of the Stipulated Term'],,
1,"1880,0719.361",1,5,AKKADIAN,ŠA₃.NIGIN,ŠA₃.NIGIN,[],['CANONICAL ➝ Divination ➝ Extispicy ➝ DUB ḪA.LA and the Calculation of the Stipulated Term'],,
2,"1880,0719.361",1,6,AKKADIAN,10,10,[],['CANONICAL ➝ Divination ➝ Extispicy ➝ DUB ḪA.LA and the Calculation of the Stipulated Term'],,
3,"1880,0719.361",1,7,AKKADIAN,u,u,[],['CANONICAL ➝ Divination ➝ Extispicy ➝ DUB ḪA.LA and the Calculation of the Stipulated Term'],,
4,"1880,0719.361",1,8,AKKADIAN,ina,ina,[],['CANONICAL ➝ Divination ➝ Extispicy ➝ DUB ḪA.LA and the Calculation of the Stipulated Term'],,
5,"1880,0719.361",1,9,AKKADIAN,MU,MU,[],['CANONICAL ➝ Divination ➝ Extispicy ➝ DUB ḪA.LA and the Calculation of the Stipulated Term'],,
6,"1880,0719.361",1,10,AKKADIAN,SAG,SAG,[],['CANONICAL ➝ Divination ➝ Extispicy ➝ DUB ḪA.LA and the Calculation of the Stipulated Term'],,
7,"1880,0719.361",3,1,AKKADIAN,UZU-MEŠ,UZU-MEŠ,[],['CANONICAL ➝ Divination ➝ Extispicy ➝ DUB ḪA.LA and the Calculation of the Stipulated Term'],,
8,"1880,0719.361",3,2,AKKADIAN,ša₂,ša₂,[],['CANONICAL ➝ Divination ➝ Extispicy ➝ DUB ḪA.LA and the Calculation of the Stipulated Term'],,
9,"1880,0719.361",3,3,AKKADIAN,{giš}TUKUL,{giš}TUKUL,[],['CANONICAL ➝ Divination ➝ Extispicy ➝ DUB ḪA.LA and the Calculation of the Stipulated Term'],,
10,"1880,0719.361",3,4,AKKADIAN,7-ti,7-ti,[],['CANONICAL ➝ Divination ➝ Extispicy ➝ DUB ḪA.LA and the Calculation of the Stipulated Term'],,
11,"1880,0719.361",5,5,AKKADIAN,NU,NU,[],['CANONICAL ➝ Divination ➝ Extispicy ➝ DUB ḪA.LA and the Calculation of the Stipulated Term'],,
12,"1880,0719.361",5,6,AKKADIAN,SILIM-at₂,SILIM-at₂,[],['CANONICAL ➝ Divination ➝ Extispicy ➝ DUB ḪA.LA and the Calculation of the Stipulated Term'],,
13,"1880,0719.361",5,7,AKKADIAN,UGU-nu,UGU-nu,[],['CANONICAL ➝ Divination ➝ Extispicy ➝ DUB ḪA.LA and the Calculation of the Stipulated Term'],,
14,"1880,0719.361",5,8,AKKADIAN,ME.NI,ME.NI,[],['CANONICAL ➝ Divination ➝ Extispicy ➝ DUB ḪA.LA and the Calculation of the Stipulated Term'],,
15,"1880,0719.361",5,9,AKKADIAN,{giš}TUKUL,{giš}TUKUL,[],['CANONICAL ➝ Divination ➝ Extispicy ➝ DUB ḪA.LA and the Calculation of the Stipulated Term'],,
16,"1880,0719.361",5,10,AKKADIAN,GAR-ma,GAR-ma,[],['CANONICAL ➝ Divination ➝ Extispicy ➝ DUB ḪA.LA and the Calculation of the Stipulated Term'],,
17,"1880,0719.361",6,4,AKKADIAN,ŠU.SI,ŠU.SI,[],['CANONICAL ➝ Divination ➝ Extispicy ➝ DUB ḪA.LA and the Calculation of the Stipulated Term'],,
18,"1880,0719.361",6,5,AKKADIAN,BAR-ma,BAR-ma,[],['CANONICAL ➝ Divination ➝ Extispicy ➝ DUB ḪA.LA and the Calculation of the Stipulated Term'],,
19,"1880,0719.361",6,6,AKKADIAN,DU₈,DU₈,[],['CANONICAL ➝ Divination ➝ Extispicy ➝ DUB ḪA.LA and the Calculation of the Stipulated Term'],,
20,"1880,0719.361",7,5,AKKADIAN,ir-qiq-ma,ir-qiq-ma,[],['CANONICAL ➝ Divination ➝ Extispicy ➝ DUB ḪA.LA and the Calculation of the Stipulated Term'],,
21,"1880,0719.361",7,6,AKKADIAN,ŠUB.ŠUB-ut,ŠUB.ŠUB-ut,[],['CANONICAL ➝ Divination ➝ Extispicy ➝ DUB ḪA.LA and the Calculation of the Stipulated Term'],,
22,"1880,0719.361",7,7,AKKADIAN,DU,DU,[],['CANONICAL ➝ Divination ➝ Extispicy ➝ DUB ḪA.LA and the Calculation of the Stipulated Term'],,
23,"1880,0719.361",8,6,AKKADIAN,150,150,[],['CANONICAL ➝ Divination ➝ Extispicy ➝ DUB ḪA.LA and the Calculation of the Stipulated Term'],,
24,"1880,0719.361",8,7,AKKADIAN,DU₈,DU₈,[],['CANONICAL ➝ Divination ➝ Extispicy ➝ DUB ḪA.LA and the Calculation of the Stipulated Term'],,
25,"1880,0719.361",8,8,AKKADIAN,EREN₂,EREN₂,[],['CANONICAL ➝ Divination ➝ Extispicy ➝ DUB ḪA.LA and the Calculation of the Stipulated Term'],,
26,"1880,0719.361",8,9,AKKADIAN,KUR₂,KUR₂,[],['CANONICAL ➝ Divination ➝ Extispicy ➝ DUB ḪA.LA and the Calculation of the Stipulated Term'],,
27,"1880,0719.361",8,10,AKKADIAN,ina,ina,[],['CANONICAL ➝ Divination ➝ Extispicy ➝ DUB ḪA.LA and the Calculation of the Stipulated Term'],,
28,"1880,0719.361",8,11,AKKADIAN,IGI,IGI,[],['CANONICAL ➝ Divination ➝ Extispicy ➝ DUB ḪA.LA and the Calculation of the Stipulated Term'],,
29,"1880,0719.361",8,12,AKKADIAN,EREN₂-MU,EREN₂-MU,[],['CANONICAL ➝ Divination ➝ Extispicy ➝ DUB ḪA.LA and the Calculation of the Stipulated Term'],,
30,"1880,0719.361",9,1,AKKADIAN,KAK.ZAG.GA,KAK.ZAG.GA,[],['CANONICAL ➝ Divination ➝ Extispicy ➝ DUB ḪA.LA and the Calculation of the Stipulated Term'],,
31,"1880,0719.361",9,3,AKKADIAN,MURUB₄-šu₂,MURUB₄-šu₂,[],['CANONICAL ➝ Divination ➝ Extispicy ➝ DUB ḪA.LA and the Calculation of the Stipulated Term'],,
32,"1880,0719.361",9,4,AKKADIAN,KAR,KAR,[],['CANONICAL ➝ Divination ➝ Extispicy ➝ DUB ḪA.LA and the Calculation of the Stipulated Term'],,
33,"1880,0719.361",9,5,AKKADIAN,mu-sa-ri-ri,mu-sa-ri-ri,[],['CANONICAL ➝ Divination ➝ Extispicy ➝ DUB ḪA.LA and the Calculation of the Stipulated Term'],,
34,"1880,0719.361",9,7,AKKADIAN,EREN₂-ni,EREN₂-ni,[],['CANONICAL ➝ Divination ➝ Extispicy ➝ DUB ḪA.LA and the Calculation of the Stipulated Term'],,
35,"1880,0719.361",9,8,AKKADIAN,ina,ina,[],['CANONICAL ➝ Divination ➝ Extispicy ➝ DUB ḪA.LA and the Calculation of the Stipulated Term'],,
36,"1880,0719.361",9,9,AKKADIAN,DUGUD-ša₂,DUGUD-ša₂,[],['CANONICAL ➝ Divination ➝ Extispicy ➝ DUB ḪA.LA and the Calculation of the Stipulated Term'],,
37,"1880,0719.361",10,7,AKKADIAN,15,15,[],['CANONICAL ➝ Divination ➝ Extispicy ➝ DUB ḪA.LA and the Calculation of the Stipulated Term'],,
38,"1880,0719.361",10,8,AKKADIAN,u,u,[],['CANONICAL ➝ Divination ➝ Extispicy ➝ DUB ḪA.LA and the Calculation of the Stipulated Term'],,
39,"1880,0719.361",10,9,AKKADIAN,150,150,[],['CANONICAL ➝ Divination ➝ Extispicy ➝ DUB ḪA.LA and the Calculation of the Stipulated Term'],,
40,"1880,0719.361",10,10,AKKADIAN,na-par-qud,na-par-qud,[],['CANONICAL ➝ Divination ➝ Extispicy ➝ DUB ḪA.LA and the Calculation of the Stipulated Term'],,
41,"1880,0719.361",10,11,AKKADIAN,HAL,HAL,[],['CANONICAL ➝ Divination ➝ Extispicy ➝ DUB ḪA.LA and the Calculation of the Stipulated Term'],,
42,"1880,0719.361",11,7,AKKADIAN,ina,ina,[],['CANONICAL ➝ Divination ➝ Extispicy ➝ DUB ḪA.LA and the Calculation of the Stipulated Term'],,
43,"1880,0719.361",11,8,AKKADIAN,bi-rit,bi-rit,[],['CANONICAL ➝ Divination ➝ Extispicy ➝ DUB ḪA.LA and the Calculation of the Stipulated Term'],,
44,"1880,0719.361",11,9,AKKADIAN,,,[],['CANONICAL ➝ Divination ➝ Extispicy ➝ DUB ḪA.LA and the Calculation of the Stipulated Term'],,
45,"1880,0719.361",11,10,AKKADIAN,u,u,[],['CANONICAL ➝ Divination ➝ Extispicy ➝ DUB ḪA.LA and the Calculation of the Stipulated Term'],,
46,"1880,0719.361",11,11,AKKADIAN,GIR₂,GIR₂,[],['CANONICAL ➝ Divination ➝ Extispicy ➝ DUB ḪA.LA and the Calculation of the Stipulated Term'],,
