,fragment_id,fragment_line_num,index_in_line,word_language,value,clean_value,lemma,domain,place_discovery,place_composition
0,"1880,0617.2626",1,1,AKKADIAN,{d}60,{d}60,[],see genres.json file,,
1,"1880,0617.2626",1,2,AKKADIAN,30,30,[],see genres.json file,,
2,"1880,0617.2626",1,3,AKKADIAN,ina,ina,['ina I'],see genres.json file,,
3,"1880,0617.2626",1,4,AKKADIAN,qa-an,qa-an,['qanû I'],see genres.json file,,
4,"1880,0617.2626",2,2,AKKADIAN,ša₂,ša₂,['ša I'],see genres.json file,,
5,"1880,0617.2626",2,3,AKKADIAN,ina,ina,['ina I'],see genres.json file,,
6,"1880,0617.2626",2,4,AKKADIAN,qa-an,qa-an,['qanû I'],see genres.json file,,
7,"1880,0617.2626",2,6,AKKADIAN,ša₂,ša₂,['ša I'],see genres.json file,,
8,"1880,0617.2626",3,1,AKKADIAN,ša₂,ša₂,['ša I'],see genres.json file,,
9,"1880,0617.2626",3,2,AKKADIAN,{d}LU₂.LUNGA₃,{d}LU₂.LUNGA₃,['Siraš I'],see genres.json file,,
10,"1880,0617.2626",4,2,AKKADIAN,KAŠ,KAŠ,['šikaru I'],see genres.json file,,
11,"1880,0617.2626",4,5,AKKADIAN,ša₂,ša₂,[],see genres.json file,,
