,fragment_id,fragment_line_num,index_in_line,word_language,value,clean_value,lemma,domain,place_discovery,place_composition
0,"1880,0617.2533",0,5,AKKADIAN,GE₆,GE₆,[],see genres.json file,,
1,"1880,0617.2533",1,1,AKKADIAN,SAG,SAG,[],see genres.json file,,
2,"1880,0617.2533",1,2,AKKADIAN,GE₆,GE₆,[],see genres.json file,,
3,"1880,0617.2533",1,3,AKKADIAN,sin,sin,[],see genres.json file,,
4,"1880,0617.2533",1,4,AKKADIAN,ina,ina,[],see genres.json file,,
5,"1880,0617.2533",1,5,AKKADIAN,IGI,IGI,[],see genres.json file,,
6,"1880,0617.2533",1,6,AKKADIAN,GIR₃,GIR₃,[],see genres.json file,,
7,"1880,0617.2533",1,7,AKKADIAN,ar₂,ar₂,[],see genres.json file,,
8,"1880,0617.2533",1,9,AKKADIAN,A,A,[],see genres.json file,,
9,"1880,0617.2533",2,1,AKKADIAN,4,4,[],see genres.json file,,
10,"1880,0617.2533",2,2,AKKADIAN,U,U,[],see genres.json file,,
11,"1880,0617.2533",2,3,AKKADIAN,sin,sin,[],see genres.json file,,
12,"1880,0617.2533",2,4,AKKADIAN,4,4,[],see genres.json file,,
13,"1880,0617.2533",2,5,AKKADIAN,U,U,[],see genres.json file,,
14,"1880,0617.2533",2,6,AKKADIAN,ana,ana,[],see genres.json file,,
15,"1880,0617.2533",2,7,AKKADIAN,NIM,NIM,[],see genres.json file,,
16,"1880,0617.2533",3,2,AKKADIAN,4,4,[],see genres.json file,,
17,"1880,0617.2533",3,3,AKKADIAN,SI,SI,[],see genres.json file,,
18,"1880,0617.2533",3,4,AKKADIAN,12,12,[],see genres.json file,,
19,"1880,0617.2533",4,1,AKKADIAN,BAD,BAD,[],see genres.json file,,
20,"1880,0617.2533",4,2,AKKADIAN,UŠ,UŠ,[],see genres.json file,,
21,"1880,0617.2533",4,3,AKKADIAN,GE₆,GE₆,[],see genres.json file,,
