,fragment_id,fragment_line_num,index_in_line,word_language,value,clean_value,lemma,domain,place_discovery,place_composition
0,"1879,0708.334",0,2,AKKADIAN,nu,nu,[],['CANONICAL'],,
1,"1879,0708.334",3,2,AKKADIAN,u₃,u₃,[],['CANONICAL'],,
2,"1879,0708.334",5,2,SUMERIAN,lagar,lagar,[],['CANONICAL'],,
3,"1879,0708.334",5,3,SUMERIAN,ka,ka,[],['CANONICAL'],,
4,"1879,0708.334",6,3,AKKADIAN,GID₂-MEŠ,GID₂-MEŠ,[],['CANONICAL'],,
5,"1879,0708.334",6,4,AKKADIAN,dingir,dingir,[],['CANONICAL'],,
6,"1879,0708.334",6,5,AKKADIAN,sa-UG,sa-UG,[],['CANONICAL'],,
7,"1879,0708.334",9,2,AKKADIAN,dub-si₃-ga,dub-si₃-ga,[],['CANONICAL'],,
8,"1879,0708.334",9,3,AKKADIAN,ba,ba,[],['CANONICAL'],,
9,"1879,0708.334",11,2,AKKADIAN,pul,pul,[],['CANONICAL'],,
10,"1879,0708.334",11,3,AKKADIAN,gu,gu,[],['CANONICAL'],,
11,"1879,0708.334",11,4,AKKADIAN,ru,ru,[],['CANONICAL'],,
12,"1879,0708.334",11,5,AKKADIAN,ti,ti,[],['CANONICAL'],,
