,fragment_id,fragment_line_num,index_in_line,word_language,value,clean_value,lemma,domain,place_discovery,place_composition
0,"1879,0708.173",1,1,AKKADIAN,{mul}SAG.ME.GAR,{mul}SAG.ME.GAR,[],['CANONICAL ➝ Divination ➝ Celestial ➝ Enūma Anu Enlil ➝ Ištar (EAE 50–68)'],,
1,"1879,0708.173",1,2,AKKADIAN,ana,ana,[],['CANONICAL ➝ Divination ➝ Celestial ➝ Enūma Anu Enlil ➝ Ištar (EAE 50–68)'],,
2,"1879,0708.173",1,3,AKKADIAN,A.ŠA₃,A.ŠA₃,[],['CANONICAL ➝ Divination ➝ Celestial ➝ Enūma Anu Enlil ➝ Ištar (EAE 50–68)'],,
3,"1879,0708.173",1,8,AKKADIAN,DIM₄),DIM₄,[],['CANONICAL ➝ Divination ➝ Celestial ➝ Enūma Anu Enlil ➝ Ištar (EAE 50–68)'],,
4,"1879,0708.173",1,9,AKKADIAN,GUN,GUN,[],['CANONICAL ➝ Divination ➝ Celestial ➝ Enūma Anu Enlil ➝ Ištar (EAE 50–68)'],,
5,"1879,0708.173",1,10,AKKADIAN,{kur}elam.ma{ki},{kur}elam.ma{ki},[],['CANONICAL ➝ Divination ➝ Celestial ➝ Enūma Anu Enlil ➝ Ištar (EAE 50–68)'],,
6,"1879,0708.173",2,1,AKKADIAN,{mul}SAG.ME.GAR,{mul}SAG.ME.GAR,[],['CANONICAL ➝ Divination ➝ Celestial ➝ Enūma Anu Enlil ➝ Ištar (EAE 50–68)'],,
7,"1879,0708.173",2,2,AKKADIAN,ana,ana,[],['CANONICAL ➝ Divination ➝ Celestial ➝ Enūma Anu Enlil ➝ Ištar (EAE 50–68)'],,
8,"1879,0708.173",2,3,AKKADIAN,A.ŠA₃,A.ŠA₃,[],['CANONICAL ➝ Divination ➝ Celestial ➝ Enūma Anu Enlil ➝ Ištar (EAE 50–68)'],,
9,"1879,0708.173",2,8,AKKADIAN,DIM₄),DIM₄,[],['CANONICAL ➝ Divination ➝ Celestial ➝ Enūma Anu Enlil ➝ Ištar (EAE 50–68)'],,
10,"1879,0708.173",2,9,AKKADIAN,GUN,GUN,[],['CANONICAL ➝ Divination ➝ Celestial ➝ Enūma Anu Enlil ➝ Ištar (EAE 50–68)'],,
11,"1879,0708.173",2,10,AKKADIAN,{kur}gu-ti{ki},{kur}gu-ti{ki},[],['CANONICAL ➝ Divination ➝ Celestial ➝ Enūma Anu Enlil ➝ Ištar (EAE 50–68)'],,
12,"1879,0708.173",3,1,AKKADIAN,{mul}SAG.ME.GAR,{mul}SAG.ME.GAR,[],['CANONICAL ➝ Divination ➝ Celestial ➝ Enūma Anu Enlil ➝ Ištar (EAE 50–68)'],,
13,"1879,0708.173",3,2,AKKADIAN,ana,ana,[],['CANONICAL ➝ Divination ➝ Celestial ➝ Enūma Anu Enlil ➝ Ištar (EAE 50–68)'],,
14,"1879,0708.173",3,3,AKKADIAN,A.ŠA₃,A.ŠA₃,[],['CANONICAL ➝ Divination ➝ Celestial ➝ Enūma Anu Enlil ➝ Ištar (EAE 50–68)'],,
15,"1879,0708.173",3,8,AKKADIAN,DIM₄),DIM₄,[],['CANONICAL ➝ Divination ➝ Celestial ➝ Enūma Anu Enlil ➝ Ištar (EAE 50–68)'],,
16,"1879,0708.173",3,9,AKKADIAN,GUN,GUN,[],['CANONICAL ➝ Divination ➝ Celestial ➝ Enūma Anu Enlil ➝ Ištar (EAE 50–68)'],,
17,"1879,0708.173",3,10,AKKADIAN,{kur}MAR.TU{ki},{kur}MAR.TU{ki},[],['CANONICAL ➝ Divination ➝ Celestial ➝ Enūma Anu Enlil ➝ Ištar (EAE 50–68)'],,
18,"1879,0708.173",5,1,AKKADIAN,{mul}SAG.ME.GAR,{mul}SAG.ME.GAR,[],['CANONICAL ➝ Divination ➝ Celestial ➝ Enūma Anu Enlil ➝ Ištar (EAE 50–68)'],,
19,"1879,0708.173",5,2,AKKADIAN,ana,ana,[],['CANONICAL ➝ Divination ➝ Celestial ➝ Enūma Anu Enlil ➝ Ištar (EAE 50–68)'],,
20,"1879,0708.173",5,3,AKKADIAN,ZA₃/15,ZA₃/15,[],['CANONICAL ➝ Divination ➝ Celestial ➝ Enūma Anu Enlil ➝ Ištar (EAE 50–68)'],,
21,"1879,0708.173",5,4,AKKADIAN,AN.TA,AN.TA,[],['CANONICAL ➝ Divination ➝ Celestial ➝ Enūma Anu Enlil ➝ Ištar (EAE 50–68)'],,
22,"1879,0708.173",5,6,AKKADIAN,DIB-iq,DIB-iq,[],['CANONICAL ➝ Divination ➝ Celestial ➝ Enūma Anu Enlil ➝ Ištar (EAE 50–68)'],,
23,"1879,0708.173",5,7,AKKADIAN,ina,ina,[],['CANONICAL ➝ Divination ➝ Celestial ➝ Enūma Anu Enlil ➝ Ištar (EAE 50–68)'],,
24,"1879,0708.173",5,8,AKKADIAN,{kur}gu-ti,{kur}gu-ti,[],['CANONICAL ➝ Divination ➝ Celestial ➝ Enūma Anu Enlil ➝ Ištar (EAE 50–68)'],,
25,"1879,0708.173",5,10,AKKADIAN,ina,ina,[],['CANONICAL ➝ Divination ➝ Celestial ➝ Enūma Anu Enlil ➝ Ištar (EAE 50–68)'],,
26,"1879,0708.173",5,11,AKKADIAN,EZEN-šu₂,EZEN-šu₂,[],['CANONICAL ➝ Divination ➝ Celestial ➝ Enūma Anu Enlil ➝ Ištar (EAE 50–68)'],,
27,"1879,0708.173",6,1,AKKADIAN,{mul}SAG.ME.GAR,{mul}SAG.ME.GAR,[],['CANONICAL ➝ Divination ➝ Celestial ➝ Enūma Anu Enlil ➝ Ištar (EAE 50–68)'],,
28,"1879,0708.173",6,2,AKKADIAN,ana,ana,[],['CANONICAL ➝ Divination ➝ Celestial ➝ Enūma Anu Enlil ➝ Ištar (EAE 50–68)'],,
29,"1879,0708.173",6,3,AKKADIAN,GUB₃/150,GUB₃/150,[],['CANONICAL ➝ Divination ➝ Celestial ➝ Enūma Anu Enlil ➝ Ištar (EAE 50–68)'],,
30,"1879,0708.173",6,4,AKKADIAN,AN.TA,AN.TA,[],['CANONICAL ➝ Divination ➝ Celestial ➝ Enūma Anu Enlil ➝ Ištar (EAE 50–68)'],,
31,"1879,0708.173",6,6,AKKADIAN,DIB,DIB,[],['CANONICAL ➝ Divination ➝ Celestial ➝ Enūma Anu Enlil ➝ Ištar (EAE 50–68)'],,
32,"1879,0708.173",6,7,AKKADIAN,GAL₂,GAL₂,[],['CANONICAL ➝ Divination ➝ Celestial ➝ Enūma Anu Enlil ➝ Ištar (EAE 50–68)'],,
33,"1879,0708.173",6,8,AKKADIAN,ina,ina,[],['CANONICAL ➝ Divination ➝ Celestial ➝ Enūma Anu Enlil ➝ Ištar (EAE 50–68)'],,
34,"1879,0708.173",8,1,AKKADIAN,{mul}SAG.ME.GAR,{mul}SAG.ME.GAR,[],['CANONICAL ➝ Divination ➝ Celestial ➝ Enūma Anu Enlil ➝ Ištar (EAE 50–68)'],,
35,"1879,0708.173",8,3,AKKADIAN,ba-ra-ar₂-ti,ba-ra-ar₂-ti,[],['CANONICAL ➝ Divination ➝ Celestial ➝ Enūma Anu Enlil ➝ Ištar (EAE 50–68)'],,
36,"1879,0708.173",8,4,AKKADIAN,ana,ana,[],['CANONICAL ➝ Divination ➝ Celestial ➝ Enūma Anu Enlil ➝ Ištar (EAE 50–68)'],,
