,fragment_id,fragment_line_num,index_in_line,word_language,value,clean_value,lemma,domain,place_discovery,place_composition
0,"1880,0719.156",4,2,AKKADIAN,GIN-ak,GIN-ak,['alāku I'],[],,
1,"1880,0719.156",5,2,AKKADIAN,ŠU,ŠU,['qātu I'],[],,
2,"1880,0719.156",5,3,AKKADIAN,LUGAL,LUGAL,['šarru I'],[],,
3,"1880,0719.156",5,4,AKKADIAN,KUR-su,KUR-su,['kašādu I'],[],,
4,"1880,0719.156",6,1,AKKADIAN,ana,ana,['ana I'],[],,
5,"1880,0719.156",6,2,AKKADIAN,E₂,E₂,['bītu I'],[],,
6,"1880,0719.156",6,3,AKKADIAN,,,['awīlu I'],[],,
7,"1880,0719.156",6,4,AKKADIAN,KU₄,KU₄,['erēbu I'],[],,
8,"1880,0719.156",7,1,AKKADIAN,IZI,IZI,[],[],,
9,"1880,0719.156",8,2,AKKADIAN,E₂,E₂,[],[],,
10,"1880,0719.156",9,1,AKKADIAN,ŠUB-ti,ŠUB-ti,[],[],,
11,"1880,0719.156",9,3,AKKADIAN,u,u,['u I'],[],,
12,"1880,0719.156",9,4,AKKADIAN,ṣe-e-ni,ṣe-e-ni,['ṣēnu III'],[],,
13,"1880,0719.156",10,2,AKKADIAN,KIMIN,KIMIN,[],[],,
14,"1880,0719.156",10,3,AKKADIAN,ZI.GA,ZI.GA,[],[],,
15,"1880,0719.156",10,4,AKKADIAN,ARAD,ARAD,[],[],,
16,"1880,0719.156",10,5,AKKADIAN,u,u,['u I'],[],,
17,"1880,0719.156",10,6,AKKADIAN,GEME₂,GEME₂,['amtu I'],[],,
18,"1880,0719.156",11,1,AKKADIAN,KIMIN,KIMIN,[],[],,
19,"1880,0719.156",11,2,AKKADIAN,E₂,E₂,['bītu I'],[],,
20,"1880,0719.156",11,3,AKKADIAN,BI,BI,['šū I'],[],,
21,"1880,0719.156",11,4,AKKADIAN,BIR-ah,BIR-ah,['sapāhu I'],[],,
22,"1880,0719.156",12,1,AKKADIAN,ŠUB-ut,ŠUB-ut,['maqātu I'],[],,
