,fragment_id,fragment_line_num,index_in_line,word_language,value,clean_value,lemma,domain,place_discovery,place_composition
0,"1879,0708.232",2,2,AKKADIAN,ki-ma,ki-ma,[],['CANONICAL (?)'],,
1,"1879,0708.232",3,2,AKKADIAN,a-na,a-na,['ana I'],['CANONICAL (?)'],,
2,"1879,0708.232",3,3,AKKADIAN,TIN.TIR{ki},TIN.TIR{ki},[],['CANONICAL (?)'],,
3,"1879,0708.232",4,1,AKKADIAN,u,u,['u I'],['CANONICAL (?)'],,
4,"1879,0708.232",4,2,AKKADIAN,GU₄.NINDA₂-MEŠ,GU₄.NINDA₂-MEŠ,['bīru II'],['CANONICAL (?)'],,
5,"1879,0708.232",4,3,AKKADIAN,rug-gu,rug-gu,[],['CANONICAL (?)'],,
6,"1879,0708.232",5,2,AKKADIAN,GAL-MEŠ,GAL-MEŠ,['rabû I'],['CANONICAL (?)'],,
7,"1879,0708.232",5,3,AKKADIAN,ša₂,ša₂,['ša I'],['CANONICAL (?)'],,
8,"1879,0708.232",5,4,AKKADIAN,{giš}bu-uṭ-nu,{giš}bu-uṭ-nu,['buṭnu I'],['CANONICAL (?)'],,
9,"1879,0708.232",5,5,AKKADIAN,u₃,u₃,['u I'],['CANONICAL (?)'],,
10,"1879,0708.232",6,1,AKKADIAN,{giš}ha-aṭ-ṭa-a-ti,{giš}ha-aṭ-ṭa-a-ti,['haṭṭu II'],['CANONICAL (?)'],,
11,"1879,0708.232",7,2,AKKADIAN,ša₂,ša₂,['ša I'],['CANONICAL (?)'],,
12,"1879,0708.232",7,3,AKKADIAN,ina,ina,['ina I'],['CANONICAL (?)'],,
13,"1879,0708.232",9,1,AKKADIAN,MUR/ṢU,MUR/ṢU,[],['CANONICAL (?)'],,
14,"1879,0708.232",15,1,AKKADIAN,ša₂,ša₂,[],['CANONICAL (?)'],,
15,"1879,0708.232",15,2,AKKADIAN,ul-tu,ul-tu,[],['CANONICAL (?)'],,
16,"1879,0708.232",16,1,AKKADIAN,pa,pa,[],['CANONICAL (?)'],,
17,"1879,0708.232",16,2,AKKADIAN,ul-tu,ul-tu,[],['CANONICAL (?)'],,
18,"1879,0708.232",17,2,AKKADIAN,u,u,['u I'],['CANONICAL (?)'],,
19,"1879,0708.232",17,3,AKKADIAN,a-ša₂-gu,a-ša₂-gu,['ašāgu I'],['CANONICAL (?)'],,
20,"1879,0708.232",17,4,AKKADIAN,ina,ina,['ina I'],['CANONICAL (?)'],,
21,"1879,0708.232",17,5,AKKADIAN,UGU,UGU,['muhhu I'],['CANONICAL (?)'],,
22,"1879,0708.232",18,2,AKKADIAN,ka-šit-tu₄,ka-šit-tu₄,[],['CANONICAL (?)'],,
23,"1879,0708.232",19,1,AKKADIAN,ki-i,ki-i,[],['CANONICAL (?)'],,
24,"1879,0708.232",20,2,AKKADIAN,i-na,i-na,[],['CANONICAL (?)'],,
25,"1879,0708.232",21,1,AKKADIAN,a/e-la-ka,a/e-la-ka,[],['CANONICAL (?)'],,
26,"1879,0708.232",22,1,AKKADIAN,a,a,[],['CANONICAL (?)'],,
