,fragment_id,fragment_line_num,index_in_line,word_language,value,clean_value,lemma,domain,place_discovery,place_composition
0,"1879,0708.124",0,2,AKKADIAN,MUR,MUR,[],['CANONICAL ➝ Divination ➝ Extispicy ➝ Bārûtu'],,
1,"1879,0708.124",2,2,AKKADIAN,ki-di-ti,ki-di-ti,[],['CANONICAL ➝ Divination ➝ Extispicy ➝ Bārûtu'],,
2,"1879,0708.124",2,4,AKKADIAN,15,15,[],['CANONICAL ➝ Divination ➝ Extispicy ➝ Bārûtu'],,
3,"1879,0708.124",3,3,AKKADIAN,la,la,[],['CANONICAL ➝ Divination ➝ Extispicy ➝ Bārûtu'],,
4,"1879,0708.124",3,4,AKKADIAN,te-eg-gi,te-eg-gi,[],['CANONICAL ➝ Divination ➝ Extispicy ➝ Bārûtu'],,
5,"1879,0708.124",4,1,AKKADIAN,MU-NI,MU-NI,[],['CANONICAL ➝ Divination ➝ Extispicy ➝ Bārûtu'],,
6,"1879,0708.124",4,2,AKKADIAN,ina,ina,[],['CANONICAL ➝ Divination ➝ Extispicy ➝ Bārûtu'],,
7,"1879,0708.124",4,3,AKKADIAN,KI,KI,[],['CANONICAL ➝ Divination ➝ Extispicy ➝ Bārûtu'],,
8,"1879,0708.124",4,5,AKKADIAN,SAG,SAG,[],['CANONICAL ➝ Divination ➝ Extispicy ➝ Bārûtu'],,
9,"1879,0708.124",4,6,AKKADIAN,GIŠ.HUR,GIŠ.HUR,[],['CANONICAL ➝ Divination ➝ Extispicy ➝ Bārûtu'],,
10,"1879,0708.124",4,7,AKKADIAN,eṣ-ret-ma,eṣ-ret-ma,[],['CANONICAL ➝ Divination ➝ Extispicy ➝ Bārûtu'],,
11,"1879,0708.124",4,8,AKKADIAN,{d}iš₈-tar₂,{d}iš₈-tar₂,[],['CANONICAL ➝ Divination ➝ Extispicy ➝ Bārûtu'],,
12,"1879,0708.124",4,9,AKKADIAN,GAL₂,GAL₂,[],['CANONICAL ➝ Divination ➝ Extispicy ➝ Bārûtu'],,
13,"1879,0708.124",4,10,AKKADIAN,di-hu,di-hu,[],['CANONICAL ➝ Divination ➝ Extispicy ➝ Bārûtu'],,
14,"1879,0708.124",4,11,AKKADIAN,ERIN₂-ni,ERIN₂-ni,[],['CANONICAL ➝ Divination ➝ Extispicy ➝ Bārûtu'],,
15,"1879,0708.124",4,12,AKKADIAN,DIB-bat,DIB-bat,[],['CANONICAL ➝ Divination ➝ Extispicy ➝ Bārûtu'],,
16,"1879,0708.124",5,1,AKKADIAN,ina,ina,[],['CANONICAL ➝ Divination ➝ Extispicy ➝ Bārûtu'],,
17,"1879,0708.124",5,2,AKKADIAN,ŠU.SI,ŠU.SI,[],['CANONICAL ➝ Divination ➝ Extispicy ➝ Bārûtu'],,
18,"1879,0708.124",5,3,AKKADIAN,MUR,MUR,[],['CANONICAL ➝ Divination ➝ Extispicy ➝ Bārûtu'],,
19,"1879,0708.124",5,4,AKKADIAN,ki-di-ti,ki-di-ti,[],['CANONICAL ➝ Divination ➝ Extispicy ➝ Bārûtu'],,
20,"1879,0708.124",5,5,AKKADIAN,ša₂,ša₂,[],['CANONICAL ➝ Divination ➝ Extispicy ➝ Bārûtu'],,
21,"1879,0708.124",5,6,AKKADIAN,15,15,[],['CANONICAL ➝ Divination ➝ Extispicy ➝ Bārûtu'],,
22,"1879,0708.124",5,7,AKKADIAN,ana,ana,[],['CANONICAL ➝ Divination ➝ Extispicy ➝ Bārûtu'],,
23,"1879,0708.124",5,8,AKKADIAN,IGI,IGI,[],['CANONICAL ➝ Divination ➝ Extispicy ➝ Bārûtu'],,
24,"1879,0708.124",5,10,AKKADIAN,GIŠ.HUR,GIŠ.HUR,[],['CANONICAL ➝ Divination ➝ Extispicy ➝ Bārûtu'],,
25,"1879,0708.124",5,11,AKKADIAN,eṣ-ret-ma,eṣ-ret-ma,[],['CANONICAL ➝ Divination ➝ Extispicy ➝ Bārûtu'],,
26,"1879,0708.124",5,12,AKKADIAN,E₃,E₃,[],['CANONICAL ➝ Divination ➝ Extispicy ➝ Bārûtu'],,
27,"1879,0708.124",5,13,AKKADIAN,{d}ALAD-MEŠ,{d}ALAD-MEŠ,[],['CANONICAL ➝ Divination ➝ Extispicy ➝ Bārûtu'],,
28,"1879,0708.124",5,14,AKKADIAN,ŠUB-MEŠ,ŠUB-MEŠ,[],['CANONICAL ➝ Divination ➝ Extispicy ➝ Bārûtu'],,
29,"1879,0708.124",5,15,AKKADIAN,ana,ana,[],['CANONICAL ➝ Divination ➝ Extispicy ➝ Bārûtu'],,
30,"1879,0708.124",5,16,AKKADIAN,NUN,NUN,[],['CANONICAL ➝ Divination ➝ Extispicy ➝ Bārûtu'],,
31,"1879,0708.124",5,17,AKKADIAN,GUR-MEŠ-ni,GUR-MEŠ-ni,[],['CANONICAL ➝ Divination ➝ Extispicy ➝ Bārûtu'],,
32,"1879,0708.124",6,1,AKKADIAN,MAN-u₂,MAN-u₂,[],['CANONICAL ➝ Divination ➝ Extispicy ➝ Bārûtu'],,
33,"1879,0708.124",6,2,AKKADIAN,MU-NI,MU-NI,[],['CANONICAL ➝ Divination ➝ Extispicy ➝ Bārûtu'],,
34,"1879,0708.124",6,3,AKKADIAN,ina,ina,[],['CANONICAL ➝ Divination ➝ Extispicy ➝ Bārûtu'],,
35,"1879,0708.124",6,4,AKKADIAN,KIMIN,KIMIN,[],['CANONICAL ➝ Divination ➝ Extispicy ➝ Bārûtu'],,
36,"1879,0708.124",6,6,AKKADIAN,ana,ana,[],['CANONICAL ➝ Divination ➝ Extispicy ➝ Bārûtu'],,
37,"1879,0708.124",6,7,AKKADIAN,ŠA₃,ŠA₃,[],['CANONICAL ➝ Divination ➝ Extispicy ➝ Bārûtu'],,
38,"1879,0708.124",6,8,AKKADIAN,NU,NU,[],['CANONICAL ➝ Divination ➝ Extispicy ➝ Bārûtu'],,
39,"1879,0708.124",6,9,AKKADIAN,ŠUB-ut,ŠUB-ut,[],['CANONICAL ➝ Divination ➝ Extispicy ➝ Bārûtu'],,
40,"1879,0708.124",6,10,AKKADIAN,ZI-ut,ZI-ut,[],['CANONICAL ➝ Divination ➝ Extispicy ➝ Bārûtu'],,
41,"1879,0708.124",6,11,AKKADIAN,ERIN₂-MU,ERIN₂-MU,[],['CANONICAL ➝ Divination ➝ Extispicy ➝ Bārûtu'],,
42,"1879,0708.124",6,12,AKKADIAN,ana,ana,[],['CANONICAL ➝ Divination ➝ Extispicy ➝ Bārûtu'],,
43,"1879,0708.124",6,13,AKKADIAN,KUR,KUR,[],['CANONICAL ➝ Divination ➝ Extispicy ➝ Bārûtu'],,
44,"1879,0708.124",6,14,AKKADIAN,KUR₂,KUR₂,[],['CANONICAL ➝ Divination ➝ Extispicy ➝ Bārûtu'],,
45,"1879,0708.124",7,1,AKKADIAN,MU-NI,MU-NI,[],['CANONICAL ➝ Divination ➝ Extispicy ➝ Bārûtu'],,
46,"1879,0708.124",7,3,AKKADIAN,150,150,[],['CANONICAL ➝ Divination ➝ Extispicy ➝ Bārûtu'],,
47,"1879,0708.124",7,4,AKKADIAN,IGI,IGI,[],['CANONICAL ➝ Divination ➝ Extispicy ➝ Bārûtu'],,
48,"1879,0708.124",7,5,AKKADIAN,{giš}TUKUL-MEŠ,{giš}TUKUL-MEŠ,[],['CANONICAL ➝ Divination ➝ Extispicy ➝ Bārûtu'],,
49,"1879,0708.124",7,6,AKKADIAN,KAL-MEŠ,KAL-MEŠ,[],['CANONICAL ➝ Divination ➝ Extispicy ➝ Bārûtu'],,
50,"1879,0708.124",7,7,AKKADIAN,DU₃-MEŠ,DU₃-MEŠ,[],['CANONICAL ➝ Divination ➝ Extispicy ➝ Bārûtu'],,
51,"1879,0708.124",8,1,AKKADIAN,u,u,[],['CANONICAL ➝ Divination ➝ Extispicy ➝ Bārûtu'],,
52,"1879,0708.124",8,2,AKKADIAN,MUR,MUR,[],['CANONICAL ➝ Divination ➝ Extispicy ➝ Bārûtu'],,
53,"1879,0708.124",8,4,AKKADIAN,ša₂,ša₂,[],['CANONICAL ➝ Divination ➝ Extispicy ➝ Bārûtu'],,
54,"1879,0708.124",8,5,AKKADIAN,15,15,[],['CANONICAL ➝ Divination ➝ Extispicy ➝ Bārûtu'],,
55,"1879,0708.124",8,6,AKKADIAN,ana,ana,[],['CANONICAL ➝ Divination ➝ Extispicy ➝ Bārûtu'],,
56,"1879,0708.124",8,7,AKKADIAN,IGI,IGI,[],['CANONICAL ➝ Divination ➝ Extispicy ➝ Bārûtu'],,
57,"1879,0708.124",8,8,AKKADIAN,GU₂.MUR,GU₂.MUR,[],['CANONICAL ➝ Divination ➝ Extispicy ➝ Bārûtu'],,
58,"1879,0708.124",8,9,AKKADIAN,eṣ-ret-ma,eṣ-ret-ma,[],['CANONICAL ➝ Divination ➝ Extispicy ➝ Bārûtu'],,
59,"1879,0708.124",8,10,AKKADIAN,ANŠE,ANŠE,[],['CANONICAL ➝ Divination ➝ Extispicy ➝ Bārûtu'],,
60,"1879,0708.124",8,12,AKKADIAN,ša₂,ša₂,[],['CANONICAL ➝ Divination ➝ Extispicy ➝ Bārûtu'],,
61,"1879,0708.124",8,13,AKKADIAN,150,150,[],['CANONICAL ➝ Divination ➝ Extispicy ➝ Bārûtu'],,
62,"1879,0708.124",8,14,AKKADIAN,iṣ-bat,iṣ-bat,[],['CANONICAL ➝ Divination ➝ Extispicy ➝ Bārûtu'],,
63,"1879,0708.124",9,2,AKKADIAN,ŠU-su,ŠU-su,[],['CANONICAL ➝ Divination ➝ Extispicy ➝ Bārûtu'],,
64,"1879,0708.124",9,3,AKKADIAN,KUR-ad₂,KUR-ad₂,[],['CANONICAL ➝ Divination ➝ Extispicy ➝ Bārûtu'],,
65,"1879,0708.124",10,2,AKKADIAN,GAL₂,GAL₂,[],['CANONICAL ➝ Divination ➝ Extispicy ➝ Bārûtu'],,
66,"1879,0708.124",10,3,AKKADIAN,IZI,IZI,[],['CANONICAL ➝ Divination ➝ Extispicy ➝ Bārûtu'],,
67,"1879,0708.124",10,4,AKKADIAN,ina,ina,[],['CANONICAL ➝ Divination ➝ Extispicy ➝ Bārûtu'],,
68,"1879,0708.124",10,5,AKKADIAN,URU,URU,[],['CANONICAL ➝ Divination ➝ Extispicy ➝ Bārûtu'],,
69,"1879,0708.124",10,6,AKKADIAN,MU₂-ah,MU₂-ah,[],['CANONICAL ➝ Divination ➝ Extispicy ➝ Bārûtu'],,
70,"1879,0708.124",11,2,AKKADIAN,ša₂,ša₂,[],['CANONICAL ➝ Divination ➝ Extispicy ➝ Bārûtu'],,
71,"1879,0708.124",11,3,AKKADIAN,15,15,[],['CANONICAL ➝ Divination ➝ Extispicy ➝ Bārûtu'],,
72,"1879,0708.124",11,4,AKKADIAN,SIG₃-iṣ,SIG₃-iṣ,[],['CANONICAL ➝ Divination ➝ Extispicy ➝ Bārûtu'],,
73,"1879,0708.124",11,5,AKKADIAN,EGIR,EGIR,[],['CANONICAL ➝ Divination ➝ Extispicy ➝ Bārûtu'],,
74,"1879,0708.124",11,6,AKKADIAN,ERIN₂-MU,ERIN₂-MU,[],['CANONICAL ➝ Divination ➝ Extispicy ➝ Bārûtu'],,
75,"1879,0708.124",11,7,AKKADIAN,KUR₂,KUR₂,[],['CANONICAL ➝ Divination ➝ Extispicy ➝ Bārûtu'],,
76,"1879,0708.124",11,8,AKKADIAN,ina,ina,[],['CANONICAL ➝ Divination ➝ Extispicy ➝ Bārûtu'],,
77,"1879,0708.124",11,10,AKKADIAN,TAG-at₂,TAG-at₂,[],['CANONICAL ➝ Divination ➝ Extispicy ➝ Bārûtu'],,
78,"1879,0708.124",12,2,AKKADIAN,eṣ-ret,eṣ-ret,[],['CANONICAL ➝ Divination ➝ Extispicy ➝ Bārûtu'],,
79,"1879,0708.124",12,3,AKKADIAN,di-um,di-um,[],['CANONICAL ➝ Divination ➝ Extispicy ➝ Bārûtu'],,
80,"1879,0708.124",12,4,AKKADIAN,MU.1.KAM,MU.1.KAM,[],['CANONICAL ➝ Divination ➝ Extispicy ➝ Bārûtu'],,
