,fragment_id,fragment_line_num,index_in_line,word_language,value,clean_value,lemma,domain,place_discovery,place_composition
0,"1881,0204.299",3,0,AKKADIAN,{na₄}šu-u,{na₄}šu-u,['šû II'],[],,
1,"1881,0204.299",4,0,AKKADIAN,{na₄}zib-tum,{na₄}zib-tum,['zibtu I'],[],,
2,"1881,0204.299",5,0,AKKADIAN,{na₄}GUG,{na₄}GUG,['sāmtu I'],[],,
3,"1881,0204.299",7,0,AKKADIAN,{na₄}šu-u,{na₄}šu-u,['šû II'],[],,
4,"1881,0204.299",7,1,AKKADIAN,NITA,NITA,['zikaru I'],[],,
5,"1881,0204.299",7,2,AKKADIAN,u,u,['u I'],[],,
6,"1881,0204.299",7,3,AKKADIAN,MUNUS,MUNUS,['sinnišu I'],[],,
7,"1881,0204.299",8,0,AKKADIAN,{na₄}BABBAR.DIL,{na₄}BABBAR.DIL,['pappardaliu I'],[],,
8,"1881,0204.299",9,0,AKKADIAN,{na₄}hu-luh-hu,{na₄}hu-luh-hu,['huluhhu I'],[],,
9,"1881,0204.299",12,0,AKKADIAN,{na₄}mu-ṣa,{na₄}mu-ṣa,['mūṣu I'],[],,
10,"1881,0204.299",13,0,AKKADIAN,{na₄}NIR₂,{na₄}NIR₂,['hulālu I'],[],,
11,"1881,0204.299",13,1,AKKADIAN,{na₄}GUG,{na₄}GUG,['sāmtu I'],[],,
12,"1881,0204.299",14,0,AKKADIAN,{na₄}PA,{na₄}PA,['ayyartu I'],[],,
13,"1881,0204.299",14,1,AKKADIAN,{na₄}ni-ba,{na₄}ni-ba,['yānibu I'],[],,
14,"1881,0204.299",15,0,AKKADIAN,{na₄}MUŠ.GIR₂,{na₄}MUŠ.GIR₂,['muššāru I'],[],,
15,"1881,0204.299",15,1,AKKADIAN,{na₄}ZALAG₂,{na₄}ZALAG₂,['zalāqu I'],[],,
16,"1881,0204.299",16,0,AKKADIAN,{na₄}GIŠ.NU₁₁.GAL,{na₄}GIŠ.NU₁₁.GAL,['ašnugallu I'],[],,
17,"1881,0204.299",21,0,AKKADIAN,{na₄}ZA.GIN₃,{na₄}ZA.GIN₃,['uqnû I'],[],,
18,"1881,0204.299",21,1,AKKADIAN,{na₄}GUG,{na₄}GUG,['sāmtu I'],[],,
19,"1881,0204.299",22,0,AKKADIAN,{na₄}PA,{na₄}PA,['ayyartu I'],[],,
20,"1881,0204.299",22,1,AKKADIAN,{na₄}ni-ba,{na₄}ni-ba,['yānibu I'],[],,
21,"1881,0204.299",23,0,AKKADIAN,{na₄}šu-u,{na₄}šu-u,['šû II'],[],,
22,"1881,0204.299",23,1,AKKADIAN,NITA,NITA,['zikaru I'],[],,
23,"1881,0204.299",23,2,AKKADIAN,u,u,['u I'],[],,
24,"1881,0204.299",23,3,AKKADIAN,MUNUS,MUNUS,['sinnišu I'],[],,
25,"1881,0204.299",24,0,AKKADIAN,{na₄}sah-hu-u,{na₄}sah-hu-u,['sahhû I'],[],,
26,"1881,0204.299",24,1,AKKADIAN,ni-su-tu₂,ni-su-tu₂,['nišūtu I'],[],,
27,"1881,0204.299",27,0,AKKADIAN,{na₄}šu-u,{na₄}šu-u,['šû II'],[],,
28,"1881,0204.299",27,1,AKKADIAN,NITA,NITA,['zikaru I'],[],,
29,"1881,0204.299",27,2,AKKADIAN,u,u,['u I'],[],,
30,"1881,0204.299",27,3,AKKADIAN,MUNUS,MUNUS,['sinnišu I'],[],,
31,"1881,0204.299",28,0,AKKADIAN,{na₄}ni-ba,{na₄}ni-ba,['yānibu I'],[],,
32,"1881,0204.299",31,0,AKKADIAN,{na₄}hal-tum,{na₄}hal-tum,['haštu II'],[],,
33,"1881,0204.299",31,1,AKKADIAN,{na₄}ZA.GIN₃,{na₄}ZA.GIN₃,['uqnû I'],[],,
34,"1881,0204.299",32,0,AKKADIAN,{na₄}PA,{na₄}PA,['ayyartu I'],[],,
35,"1881,0204.299",32,1,AKKADIAN,ša₂,ša₂,['ša I'],[],,
36,"1881,0204.299",32,2,AKKADIAN,7,7,['sebe I'],[],,
37,"1881,0204.299",32,3,AKKADIAN,GUN₃-MEŠ-ša₂,GUN₃-MEŠ-ša₂,"['tikpu I', '-ša I']",[],,
38,"1881,0204.299",34,0,AKKADIAN,{na₄}GUG,{na₄}GUG,['sāmtu I'],[],,
39,"1881,0204.299",34,1,AKKADIAN,GAZI{sar},GAZI{sar},['kasû II'],[],,
40,"1881,0204.299",35,0,AKKADIAN,{na₄}ZALAG₂,{na₄}ZALAG₂,['zalāqu I'],[],,
41,"1881,0204.299",35,1,AKKADIAN,{na₄}KUR-nu,{na₄}KUR-nu,['šadânu I'],[],,
42,"1881,0204.299",35,2,AKKADIAN,DAB,DAB,['ṣābitu I'],[],,
43,"1881,0204.299",37,0,AKKADIAN,{na₄}GUG,{na₄}GUG,['sāmtu I'],[],,
44,"1881,0204.299",38,0,AKKADIAN,5,5,['hamšu I'],[],,
45,"1881,0204.299",38,1,AKKADIAN,KI.MIN,KI.MIN,[],[],,
