,fragment_id,fragment_line_num,index_in_line,word_language,value,clean_value,lemma,domain,place_discovery,place_composition
0,"1879,0708.215",1,1,AKKADIAN,e-piš,e-piš,[],['CANONICAL'],,
1,"1879,0708.215",1,3,AKKADIAN,bar-ti,bar-ti,[],['CANONICAL'],,
2,"1879,0708.215",1,4,AKKADIAN,ša₂,ša₂,[],['CANONICAL'],,
3,"1879,0708.215",2,2,AKKADIAN,a-di,a-di,[],['CANONICAL'],,
4,"1879,0708.215",2,3,AKKADIAN,DUMU,DUMU,[],['CANONICAL'],,
5,"1879,0708.215",3,1,AKKADIAN,LU₂,LU₂,[],['CANONICAL'],,
6,"1879,0708.215",3,2,AKKADIAN,mi-i-tu₄,mi-i-tu₄,[],['CANONICAL'],,
7,"1879,0708.215",4,2,AKKADIAN,{d}be-er,{d}be-er,[],['CANONICAL'],,
8,"1879,0708.215",4,3,AKKADIAN,{d}+INNIN,{d}+INNIN,[],['CANONICAL'],,
9,"1879,0708.215",4,4,AKKADIAN,ina,ina,[],['CANONICAL'],,
10,"1879,0708.215",5,2,AKKADIAN,EGIR,EGIR,[],['CANONICAL'],,
11,"1879,0708.215",5,3,AKKADIAN,u,u,[],['CANONICAL'],,
12,"1879,0708.215",5,4,AKKADIAN,ša₂,ša₂,[],['CANONICAL'],,
