,fragment_id,fragment_line_num,index_in_line,word_language,value,clean_value,lemma,domain,place_discovery,place_composition
0,"1880,0719.316",2,1,AKKADIAN,ERIN₂-ia₅,ERIN₂-ia₅,[],['CANONICAL ➝ Divination ➝ Extispicy (?)'],,
1,"1880,0719.316",3,1,AKKADIAN,ERIN₂,ERIN₂,[],['CANONICAL ➝ Divination ➝ Extispicy (?)'],,
2,"1880,0719.316",3,2,AKKADIAN,KUR₂,KUR₂,[],['CANONICAL ➝ Divination ➝ Extispicy (?)'],,
3,"1880,0719.316",8,1,AKKADIAN,u,u,[],['CANONICAL ➝ Divination ➝ Extispicy (?)'],,
4,"1880,0719.316",9,1,AKKADIAN,u,u,[],['CANONICAL ➝ Divination ➝ Extispicy (?)'],,
5,"1880,0719.316",13,2,AKKADIAN,LUGAL,LUGAL,[],['CANONICAL ➝ Divination ➝ Extispicy (?)'],,
6,"1880,0719.316",13,4,AKKADIAN,LUGAL),LUGAL,[],['CANONICAL ➝ Divination ➝ Extispicy (?)'],,
7,"1880,0719.316",13,5,AKKADIAN,KUR,KUR,[],['CANONICAL ➝ Divination ➝ Extispicy (?)'],,
8,"1880,0719.316",14,2,AKKADIAN,LUGAL,LUGAL,[],['CANONICAL ➝ Divination ➝ Extispicy (?)'],,
9,"1880,0719.316",14,4,AKKADIAN,LUGAL),LUGAL,[],['CANONICAL ➝ Divination ➝ Extispicy (?)'],,
10,"1880,0719.316",14,5,AKKADIAN,KUR,KUR,[],['CANONICAL ➝ Divination ➝ Extispicy (?)'],,
11,"1880,0719.316",15,1,AKKADIAN,pi-i,pi-i,[],['CANONICAL ➝ Divination ➝ Extispicy (?)'],,
12,"1880,0719.316",15,4,AKKADIAN,GABA.RI,GABA.RI,[],['CANONICAL ➝ Divination ➝ Extispicy (?)'],,
13,"1880,0719.316",15,5,AKKADIAN,KUR,KUR,[],['CANONICAL ➝ Divination ➝ Extispicy (?)'],,
14,"1880,0719.316",15,6,AKKADIAN,aš-šur{ki},aš-šur{ki},[],['CANONICAL ➝ Divination ➝ Extispicy (?)'],,
15,"1880,0719.316",15,7,AKKADIAN,KUR,KUR,[],['CANONICAL ➝ Divination ➝ Extispicy (?)'],,
16,"1880,0719.316",15,8,AKKADIAN,EME.GI₇,EME.GI₇,[],['CANONICAL ➝ Divination ➝ Extispicy (?)'],,
17,"1880,0719.316",15,9,AKKADIAN,u/u₃,u/u₃,[],['CANONICAL ➝ Divination ➝ Extispicy (?)'],,
