,fragment_id,fragment_line_num,index_in_line,word_language,value,clean_value,lemma,domain,place_discovery,place_composition
0,"1880,1112.2176",1,0,AKKADIAN,DIŠ,DIŠ,[],[],,
1,"1880,1112.2176",2,0,AKKADIAN,DIŠ,DIŠ,[],[],,
2,"1880,1112.2176",3,0,AKKADIAN,DIŠ,DIŠ,[],[],,
3,"1880,1112.2176",4,0,AKKADIAN,DIŠ,DIŠ,[],[],,
4,"1880,1112.2176",4,1,AKKADIAN,U,U,[],[],,
5,"1880,1112.2176",5,0,AKKADIAN,DIŠ,DIŠ,[],[],,
6,"1880,1112.2176",5,1,AKKADIAN,U,U,[],[],,
7,"1880,1112.2176",6,0,AKKADIAN,DIŠ,DIŠ,[],[],,
8,"1880,1112.2176",7,0,AKKADIAN,DIŠ,DIŠ,[],[],,
9,"1880,1112.2176",8,0,AKKADIAN,DIŠ,DIŠ,[],[],,
10,"1880,1112.2176",9,0,AKKADIAN,DIŠ,DIŠ,[],[],,
11,"1880,1112.2176",10,0,AKKADIAN,DIŠ,DIŠ,[],[],,
12,"1880,1112.2176",11,0,AKKADIAN,DIŠ,DIŠ,[],[],,
13,"1880,1112.2176",12,0,AKKADIAN,DIŠ,DIŠ,[],[],,
14,"1880,1112.2176",17,0,AKKADIAN,A,A,[],[],,
