,fragment_id,fragment_line_num,index_in_line,word_language,value,clean_value,lemma,domain,place_discovery,place_composition
0,"1879,0708.277",0,2,AKKADIAN,be-let,be-let,[],['CANONICAL ➝ Literature ➝ Hymns ➝ Divine'],,
1,"1879,0708.277",0,3,AKKADIAN,{uru}ni-na-a,{uru}ni-na-a,[],['CANONICAL ➝ Literature ➝ Hymns ➝ Divine'],,
2,"1879,0708.277",1,2,AKKADIAN,KUR-e,KUR-e,[],['CANONICAL ➝ Literature ➝ Hymns ➝ Divine'],,
3,"1879,0708.277",1,3,AKKADIAN,dan-ni,dan-ni,[],['CANONICAL ➝ Literature ➝ Hymns ➝ Divine'],,
4,"1879,0708.277",1,4,AKKADIAN,ša₂,ša₂,[],['CANONICAL ➝ Literature ➝ Hymns ➝ Divine'],,
5,"1879,0708.277",2,2,AKKADIAN,nu,nu,[],['CANONICAL ➝ Literature ➝ Hymns ➝ Divine'],,
6,"1879,0708.277",2,3,AKKADIAN,bu,bu,[],['CANONICAL ➝ Literature ➝ Hymns ➝ Divine'],,
7,"1879,0708.277",2,4,AKKADIAN,ša₂,ša₂,[],['CANONICAL ➝ Literature ➝ Hymns ➝ Divine'],,
8,"1879,0708.277",2,5,AKKADIAN,šu,šu,[],['CANONICAL ➝ Literature ➝ Hymns ➝ Divine'],,
9,"1879,0708.277",2,6,AKKADIAN,nu,nu,[],['CANONICAL ➝ Literature ➝ Hymns ➝ Divine'],,
