,fragment_id,fragment_line_num,index_in_line,word_language,value,clean_value,lemma,domain,place_discovery,place_composition
0,"1879,0708.150",1,6,AKKADIAN,NIGIN₂,NIGIN₂,['lawû II'],['CANONICAL ➝ Divination ➝ Celestial ➝ Enūma Anu Enlil ➝ Sîn (EAE 1–22)'],,
1,"1879,0708.150",2,1,AKKADIAN,U₄.20.KAM@v,U₄.20.KAM@v,[],['CANONICAL ➝ Divination ➝ Celestial ➝ Enūma Anu Enlil ➝ Sîn (EAE 1–22)'],,
2,"1879,0708.150",2,2,AKKADIAN,2,2,['šina II'],['CANONICAL ➝ Divination ➝ Celestial ➝ Enūma Anu Enlil ➝ Sîn (EAE 1–22)'],,
3,"1879,0708.150",2,3,AKKADIAN,GIŠ.HUR,GIŠ.HUR,['uṣurtu I'],['CANONICAL ➝ Divination ➝ Celestial ➝ Enūma Anu Enlil ➝ Sîn (EAE 1–22)'],,
4,"1879,0708.150",2,4,AKKADIAN,NIGIN₂,NIGIN₂,['lawû II'],['CANONICAL ➝ Divination ➝ Celestial ➝ Enūma Anu Enlil ➝ Sîn (EAE 1–22)'],,
5,"1879,0708.150",2,5,AKKADIAN,ERIN₂-šu₂,ERIN₂-šu₂,['ummānu I'],['CANONICAL ➝ Divination ➝ Celestial ➝ Enūma Anu Enlil ➝ Sîn (EAE 1–22)'],,
6,"1879,0708.150",2,6,AKKADIAN,{d}IŠKUR,{d}IŠKUR,['Adad I'],['CANONICAL ➝ Divination ➝ Celestial ➝ Enūma Anu Enlil ➝ Sîn (EAE 1–22)'],,
7,"1879,0708.150",3,1,AKKADIAN,U₄.20.KAM@v,U₄.20.KAM@v,[],['CANONICAL ➝ Divination ➝ Celestial ➝ Enūma Anu Enlil ➝ Sîn (EAE 1–22)'],,
8,"1879,0708.150",3,2,AKKADIAN,3,3,['šalāš I'],['CANONICAL ➝ Divination ➝ Celestial ➝ Enūma Anu Enlil ➝ Sîn (EAE 1–22)'],,
9,"1879,0708.150",3,3,AKKADIAN,GIŠ.HUR,GIŠ.HUR,['uṣurtu I'],['CANONICAL ➝ Divination ➝ Celestial ➝ Enūma Anu Enlil ➝ Sîn (EAE 1–22)'],,
10,"1879,0708.150",4,1,AKKADIAN,U₄.25.KAM@v,U₄.25.KAM@v,[],['CANONICAL ➝ Divination ➝ Celestial ➝ Enūma Anu Enlil ➝ Sîn (EAE 1–22)'],,
11,"1879,0708.150",4,2,AKKADIAN,2,2,['šina II'],['CANONICAL ➝ Divination ➝ Celestial ➝ Enūma Anu Enlil ➝ Sîn (EAE 1–22)'],,
12,"1879,0708.150",4,3,AKKADIAN,GIŠ.HUR,GIŠ.HUR,['uṣurtu I'],['CANONICAL ➝ Divination ➝ Celestial ➝ Enūma Anu Enlil ➝ Sîn (EAE 1–22)'],,
13,"1879,0708.150",4,4,AKKADIAN,MIN,MIN,[],['CANONICAL ➝ Divination ➝ Celestial ➝ Enūma Anu Enlil ➝ Sîn (EAE 1–22)'],,
14,"1879,0708.150",5,0,AKKADIAN,DIŠ,DIŠ,['šumma I'],['CANONICAL ➝ Divination ➝ Celestial ➝ Enūma Anu Enlil ➝ Sîn (EAE 1–22)'],,
15,"1879,0708.150",5,1,AKKADIAN,U₄.26.KAM@v,U₄.26.KAM@v,[],['CANONICAL ➝ Divination ➝ Celestial ➝ Enūma Anu Enlil ➝ Sîn (EAE 1–22)'],,
16,"1879,0708.150",5,2,AKKADIAN,GIŠ.HUR,GIŠ.HUR,['uṣurtu I'],['CANONICAL ➝ Divination ➝ Celestial ➝ Enūma Anu Enlil ➝ Sîn (EAE 1–22)'],,
17,"1879,0708.150",5,3,AKKADIAN,MIN,MIN,[],['CANONICAL ➝ Divination ➝ Celestial ➝ Enūma Anu Enlil ➝ Sîn (EAE 1–22)'],,
18,"1879,0708.150",6,0,AKKADIAN,DIŠ,DIŠ,['šumma I'],['CANONICAL ➝ Divination ➝ Celestial ➝ Enūma Anu Enlil ➝ Sîn (EAE 1–22)'],,
19,"1879,0708.150",6,1,AKKADIAN,U₄.27.KAM@v,U₄.27.KAM@v,[],['CANONICAL ➝ Divination ➝ Celestial ➝ Enūma Anu Enlil ➝ Sîn (EAE 1–22)'],,
20,"1879,0708.150",6,2,AKKADIAN,3,3,['šalāš I'],['CANONICAL ➝ Divination ➝ Celestial ➝ Enūma Anu Enlil ➝ Sîn (EAE 1–22)'],,
21,"1879,0708.150",6,3,AKKADIAN,GIŠ.HUR,GIŠ.HUR,['uṣurtu I'],['CANONICAL ➝ Divination ➝ Celestial ➝ Enūma Anu Enlil ➝ Sîn (EAE 1–22)'],,
22,"1879,0708.150",6,4,AKKADIAN,MIN,MIN,[],['CANONICAL ➝ Divination ➝ Celestial ➝ Enūma Anu Enlil ➝ Sîn (EAE 1–22)'],,
23,"1879,0708.150",7,0,AKKADIAN,DIŠ,DIŠ,['šumma I'],['CANONICAL ➝ Divination ➝ Celestial ➝ Enūma Anu Enlil ➝ Sîn (EAE 1–22)'],,
24,"1879,0708.150",7,1,AKKADIAN,U₄.28.KAM@v,U₄.28.KAM@v,[],['CANONICAL ➝ Divination ➝ Celestial ➝ Enūma Anu Enlil ➝ Sîn (EAE 1–22)'],,
25,"1879,0708.150",7,2,AKKADIAN,5,5,['hamiš I'],['CANONICAL ➝ Divination ➝ Celestial ➝ Enūma Anu Enlil ➝ Sîn (EAE 1–22)'],,
26,"1879,0708.150",7,3,AKKADIAN,GIŠ.HUR,GIŠ.HUR,['uṣurtu I'],['CANONICAL ➝ Divination ➝ Celestial ➝ Enūma Anu Enlil ➝ Sîn (EAE 1–22)'],,
27,"1879,0708.150",11,0,AKKADIAN,DUB.10.KAM@v,DUB.10.KAM@v,[],['CANONICAL ➝ Divination ➝ Celestial ➝ Enūma Anu Enlil ➝ Sîn (EAE 1–22)'],,
28,"1879,0708.150",11,1,AKKADIAN,DIŠ,DIŠ,['šumma I'],['CANONICAL ➝ Divination ➝ Celestial ➝ Enūma Anu Enlil ➝ Sîn (EAE 1–22)'],,
29,"1879,0708.150",11,2,AKKADIAN,U₄,U₄,['ūmu I'],['CANONICAL ➝ Divination ➝ Celestial ➝ Enūma Anu Enlil ➝ Sîn (EAE 1–22)'],,
30,"1879,0708.150",11,3,AKKADIAN,AN,AN,['Anu I'],['CANONICAL ➝ Divination ➝ Celestial ➝ Enūma Anu Enlil ➝ Sîn (EAE 1–22)'],,
31,"1879,0708.150",11,4,AKKADIAN,{d}+EN.LIL₂,{d}+EN.LIL₂,['Ellil I'],['CANONICAL ➝ Divination ➝ Celestial ➝ Enūma Anu Enlil ➝ Sîn (EAE 1–22)'],,
32,"1879,0708.150",11,5,AKKADIAN,50,50,[],['CANONICAL ➝ Divination ➝ Celestial ➝ Enūma Anu Enlil ➝ Sîn (EAE 1–22)'],,
33,"1879,0708.150",14,0,AKKADIAN,{d}30,{d}30,['Sîn I'],['CANONICAL ➝ Divination ➝ Celestial ➝ Enūma Anu Enlil ➝ Sîn (EAE 1–22)'],,
34,"1879,0708.150",14,1,AKKADIAN,GIŠ.HUR,GIŠ.HUR,['uṣurtu I'],['CANONICAL ➝ Divination ➝ Celestial ➝ Enūma Anu Enlil ➝ Sîn (EAE 1–22)'],,
35,"1879,0708.150",14,2,AKKADIAN,NIGIN₂-ma,NIGIN₂-ma,['lawû II'],['CANONICAL ➝ Divination ➝ Celestial ➝ Enūma Anu Enlil ➝ Sîn (EAE 1–22)'],,
36,"1879,0708.150",14,3,AKKADIAN,KA₂-šu₂,KA₂-šu₂,"['bābu I', '-šu I']",['CANONICAL ➝ Divination ➝ Celestial ➝ Enūma Anu Enlil ➝ Sîn (EAE 1–22)'],,
37,"1879,0708.150",14,4,AKKADIAN,ana,ana,['ana I'],['CANONICAL ➝ Divination ➝ Celestial ➝ Enūma Anu Enlil ➝ Sîn (EAE 1–22)'],,
38,"1879,0708.150",16,1,AKKADIAN,pi-i,pi-i,['pû I'],['CANONICAL ➝ Divination ➝ Celestial ➝ Enūma Anu Enlil ➝ Sîn (EAE 1–22)'],,
