,fragment_id,fragment_line_num,index_in_line,word_language,value,clean_value,lemma,domain,place_discovery,place_composition
0,"1879,0708.344",1,2,AKKADIAN,IGI,IGI,[],['CANONICAL ➝ Divination ➝ Celestial ➝ Enūma Anu Enlil ➝ Adad (EAE 36–49) (?)'],,
1,"1879,0708.344",1,3,AKKADIAN,BI,BI,[],['CANONICAL ➝ Divination ➝ Celestial ➝ Enūma Anu Enlil ➝ Adad (EAE 36–49) (?)'],,
2,"1879,0708.344",1,4,AKKADIAN,HU,HU,[],['CANONICAL ➝ Divination ➝ Celestial ➝ Enūma Anu Enlil ➝ Adad (EAE 36–49) (?)'],,
3,"1879,0708.344",2,2,AKKADIAN,IGI,IGI,[],['CANONICAL ➝ Divination ➝ Celestial ➝ Enūma Anu Enlil ➝ Adad (EAE 36–49) (?)'],,
4,"1879,0708.344",2,3,AKKADIAN,BI,BI,[],['CANONICAL ➝ Divination ➝ Celestial ➝ Enūma Anu Enlil ➝ Adad (EAE 36–49) (?)'],,
5,"1879,0708.344",2,4,AKKADIAN,HU,HU,[],['CANONICAL ➝ Divination ➝ Celestial ➝ Enūma Anu Enlil ➝ Adad (EAE 36–49) (?)'],,
6,"1879,0708.344",2,5,AKKADIAN,IM,IM,[],['CANONICAL ➝ Divination ➝ Celestial ➝ Enūma Anu Enlil ➝ Adad (EAE 36–49) (?)'],,
7,"1879,0708.344",3,2,AKKADIAN,gi-na-a,gi-na-a,[],['CANONICAL ➝ Divination ➝ Celestial ➝ Enūma Anu Enlil ➝ Adad (EAE 36–49) (?)'],,
8,"1879,0708.344",3,3,AKKADIAN,IGI,IGI,[],['CANONICAL ➝ Divination ➝ Celestial ➝ Enūma Anu Enlil ➝ Adad (EAE 36–49) (?)'],,
9,"1879,0708.344",3,4,AKKADIAN,BI,BI,[],['CANONICAL ➝ Divination ➝ Celestial ➝ Enūma Anu Enlil ➝ Adad (EAE 36–49) (?)'],,
10,"1879,0708.344",3,5,AKKADIAN,HU,HU,[],['CANONICAL ➝ Divination ➝ Celestial ➝ Enūma Anu Enlil ➝ Adad (EAE 36–49) (?)'],,
11,"1879,0708.344",3,6,AKKADIAN,LU,LU,[],['CANONICAL ➝ Divination ➝ Celestial ➝ Enūma Anu Enlil ➝ Adad (EAE 36–49) (?)'],,
12,"1879,0708.344",3,7,AKKADIAN,TU,TU,[],['CANONICAL ➝ Divination ➝ Celestial ➝ Enūma Anu Enlil ➝ Adad (EAE 36–49) (?)'],,
13,"1879,0708.344",4,4,AKKADIAN,hi,hi,[],['CANONICAL ➝ Divination ➝ Celestial ➝ Enūma Anu Enlil ➝ Adad (EAE 36–49) (?)'],,
14,"1879,0708.344",4,5,AKKADIAN,LU,LU,[],['CANONICAL ➝ Divination ➝ Celestial ➝ Enūma Anu Enlil ➝ Adad (EAE 36–49) (?)'],,
15,"1879,0708.344",5,3,AKKADIAN,EŠ,EŠ,[],['CANONICAL ➝ Divination ➝ Celestial ➝ Enūma Anu Enlil ➝ Adad (EAE 36–49) (?)'],,
16,"1879,0708.344",5,4,AKKADIAN,3,3,[],['CANONICAL ➝ Divination ➝ Celestial ➝ Enūma Anu Enlil ➝ Adad (EAE 36–49) (?)'],,
17,"1879,0708.344",5,5,AKKADIAN,ITI,ITI,[],['CANONICAL ➝ Divination ➝ Celestial ➝ Enūma Anu Enlil ➝ Adad (EAE 36–49) (?)'],,
18,"1879,0708.344",5,6,AKKADIAN,10,10,[],['CANONICAL ➝ Divination ➝ Celestial ➝ Enūma Anu Enlil ➝ Adad (EAE 36–49) (?)'],,
19,"1879,0708.344",5,7,AKKADIAN,u₄-me,u₄-me,[],['CANONICAL ➝ Divination ➝ Celestial ➝ Enūma Anu Enlil ➝ Adad (EAE 36–49) (?)'],,
20,"1879,0708.344",6,3,AKKADIAN,ZA/HA-nu,ZA/HA-nu,[],['CANONICAL ➝ Divination ➝ Celestial ➝ Enūma Anu Enlil ➝ Adad (EAE 36–49) (?)'],,
21,"1879,0708.344",6,4,AKKADIAN,MAN,MAN,[],['CANONICAL ➝ Divination ➝ Celestial ➝ Enūma Anu Enlil ➝ Adad (EAE 36–49) (?)'],,
22,"1879,0708.344",6,5,AKKADIAN,gu,gu,[],['CANONICAL ➝ Divination ➝ Celestial ➝ Enūma Anu Enlil ➝ Adad (EAE 36–49) (?)'],,
23,"1879,0708.344",6,6,AKKADIAN,UD,UD,[],['CANONICAL ➝ Divination ➝ Celestial ➝ Enūma Anu Enlil ➝ Adad (EAE 36–49) (?)'],,
24,"1879,0708.344",6,7,AKKADIAN,a,a,[],['CANONICAL ➝ Divination ➝ Celestial ➝ Enūma Anu Enlil ➝ Adad (EAE 36–49) (?)'],,
