,fragment_id,fragment_line_num,index_in_line,word_language,value,clean_value,lemma,domain,place_discovery,place_composition
0,"1881,0204.252",1,3,AKKADIAN,E₂,E₂,['bītu I'],['CANONICAL'],,
1,"1881,0204.252",2,3,AKKADIAN,E₂,E₂,['bītu I'],['CANONICAL'],,
2,"1881,0204.252",2,4,AKKADIAN,KUR-i,KUR-i,['šadû I'],['CANONICAL'],,
3,"1881,0204.252",2,5,AKKADIAN,GAL-i,GAL-i,['rabû I'],['CANONICAL'],,
4,"1881,0204.252",3,3,AKKADIAN,E₂,E₂,['bītu I'],['CANONICAL'],,
5,"1881,0204.252",3,4,AKKADIAN,KUR-i,KUR-i,['šadû I'],['CANONICAL'],,
6,"1881,0204.252",3,5,AKKADIAN,KUR-MEŠ,KUR-MEŠ,[],['CANONICAL'],,
7,"1881,0204.252",4,3,AKKADIAN,E₂,E₂,['bītu I'],['CANONICAL'],,
8,"1881,0204.252",4,4,AKKADIAN,pur-si-i,pur-si-i,[],['CANONICAL'],,
9,"1881,0204.252",4,5,AKKADIAN,{d}IDIM,{d}IDIM,['Ea I'],['CANONICAL'],,
10,"1881,0204.252",5,3,AKKADIAN,E₂,E₂,['bītu I'],['CANONICAL'],,
11,"1881,0204.252",5,4,AKKADIAN,ša₂,ša₂,['ša I'],['CANONICAL'],,
12,"1881,0204.252",5,5,AKKADIAN,pi-ru,pi-ru,[],['CANONICAL'],,
13,"1881,0204.252",5,6,AKKADIAN,ina,ina,['ina I'],['CANONICAL'],,
14,"1881,0204.252",5,7,AKKADIAN,lib₃-bi,lib₃-bi,[],['CANONICAL'],,
15,"1881,0204.252",5,8,AKKADIAN,i-bar-ru-u,i-bar-ru-u,[],['CANONICAL'],,
16,"1881,0204.252",5,10,AKKADIAN,E₂,E₂,['bītu I'],['CANONICAL'],,
17,"1881,0204.252",5,11,AKKADIAN,{d}nin-lil₂,{d}nin-lil₂,['Ninlil I'],['CANONICAL'],,
18,"1881,0204.252",6,3,AKKADIAN,E₂,E₂,['bītu I'],['CANONICAL'],,
19,"1881,0204.252",6,4,AKKADIAN,ša₂,ša₂,['ša I'],['CANONICAL'],,
20,"1881,0204.252",6,5,AKKADIAN,uz-na,uz-na,['uznu I'],['CANONICAL'],,
21,"1881,0204.252",6,6,AKKADIAN,ṣir-ti,ṣir-ti,['ṣīru I'],['CANONICAL'],,
22,"1881,0204.252",6,7,AKKADIAN,šuk-lu-lu,šuk-lu-lu,['šuklulu I'],['CANONICAL'],,
23,"1881,0204.252",6,9,AKKADIAN,E₂,E₂,['bītu I'],['CANONICAL'],,
24,"1881,0204.252",6,10,AKKADIAN,{d}e₂-a,{d}e₂-a,['Ea I'],['CANONICAL'],,
25,"1881,0204.252",7,3,AKKADIAN,E₂,E₂,['bītu I'],['CANONICAL'],,
26,"1881,0204.252",7,4,AKKADIAN,ša₂,ša₂,['ša I'],['CANONICAL'],,
27,"1881,0204.252",7,5,AKKADIAN,gi-mir,gi-mir,['gimru I'],['CANONICAL'],,
28,"1881,0204.252",7,6,AKKADIAN,par-ṣi,par-ṣi,['parṣu I'],['CANONICAL'],,
29,"1881,0204.252",7,7,AKKADIAN,ha-am-mu,ha-am-mu,['hamāmu I'],['CANONICAL'],,
30,"1881,0204.252",7,9,AKKADIAN,E₂,E₂,['bītu I'],['CANONICAL'],,
31,"1881,0204.252",7,10,AKKADIAN,{d}nin-urta,{d}nin-urta,['Ninurta I'],['CANONICAL'],,
32,"1881,0204.252",8,3,AKKADIAN,E₂,E₂,['bītu I'],['CANONICAL'],,
33,"1881,0204.252",8,4,AKKADIAN,lib₃-bi,lib₃-bi,[],['CANONICAL'],,
34,"1881,0204.252",8,5,AKKADIAN,AN-e,AN-e,['šamû I'],['CANONICAL'],,
35,"1881,0204.252",8,6,AKKADIAN,E₂,E₂,['bītu I'],['CANONICAL'],,
36,"1881,0204.252",8,7,AKKADIAN,{d}a-nim,{d}a-nim,['Anu I'],['CANONICAL'],,
37,"1881,0204.252",9,3,AKKADIAN,E₂,E₂,['bītu I'],['CANONICAL'],,
38,"1881,0204.252",9,4,AKKADIAN,ša₂,ša₂,['ša I'],['CANONICAL'],,
39,"1881,0204.252",9,5,AKKADIAN,ik-ri-bi,ik-ri-bi,[],['CANONICAL'],,
40,"1881,0204.252",9,6,AKKADIAN,še-mu-u,še-mu-u,['šemû I'],['CANONICAL'],,
41,"1881,0204.252",9,7,AKKADIAN,E₂,E₂,['bītu I'],['CANONICAL'],,
42,"1881,0204.252",9,8,AKKADIAN,{d}IŠKUR,{d}IŠKUR,['Adad I'],['CANONICAL'],,
43,"1881,0204.252",10,3,AKKADIAN,E₂,E₂,['bītu I'],['CANONICAL'],,
44,"1881,0204.252",10,4,AKKADIAN,hi-da-a-ti,hi-da-a-ti,['hidiātu I'],['CANONICAL'],,
45,"1881,0204.252",10,5,AKKADIAN,ma-lu-u,ma-lu-u,['malû IV'],['CANONICAL'],,
46,"1881,0204.252",10,6,AKKADIAN,E₂,E₂,['bītu I'],['CANONICAL'],,
47,"1881,0204.252",10,7,AKKADIAN,{d}30,{d}30,['Sîn I'],['CANONICAL'],,
48,"1881,0204.252",11,3,AKKADIAN,E₂,E₂,['bītu I'],['CANONICAL'],,
49,"1881,0204.252",11,4,AKKADIAN,nam-ru,nam-ru,['nawru I'],['CANONICAL'],,
50,"1881,0204.252",11,5,AKKADIAN,E₂,E₂,['bītu I'],['CANONICAL'],,
51,"1881,0204.252",11,6,AKKADIAN,{d}UTU,{d}UTU,[],['CANONICAL'],,
52,"1881,0204.252",12,3,AKKADIAN,E₂,E₂,['bītu I'],['CANONICAL'],,
53,"1881,0204.252",12,4,AKKADIAN,na-piš-te,na-piš-te,[],['CANONICAL'],,
54,"1881,0204.252",12,5,AKKADIAN,KUR,KUR,[],['CANONICAL'],,
55,"1881,0204.252",12,6,AKKADIAN,E₂,E₂,['bītu I'],['CANONICAL'],,
56,"1881,0204.252",12,7,AKKADIAN,{d}MUATI,{d}MUATI,['Nabu I'],['CANONICAL'],,
57,"1881,0204.252",13,3,AKKADIAN,E₂,E₂,['bītu I'],['CANONICAL'],,
58,"1881,0204.252",13,4,AKKADIAN,par-ṣi,par-ṣi,['parṣu I'],['CANONICAL'],,
59,"1881,0204.252",13,5,AKKADIAN,{d}iš-tar,{d}iš-tar,[],['CANONICAL'],,
60,"1881,0204.252",13,6,AKKADIAN,aš-šur-i-tum,aš-šur-i-tum,[],['CANONICAL'],,
61,"1881,0204.252",14,3,AKKADIAN,E₂,E₂,['bītu I'],['CANONICAL'],,
62,"1881,0204.252",14,4,AKKADIAN,a-šar,a-šar,['ašru III'],['CANONICAL'],,
63,"1881,0204.252",14,5,AKKADIAN,ši-ma-a-ti,ši-ma-a-ti,['šīmtu I'],['CANONICAL'],,
64,"1881,0204.252",14,6,AKKADIAN,E₂,E₂,['bītu I'],['CANONICAL'],,
65,"1881,0204.252",14,7,AKKADIAN,{d}NIN.GAL,{d}NIN.GAL,[],['CANONICAL'],,
66,"1881,0204.252",15,3,AKKADIAN,E₂,E₂,['bītu I'],['CANONICAL'],,
67,"1881,0204.252",15,4,AKKADIAN,eṭ-lu,eṭ-lu,['eṭlu I'],['CANONICAL'],,
68,"1881,0204.252",15,5,AKKADIAN,ip-pa-la-sa-hu,ip-pa-la-sa-hu,[],['CANONICAL'],,
69,"1881,0204.252",15,6,AKKADIAN,E₂,E₂,['bītu I'],['CANONICAL'],,
70,"1881,0204.252",15,7,AKKADIAN,šu-bat,šu-bat,['šubtu I'],['CANONICAL'],,
71,"1881,0204.252",15,8,AKKADIAN,{d}MES,{d}MES,['Marduk I'],['CANONICAL'],,
72,"1881,0204.252",16,3,AKKADIAN,E₂,E₂,['bītu I'],['CANONICAL'],,
73,"1881,0204.252",16,4,AKKADIAN,šu-pal-su-hi,šu-pal-su-hi,[],['CANONICAL'],,
74,"1881,0204.252",16,5,AKKADIAN,eṭ-lu-ti,eṭ-lu-ti,['eṭlūtu I'],['CANONICAL'],,
75,"1881,0204.252",17,3,AKKADIAN,E₂,E₂,['bītu I'],['CANONICAL'],,
76,"1881,0204.252",17,4,AKKADIAN,ša₂,ša₂,['ša I'],['CANONICAL'],,
77,"1881,0204.252",17,5,AKKADIAN,a-na,a-na,['ana I'],['CANONICAL'],,
78,"1881,0204.252",17,6,AKKADIAN,hab-li,hab-li,['hablu I'],['CANONICAL'],,
79,"1881,0204.252",17,7,AKKADIAN,i-bak-ku-u,i-bak-ku-u,[],['CANONICAL'],,
80,"1881,0204.252",17,8,AKKADIAN,E₂,E₂,['bītu I'],['CANONICAL'],,
81,"1881,0204.252",17,9,AKKADIAN,DUG₄.GA-SIG₅,DUG₄.GA-SIG₅,[],['CANONICAL'],,
82,"1881,0204.252",17,11,AKKADIAN,E₂,E₂,['bītu I'],['CANONICAL'],,
83,"1881,0204.252",17,12,AKKADIAN,{d}NIN.GAL,{d}NIN.GAL,[],['CANONICAL'],,
84,"1881,0204.252",18,3,AKKADIAN,E₂,E₂,['bītu I'],['CANONICAL'],,
85,"1881,0204.252",18,4,AKKADIAN,GAŠAN-KUR-ha,GAŠAN-KUR-ha,[],['CANONICAL'],,
86,"1881,0204.252",19,3,AKKADIAN,E₂,E₂,['bītu I'],['CANONICAL'],,
87,"1881,0204.252",19,4,AKKADIAN,ša₂,ša₂,['ša I'],['CANONICAL'],,
88,"1881,0204.252",19,5,AKKADIAN,GIŠ.HUR-MEŠ,GIŠ.HUR-MEŠ,['uṣurtu I'],['CANONICAL'],,
89,"1881,0204.252",19,6,AKKADIAN,AN-e,AN-e,['šamû I'],['CANONICAL'],,
90,"1881,0204.252",19,7,AKKADIAN,u,u,['u I'],['CANONICAL'],,
91,"1881,0204.252",19,8,AKKADIAN,KI-tim,KI-tim,['erṣetu I'],['CANONICAL'],,
92,"1881,0204.252",19,9,AKKADIAN,ina,ina,['ina I'],['CANONICAL'],,
93,"1881,0204.252",19,10,AKKADIAN,lib₃-bi-šu₂,lib₃-bi-šu₂,[],['CANONICAL'],,
94,"1881,0204.252",19,11,AKKADIAN,ud-da-a,ud-da-a,[],['CANONICAL'],,
95,"1881,0204.252",19,13,AKKADIAN,E₂,E₂,['bītu I'],['CANONICAL'],,
96,"1881,0204.252",19,14,AKKADIAN,{d}GAŠAN-{uru}arba-il₃,{d}GAŠAN-{uru}arba-il₃,[],['CANONICAL'],,
97,"1881,0204.252",20,4,AKKADIAN,ša₂,ša₂,['ša I'],['CANONICAL'],,
98,"1881,0204.252",20,5,AKKADIAN,nap-ta-nu,nap-ta-nu,['naptanu I'],['CANONICAL'],,
99,"1881,0204.252",20,6,AKKADIAN,u,u,['u I'],['CANONICAL'],,
100,"1881,0204.252",20,7,AKKADIAN,nid-bi-a,nid-bi-a,[],['CANONICAL'],,
101,"1881,0204.252",20,8,AKKADIAN,E₂,E₂,['bītu I'],['CANONICAL'],,
102,"1881,0204.252",20,9,AKKADIAN,{d}MAR.DU₂,{d}MAR.DU₂,[],['CANONICAL'],,
103,"1881,0204.252",21,3,AKKADIAN,E₂,E₂,['bītu I'],['CANONICAL'],,
104,"1881,0204.252",21,5,AKKADIAN,ṣi-i-ru,ṣi-i-ru,['ṣīru I'],['CANONICAL'],,
105,"1881,0204.252",21,6,AKKADIAN,E₂,E₂,['bītu I'],['CANONICAL'],,
106,"1881,0204.252",21,7,AKKADIAN,{d}gu-la,{d}gu-la,['Gula I'],['CANONICAL'],,
107,"1881,0204.252",22,3,AKKADIAN,E₂,E₂,['bītu I'],['CANONICAL'],,
108,"1881,0204.252",22,5,AKKADIAN,uz-ni,uz-ni,['uznu I'],['CANONICAL'],,
109,"1881,0204.252",22,6,AKKADIAN,E₂,E₂,['bītu I'],['CANONICAL'],,
110,"1881,0204.252",22,7,AKKADIAN,{d}gu-la,{d}gu-la,['Gula I'],['CANONICAL'],,
111,"1881,0204.252",23,4,AKKADIAN,be-e-tu₂,be-e-tu₂,[],['CANONICAL'],,
112,"1881,0204.252",23,6,SUMERIAN,sa,sa,[],['CANONICAL'],,
113,"1881,0204.252",23,9,AKKADIAN,na-ṣa-ru,na-ṣa-ru,['naṣāru I'],['CANONICAL'],,
114,"1881,0204.252",23,11,SUMERIAN,BAD,BAD,[],['CANONICAL'],,
115,"1881,0204.252",23,15,SUMERIAN,E₂,E₂,[],['CANONICAL'],,
116,"1881,0204.252",23,16,SUMERIAN,na-ṣir,na-ṣir,[],['CANONICAL'],,
117,"1881,0204.252",23,18,SUMERIAN,qu-bu-ru,qu-bu-ru,[],['CANONICAL'],,
118,"1881,0204.252",27,4,AKKADIAN,ba-la-ṭi,ba-la-ṭi,['balāṭu I'],['CANONICAL'],,
119,"1881,0204.252",27,5,AKKADIAN,E₂,E₂,['bītu I'],['CANONICAL'],,
120,"1881,0204.252",27,6,AKKADIAN,{d}gu-la,{d}gu-la,['Gula I'],['CANONICAL'],,
121,"1881,0204.252",28,4,AKKADIAN,ṣi-i-ru,ṣi-i-ru,['ṣīru I'],['CANONICAL'],,
122,"1881,0204.252",28,5,AKKADIAN,E₂,E₂,['bītu I'],['CANONICAL'],,
123,"1881,0204.252",28,6,AKKADIAN,{d}MAŠ,{d}MAŠ,['Ninurta I'],['CANONICAL'],,
124,"1881,0204.252",29,3,AKKADIAN,E₂,E₂,['bītu I'],['CANONICAL'],,
125,"1881,0204.252",29,5,AKKADIAN,KUR.KUR-MEŠ,KUR.KUR-MEŠ,['mātu I'],['CANONICAL'],,
126,"1881,0204.252",29,6,AKKADIAN,E₂,E₂,['bītu I'],['CANONICAL'],,
127,"1881,0204.252",29,7,AKKADIAN,{d}GAŠAN-{uru}arba-il₃,{d}GAŠAN-{uru}arba-il₃,[],['CANONICAL'],,
128,"1881,0204.252",30,3,AKKADIAN,E₂,E₂,['bītu I'],['CANONICAL'],,
129,"1881,0204.252",30,4,AKKADIAN,ša₂,ša₂,['ša I'],['CANONICAL'],,
130,"1881,0204.252",30,6,AKKADIAN,KUR.KUR-MEŠ,KUR.KUR-MEŠ,['mātu I'],['CANONICAL'],,
131,"1881,0204.252",30,7,AKKADIAN,kat₃-mu-šu₂,kat₃-mu-šu₂,[],['CANONICAL'],,
132,"1881,0204.252",30,8,AKKADIAN,E₂,E₂,['bītu I'],['CANONICAL'],,
133,"1881,0204.252",30,9,AKKADIAN,{d}+EN-{uru}kur-ba-il₃,{d}+EN-{uru}kur-ba-il₃,[],['CANONICAL'],,
134,"1881,0204.252",31,3,AKKADIAN,E₂,E₂,['bītu I'],['CANONICAL'],,
135,"1881,0204.252",31,5,AKKADIAN,nu-uh-še,nu-uh-še,[],['CANONICAL'],,
136,"1881,0204.252",31,6,AKKADIAN,E₂,E₂,['bītu I'],['CANONICAL'],,
137,"1881,0204.252",31,7,AKKADIAN,{d}+EN-{uru}kur-ba-il₃,{d}+EN-{uru}kur-ba-il₃,[],['CANONICAL'],,
138,"1881,0204.252",32,3,AKKADIAN,E₂,E₂,['bītu I'],['CANONICAL'],,
139,"1881,0204.252",32,5,AKKADIAN,SAG-MEŠ-šu₂,SAG-MEŠ-šu₂,['rēšu I'],['CANONICAL'],,
140,"1881,0204.252",32,6,AKKADIAN,ša₂-qa-a,ša₂-qa-a,['šaqû I'],['CANONICAL'],,
141,"1881,0204.252",32,7,AKKADIAN,E₂,E₂,['bītu I'],['CANONICAL'],,
142,"1881,0204.252",32,8,AKKADIAN,{d}+EN-ba-bi-lim,{d}+EN-ba-bi-lim,[],['CANONICAL'],,
143,"1881,0204.252",33,3,AKKADIAN,E₂,E₂,['bītu I'],['CANONICAL'],,
144,"1881,0204.252",33,5,AKKADIAN,AN-e,AN-e,['šamû I'],['CANONICAL'],,
145,"1881,0204.252",33,6,AKKADIAN,KI-tim,KI-tim,['erṣetu I'],['CANONICAL'],,
146,"1881,0204.252",33,7,AKKADIAN,E₂,E₂,['bītu I'],['CANONICAL'],,
147,"1881,0204.252",33,8,AKKADIAN,{d}zar-pa-ni-tum,{d}zar-pa-ni-tum,[],['CANONICAL'],,
148,"1881,0204.252",34,3,AKKADIAN,E₂,E₂,['bītu I'],['CANONICAL'],,
149,"1881,0204.252",34,5,AKKADIAN,KUR-MEŠ,KUR-MEŠ,[],['CANONICAL'],,
150,"1881,0204.252",34,6,AKKADIAN,ma-lu-u,ma-lu-u,['malû IV'],['CANONICAL'],,
151,"1881,0204.252",34,8,AKKADIAN,E₂,E₂,['bītu I'],['CANONICAL'],,
152,"1881,0204.252",34,9,AKKADIAN,{d}+EN,{d}+EN,['bēlu I'],['CANONICAL'],,
153,"1881,0204.252",34,10,AKKADIAN,ša,ša,['ša I'],['CANONICAL'],,
154,"1881,0204.252",34,11,AKKADIAN,{uru}za-ban,{uru}za-ban,[],['CANONICAL'],,
155,"1881,0204.252",35,3,AKKADIAN,kat₃-mu,kat₃-mu,['katāmu I'],['CANONICAL'],,
156,"1881,0204.252",35,4,AKKADIAN,me-lam-mu-šu₂,me-lam-mu-šu₂,['melemmu I'],['CANONICAL'],,
157,"1881,0204.252",35,5,AKKADIAN,KUR-MEŠ,KUR-MEŠ,[],['CANONICAL'],,
158,"1881,0204.252",35,6,AKKADIAN,KUR.KUR-MEŠ,KUR.KUR-MEŠ,['mātu I'],['CANONICAL'],,
159,"1881,0204.252",35,8,AKKADIAN,E₂.KUR,E₂.KUR,[],['CANONICAL'],,
160,"1881,0204.252",35,9,AKKADIAN,ša,ša,['ša I'],['CANONICAL'],,
161,"1881,0204.252",35,10,AKKADIAN,{uru}za-ban,{uru}za-ban,[],['CANONICAL'],,
162,"1881,0204.252",36,3,AKKADIAN,E₂,E₂,['bītu I'],['CANONICAL'],,
163,"1881,0204.252",36,4,AKKADIAN,ša₂,ša₂,['ša I'],['CANONICAL'],,
164,"1881,0204.252",36,6,AKKADIAN,KUR.KUR,KUR.KUR,['mātu I'],['CANONICAL'],,
165,"1881,0204.252",36,7,AKKADIAN,kat₃-mu,kat₃-mu,['katāmu I'],['CANONICAL'],,
166,"1881,0204.252",36,8,AKKADIAN,E₂.KUR,E₂.KUR,[],['CANONICAL'],,
167,"1881,0204.252",36,9,AKKADIAN,ša,ša,['ša I'],['CANONICAL'],,
168,"1881,0204.252",36,10,AKKADIAN,{uru}za-ban,{uru}za-ban,[],['CANONICAL'],,
169,"1881,0204.252",37,4,AKKADIAN,{giš}GIDRU,{giš}GIDRU,['haṭṭu II'],['CANONICAL'],,
170,"1881,0204.252",37,5,AKKADIAN,i-šar-tu₂,i-šar-tu₂,['išaru I'],['CANONICAL'],,
171,"1881,0204.252",37,6,AKKADIAN,ana,ana,['ana I'],['CANONICAL'],,
172,"1881,0204.252",37,7,AKKADIAN,KUR,KUR,[],['CANONICAL'],,
173,"1881,0204.252",37,8,AKKADIAN,i-nam-din-nu,i-nam-din-nu,['nadānu II'],['CANONICAL'],,
174,"1881,0204.252",37,10,AKKADIAN,E₂,E₂,['bītu I'],['CANONICAL'],,
175,"1881,0204.252",37,11,AKKADIAN,{d}MUATI,{d}MUATI,['Nabu I'],['CANONICAL'],,
176,"1881,0204.252",37,12,AKKADIAN,ša₂,ša₂,['ša I'],['CANONICAL'],,
177,"1881,0204.252",37,13,AKKADIAN,ha-ri-i,ha-ri-i,[],['CANONICAL'],,
178,"1881,0204.252",38,4,AKKADIAN,na-si-ih,na-si-ih,['nāsihu I'],['CANONICAL'],,
179,"1881,0204.252",38,5,AKKADIAN,ka-la-me,ka-la-me,['kalāma I'],['CANONICAL'],,
180,"1881,0204.252",38,6,AKKADIAN,E₂,E₂,['bītu I'],['CANONICAL'],,
181,"1881,0204.252",38,7,AKKADIAN,{d}MUATI,{d}MUATI,['Nabu I'],['CANONICAL'],,
182,"1881,0204.252",39,4,AKKADIAN,ha-am-mu-ti,ha-am-mu-ti,[],['CANONICAL'],,
183,"1881,0204.252",39,5,AKKADIAN,E₂,E₂,['bītu I'],['CANONICAL'],,
184,"1881,0204.252",39,6,AKKADIAN,{d}MUATI,{d}MUATI,['Nabu I'],['CANONICAL'],,
185,"1881,0204.252",40,4,AKKADIAN,ša₂,ša₂,['ša I'],['CANONICAL'],,
186,"1881,0204.252",40,5,AKKADIAN,nap-har-šu₂,nap-har-šu₂,[],['CANONICAL'],,
187,"1881,0204.252",40,6,AKKADIAN,šuk-lu-lu,šuk-lu-lu,['šuklulu I'],['CANONICAL'],,
188,"1881,0204.252",40,7,AKKADIAN,E₂,E₂,['bītu I'],['CANONICAL'],,
189,"1881,0204.252",40,8,AKKADIAN,{d}MUATI,{d}MUATI,['Nabu I'],['CANONICAL'],,
190,"1881,0204.252",41,3,AKKADIAN,E₂,E₂,['bītu I'],['CANONICAL'],,
191,"1881,0204.252",41,4,AKKADIAN,hur-ši,hur-ši,[],['CANONICAL'],,
192,"1881,0204.252",41,5,AKKADIAN,E₂,E₂,['bītu I'],['CANONICAL'],,
193,"1881,0204.252",41,7,AKKADIAN,it-tar-ra-ṣu,it-tar-ra-ṣu,['tarāṣu I'],['CANONICAL'],,
194,"1881,0204.252",43,1,AKKADIAN,{uru}NINA,{uru}NINA,[],['CANONICAL'],,
195,"1881,0204.252",44,1,AKKADIAN,{uru}kal₃-zi,{uru}kal₃-zi,[],['CANONICAL'],,
196,"1881,0204.252",45,1,AKKADIAN,{uru}arba-il₃,{uru}arba-il₃,[],['CANONICAL'],,
197,"1881,0204.252",48,1,AKKADIAN,ša₂,ša₂,['ša I'],['CANONICAL'],,
198,"1881,0204.252",48,2,AKKADIAN,ina,ina,['ina I'],['CANONICAL'],,
199,"1881,0204.252",48,3,AKKADIAN,E₂,E₂,['bītu I'],['CANONICAL'],,
200,"1881,0204.252",48,5,AKKADIAN,aš₂-bu-ni,aš₂-bu-ni,[],['CANONICAL'],,
201,"1881,0204.252",48,6,AKKADIAN,DINGIR,DINGIR,[],['CANONICAL'],,
202,"1881,0204.252",48,7,AKKADIAN,su-ke,su-ke,[],['CANONICAL'],,
203,"1881,0204.252",48,9,AKKADIAN,iš-re-te,iš-re-te,[],['CANONICAL'],,
204,"1881,0204.252",48,10,AKKADIAN,BARA₂-MEŠ,BARA₂-MEŠ,['parakku I'],['CANONICAL'],,
205,"1881,0204.252",48,12,AKKADIAN,ma-ha-ze,ma-ha-ze,[],['CANONICAL'],,
