,fragment_id,fragment_line_num,index_in_line,word_language,value,clean_value,lemma,domain,place_discovery,place_composition
0,"1880,0617.2414",1,1,AKKADIAN,ki-ma,ki-ma,[],"[['CANONICAL', 'Historiography']]",,
1,"1880,0617.2414",1,2,AKKADIAN,la,la,[],"[['CANONICAL', 'Historiography']]",,
2,"1880,0617.2414",1,3,AKKADIAN,lib₃-bi,lib₃-bi,[],"[['CANONICAL', 'Historiography']]",,
3,"1880,0617.2414",1,4,AKKADIAN,DINGIR-MEŠ-ma,DINGIR-MEŠ-ma,[],"[['CANONICAL', 'Historiography']]",,
4,"1880,0617.2414",7,5,AKKADIAN,mi-lik-ša₂,mi-lik-ša₂,[],"[['CANONICAL', 'Historiography']]",,
5,"1880,0617.2414",7,6,AKKADIAN,iš-ni,iš-ni,[],"[['CANONICAL', 'Historiography']]",,
6,"1880,0617.2414",7,9,AKKADIAN,ma-al-ge-be₂,ma-al-ge-be₂,[],"[['CANONICAL', 'Historiography']]",,
7,"1880,0617.2414",8,2,SUMERIAN,ĝiri₃,ĝiri₃,[],"[['CANONICAL', 'Historiography']]",,
8,"1880,0617.2414",9,5,AKKADIAN,he-pi₂,he-pi₂,[],"[['CANONICAL', 'Historiography']]",,
9,"1880,0617.2414",10,4,SUMERIAN,lil₂-la₂-eš,lil₂-la₂-eš,[],"[['CANONICAL', 'Historiography']]",,
