,fragment_id,fragment_line_num,index_in_line,word_language,value,clean_value,lemma,domain,place_discovery,place_composition
0,"1879,0708.27",3,1,AKKADIAN,GIR₂,GIR₂,[],"['CANONICAL ➝ Divination ➝ Extispicy ➝ Bārûtu ➝ 4. Padānu', 'CANONICAL ➝ Technical ➝ Commentary']",,
1,"1879,0708.27",5,4,AKKADIAN,BE,BE,[],"['CANONICAL ➝ Divination ➝ Extispicy ➝ Bārûtu ➝ 4. Padānu', 'CANONICAL ➝ Technical ➝ Commentary']",,
2,"1879,0708.27",5,5,AKKADIAN,GIR₂,GIR₂,[],"['CANONICAL ➝ Divination ➝ Extispicy ➝ Bārûtu ➝ 4. Padānu', 'CANONICAL ➝ Technical ➝ Commentary']",,
3,"1879,0708.27",5,6,AKKADIAN,PA,PA,[],"['CANONICAL ➝ Divination ➝ Extispicy ➝ Bārûtu ➝ 4. Padānu', 'CANONICAL ➝ Technical ➝ Commentary']",,
4,"1879,0708.27",6,1,AKKADIAN,GIR₂,GIR₂,[],"['CANONICAL ➝ Divination ➝ Extispicy ➝ Bārûtu ➝ 4. Padānu', 'CANONICAL ➝ Technical ➝ Commentary']",,
5,"1879,0708.27",6,3,AKKADIAN,ina,ina,[],"['CANONICAL ➝ Divination ➝ Extispicy ➝ Bārûtu ➝ 4. Padānu', 'CANONICAL ➝ Technical ➝ Commentary']",,
6,"1879,0708.27",6,4,AKKADIAN,EGIR,EGIR,[],"['CANONICAL ➝ Divination ➝ Extispicy ➝ Bārûtu ➝ 4. Padānu', 'CANONICAL ➝ Technical ➝ Commentary']",,
7,"1879,0708.27",6,5,AKKADIAN,NIG₂.TAB,NIG₂.TAB,[],"['CANONICAL ➝ Divination ➝ Extispicy ➝ Bārûtu ➝ 4. Padānu', 'CANONICAL ➝ Technical ➝ Commentary']",,
8,"1879,0708.27",7,2,AKKADIAN,GIR₂,GIR₂,[],"['CANONICAL ➝ Divination ➝ Extispicy ➝ Bārûtu ➝ 4. Padānu', 'CANONICAL ➝ Technical ➝ Commentary']",,
9,"1879,0708.27",7,3,AKKADIAN,ina,ina,[],"['CANONICAL ➝ Divination ➝ Extispicy ➝ Bārûtu ➝ 4. Padānu', 'CANONICAL ➝ Technical ➝ Commentary']",,
10,"1879,0708.27",7,4,AKKADIAN,EGIR,EGIR,[],"['CANONICAL ➝ Divination ➝ Extispicy ➝ Bārûtu ➝ 4. Padānu', 'CANONICAL ➝ Technical ➝ Commentary']",,
11,"1879,0708.27",7,5,AKKADIAN,BA₃,BA₃,[],"['CANONICAL ➝ Divination ➝ Extispicy ➝ Bārûtu ➝ 4. Padānu', 'CANONICAL ➝ Technical ➝ Commentary']",,
12,"1879,0708.27",7,6,AKKADIAN,GAR,GAR,[],"['CANONICAL ➝ Divination ➝ Extispicy ➝ Bārûtu ➝ 4. Padānu', 'CANONICAL ➝ Technical ➝ Commentary']",,
13,"1879,0708.27",7,7,AKKADIAN,ša₂,ša₂,[],"['CANONICAL ➝ Divination ➝ Extispicy ➝ Bārûtu ➝ 4. Padānu', 'CANONICAL ➝ Technical ➝ Commentary']",,
14,"1879,0708.27",8,5,AKKADIAN,eriš-ta,eriš-ta,[],"['CANONICAL ➝ Divination ➝ Extispicy ➝ Bārûtu ➝ 4. Padānu', 'CANONICAL ➝ Technical ➝ Commentary']",,
15,"1879,0708.27",8,6,AKKADIAN,BAR-ta,BAR-ta,[],"['CANONICAL ➝ Divination ➝ Extispicy ➝ Bārûtu ➝ 4. Padānu', 'CANONICAL ➝ Technical ➝ Commentary']",,
16,"1879,0708.27",9,5,AKKADIAN,kar₂-šu-u₂,kar₂-šu-u₂,[],"['CANONICAL ➝ Divination ➝ Extispicy ➝ Bārûtu ➝ 4. Padānu', 'CANONICAL ➝ Technical ➝ Commentary']",,
17,"1879,0708.27",9,6,AKKADIAN,GAR,GAR,[],"['CANONICAL ➝ Divination ➝ Extispicy ➝ Bārûtu ➝ 4. Padānu', 'CANONICAL ➝ Technical ➝ Commentary']",,
18,"1879,0708.27",9,7,AKKADIAN,kar₂-šu-u₂,kar₂-šu-u₂,[],"['CANONICAL ➝ Divination ➝ Extispicy ➝ Bārûtu ➝ 4. Padānu', 'CANONICAL ➝ Technical ➝ Commentary']",,
19,"1879,0708.27",10,3,AKKADIAN,150,150,[],"['CANONICAL ➝ Divination ➝ Extispicy ➝ Bārûtu ➝ 4. Padānu', 'CANONICAL ➝ Technical ➝ Commentary']",,
20,"1879,0708.27",10,4,AKKADIAN,ih-ṭu-uṭ-ma,ih-ṭu-uṭ-ma,[],"['CANONICAL ➝ Divination ➝ Extispicy ➝ Bārûtu ➝ 4. Padānu', 'CANONICAL ➝ Technical ➝ Commentary']",,
21,"1879,0708.27",10,5,AKKADIAN,iš-ri,iš-ri,[],"['CANONICAL ➝ Divination ➝ Extispicy ➝ Bārûtu ➝ 4. Padānu', 'CANONICAL ➝ Technical ➝ Commentary']",,
22,"1879,0708.27",10,6,AKKADIAN,3-šu₂,3-šu₂,[],"['CANONICAL ➝ Divination ➝ Extispicy ➝ Bārûtu ➝ 4. Padānu', 'CANONICAL ➝ Technical ➝ Commentary']",,
23,"1879,0708.27",11,1,AKKADIAN,GIR₂,GIR₂,[],"['CANONICAL ➝ Divination ➝ Extispicy ➝ Bārûtu ➝ 4. Padānu', 'CANONICAL ➝ Technical ➝ Commentary']",,
24,"1879,0708.27",11,2,AKKADIAN,ana,ana,[],"['CANONICAL ➝ Divination ➝ Extispicy ➝ Bārûtu ➝ 4. Padānu', 'CANONICAL ➝ Technical ➝ Commentary']",,
25,"1879,0708.27",11,3,AKKADIAN,15,15,[],"['CANONICAL ➝ Divination ➝ Extispicy ➝ Bārûtu ➝ 4. Padānu', 'CANONICAL ➝ Technical ➝ Commentary']",,
26,"1879,0708.27",11,5,AKKADIAN,MAN-u₂,MAN-u₂,[],"['CANONICAL ➝ Divination ➝ Extispicy ➝ Bārûtu ➝ 4. Padānu', 'CANONICAL ➝ Technical ➝ Commentary']",,
27,"1879,0708.27",11,6,AKKADIAN,GIR₂,GIR₂,[],"['CANONICAL ➝ Divination ➝ Extispicy ➝ Bārûtu ➝ 4. Padānu', 'CANONICAL ➝ Technical ➝ Commentary']",,
28,"1879,0708.27",11,7,AKKADIAN,15,15,[],"['CANONICAL ➝ Divination ➝ Extispicy ➝ Bārûtu ➝ 4. Padānu', 'CANONICAL ➝ Technical ➝ Commentary']",,
29,"1879,0708.27",11,8,AKKADIAN,KAR,KAR,[],"['CANONICAL ➝ Divination ➝ Extispicy ➝ Bārûtu ➝ 4. Padānu', 'CANONICAL ➝ Technical ➝ Commentary']",,
30,"1879,0708.27",11,9,AKKADIAN,GIR₂,GIR₂,[],"['CANONICAL ➝ Divination ➝ Extispicy ➝ Bārûtu ➝ 4. Padānu', 'CANONICAL ➝ Technical ➝ Commentary']",,
31,"1879,0708.27",11,10,AKKADIAN,ana,ana,[],"['CANONICAL ➝ Divination ➝ Extispicy ➝ Bārûtu ➝ 4. Padānu', 'CANONICAL ➝ Technical ➝ Commentary']",,
32,"1879,0708.27",11,11,AKKADIAN,15,15,[],"['CANONICAL ➝ Divination ➝ Extispicy ➝ Bārûtu ➝ 4. Padānu', 'CANONICAL ➝ Technical ➝ Commentary']",,
33,"1879,0708.27",11,12,AKKADIAN,ma-qit,ma-qit,[],"['CANONICAL ➝ Divination ➝ Extispicy ➝ Bārûtu ➝ 4. Padānu', 'CANONICAL ➝ Technical ➝ Commentary']",,
34,"1879,0708.27",11,13,AKKADIAN,u,u,[],"['CANONICAL ➝ Divination ➝ Extispicy ➝ Bārûtu ➝ 4. Padānu', 'CANONICAL ➝ Technical ➝ Commentary']",,
35,"1879,0708.27",11,15,AKKADIAN,GU,GU,[],"['CANONICAL ➝ Divination ➝ Extispicy ➝ Bārûtu ➝ 4. Padānu', 'CANONICAL ➝ Technical ➝ Commentary']",,
36,"1879,0708.27",11,16,AKKADIAN,ṣa-bit,ṣa-bit,[],"['CANONICAL ➝ Divination ➝ Extispicy ➝ Bārûtu ➝ 4. Padānu', 'CANONICAL ➝ Technical ➝ Commentary']",,
37,"1879,0708.27",12,5,AKKADIAN,iš-ša₂-as-su-u₂,iš-ša₂-as-su-u₂,[],"['CANONICAL ➝ Divination ➝ Extispicy ➝ Bārûtu ➝ 4. Padānu', 'CANONICAL ➝ Technical ➝ Commentary']",,
38,"1879,0708.27",12,6,AKKADIAN,BE,BE,[],"['CANONICAL ➝ Divination ➝ Extispicy ➝ Bārûtu ➝ 4. Padānu', 'CANONICAL ➝ Technical ➝ Commentary']",,
39,"1879,0708.27",12,7,AKKADIAN,GIR₂,GIR₂,[],"['CANONICAL ➝ Divination ➝ Extispicy ➝ Bārûtu ➝ 4. Padānu', 'CANONICAL ➝ Technical ➝ Commentary']",,
40,"1879,0708.27",12,8,AKKADIAN,ana,ana,[],"['CANONICAL ➝ Divination ➝ Extispicy ➝ Bārûtu ➝ 4. Padānu', 'CANONICAL ➝ Technical ➝ Commentary']",,
41,"1879,0708.27",12,9,AKKADIAN,15,15,[],"['CANONICAL ➝ Divination ➝ Extispicy ➝ Bārûtu ➝ 4. Padānu', 'CANONICAL ➝ Technical ➝ Commentary']",,
42,"1879,0708.27",12,10,AKKADIAN,ŠUB-ut-ma,ŠUB-ut-ma,[],"['CANONICAL ➝ Divination ➝ Extispicy ➝ Bārûtu ➝ 4. Padānu', 'CANONICAL ➝ Technical ➝ Commentary']",,
43,"1879,0708.27",12,11,AKKADIAN,15-šu₂,15-šu₂,[],"['CANONICAL ➝ Divination ➝ Extispicy ➝ Bārûtu ➝ 4. Padānu', 'CANONICAL ➝ Technical ➝ Commentary']",,
44,"1879,0708.27",12,12,AKKADIAN,ana,ana,[],"['CANONICAL ➝ Divination ➝ Extispicy ➝ Bārûtu ➝ 4. Padānu', 'CANONICAL ➝ Technical ➝ Commentary']",,
45,"1879,0708.27",12,13,AKKADIAN,šu,šu,[],"['CANONICAL ➝ Divination ➝ Extispicy ➝ Bārûtu ➝ 4. Padānu', 'CANONICAL ➝ Technical ➝ Commentary']",,
46,"1879,0708.27",13,1,AKKADIAN,GIR₂,GIR₂,[],"['CANONICAL ➝ Divination ➝ Extispicy ➝ Bārûtu ➝ 4. Padānu', 'CANONICAL ➝ Technical ➝ Commentary']",,
47,"1879,0708.27",13,2,AKKADIAN,ana,ana,[],"['CANONICAL ➝ Divination ➝ Extispicy ➝ Bārûtu ➝ 4. Padānu', 'CANONICAL ➝ Technical ➝ Commentary']",,
48,"1879,0708.27",13,3,AKKADIAN,150,150,[],"['CANONICAL ➝ Divination ➝ Extispicy ➝ Bārûtu ➝ 4. Padānu', 'CANONICAL ➝ Technical ➝ Commentary']",,
49,"1879,0708.27",13,5,AKKADIAN,u,u,[],"['CANONICAL ➝ Divination ➝ Extispicy ➝ Bārûtu ➝ 4. Padānu', 'CANONICAL ➝ Technical ➝ Commentary']",,
50,"1879,0708.27",13,6,AKKADIAN,KA₂-šu₂,KA₂-šu₂,[],"['CANONICAL ➝ Divination ➝ Extispicy ➝ Bārûtu ➝ 4. Padānu', 'CANONICAL ➝ Technical ➝ Commentary']",,
51,"1879,0708.27",13,7,AKKADIAN,GU,GU,[],"['CANONICAL ➝ Divination ➝ Extispicy ➝ Bārûtu ➝ 4. Padānu', 'CANONICAL ➝ Technical ➝ Commentary']",,
52,"1879,0708.27",13,8,AKKADIAN,ṣa-bit,ṣa-bit,[],"['CANONICAL ➝ Divination ➝ Extispicy ➝ Bārûtu ➝ 4. Padānu', 'CANONICAL ➝ Technical ➝ Commentary']",,
53,"1879,0708.27",13,9,AKKADIAN,GAR-šu₂,GAR-šu₂,[],"['CANONICAL ➝ Divination ➝ Extispicy ➝ Bārûtu ➝ 4. Padānu', 'CANONICAL ➝ Technical ➝ Commentary']",,
54,"1879,0708.27",13,10,AKKADIAN,GIM,GIM,[],"['CANONICAL ➝ Divination ➝ Extispicy ➝ Bārûtu ➝ 4. Padānu', 'CANONICAL ➝ Technical ➝ Commentary']",,
55,"1879,0708.27",13,11,AKKADIAN,GAR,GAR,[],"['CANONICAL ➝ Divination ➝ Extispicy ➝ Bārûtu ➝ 4. Padānu', 'CANONICAL ➝ Technical ➝ Commentary']",,
56,"1879,0708.27",13,12,AKKADIAN,15-ma,15-ma,[],"['CANONICAL ➝ Divination ➝ Extispicy ➝ Bārûtu ➝ 4. Padānu', 'CANONICAL ➝ Technical ➝ Commentary']",,
57,"1879,0708.27",13,13,AKKADIAN,GIR₂,GIR₂,[],"['CANONICAL ➝ Divination ➝ Extispicy ➝ Bārûtu ➝ 4. Padānu', 'CANONICAL ➝ Technical ➝ Commentary']",,
58,"1879,0708.27",13,14,AKKADIAN,15,15,[],"['CANONICAL ➝ Divination ➝ Extispicy ➝ Bārûtu ➝ 4. Padānu', 'CANONICAL ➝ Technical ➝ Commentary']",,
59,"1879,0708.27",14,5,AKKADIAN,uš-te-li,uš-te-li,[],"['CANONICAL ➝ Divination ➝ Extispicy ➝ Bārûtu ➝ 4. Padānu', 'CANONICAL ➝ Technical ➝ Commentary']",,
60,"1879,0708.27",14,6,AKKADIAN,MAN-u₂,MAN-u₂,[],"['CANONICAL ➝ Divination ➝ Extispicy ➝ Bārûtu ➝ 4. Padānu', 'CANONICAL ➝ Technical ➝ Commentary']",,
61,"1879,0708.27",14,7,AKKADIAN,BE,BE,[],"['CANONICAL ➝ Divination ➝ Extispicy ➝ Bārûtu ➝ 4. Padānu', 'CANONICAL ➝ Technical ➝ Commentary']",,
62,"1879,0708.27",14,8,AKKADIAN,GIR₂,GIR₂,[],"['CANONICAL ➝ Divination ➝ Extispicy ➝ Bārûtu ➝ 4. Padānu', 'CANONICAL ➝ Technical ➝ Commentary']",,
63,"1879,0708.27",14,9,AKKADIAN,ana,ana,[],"['CANONICAL ➝ Divination ➝ Extispicy ➝ Bārûtu ➝ 4. Padānu', 'CANONICAL ➝ Technical ➝ Commentary']",,
64,"1879,0708.27",14,10,AKKADIAN,15,15,[],"['CANONICAL ➝ Divination ➝ Extispicy ➝ Bārûtu ➝ 4. Padānu', 'CANONICAL ➝ Technical ➝ Commentary']",,
65,"1879,0708.27",14,11,AKKADIAN,ma-qit,ma-qit,[],"['CANONICAL ➝ Divination ➝ Extispicy ➝ Bārûtu ➝ 4. Padānu', 'CANONICAL ➝ Technical ➝ Commentary']",,
66,"1879,0708.27",15,2,AKKADIAN,BE,BE,[],"['CANONICAL ➝ Divination ➝ Extispicy ➝ Bārûtu ➝ 4. Padānu', 'CANONICAL ➝ Technical ➝ Commentary']",,
67,"1879,0708.27",15,3,AKKADIAN,GIR₂,GIR₂,[],"['CANONICAL ➝ Divination ➝ Extispicy ➝ Bārûtu ➝ 4. Padānu', 'CANONICAL ➝ Technical ➝ Commentary']",,
68,"1879,0708.27",15,4,AKKADIAN,15,15,[],"['CANONICAL ➝ Divination ➝ Extispicy ➝ Bārûtu ➝ 4. Padānu', 'CANONICAL ➝ Technical ➝ Commentary']",,
69,"1879,0708.27",15,5,AKKADIAN,EN,EN,[],"['CANONICAL ➝ Divination ➝ Extispicy ➝ Bārûtu ➝ 4. Padānu', 'CANONICAL ➝ Technical ➝ Commentary']",,
70,"1879,0708.27",15,6,AKKADIAN,2,2,[],"['CANONICAL ➝ Divination ➝ Extispicy ➝ Bārûtu ➝ 4. Padānu', 'CANONICAL ➝ Technical ➝ Commentary']",,
71,"1879,0708.27",15,7,AKKADIAN,ana,ana,[],"['CANONICAL ➝ Divination ➝ Extispicy ➝ Bārûtu ➝ 4. Padānu', 'CANONICAL ➝ Technical ➝ Commentary']",,
72,"1879,0708.27",16,2,AKKADIAN,an,an,[],"['CANONICAL ➝ Divination ➝ Extispicy ➝ Bārûtu ➝ 4. Padānu', 'CANONICAL ➝ Technical ➝ Commentary']",,
73,"1879,0708.27",19,2,AKKADIAN,AN-e,AN-e,[],"['CANONICAL ➝ Divination ➝ Extispicy ➝ Bārûtu ➝ 4. Padānu', 'CANONICAL ➝ Technical ➝ Commentary']",,
74,"1879,0708.27",19,3,AKKADIAN,u,u,[],"['CANONICAL ➝ Divination ➝ Extispicy ➝ Bārûtu ➝ 4. Padānu', 'CANONICAL ➝ Technical ➝ Commentary']",,
75,"1879,0708.27",19,5,AKKADIAN,ne₂-me-qi₂,ne₂-me-qi₂,[],"['CANONICAL ➝ Divination ➝ Extispicy ➝ Bārûtu ➝ 4. Padānu', 'CANONICAL ➝ Technical ➝ Commentary']",,
76,"1879,0708.27",19,6,AKKADIAN,{d}UTU,{d}UTU,[],"['CANONICAL ➝ Divination ➝ Extispicy ➝ Bārûtu ➝ 4. Padānu', 'CANONICAL ➝ Technical ➝ Commentary']",,
77,"1879,0708.27",19,7,AKKADIAN,u,u,[],"['CANONICAL ➝ Divination ➝ Extispicy ➝ Bārûtu ➝ 4. Padānu', 'CANONICAL ➝ Technical ➝ Commentary']",,
78,"1879,0708.27",19,8,AKKADIAN,{d}IŠKUR,{d}IŠKUR,[],"['CANONICAL ➝ Divination ➝ Extispicy ➝ Bārûtu ➝ 4. Padānu', 'CANONICAL ➝ Technical ➝ Commentary']",,
79,"1879,0708.27",20,1,AKKADIAN,ka-ras-su,ka-ras-su,[],"['CANONICAL ➝ Divination ➝ Extispicy ➝ Bārûtu ➝ 4. Padānu', 'CANONICAL ➝ Technical ➝ Commentary']",,
80,"1879,0708.27",20,3,AKKADIAN,UR₅-tu₂,UR₅-tu₂,[],"['CANONICAL ➝ Divination ➝ Extispicy ➝ Bārûtu ➝ 4. Padānu', 'CANONICAL ➝ Technical ➝ Commentary']",,
81,"1879,0708.27",20,4,AKKADIAN,iš-ṭur,iš-ṭur,[],"['CANONICAL ➝ Divination ➝ Extispicy ➝ Bārûtu ➝ 4. Padānu', 'CANONICAL ➝ Technical ➝ Commentary']",,
