,fragment_id,fragment_line_num,index_in_line,word_language,value,clean_value,lemma,domain,place_discovery,place_composition
0,"1879,0708.184",1,1,AKKADIAN,šur-bu-u₂,šur-bu-u₂,['šurbû I'],['CANONICAL'],,
1,"1879,0708.184",1,3,AKKADIAN,a-pil,a-pil,['aplu II'],['CANONICAL'],,
2,"1879,0708.184",1,4,AKKADIAN,{d}AŠ.IM₂.BABBAR,{d}AŠ.IM₂.BABBAR,"['nawru I', 'ṣītu I']",['CANONICAL'],,
3,"1879,0708.184",2,1,AKKADIAN,ed-deš-šu-u₂,ed-deš-šu-u₂,['ēdiššī- I'],['CANONICAL'],,
4,"1879,0708.184",2,3,AKKADIAN,pa-an,pa-an,['pānu I'],['CANONICAL'],,
5,"1879,0708.184",2,4,AKKADIAN,UN-MEŠ,UN-MEŠ,['nišu I'],['CANONICAL'],,
6,"1879,0708.184",2,5,AKKADIAN,mu-kal-lim,mu-kal-lim,['kullumu I'],['CANONICAL'],,
7,"1879,0708.184",2,6,AKKADIAN,nu-ra,nu-ra,['nūru I'],['CANONICAL'],,
8,"1879,0708.184",3,1,AKKADIAN,muš-te-šir,muš-te-šir,['ešēru I'],['CANONICAL'],,
9,"1879,0708.184",3,3,AKKADIAN,u,u,['u I'],['CANONICAL'],,
10,"1879,0708.184",3,4,AKKADIAN,{lu₂}TI,{lu₂}TI,['balṭu I'],['CANONICAL'],,
11,"1879,0708.184",3,5,AKKADIAN,ba-a-ri,ba-a-ri,['barû I'],['CANONICAL'],,
12,"1879,0708.184",3,6,AKKADIAN,KAL,KAL,['danānu I'],['CANONICAL'],,
13,"1879,0708.184",3,7,AKKADIAN,mim-ma,mim-ma,['mimma I'],['CANONICAL'],,
14,"1879,0708.184",3,8,AKKADIAN,šum-šu₂,šum-šu₂,['šumu I'],['CANONICAL'],,
15,"1879,0708.184",4,1,AKKADIAN,nu-ur₂,nu-ur₂,['nūru I'],['CANONICAL'],,
16,"1879,0708.184",4,2,AKKADIAN,AN-e,AN-e,['šamû I'],['CANONICAL'],,
17,"1879,0708.184",4,3,AKKADIAN,u,u,['u I'],['CANONICAL'],,
18,"1879,0708.184",4,5,AKKADIAN,ša₂-ru-ur,ša₂-ru-ur,['šarūru I'],['CANONICAL'],,
19,"1879,0708.184",4,6,AKKADIAN,KUR.KUR,KUR.KUR,['mātu I'],['CANONICAL'],,
20,"1879,0708.184",5,1,AKKADIAN,sip-par,sip-par,['Sippar I'],['CANONICAL'],,
21,"1879,0708.184",5,3,AKKADIAN,e₂-babbar-ra,e₂-babbar-ra,['Ebabbara I'],['CANONICAL'],,
22,"1879,0708.184",6,2,AKKADIAN,tuk-lat,tuk-lat,['tukultu I'],['CANONICAL'],,
23,"1879,0708.184",6,3,AKKADIAN,KA₂.DINGIR.RA{ki},KA₂.DINGIR.RA{ki},['Babili I'],['CANONICAL'],,
24,"1879,0708.184",7,1,AKKADIAN,ZALAG₂-ka,ZALAG₂-ka,['nūru I'],['CANONICAL'],,
25,"1879,0708.184",7,3,AKKADIAN,te-ni-še-e-tu₄,te-ni-še-e-tu₄,['tenēštu I'],['CANONICAL'],,
26,"1879,0708.184",8,2,AKKADIAN,u₂-taq-qu-u₂,u₂-taq-qu-u₂,['aqû I'],['CANONICAL'],,
27,"1879,0708.184",8,3,AKKADIAN,DINGIR-MEŠ,DINGIR-MEŠ,['ilu I'],['CANONICAL'],,
28,"1879,0708.184",8,4,AKKADIAN,{d}i₂-gi₃-gi₃,{d}i₂-gi₃-gi₃,['Igigû I'],['CANONICAL'],,
29,"1879,0708.184",9,1,AKKADIAN,DAGAL-MEŠ,DAGAL-MEŠ,['rapšu I'],['CANONICAL'],,
30,"1879,0708.184",9,3,AKKADIAN,SAG.DU,SAG.DU,['qaqqadu I'],['CANONICAL'],,
31,"1879,0708.184",9,4,AKKADIAN,i-dal-la-la,i-dal-la-la,['dalālu II'],['CANONICAL'],,
32,"1879,0708.184",9,5,AKKADIAN,qur-di-ka,qur-di-ka,['qurdu I'],['CANONICAL'],,
33,"1879,0708.184",10,1,AKKADIAN,DILI,DILI,['ēdu I'],['CANONICAL'],,
34,"1879,0708.184",10,3,AKKADIAN,tu-šar-ši,tu-šar-ši,['rašû I'],['CANONICAL'],,
35,"1879,0708.184",11,1,AKKADIAN,la,la,['lā I'],['CANONICAL'],,
36,"1879,0708.184",11,2,AKKADIAN,i-ša₂-ri,i-ša₂-ri,['išaru I'],['CANONICAL'],,
37,"1879,0708.184",11,4,AKKADIAN,ap-lu,ap-lu,['aplu II'],['CANONICAL'],,
38,"1879,0708.184",15,2,AKKADIAN,u₂-šak-lil-šu₂-ma,u₂-šak-lil-šu₂-ma,['šuklulu II'],['CANONICAL'],,
39,"1879,0708.184",15,3,AKKADIAN,u₂-ra-pi-šu,u₂-ra-pi-šu,['rapāšu I'],['CANONICAL'],,
40,"1879,0708.184",15,4,AKKADIAN,GEŠTU₂,GEŠTU₂,['uznu I'],['CANONICAL'],,
41,"1879,0708.184",16,2,AKKADIAN,{d}e₂-a,{d}e₂-a,['Ea I'],['CANONICAL'],,
42,"1879,0708.184",16,3,AKKADIAN,u₂-rap-piš-u₂-ma,u₂-rap-piš-u₂-ma,['rapāšu I'],['CANONICAL'],,
43,"1879,0708.184",17,2,AKKADIAN,ih-su-su,ih-su-su,['hasāsu I'],['CANONICAL'],,
44,"1879,0708.184",17,3,AKKADIAN,ka-ras-su,ka-ras-su,['karšu I'],['CANONICAL'],,
45,"1879,0708.184",18,2,AKKADIAN,tam-ri-irtu-šu₂,tam-ri-irtu-šu₂,[],['CANONICAL'],,
46,"1879,0708.184",18,3,AKKADIAN,SAR-ma,SAR-ma,['šaṭāru II'],['CANONICAL'],,
47,"1879,0708.184",18,4,AKKADIAN,IGI.KAR₂,IGI.KAR₂,['barû I'],['CANONICAL'],,
48,"1879,0708.184",19,2,AKKADIAN,u₂-kin,u₂-kin,['kânu I'],['CANONICAL'],,
