,fragment_id,fragment_line_num,index_in_line,word_language,value,clean_value,lemma,domain,place_discovery,place_composition
0,"1881,0204.261",3,2,AKKADIAN,ERIN₂,ERIN₂,[],[],,
1,"1881,0204.261",3,3,AKKADIAN,KUR₂,KUR₂,[],[],,
2,"1881,0204.261",4,2,AKKADIAN,ERIN₂-ni,ERIN₂-ni,[],[],,
3,"1881,0204.261",5,1,AKKADIAN,ERIN₂,ERIN₂,[],[],,
4,"1881,0204.261",5,2,AKKADIAN,KUR₂,KUR₂,[],[],,
5,"1881,0204.261",6,2,AKKADIAN,tam-ma-lu,tam-ma-lu,[],[],,
6,"1881,0204.261",6,4,AKKADIAN,a-a-bi-ma,a-a-bi-ma,[],[],,
7,"1881,0204.261",6,5,AKKADIAN,ana-ku,ana-ku,[],[],,
8,"1881,0204.261",8,2,AKKADIAN,BAD₅.BAD₅-a-a,BAD₅.BAD₅-a-a,[],[],,
9,"1881,0204.261",8,3,AKKADIAN,i-dak,i-dak,[],[],,
10,"1881,0204.261",9,1,AKKADIAN,u₂-lu,u₂-lu,[],[],,
11,"1881,0204.261",9,2,AKKADIAN,{munus}na-ram-ti,{munus}na-ram-ti,[],[],,
12,"1881,0204.261",9,3,AKKADIAN,NUN,NUN,[],[],,
13,"1881,0204.261",9,4,AKKADIAN,UŠ₂,UŠ₂,[],[],,
14,"1881,0204.261",10,2,AKKADIAN,GU₇,GU₇,[],[],,
15,"1881,0204.261",10,4,AKKADIAN,KUR₂,KUR₂,[],[],,
16,"1881,0204.261",10,5,AKKADIAN,NIGIN-ma,NIGIN-ma,[],[],,
17,"1881,0204.261",11,2,AKKADIAN,NU,NU,[],[],,
18,"1881,0204.261",11,3,AKKADIAN,AŠ.TE,AŠ.TE,[],[],,
19,"1881,0204.261",11,4,AKKADIAN,BE-el,BE-el,[],[],,
20,"1881,0204.261",12,1,AKKADIAN,IGI,IGI,[],[],,
21,"1881,0204.261",17,2,AKKADIAN,DINGIR,DINGIR,[],[],,
22,"1881,0204.261",18,4,AKKADIAN,NAM.RA,NAM.RA,[],[],,
23,"1881,0204.261",18,5,AKKADIAN,E₃,E₃,[],[],,
24,"1881,0204.261",19,1,AKKADIAN,a-na,a-na,[],[],,
25,"1881,0204.261",19,2,AKKADIAN,MAŠ.EN.GAG,MAŠ.EN.GAG,[],[],,
26,"1881,0204.261",20,2,AKKADIAN,LU₂,LU₂,[],[],,
27,"1881,0204.261",20,3,AKKADIAN,UŠ₂,UŠ₂,[],[],,
28,"1881,0204.261",21,3,AKKADIAN,ina,ina,[],[],,
29,"1881,0204.261",21,4,AKKADIAN,U₄,U₄,[],[],,
30,"1881,0204.261",21,5,AKKADIAN,SUD,SUD,[],[],,
31,"1881,0204.261",22,3,AKKADIAN,DUMU-MEŠ,DUMU-MEŠ,[],[],,
32,"1881,0204.261",23,2,AKKADIAN,E₃,E₃,[],[],,
