,fragment_id,fragment_line_num,index_in_line,word_language,value,clean_value,lemma,domain,place_discovery,place_composition
0,"1879,0708.101",1,1,AKKADIAN,KIMIN,KIMIN,"['ašru III', 'šanû I']",['CANONICAL ➝ Divination ➝ Extispicy ➝ Bārûtu ➝ 6. Martu'],,
1,"1879,0708.101",1,2,AKKADIAN,AN.TA-tu₄,AN.TA-tu₄,['elītu I'],['CANONICAL ➝ Divination ➝ Extispicy ➝ Bārûtu ➝ 6. Martu'],,
2,"1879,0708.101",1,3,AKKADIAN,ZALAG₂-at₂,ZALAG₂-at₂,[],['CANONICAL ➝ Divination ➝ Extispicy ➝ Bārûtu ➝ 6. Martu'],,
3,"1879,0708.101",1,4,AKKADIAN,KI.TA-tu₄,KI.TA-tu₄,['šaplītu I'],['CANONICAL ➝ Divination ➝ Extispicy ➝ Bārûtu ➝ 6. Martu'],,
4,"1879,0708.101",1,5,AKKADIAN,GI₆-at₂,GI₆-at₂,[],['CANONICAL ➝ Divination ➝ Extispicy ➝ Bārûtu ➝ 6. Martu'],,
5,"1879,0708.101",1,6,AKKADIAN,LUGAL,LUGAL,[],['CANONICAL ➝ Divination ➝ Extispicy ➝ Bārûtu ➝ 6. Martu'],,
6,"1879,0708.101",1,7,AKKADIAN,UŠ-ut,UŠ-ut,[],['CANONICAL ➝ Divination ➝ Extispicy ➝ Bārûtu ➝ 6. Martu'],,
7,"1879,0708.101",1,8,AKKADIAN,LUGAL,LUGAL,[],['CANONICAL ➝ Divination ➝ Extispicy ➝ Bārûtu ➝ 6. Martu'],,
8,"1879,0708.101",1,9,AKKADIAN,GABA.RI-šu₂,GABA.RI-šu₂,['gabarû I'],['CANONICAL ➝ Divination ➝ Extispicy ➝ Bārûtu ➝ 6. Martu'],,
9,"1879,0708.101",3,1,AKKADIAN,KIMIN,KIMIN,"['ašru III', 'šanû I']",['CANONICAL ➝ Divination ➝ Extispicy ➝ Bārûtu ➝ 6. Martu'],,
10,"1879,0708.101",3,2,AKKADIAN,KI.TA-tu₄,KI.TA-tu₄,['šaplītu I'],['CANONICAL ➝ Divination ➝ Extispicy ➝ Bārûtu ➝ 6. Martu'],,
11,"1879,0708.101",3,3,AKKADIAN,ZALAG₂-at₂,ZALAG₂-at₂,[],['CANONICAL ➝ Divination ➝ Extispicy ➝ Bārûtu ➝ 6. Martu'],,
12,"1879,0708.101",3,4,AKKADIAN,AN.TA-tu₄,AN.TA-tu₄,['elītu I'],['CANONICAL ➝ Divination ➝ Extispicy ➝ Bārûtu ➝ 6. Martu'],,
13,"1879,0708.101",3,5,AKKADIAN,GI₆-at₂,GI₆-at₂,[],['CANONICAL ➝ Divination ➝ Extispicy ➝ Bārûtu ➝ 6. Martu'],,
14,"1879,0708.101",3,6,AKKADIAN,LUGAL,LUGAL,[],['CANONICAL ➝ Divination ➝ Extispicy ➝ Bārûtu ➝ 6. Martu'],,
15,"1879,0708.101",3,7,AKKADIAN,ILLAT-MEŠ-šu₂,ILLAT-MEŠ-šu₂,['illatu I'],['CANONICAL ➝ Divination ➝ Extispicy ➝ Bārûtu ➝ 6. Martu'],,
16,"1879,0708.101",5,1,AKKADIAN,ina,ina,['ina I'],['CANONICAL ➝ Divination ➝ Extispicy ➝ Bārûtu ➝ 6. Martu'],,
17,"1879,0708.101",5,2,AKKADIAN,15,15,[],['CANONICAL ➝ Divination ➝ Extispicy ➝ Bārûtu ➝ 6. Martu'],,
18,"1879,0708.101",5,3,AKKADIAN,ZE₂,ZE₂,['martu I'],['CANONICAL ➝ Divination ➝ Extispicy ➝ Bārûtu ➝ 6. Martu'],,
19,"1879,0708.101",5,4,AKKADIAN,2-ta-MEŠ,2-ta-MEŠ,[],['CANONICAL ➝ Divination ➝ Extispicy ➝ Bārûtu ➝ 6. Martu'],,
20,"1879,0708.101",5,5,AKKADIAN,KAM-tu₄-MEŠ,KAM-tu₄-MEŠ,[],['CANONICAL ➝ Divination ➝ Extispicy ➝ Bārûtu ➝ 6. Martu'],,
21,"1879,0708.101",5,6,AKKADIAN,ŠUB-MEŠ,ŠUB-MEŠ,[],['CANONICAL ➝ Divination ➝ Extispicy ➝ Bārûtu ➝ 6. Martu'],,
22,"1879,0708.101",5,7,AKKADIAN,URU,URU,['ālu I'],['CANONICAL ➝ Divination ➝ Extispicy ➝ Bārûtu ➝ 6. Martu'],,
23,"1879,0708.101",5,8,AKKADIAN,NIGIN-ta,NIGIN-ta,[],['CANONICAL ➝ Divination ➝ Extispicy ➝ Bārûtu ➝ 6. Martu'],,
24,"1879,0708.101",5,9,AKKADIAN,MAS.SUD,MAS.SUD,['massû I'],['CANONICAL ➝ Divination ➝ Extispicy ➝ Bārûtu ➝ 6. Martu'],,
25,"1879,0708.101",7,1,AKKADIAN,KIMIN,KIMIN,"['ašru III', 'šanû I']",['CANONICAL ➝ Divination ➝ Extispicy ➝ Bārûtu ➝ 6. Martu'],,
26,"1879,0708.101",7,2,AKKADIAN,GI₆-MEŠ,GI₆-MEŠ,[],['CANONICAL ➝ Divination ➝ Extispicy ➝ Bārûtu ➝ 6. Martu'],,
27,"1879,0708.101",7,3,AKKADIAN,LUGAL,LUGAL,[],['CANONICAL ➝ Divination ➝ Extispicy ➝ Bārûtu ➝ 6. Martu'],,
28,"1879,0708.101",7,4,AKKADIAN,ina,ina,['ina I'],['CANONICAL ➝ Divination ➝ Extispicy ➝ Bārûtu ➝ 6. Martu'],,
29,"1879,0708.101",7,5,AKKADIAN,TI.LA-šu₂,TI.LA-šu₂,"['balāṭu I', '-šu I']",['CANONICAL ➝ Divination ➝ Extispicy ➝ Bārûtu ➝ 6. Martu'],,
30,"1879,0708.101",7,7,AKKADIAN,GAL-a,GAL-a,['rabû II'],['CANONICAL ➝ Divination ➝ Extispicy ➝ Bārûtu ➝ 6. Martu'],,
31,"1879,0708.101",8,2,AKKADIAN,DUMU,DUMU,['māru I'],['CANONICAL ➝ Divination ➝ Extispicy ➝ Bārûtu ➝ 6. Martu'],,
32,"1879,0708.101",8,3,AKKADIAN,ina,ina,['ina I'],['CANONICAL ➝ Divination ➝ Extispicy ➝ Bārûtu ➝ 6. Martu'],,
33,"1879,0708.101",8,5,AKKADIAN,TUŠ-ab,TUŠ-ab,['ašābu I'],['CANONICAL ➝ Divination ➝ Extispicy ➝ Bārûtu ➝ 6. Martu'],,
34,"1879,0708.101",10,1,AKKADIAN,ina,ina,['ina I'],['CANONICAL ➝ Divination ➝ Extispicy ➝ Bārûtu ➝ 6. Martu'],,
35,"1879,0708.101",10,2,AKKADIAN,15,15,[],['CANONICAL ➝ Divination ➝ Extispicy ➝ Bārûtu ➝ 6. Martu'],,
36,"1879,0708.101",10,3,AKKADIAN,ZE₂,ZE₂,['martu I'],['CANONICAL ➝ Divination ➝ Extispicy ➝ Bārûtu ➝ 6. Martu'],,
37,"1879,0708.101",10,4,AKKADIAN,2-ta,2-ta,['šina II'],['CANONICAL ➝ Divination ➝ Extispicy ➝ Bārûtu ➝ 6. Martu'],,
38,"1879,0708.101",10,5,AKKADIAN,KAM-MEŠ,KAM-MEŠ,[],['CANONICAL ➝ Divination ➝ Extispicy ➝ Bārûtu ➝ 6. Martu'],,
39,"1879,0708.101",10,6,AKKADIAN,rit-ku-bu,rit-ku-bu,[],['CANONICAL ➝ Divination ➝ Extispicy ➝ Bārûtu ➝ 6. Martu'],,
40,"1879,0708.101",10,8,AKKADIAN,u,u,['u I'],['CANONICAL ➝ Divination ➝ Extispicy ➝ Bārûtu ➝ 6. Martu'],,
41,"1879,0708.101",10,10,AKKADIAN,DINGIR,DINGIR,[],['CANONICAL ➝ Divination ➝ Extispicy ➝ Bārûtu ➝ 6. Martu'],,
42,"1879,0708.101",10,11,AKKADIAN,URU₄-eš,URU₄-eš,[],['CANONICAL ➝ Divination ➝ Extispicy ➝ Bārûtu ➝ 6. Martu'],,
43,"1879,0708.101",12,2,AKKADIAN,na-ram-ti,na-ram-ti,['narāmu I'],['CANONICAL ➝ Divination ➝ Extispicy ➝ Bārûtu ➝ 6. Martu'],,
44,"1879,0708.101",12,3,AKKADIAN,DINGIR,DINGIR,[],['CANONICAL ➝ Divination ➝ Extispicy ➝ Bārûtu ➝ 6. Martu'],,
45,"1879,0708.101",12,4,AKKADIAN,UG₇,UG₇,[],['CANONICAL ➝ Divination ➝ Extispicy ➝ Bārûtu ➝ 6. Martu'],,
46,"1879,0708.101",15,1,AKKADIAN,ina,ina,['ina I'],['CANONICAL ➝ Divination ➝ Extispicy ➝ Bārûtu ➝ 6. Martu'],,
47,"1879,0708.101",15,2,AKKADIAN,15,15,[],['CANONICAL ➝ Divination ➝ Extispicy ➝ Bārûtu ➝ 6. Martu'],,
48,"1879,0708.101",15,3,AKKADIAN,ZE₂,ZE₂,['martu I'],['CANONICAL ➝ Divination ➝ Extispicy ➝ Bārûtu ➝ 6. Martu'],,
49,"1879,0708.101",15,4,AKKADIAN,2-ta,2-ta,['šina II'],['CANONICAL ➝ Divination ➝ Extispicy ➝ Bārûtu ➝ 6. Martu'],,
50,"1879,0708.101",15,5,AKKADIAN,KAM-MEŠ,KAM-MEŠ,[],['CANONICAL ➝ Divination ➝ Extispicy ➝ Bārûtu ➝ 6. Martu'],,
51,"1879,0708.101",15,6,AKKADIAN,rit-ku-bu-ma,rit-ku-bu-ma,[],['CANONICAL ➝ Divination ➝ Extispicy ➝ Bārûtu ➝ 6. Martu'],,
52,"1879,0708.101",15,7,AKKADIAN,AN.TA,AN.TA,[],['CANONICAL ➝ Divination ➝ Extispicy ➝ Bārûtu ➝ 6. Martu'],,
53,"1879,0708.101",15,9,AKKADIAN,KI.TA-tu₄,KI.TA-tu₄,['šaplītu I'],['CANONICAL ➝ Divination ➝ Extispicy ➝ Bārûtu ➝ 6. Martu'],,
54,"1879,0708.101",15,10,AKKADIAN,GI₆-at₂,GI₆-at₂,[],['CANONICAL ➝ Divination ➝ Extispicy ➝ Bārûtu ➝ 6. Martu'],,
55,"1879,0708.101",16,2,AKKADIAN,LUGAL,LUGAL,[],['CANONICAL ➝ Divination ➝ Extispicy ➝ Bārûtu ➝ 6. Martu'],,
56,"1879,0708.101",16,3,AKKADIAN,UG₇-ma,UG₇-ma,['mâtu I'],['CANONICAL ➝ Divination ➝ Extispicy ➝ Bārûtu ➝ 6. Martu'],,
57,"1879,0708.101",16,5,AKKADIAN,E₂.GAL,E₂.GAL,['ēkallu I'],['CANONICAL ➝ Divination ➝ Extispicy ➝ Bārûtu ➝ 6. Martu'],,
58,"1879,0708.101",16,6,AKKADIAN,UŠ-di,UŠ-di,['redû I'],['CANONICAL ➝ Divination ➝ Extispicy ➝ Bārûtu ➝ 6. Martu'],,
59,"1879,0708.101",18,1,AKKADIAN,ina,ina,['ina I'],['CANONICAL ➝ Divination ➝ Extispicy ➝ Bārûtu ➝ 6. Martu'],,
60,"1879,0708.101",18,2,AKKADIAN,15,15,[],['CANONICAL ➝ Divination ➝ Extispicy ➝ Bārûtu ➝ 6. Martu'],,
61,"1879,0708.101",18,3,AKKADIAN,ZE₂,ZE₂,['martu I'],['CANONICAL ➝ Divination ➝ Extispicy ➝ Bārûtu ➝ 6. Martu'],,
62,"1879,0708.101",18,4,AKKADIAN,2-ta,2-ta,['šina II'],['CANONICAL ➝ Divination ➝ Extispicy ➝ Bārûtu ➝ 6. Martu'],,
63,"1879,0708.101",18,5,AKKADIAN,KAM-MEŠ,KAM-MEŠ,[],['CANONICAL ➝ Divination ➝ Extispicy ➝ Bārûtu ➝ 6. Martu'],,
64,"1879,0708.101",18,6,AKKADIAN,ŠUB-MEŠ,ŠUB-MEŠ,[],['CANONICAL ➝ Divination ➝ Extispicy ➝ Bārûtu ➝ 6. Martu'],,
65,"1879,0708.101",18,7,AKKADIAN,KI.TA-tu₄,KI.TA-tu₄,['šaplītu I'],['CANONICAL ➝ Divination ➝ Extispicy ➝ Bārûtu ➝ 6. Martu'],,
66,"1879,0708.101",18,8,AKKADIAN,ZALAG₂-at₂,ZALAG₂-at₂,[],['CANONICAL ➝ Divination ➝ Extispicy ➝ Bārûtu ➝ 6. Martu'],,
67,"1879,0708.101",18,10,AKKADIAN,GI₆-at₂,GI₆-at₂,[],['CANONICAL ➝ Divination ➝ Extispicy ➝ Bārûtu ➝ 6. Martu'],,
68,"1879,0708.101",18,11,AKKADIAN,LUGAL,LUGAL,[],['CANONICAL ➝ Divination ➝ Extispicy ➝ Bārûtu ➝ 6. Martu'],,
69,"1879,0708.101",18,12,AKKADIAN,UG₇-ma,UG₇-ma,['mâtu I'],['CANONICAL ➝ Divination ➝ Extispicy ➝ Bārûtu ➝ 6. Martu'],,
70,"1879,0708.101",18,13,AKKADIAN,mam-ma,mam-ma,['mamman I'],['CANONICAL ➝ Divination ➝ Extispicy ➝ Bārûtu ➝ 6. Martu'],,
71,"1879,0708.101",18,14,AKKADIAN,AŠ.TE,AŠ.TE,['kussû I'],['CANONICAL ➝ Divination ➝ Extispicy ➝ Bārûtu ➝ 6. Martu'],,
72,"1879,0708.101",18,15,AKKADIAN,DIB-bat,DIB-bat,['ṣabātu I'],['CANONICAL ➝ Divination ➝ Extispicy ➝ Bārûtu ➝ 6. Martu'],,
73,"1879,0708.101",23,1,AKKADIAN,ina,ina,['ina I'],['CANONICAL ➝ Divination ➝ Extispicy ➝ Bārûtu ➝ 6. Martu'],,
74,"1879,0708.101",23,2,AKKADIAN,150,150,[],['CANONICAL ➝ Divination ➝ Extispicy ➝ Bārûtu ➝ 6. Martu'],,
75,"1879,0708.101",23,3,AKKADIAN,ZE₂,ZE₂,['martu I'],['CANONICAL ➝ Divination ➝ Extispicy ➝ Bārûtu ➝ 6. Martu'],,
76,"1879,0708.101",23,4,AKKADIAN,2-ta,2-ta,['šina II'],['CANONICAL ➝ Divination ➝ Extispicy ➝ Bārûtu ➝ 6. Martu'],,
77,"1879,0708.101",23,5,AKKADIAN,KAM-MEŠ,KAM-MEŠ,[],['CANONICAL ➝ Divination ➝ Extispicy ➝ Bārûtu ➝ 6. Martu'],,
78,"1879,0708.101",23,6,AKKADIAN,ŠUB-MEŠ,ŠUB-MEŠ,[],['CANONICAL ➝ Divination ➝ Extispicy ➝ Bārûtu ➝ 6. Martu'],,
79,"1879,0708.101",23,7,AKKADIAN,KUR₂,KUR₂,['nakru I'],['CANONICAL ➝ Divination ➝ Extispicy ➝ Bārûtu ➝ 6. Martu'],,
80,"1879,0708.101",23,9,AKKADIAN,NIGIN-ma,NIGIN-ma,[],['CANONICAL ➝ Divination ➝ Extispicy ➝ Bārûtu ➝ 6. Martu'],,
81,"1879,0708.101",23,10,AKKADIAN,MAS.SUD,MAS.SUD,['massû I'],['CANONICAL ➝ Divination ➝ Extispicy ➝ Bārûtu ➝ 6. Martu'],,
82,"1879,0708.101",23,11,AKKADIAN,IL₂-šu₂,IL₂-šu₂,[],['CANONICAL ➝ Divination ➝ Extispicy ➝ Bārûtu ➝ 6. Martu'],,
83,"1879,0708.101",25,1,AKKADIAN,ina,ina,['ina I'],['CANONICAL ➝ Divination ➝ Extispicy ➝ Bārûtu ➝ 6. Martu'],,
84,"1879,0708.101",25,2,AKKADIAN,150,150,[],['CANONICAL ➝ Divination ➝ Extispicy ➝ Bārûtu ➝ 6. Martu'],,
85,"1879,0708.101",25,3,AKKADIAN,ZE₂,ZE₂,['martu I'],['CANONICAL ➝ Divination ➝ Extispicy ➝ Bārûtu ➝ 6. Martu'],,
86,"1879,0708.101",25,4,AKKADIAN,2-ta,2-ta,['šina II'],['CANONICAL ➝ Divination ➝ Extispicy ➝ Bārûtu ➝ 6. Martu'],,
87,"1879,0708.101",25,5,AKKADIAN,KAM-MEŠ,KAM-MEŠ,[],['CANONICAL ➝ Divination ➝ Extispicy ➝ Bārûtu ➝ 6. Martu'],,
88,"1879,0708.101",25,6,AKKADIAN,ŠUB-MEŠ,ŠUB-MEŠ,[],['CANONICAL ➝ Divination ➝ Extispicy ➝ Bārûtu ➝ 6. Martu'],,
89,"1879,0708.101",25,7,AKKADIAN,u,u,['u I'],['CANONICAL ➝ Divination ➝ Extispicy ➝ Bārûtu ➝ 6. Martu'],,
90,"1879,0708.101",25,8,AKKADIAN,GI₆-MEŠ,GI₆-MEŠ,[],['CANONICAL ➝ Divination ➝ Extispicy ➝ Bārûtu ➝ 6. Martu'],,
91,"1879,0708.101",25,10,AKKADIAN,ša₂,ša₂,['ša I'],['CANONICAL ➝ Divination ➝ Extispicy ➝ Bārûtu ➝ 6. Martu'],,
92,"1879,0708.101",25,11,AKKADIAN,KUR,KUR,[],['CANONICAL ➝ Divination ➝ Extispicy ➝ Bārûtu ➝ 6. Martu'],,
93,"1879,0708.101",25,12,AKKADIAN,KUR₂,KUR₂,['nakru I'],['CANONICAL ➝ Divination ➝ Extispicy ➝ Bārûtu ➝ 6. Martu'],,
94,"1879,0708.101",25,13,AKKADIAN,ina,ina,['ina I'],['CANONICAL ➝ Divination ➝ Extispicy ➝ Bārûtu ➝ 6. Martu'],,
95,"1879,0708.101",25,14,AKKADIAN,TI.LA-šu₂,TI.LA-šu₂,"['balāṭu I', '-šu I']",['CANONICAL ➝ Divination ➝ Extispicy ➝ Bārûtu ➝ 6. Martu'],,
96,"1879,0708.101",25,15,AKKADIAN,DUMU-šu₂,DUMU-šu₂,[],['CANONICAL ➝ Divination ➝ Extispicy ➝ Bārûtu ➝ 6. Martu'],,
97,"1879,0708.101",25,16,AKKADIAN,GAL-a,GAL-a,['rabû II'],['CANONICAL ➝ Divination ➝ Extispicy ➝ Bārûtu ➝ 6. Martu'],,
98,"1879,0708.101",26,2,AKKADIAN,DUMU,DUMU,['māru I'],['CANONICAL ➝ Divination ➝ Extispicy ➝ Bārûtu ➝ 6. Martu'],,
99,"1879,0708.101",26,3,AKKADIAN,ina,ina,['ina I'],['CANONICAL ➝ Divination ➝ Extispicy ➝ Bārûtu ➝ 6. Martu'],,
100,"1879,0708.101",26,4,AKKADIAN,AŠ.TE,AŠ.TE,['kussû I'],['CANONICAL ➝ Divination ➝ Extispicy ➝ Bārûtu ➝ 6. Martu'],,
101,"1879,0708.101",26,5,AKKADIAN,TUŠ-ab,TUŠ-ab,['ašābu I'],['CANONICAL ➝ Divination ➝ Extispicy ➝ Bārûtu ➝ 6. Martu'],,
102,"1879,0708.101",28,1,AKKADIAN,ina,ina,['ina I'],['CANONICAL ➝ Divination ➝ Extispicy ➝ Bārûtu ➝ 6. Martu'],,
103,"1879,0708.101",28,2,AKKADIAN,150,150,[],['CANONICAL ➝ Divination ➝ Extispicy ➝ Bārûtu ➝ 6. Martu'],,
104,"1879,0708.101",28,3,AKKADIAN,ZE₂,ZE₂,['martu I'],['CANONICAL ➝ Divination ➝ Extispicy ➝ Bārûtu ➝ 6. Martu'],,
105,"1879,0708.101",28,4,AKKADIAN,2-ta,2-ta,['šina II'],['CANONICAL ➝ Divination ➝ Extispicy ➝ Bārûtu ➝ 6. Martu'],,
106,"1879,0708.101",28,5,AKKADIAN,KAM-MEŠ,KAM-MEŠ,[],['CANONICAL ➝ Divination ➝ Extispicy ➝ Bārûtu ➝ 6. Martu'],,
107,"1879,0708.101",28,6,AKKADIAN,ŠUB-MEŠ,ŠUB-MEŠ,[],['CANONICAL ➝ Divination ➝ Extispicy ➝ Bārûtu ➝ 6. Martu'],,
108,"1879,0708.101",28,7,AKKADIAN,rit-ku-bu,rit-ku-bu,[],['CANONICAL ➝ Divination ➝ Extispicy ➝ Bārûtu ➝ 6. Martu'],,
109,"1879,0708.101",28,9,AKKADIAN,u,u,['u I'],['CANONICAL ➝ Divination ➝ Extispicy ➝ Bārûtu ➝ 6. Martu'],,
110,"1879,0708.101",28,10,AKKADIAN,E₂.MAŠ,E₂.MAŠ,[],['CANONICAL ➝ Divination ➝ Extispicy ➝ Bārûtu ➝ 6. Martu'],,
111,"1879,0708.101",28,11,AKKADIAN,UGU,UGU,[],['CANONICAL ➝ Divination ➝ Extispicy ➝ Bārûtu ➝ 6. Martu'],,
112,"1879,0708.101",28,12,AKKADIAN,DINGIR,DINGIR,['ilu I'],['CANONICAL ➝ Divination ➝ Extispicy ➝ Bārûtu ➝ 6. Martu'],,
113,"1879,0708.101",28,13,AKKADIAN,NU,NU,[],['CANONICAL ➝ Divination ➝ Extispicy ➝ Bārûtu ➝ 6. Martu'],,
114,"1879,0708.101",28,14,AKKADIAN,DUG₃.GA-MEŠ,DUG₃.GA-MEŠ,['ṭābu I'],['CANONICAL ➝ Divination ➝ Extispicy ➝ Bārûtu ➝ 6. Martu'],,
115,"1879,0708.101",30,1,AKKADIAN,ina,ina,['ina I'],['CANONICAL ➝ Divination ➝ Extispicy ➝ Bārûtu ➝ 6. Martu'],,
116,"1879,0708.101",30,2,AKKADIAN,150,150,[],['CANONICAL ➝ Divination ➝ Extispicy ➝ Bārûtu ➝ 6. Martu'],,
117,"1879,0708.101",30,3,AKKADIAN,ZE₂,ZE₂,['martu I'],['CANONICAL ➝ Divination ➝ Extispicy ➝ Bārûtu ➝ 6. Martu'],,
118,"1879,0708.101",30,4,AKKADIAN,2-ta,2-ta,['šina II'],['CANONICAL ➝ Divination ➝ Extispicy ➝ Bārûtu ➝ 6. Martu'],,
119,"1879,0708.101",30,5,AKKADIAN,KAM-MEŠ,KAM-MEŠ,[],['CANONICAL ➝ Divination ➝ Extispicy ➝ Bārûtu ➝ 6. Martu'],,
120,"1879,0708.101",30,6,AKKADIAN,ŠUB-MEŠ,ŠUB-MEŠ,[],['CANONICAL ➝ Divination ➝ Extispicy ➝ Bārûtu ➝ 6. Martu'],,
121,"1879,0708.101",30,7,AKKADIAN,rit-ku-bu-ma,rit-ku-bu-ma,[],['CANONICAL ➝ Divination ➝ Extispicy ➝ Bārûtu ➝ 6. Martu'],,
122,"1879,0708.101",30,10,AKKADIAN,GIN,GIN,[],['CANONICAL ➝ Divination ➝ Extispicy ➝ Bārûtu ➝ 6. Martu'],,
123,"1879,0708.101",30,11,AKKADIAN,IGI,IGI,[],['CANONICAL ➝ Divination ➝ Extispicy ➝ Bārûtu ➝ 6. Martu'],,
124,"1879,0708.101",30,12,AKKADIAN,ERIN₂-šu₂,ERIN₂-šu₂,[],['CANONICAL ➝ Divination ➝ Extispicy ➝ Bārûtu ➝ 6. Martu'],,
125,"1879,0708.101",30,13,AKKADIAN,ina,ina,['ina I'],['CANONICAL ➝ Divination ➝ Extispicy ➝ Bārûtu ➝ 6. Martu'],,
126,"1879,0708.101",30,14,AKKADIAN,NU,NU,[],['CANONICAL ➝ Divination ➝ Extispicy ➝ Bārûtu ➝ 6. Martu'],,
127,"1879,0708.101",30,15,AKKADIAN,KI-šu₂,KI-šu₂,[],['CANONICAL ➝ Divination ➝ Extispicy ➝ Bārûtu ➝ 6. Martu'],,
128,"1879,0708.101",30,16,AKKADIAN,ŠUB-ut,ŠUB-ut,['maqātu I'],['CANONICAL ➝ Divination ➝ Extispicy ➝ Bārûtu ➝ 6. Martu'],,
129,"1879,0708.101",32,1,AKKADIAN,KIMIN-ma,KIMIN-ma,[],['CANONICAL ➝ Divination ➝ Extispicy ➝ Bārûtu ➝ 6. Martu'],,
130,"1879,0708.101",32,3,AKKADIAN,ZALAG₂-at₂,ZALAG₂-at₂,[],['CANONICAL ➝ Divination ➝ Extispicy ➝ Bārûtu ➝ 6. Martu'],,
131,"1879,0708.101",32,4,AKKADIAN,KI.TA-tu₄,KI.TA-tu₄,['šaplītu I'],['CANONICAL ➝ Divination ➝ Extispicy ➝ Bārûtu ➝ 6. Martu'],,
132,"1879,0708.101",32,5,AKKADIAN,GI₆-at₂,GI₆-at₂,[],['CANONICAL ➝ Divination ➝ Extispicy ➝ Bārûtu ➝ 6. Martu'],,
133,"1879,0708.101",33,3,AKKADIAN,KUR-su,KUR-su,[],['CANONICAL ➝ Divination ➝ Extispicy ➝ Bārûtu ➝ 6. Martu'],,
134,"1879,0708.101",33,4,AKKADIAN,GU₇,GU₇,['akālu I'],['CANONICAL ➝ Divination ➝ Extispicy ➝ Bārûtu ➝ 6. Martu'],,
135,"1879,0708.101",35,1,AKKADIAN,KIMIN-ma,KIMIN-ma,[],['CANONICAL ➝ Divination ➝ Extispicy ➝ Bārûtu ➝ 6. Martu'],,
136,"1879,0708.101",35,2,AKKADIAN,KI.TA-tu₄,KI.TA-tu₄,['šaplītu I'],['CANONICAL ➝ Divination ➝ Extispicy ➝ Bārûtu ➝ 6. Martu'],,
137,"1879,0708.101",35,3,AKKADIAN,ZALAG₂-at₂,ZALAG₂-at₂,[],['CANONICAL ➝ Divination ➝ Extispicy ➝ Bārûtu ➝ 6. Martu'],,
138,"1879,0708.101",35,5,AKKADIAN,GI₆-at₂,GI₆-at₂,[],['CANONICAL ➝ Divination ➝ Extispicy ➝ Bārûtu ➝ 6. Martu'],,
139,"1879,0708.101",36,2,AKKADIAN,ur-pat,ur-pat,[],['CANONICAL ➝ Divination ➝ Extispicy ➝ Bārûtu ➝ 6. Martu'],,
140,"1879,0708.101",36,3,AKKADIAN,KUR₂,KUR₂,['nakru I'],['CANONICAL ➝ Divination ➝ Extispicy ➝ Bārûtu ➝ 6. Martu'],,
141,"1879,0708.101",36,5,AKKADIAN,ŠUB-di,ŠUB-di,[],['CANONICAL ➝ Divination ➝ Extispicy ➝ Bārûtu ➝ 6. Martu'],,
142,"1879,0708.101",38,1,AKKADIAN,ina,ina,['ina I'],['CANONICAL ➝ Divination ➝ Extispicy ➝ Bārûtu ➝ 6. Martu'],,
143,"1879,0708.101",38,2,AKKADIAN,SAG,SAG,[],['CANONICAL ➝ Divination ➝ Extispicy ➝ Bārûtu ➝ 6. Martu'],,
144,"1879,0708.101",38,3,AKKADIAN,ZE₂,ZE₂,['martu I'],['CANONICAL ➝ Divination ➝ Extispicy ➝ Bārûtu ➝ 6. Martu'],,
145,"1879,0708.101",38,4,AKKADIAN,BAR-tu₄,BAR-tu₄,[],['CANONICAL ➝ Divination ➝ Extispicy ➝ Bārûtu ➝ 6. Martu'],,
146,"1879,0708.101",38,5,AKKADIAN,{d}15,{d}15,[],['CANONICAL ➝ Divination ➝ Extispicy ➝ Bārûtu ➝ 6. Martu'],,
147,"1879,0708.101",38,6,AKKADIAN,SUH₃,SUH₃,['tēšû I'],['CANONICAL ➝ Divination ➝ Extispicy ➝ Bārûtu ➝ 6. Martu'],,
148,"1879,0708.101",38,7,AKKADIAN,ina,ina,['ina I'],['CANONICAL ➝ Divination ➝ Extispicy ➝ Bārûtu ➝ 6. Martu'],,
149,"1879,0708.101",38,9,AKKADIAN,GAR-an,GAR-an,['šakānu I'],['CANONICAL ➝ Divination ➝ Extispicy ➝ Bārûtu ➝ 6. Martu'],,
150,"1879,0708.101",40,1,AKKADIAN,ina,ina,['ina I'],['CANONICAL ➝ Divination ➝ Extispicy ➝ Bārûtu ➝ 6. Martu'],,
151,"1879,0708.101",40,2,AKKADIAN,MURUB₄,MURUB₄,[],['CANONICAL ➝ Divination ➝ Extispicy ➝ Bārûtu ➝ 6. Martu'],,
152,"1879,0708.101",40,3,AKKADIAN,ZE₂,ZE₂,['martu I'],['CANONICAL ➝ Divination ➝ Extispicy ➝ Bārûtu ➝ 6. Martu'],,
153,"1879,0708.101",40,4,AKKADIAN,BAR-tu₄,BAR-tu₄,[],['CANONICAL ➝ Divination ➝ Extispicy ➝ Bārûtu ➝ 6. Martu'],,
154,"1879,0708.101",40,5,AKKADIAN,{d}15,{d}15,[],['CANONICAL ➝ Divination ➝ Extispicy ➝ Bārûtu ➝ 6. Martu'],,
155,"1879,0708.101",40,6,AKKADIAN,gaba-rah-ha,gaba-rah-ha,[],['CANONICAL ➝ Divination ➝ Extispicy ➝ Bārûtu ➝ 6. Martu'],,
156,"1879,0708.101",40,7,AKKADIAN,ina,ina,['ina I'],['CANONICAL ➝ Divination ➝ Extispicy ➝ Bārûtu ➝ 6. Martu'],,
157,"1879,0708.101",40,9,AKKADIAN,GAR-an,GAR-an,['šakānu I'],['CANONICAL ➝ Divination ➝ Extispicy ➝ Bārûtu ➝ 6. Martu'],,
158,"1879,0708.101",42,1,AKKADIAN,ina,ina,['ina I'],['CANONICAL ➝ Divination ➝ Extispicy ➝ Bārûtu ➝ 6. Martu'],,
159,"1879,0708.101",42,2,AKKADIAN,SIG,SIG,[],['CANONICAL ➝ Divination ➝ Extispicy ➝ Bārûtu ➝ 6. Martu'],,
160,"1879,0708.101",42,3,AKKADIAN,ZE₂,ZE₂,['martu I'],['CANONICAL ➝ Divination ➝ Extispicy ➝ Bārûtu ➝ 6. Martu'],,
161,"1879,0708.101",42,4,AKKADIAN,BAR-tu₄,BAR-tu₄,[],['CANONICAL ➝ Divination ➝ Extispicy ➝ Bārûtu ➝ 6. Martu'],,
162,"1879,0708.101",42,5,AKKADIAN,DINGIR,DINGIR,[],['CANONICAL ➝ Divination ➝ Extispicy ➝ Bārûtu ➝ 6. Martu'],,
163,"1879,0708.101",42,6,AKKADIAN,SUH₃,SUH₃,['tēšû I'],['CANONICAL ➝ Divination ➝ Extispicy ➝ Bārûtu ➝ 6. Martu'],,
164,"1879,0708.101",42,7,AKKADIAN,ina,ina,['ina I'],['CANONICAL ➝ Divination ➝ Extispicy ➝ Bārûtu ➝ 6. Martu'],,
165,"1879,0708.101",42,8,AKKADIAN,IGI,IGI,[],['CANONICAL ➝ Divination ➝ Extispicy ➝ Bārûtu ➝ 6. Martu'],,
166,"1879,0708.101",42,10,AKKADIAN,GAR-MEŠ,GAR-MEŠ,['šakānu I'],['CANONICAL ➝ Divination ➝ Extispicy ➝ Bārûtu ➝ 6. Martu'],,
