,fragment_id,fragment_line_num,index_in_line,word_language,value,clean_value,lemma,domain,place_discovery,place_composition
0,"1881,0204.211",1,1,AKKADIAN,u₂,u₂,[],[],,
1,"1881,0204.211",1,2,AKKADIAN,u,u,[],[],,
2,"1881,0204.211",1,3,AKKADIAN,SU.GU₇,SU.GU₇,[],[],,
3,"1881,0204.211",1,4,AKKADIAN,ina,ina,[],[],,
4,"1881,0204.211",1,5,AKKADIAN,KUR,KUR,[],[],,
5,"1881,0204.211",2,1,AKKADIAN,ki-na,ki-na,[],[],,
6,"1881,0204.211",2,2,AKKADIAN,GIM,GIM,[],[],,
7,"1881,0204.211",2,3,AKKADIAN,di,di,[],[],,
8,"1881,0204.211",2,4,AKKADIAN,uš,uš,[],[],,
9,"1881,0204.211",2,5,AKKADIAN,GIŠ,GIŠ,[],[],,
10,"1881,0204.211",2,6,AKKADIAN,BAL,BAL,[],[],,
11,"1881,0204.211",3,1,AKKADIAN,pa,pa,[],[],,
12,"1881,0204.211",3,2,AKKADIAN,LU₂,LU₂,[],[],,
13,"1881,0204.211",3,3,AKKADIAN,ana,ana,[],[],,
14,"1881,0204.211",3,4,AKKADIAN,IGI,IGI,[],[],,
15,"1881,0204.211",3,5,AKKADIAN,SIG₅,SIG₅,[],[],,
16,"1881,0204.211",4,2,AKKADIAN,šu,šu,[],[],,
17,"1881,0204.211",5,2,AKKADIAN,ana,ana,[],[],,
18,"1881,0204.211",5,3,AKKADIAN,KI.KAL,KI.KAL,[],[],,
19,"1881,0204.211",6,2,AKKADIAN,UMUŠ,UMUŠ,[],[],,
20,"1881,0204.211",6,3,AKKADIAN,KUR,KUR,[],[],,
21,"1881,0204.211",6,4,AKKADIAN,MAN-ni-ma,MAN-ni-ma,[],[],,
22,"1881,0204.211",6,5,AKKADIAN,KUR,KUR,[],[],,
23,"1881,0204.211",7,1,AKKADIAN,i,i,[],[],,
24,"1881,0204.211",7,3,AKKADIAN,DINGIR,DINGIR,[],[],,
25,"1881,0204.211",8,1,AKKADIAN,me,me,[],[],,
26,"1881,0204.211",9,2,AKKADIAN,NUN,NUN,[],[],,
27,"1881,0204.211",9,4,AKKADIAN,kal,kal,[],[],,
28,"1881,0204.211",9,5,AKKADIAN,TU,TU,[],[],,
29,"1881,0204.211",10,2,AKKADIAN,BE,BE,[],[],,
30,"1881,0204.211",10,3,AKKADIAN,ŠU.GI/ZI,ŠU.GI/ZI,[],[],,
31,"1881,0204.211",10,5,AKKADIAN,bar-ti,bar-ti,[],[],,
32,"1881,0204.211",10,6,AKKADIAN,BAL,BAL,[],[],,
33,"1881,0204.211",11,1,AKKADIAN,ma,ma,[],[],,
34,"1881,0204.211",11,2,AKKADIAN,BE,BE,[],[],,
35,"1881,0204.211",11,3,AKKADIAN,GUB₃,GUB₃,[],[],,
36,"1881,0204.211",11,4,AKKADIAN,GAR,GAR,[],[],,
37,"1881,0204.211",11,5,AKKADIAN,u,u,[],[],,
38,"1881,0204.211",11,8,AKKADIAN,ina,ina,[],[],,
39,"1881,0204.211",12,4,AKKADIAN,ana,ana,[],[],,
40,"1881,0204.211",12,5,AKKADIAN,KUR,KUR,[],[],,
41,"1881,0204.211",15,2,AKKADIAN,GAR,GAR,[],[],,
42,"1881,0204.211",15,3,AKKADIAN,ni-šu,ni-šu,[],[],,
43,"1881,0204.211",16,2,AKKADIAN,E₂,E₂,[],[],,
44,"1881,0204.211",16,3,AKKADIAN,la,la,[],[],,
45,"1881,0204.211",16,4,AKKADIAN,šu₂-u₂,šu₂-u₂,[],[],,
46,"1881,0204.211",17,3,AKKADIAN,ana,ana,[],[],,
47,"1881,0204.211",17,4,AKKADIAN,DINGIR,DINGIR,[],[],,
48,"1881,0204.211",17,5,AKKADIAN,ana,ana,[],[],,
49,"1881,0204.211",17,6,AKKADIAN,DI-ma,DI-ma,[],[],,
50,"1881,0204.211",17,7,AKKADIAN,BE-ma,BE-ma,[],[],,
51,"1881,0204.211",18,2,AKKADIAN,bu,bu,[],[],,
52,"1881,0204.211",18,3,AKKADIAN,iz-za-zi-ri,iz-za-zi-ri,[],[],,
53,"1881,0204.211",18,4,AKKADIAN,KUR₂,KUR₂,[],[],,
54,"1881,0204.211",19,2,AKKADIAN,MEŠ,MEŠ,[],[],,
55,"1881,0204.211",19,3,AKKADIAN,NIG₂,NIG₂,[],[],,
56,"1881,0204.211",19,4,AKKADIAN,KUR,KUR,[],[],,
