,fragment_id,fragment_line_num,index_in_line,word_language,value,clean_value,lemma,domain,place_discovery,place_composition
0,"1881,0204.227",1,0,AKKADIAN,BE,BE,['šumma I'],['CANONICAL ➝ Divination ➝ Extispicy'],,
1,"1881,0204.227",1,1,AKKADIAN,3-šu₂,3-šu₂,[],['CANONICAL ➝ Divination ➝ Extispicy'],,
2,"1881,0204.227",2,0,AKKADIAN,BE,BE,['šumma I'],['CANONICAL ➝ Divination ➝ Extispicy'],,
3,"1881,0204.227",2,1,AKKADIAN,150,150,[],['CANONICAL ➝ Divination ➝ Extispicy'],,
4,"1881,0204.227",3,1,AKKADIAN,BE-ma,BE-ma,[],['CANONICAL ➝ Divination ➝ Extispicy'],,
5,"1881,0204.227",3,2,AKKADIAN,DUMU,DUMU,['māru I'],['CANONICAL ➝ Divination ➝ Extispicy'],,
6,"1881,0204.227",3,4,AKKADIAN,GAR,GAR,[],['CANONICAL ➝ Divination ➝ Extispicy'],,
7,"1881,0204.227",3,8,AKKADIAN,DU,DU,[],['CANONICAL ➝ Divination ➝ Extispicy'],,
8,"1881,0204.227",4,3,AKKADIAN,GAL₂,GAL₂,[],['CANONICAL ➝ Divination ➝ Extispicy'],,
9,"1881,0204.227",4,4,AKKADIAN,U,U,[],['CANONICAL ➝ Divination ➝ Extispicy'],,
10,"1881,0204.227",4,5,AKKADIAN,SUHUŠ,SUHUŠ,[],['CANONICAL ➝ Divination ➝ Extispicy'],,
11,"1881,0204.227",4,6,AKKADIAN,MUR,MUR,['hašû II'],['CANONICAL ➝ Divination ➝ Extispicy'],,
12,"1881,0204.227",4,7,AKKADIAN,ša₂,ša₂,[],['CANONICAL ➝ Divination ➝ Extispicy'],,
13,"1881,0204.227",4,8,AKKADIAN,150,150,[],['CANONICAL ➝ Divination ➝ Extispicy'],,
14,"1881,0204.227",5,2,AKKADIAN,MU-NI,MU-NI,[],['CANONICAL ➝ Divination ➝ Extispicy'],,
15,"1881,0204.227",5,3,AKKADIAN,MUR,MUR,['hašû II'],['CANONICAL ➝ Divination ➝ Extispicy'],,
16,"1881,0204.227",5,4,AKKADIAN,15,15,[],['CANONICAL ➝ Divination ➝ Extispicy'],,
17,"1881,0204.227",5,5,AKKADIAN,ka-ṣiṣ,ka-ṣiṣ,['kaṣāṣu I'],['CANONICAL ➝ Divination ➝ Extispicy'],,
18,"1881,0204.227",5,6,AKKADIAN,ŠUB-ti₃,ŠUB-ti₃,['miqittu I'],['CANONICAL ➝ Divination ➝ Extispicy'],,
19,"1881,0204.227",6,1,AKKADIAN,u₃,u₃,['u I'],['CANONICAL ➝ Divination ➝ Extispicy'],,
20,"1881,0204.227",6,2,AKKADIAN,SAL.LA,SAL.LA,['ruqqu II'],['CANONICAL ➝ Divination ➝ Extispicy'],,
21,"1881,0204.227",6,3,AKKADIAN,MUR,MUR,['hašû II'],['CANONICAL ➝ Divination ➝ Extispicy'],,
22,"1881,0204.227",6,4,AKKADIAN,ša₂,ša₂,[],['CANONICAL ➝ Divination ➝ Extispicy'],,
23,"1881,0204.227",6,5,AKKADIAN,15,15,[],['CANONICAL ➝ Divination ➝ Extispicy'],,
24,"1881,0204.227",6,6,AKKADIAN,i-kaṣ₃-ṣa-aṣ,i-kaṣ₃-ṣa-aṣ,['kasāsu I'],['CANONICAL ➝ Divination ➝ Extispicy'],,
25,"1881,0204.227",7,0,AKKADIAN,BE,BE,['šumma I'],['CANONICAL ➝ Divination ➝ Extispicy'],,
26,"1881,0204.227",7,1,AKKADIAN,šal-su₂,šal-su₂,['šalšu I'],['CANONICAL ➝ Divination ➝ Extispicy'],,
27,"1881,0204.227",7,2,AKKADIAN,MU-NI,MU-NI,[],['CANONICAL ➝ Divination ➝ Extispicy'],,
28,"1881,0204.227",7,3,AKKADIAN,MUR,MUR,['hašû II'],['CANONICAL ➝ Divination ➝ Extispicy'],,
29,"1881,0204.227",7,4,AKKADIAN,ša₂,ša₂,[],['CANONICAL ➝ Divination ➝ Extispicy'],,
30,"1881,0204.227",7,5,AKKADIAN,150,150,[],['CANONICAL ➝ Divination ➝ Extispicy'],,
31,"1881,0204.227",7,6,AKKADIAN,UGU,UGU,[],['CANONICAL ➝ Divination ➝ Extispicy'],,
32,"1881,0204.227",7,7,AKKADIAN,ša₂,ša₂,[],['CANONICAL ➝ Divination ➝ Extispicy'],,
33,"1881,0204.227",8,0,AKKADIAN,BE,BE,['šumma I'],['CANONICAL ➝ Divination ➝ Extispicy'],,
34,"1881,0204.227",8,1,AKKADIAN,4-u₂,4-u₂,['rebû I'],['CANONICAL ➝ Divination ➝ Extispicy'],,
35,"1881,0204.227",8,2,AKKADIAN,MU-NI,MU-NI,[],['CANONICAL ➝ Divination ➝ Extispicy'],,
36,"1881,0204.227",8,3,AKKADIAN,MUR,MUR,['hašû II'],['CANONICAL ➝ Divination ➝ Extispicy'],,
37,"1881,0204.227",8,4,AKKADIAN,ša₂,ša₂,[],['CANONICAL ➝ Divination ➝ Extispicy'],,
38,"1881,0204.227",8,5,AKKADIAN,15,15,[],['CANONICAL ➝ Divination ➝ Extispicy'],,
39,"1881,0204.227",8,6,AKKADIAN,TUR,TUR,[],['CANONICAL ➝ Divination ➝ Extispicy'],,
40,"1881,0204.227",9,1,AKKADIAN,ina,ina,[],['CANONICAL ➝ Divination ➝ Extispicy'],,
41,"1881,0204.227",9,2,AKKADIAN,{giš}TUKUL,{giš}TUKUL,[],['CANONICAL ➝ Divination ➝ Extispicy'],,
42,"1881,0204.227",10,0,AKKADIAN,BE,BE,['šumma I'],['CANONICAL ➝ Divination ➝ Extispicy'],,
43,"1881,0204.227",10,1,AKKADIAN,5-šu₂,5-šu₂,['hamšu I'],['CANONICAL ➝ Divination ➝ Extispicy'],,
44,"1881,0204.227",10,2,AKKADIAN,MU-NI,MU-NI,[],['CANONICAL ➝ Divination ➝ Extispicy'],,
45,"1881,0204.227",11,0,AKKADIAN,BE,BE,['šumma I'],['CANONICAL ➝ Divination ➝ Extispicy'],,
46,"1881,0204.227",11,1,AKKADIAN,6-šu₂,6-šu₂,['šeššu I'],['CANONICAL ➝ Divination ➝ Extispicy'],,
47,"1881,0204.227",11,2,AKKADIAN,MU-NI,MU-NI,[],['CANONICAL ➝ Divination ➝ Extispicy'],,
48,"1881,0204.227",12,0,AKKADIAN,BE,BE,['šumma I'],['CANONICAL ➝ Divination ➝ Extispicy'],,
49,"1881,0204.227",12,1,AKKADIAN,7-u₂,7-u₂,['sebû I'],['CANONICAL ➝ Divination ➝ Extispicy'],,
50,"1881,0204.227",13,2,AKKADIAN,MU-ni,MU-ni,[],['CANONICAL ➝ Divination ➝ Extispicy'],,
51,"1881,0204.227",20,0,AKKADIAN,BE,BE,['šumma I'],['CANONICAL ➝ Divination ➝ Extispicy'],,
52,"1881,0204.227",21,0,AKKADIAN,BE,BE,['šumma I'],['CANONICAL ➝ Divination ➝ Extispicy'],,
53,"1881,0204.227",21,1,AKKADIAN,MUR,MUR,['hašû II'],['CANONICAL ➝ Divination ➝ Extispicy'],,
54,"1881,0204.227",22,0,AKKADIAN,BE,BE,['šumma I'],['CANONICAL ➝ Divination ➝ Extispicy'],,
55,"1881,0204.227",22,1,AKKADIAN,MAN-u₂,MAN-u₂,['šanû I'],['CANONICAL ➝ Divination ➝ Extispicy'],,
56,"1881,0204.227",22,2,AKKADIAN,MU-NI,MU-NI,[],['CANONICAL ➝ Divination ➝ Extispicy'],,
57,"1881,0204.227",24,0,AKKADIAN,BE,BE,['šumma I'],['CANONICAL ➝ Divination ➝ Extispicy'],,
58,"1881,0204.227",24,1,AKKADIAN,MUR,MUR,['hašû II'],['CANONICAL ➝ Divination ➝ Extispicy'],,
59,"1881,0204.227",24,2,AKKADIAN,15,15,['imittu I'],['CANONICAL ➝ Divination ➝ Extispicy'],,
60,"1881,0204.227",24,3,AKKADIAN,e-pi-iq,e-pi-iq,['epēqu I'],['CANONICAL ➝ Divination ➝ Extispicy'],,
61,"1881,0204.227",27,0,AKKADIAN,GABA.RI,GABA.RI,['gabarû I'],['CANONICAL ➝ Divination ➝ Extispicy'],,
