,fragment_id,fragment_line_num,index_in_line,word_language,value,clean_value,lemma,domain,place_discovery,place_composition
0,"1880,1112.2389",0,2,SUMERIAN,mu,mu,[],"[['CANONICAL', 'Historiography', 'Chronicles', 'Dynastic Chronicle']]",,
1,"1880,1112.2389",1,2,SUMERIAN,lugal-e-ne,lugal-e-ne,[],"[['CANONICAL', 'Historiography', 'Chronicles', 'Dynastic Chronicle']]",,
2,"1880,1112.2389",1,3,SUMERIAN,bala,bala,[],"[['CANONICAL', 'Historiography', 'Chronicles', 'Dynastic Chronicle']]",,
3,"1880,1112.2389",2,2,SUMERIAN,bala-bi,bala-bi,[],"[['CANONICAL', 'Historiography', 'Chronicles', 'Dynastic Chronicle']]",,
4,"1880,1112.2389",2,3,SUMERIAN,ba-kur₂,ba-kur₂,[],"[['CANONICAL', 'Historiography', 'Chronicles', 'Dynastic Chronicle']]",,
5,"1880,1112.2389",2,4,SUMERIAN,nam-lugal-bi,nam-lugal-bi,[],"[['CANONICAL', 'Historiography', 'Chronicles', 'Dynastic Chronicle']]",,
