,fragment_id,fragment_line_num,index_in_line,word_language,value,clean_value,lemma,domain,place_discovery,place_composition
0,"1876,1117.2682",1,2,AKKADIAN,18,18,[],"[['CANONICAL', 'Technical', 'Astronomy', 'Astronomical Diaries']]",,
1,"1876,1117.2682",1,5,AKKADIAN,lu,lu,[],"[['CANONICAL', 'Technical', 'Astronomy', 'Astronomical Diaries']]",,
2,"1876,1117.2682",2,2,AKKADIAN,30,30,[],"[['CANONICAL', 'Technical', 'Astronomy', 'Astronomical Diaries']]",,
3,"1876,1117.2682",2,3,AKKADIAN,ar₂,ar₂,[],"[['CANONICAL', 'Technical', 'Astronomy', 'Astronomical Diaries']]",,
4,"1876,1117.2682",2,4,AKKADIAN,MUL₂,MUL₂,[],"[['CANONICAL', 'Technical', 'Astronomy', 'Astronomical Diaries']]",,
5,"1876,1117.2682",2,5,AKKADIAN,KUR,KUR,[],"[['CANONICAL', 'Technical', 'Astronomy', 'Astronomical Diaries']]",,
6,"1876,1117.2682",2,6,AKKADIAN,ša₂,ša₂,[],"[['CANONICAL', 'Technical', 'Astronomy', 'Astronomical Diaries']]",,
7,"1876,1117.2682",3,1,AKKADIAN,3,3,[],"[['CANONICAL', 'Technical', 'Astronomy', 'Astronomical Diaries']]",,
8,"1876,1117.2682",3,3,AKKADIAN,an,an,[],"[['CANONICAL', 'Technical', 'Astronomy', 'Astronomical Diaries']]",,
9,"1876,1117.2682",3,4,AKKADIAN,za,za,[],"[['CANONICAL', 'Technical', 'Astronomy', 'Astronomical Diaries']]",,
