,fragment_id,fragment_line_num,index_in_line,word_language,value,clean_value,lemma,domain,place_discovery,place_composition
0,"1876,1117.2690",1,1,AKKADIAN,30,30,[],[],,
1,"1876,1117.2690",1,2,AKKADIAN,1,1,[],[],,
2,"1876,1117.2690",1,3,AKKADIAN,SA₉,SA₉,[],[],,
3,"1876,1117.2690",1,5,AKKADIAN,ana,ana,[],[],,
4,"1876,1117.2690",2,1,AKKADIAN,hi,hi,[],[],,
5,"1876,1117.2690",2,2,AKKADIAN,an,an,[],[],,
6,"1876,1117.2690",2,3,AKKADIAN,10,10,[],[],,
7,"1876,1117.2690",2,4,AKKADIAN,bar,bar,[],[],,
8,"1876,1117.2690",2,5,AKKADIAN,bar,bar,[],[],,
