,fragment_id,fragment_line_num,index_in_line,word_language,value,clean_value,lemma,domain,place_discovery,place_composition
0,"1880,1112.2346",1,3,SUMERIAN,sa,sa,[],"[['CANONICAL', 'Literature', 'Lamentations'], ['CANONICAL', 'Magic']]",,
1,"1880,1112.2346",2,3,AKKADIAN,ša₂,ša₂,[],"[['CANONICAL', 'Literature', 'Lamentations'], ['CANONICAL', 'Magic']]",,
2,"1880,1112.2346",4,3,AKKADIAN,gal-ti,gal-ti,[],"[['CANONICAL', 'Literature', 'Lamentations'], ['CANONICAL', 'Magic']]",,
3,"1880,1112.2346",5,3,SUMERIAN,a-ga-bi-še₃,a-ga-bi-še₃,[],"[['CANONICAL', 'Literature', 'Lamentations'], ['CANONICAL', 'Magic']]",,
4,"1880,1112.2346",6,4,AKKADIAN,ša₂,ša₂,[],"[['CANONICAL', 'Literature', 'Lamentations'], ['CANONICAL', 'Magic']]",,
5,"1880,1112.2346",6,5,AKKADIAN,ana,ana,[],"[['CANONICAL', 'Literature', 'Lamentations'], ['CANONICAL', 'Magic']]",,
