,fragment_id,fragment_line_num,index_in_line,word_language,value,clean_value,lemma,domain,place_discovery,place_composition
0,"1880,0719.99",1,2,AKKADIAN,SI.SA₂,SI.SA₂,['ešēru I'],['CANONICAL ➝ Divination ➝ Celestial'],,
1,"1880,0719.99",2,2,AKKADIAN,SI.SA₂,SI.SA₂,['ešēru I'],['CANONICAL ➝ Divination ➝ Celestial'],,
2,"1880,0719.99",3,2,AKKADIAN,NIG₂.TUKU,NIG₂.TUKU,['šarû II'],['CANONICAL ➝ Divination ➝ Celestial'],,
3,"1880,0719.99",5,1,AKKADIAN,{mul}AŠ.IKU,{mul}AŠ.IKU,[],['CANONICAL ➝ Divination ➝ Celestial'],,
4,"1880,0719.99",5,2,AKKADIAN,ana,ana,[],['CANONICAL ➝ Divination ➝ Celestial'],,
5,"1880,0719.99",5,3,AKKADIAN,IGI-šu₂,IGI-šu₂,[],['CANONICAL ➝ Divination ➝ Celestial'],,
6,"1880,0719.99",5,5,AKKADIAN,PA-ti,PA-ti,[],['CANONICAL ➝ Divination ➝ Celestial'],,
7,"1880,0719.99",5,6,AKKADIAN,EDIN,EDIN,['ṣēru I'],['CANONICAL ➝ Divination ➝ Celestial'],,
8,"1880,0719.99",5,7,AKKADIAN,ana,ana,['ana I'],['CANONICAL ➝ Divination ➝ Celestial'],,
9,"1880,0719.99",5,8,AKKADIAN,ŠA₃,ŠA₃,['libbu I'],['CANONICAL ➝ Divination ➝ Celestial'],,
10,"1880,0719.99",5,9,AKKADIAN,URU,URU,['ālu I'],['CANONICAL ➝ Divination ➝ Celestial'],,
11,"1880,0719.99",5,10,AKKADIAN,KIMIN,KIMIN,[],['CANONICAL ➝ Divination ➝ Celestial'],,
12,"1880,0719.99",5,11,AKKADIAN,ana,ana,['ana I'],['CANONICAL ➝ Divination ➝ Celestial'],,
13,"1880,0719.99",5,12,AKKADIAN,KUR,KUR,['mātu I'],['CANONICAL ➝ Divination ➝ Celestial'],,
14,"1880,0719.99",5,13,AKKADIAN,ŠUB-ut,ŠUB-ut,['maqātu I'],['CANONICAL ➝ Divination ➝ Celestial'],,
15,"1880,0719.99",8,2,AKKADIAN,ti,ti,[],['CANONICAL ➝ Divination ➝ Celestial'],,
16,"1880,0719.99",8,3,AKKADIAN,LUGAL,LUGAL,['šarru I'],['CANONICAL ➝ Divination ➝ Celestial'],,
17,"1880,0719.99",8,4,AKKADIAN,LUGAL-tu₂,LUGAL-tu₂,['šarrūtu I'],['CANONICAL ➝ Divination ➝ Celestial'],,
18,"1880,0719.99",8,5,AKKADIAN,DAB-bat,DAB-bat,['ṣabātu I'],['CANONICAL ➝ Divination ➝ Celestial'],,
19,"1880,0719.99",9,3,AKKADIAN,mu,mu,[],['CANONICAL ➝ Divination ➝ Celestial'],,
20,"1880,0719.99",9,4,AKKADIAN,GAR-nu,GAR-nu,[],['CANONICAL ➝ Divination ➝ Celestial'],,
21,"1880,0719.99",9,5,AKKADIAN,ina,ina,['ina I'],['CANONICAL ➝ Divination ➝ Celestial'],,
22,"1880,0719.99",9,6,AKKADIAN,KUR,KUR,['mātu I'],['CANONICAL ➝ Divination ➝ Celestial'],,
23,"1880,0719.99",9,7,AKKADIAN,GAL₂-ši,GAL₂-ši,['bašû I'],['CANONICAL ➝ Divination ➝ Celestial'],,
24,"1880,0719.99",10,2,AKKADIAN,LUGAL,LUGAL,['šarru I'],['CANONICAL ➝ Divination ➝ Celestial'],,
25,"1880,0719.99",10,3,AKKADIAN,LUGAL-tu₂,LUGAL-tu₂,['šarrūtu I'],['CANONICAL ➝ Divination ➝ Celestial'],,
26,"1880,0719.99",10,4,AKKADIAN,DU₃-uš,DU₃-uš,['epēšu II'],['CANONICAL ➝ Divination ➝ Celestial'],,
27,"1880,0719.99",11,2,AKKADIAN,DUMU,DUMU,['māru I'],['CANONICAL ➝ Divination ➝ Celestial'],,
28,"1880,0719.99",11,3,AKKADIAN,LUGAL,LUGAL,['šarru I'],['CANONICAL ➝ Divination ➝ Celestial'],,
29,"1880,0719.99",11,4,AKKADIAN,LUGAL-tu₂,LUGAL-tu₂,['šarrūtu I'],['CANONICAL ➝ Divination ➝ Celestial'],,
30,"1880,0719.99",11,5,AKKADIAN,DU₃-uš,DU₃-uš,['epēšu II'],['CANONICAL ➝ Divination ➝ Celestial'],,
31,"1880,0719.99",12,2,AKKADIAN,LUGAL-tu₂,LUGAL-tu₂,['šarrūtu I'],['CANONICAL ➝ Divination ➝ Celestial'],,
32,"1880,0719.99",12,3,AKKADIAN,DU₃-uš,DU₃-uš,['epēšu II'],['CANONICAL ➝ Divination ➝ Celestial'],,
33,"1880,0719.99",14,1,AKKADIAN,KUR,KUR,[],['CANONICAL ➝ Divination ➝ Celestial'],,
34,"1880,0719.99",14,3,AKKADIAN,MUNUS,MUNUS,[],['CANONICAL ➝ Divination ➝ Celestial'],,
35,"1880,0719.99",14,4,AKKADIAN,AŠ.TE,AŠ.TE,['kussû I'],['CANONICAL ➝ Divination ➝ Celestial'],,
36,"1880,0719.99",14,5,AKKADIAN,DAB-bat,DAB-bat,['ṣabātu I'],['CANONICAL ➝ Divination ➝ Celestial'],,
37,"1880,0719.99",15,4,AKKADIAN,KI.GUB-MEŠ,KI.GUB-MEŠ,[],['CANONICAL ➝ Divination ➝ Celestial'],,
38,"1880,0719.99",16,2,AKKADIAN,DAB-bat,DAB-bat,['ṣabātu I'],['CANONICAL ➝ Divination ➝ Celestial'],,
39,"1880,0719.99",23,2,AKKADIAN,IGI,IGI,[],['CANONICAL ➝ Divination ➝ Celestial'],,
40,"1880,0719.99",23,3,AKKADIAN,KIMIN,KIMIN,[],['CANONICAL ➝ Divination ➝ Celestial'],,
41,"1880,0719.99",23,5,AKKADIAN,ina,ina,['ina I'],['CANONICAL ➝ Divination ➝ Celestial'],,
42,"1880,0719.99",23,6,AKKADIAN,MU,MU,['šattu I'],['CANONICAL ➝ Divination ➝ Celestial'],,
43,"1880,0719.99",23,7,AKKADIAN,BI,BI,['šī I'],['CANONICAL ➝ Divination ➝ Celestial'],,
44,"1880,0719.99",24,1,AKKADIAN,ID₂,ID₂,[],['CANONICAL ➝ Divination ➝ Celestial'],,
45,"1880,0719.99",24,2,AKKADIAN,RA-iṣ,RA-iṣ,[],['CANONICAL ➝ Divination ➝ Celestial'],,
46,"1880,0719.99",26,2,AKKADIAN,GAN₂.BA,GAN₂.BA,['mahīru I'],['CANONICAL ➝ Divination ➝ Celestial'],,
47,"1880,0719.99",26,3,AKKADIAN,SI.SA₂,SI.SA₂,['ešēru I'],['CANONICAL ➝ Divination ➝ Celestial'],,
48,"1880,0719.99",27,2,AKKADIAN,SI.SA₂,SI.SA₂,['ešēru I'],['CANONICAL ➝ Divination ➝ Celestial'],,
49,"1880,0719.99",28,2,AKKADIAN,GAN₂.BA,GAN₂.BA,['mahīru I'],['CANONICAL ➝ Divination ➝ Celestial'],,
50,"1880,0719.99",28,3,AKKADIAN,SI.SA₂,SI.SA₂,['ešēru I'],['CANONICAL ➝ Divination ➝ Celestial'],,
51,"1880,0719.99",30,1,AKKADIAN,{munus}PEŠ₄-ME,{munus}PEŠ₄-ME,[],['CANONICAL ➝ Divination ➝ Celestial'],,
52,"1880,0719.99",30,4,AKKADIAN,ŠA₃-ši-na,ŠA₃-ši-na,['libbu I'],['CANONICAL ➝ Divination ➝ Celestial'],,
53,"1880,0719.99",30,5,AKKADIAN,ŠUB-ME,ŠUB-ME,['maqātu I'],['CANONICAL ➝ Divination ➝ Celestial'],,
54,"1880,0719.99",31,5,AKKADIAN,BIR-ah,BIR-ah,['sapāhu I'],['CANONICAL ➝ Divination ➝ Celestial'],,
