,fragment_id,fragment_line_num,index_in_line,word_language,value,clean_value,lemma,domain,place_discovery,place_composition
0,"1879,0708.96",1,1,AKKADIAN,šu₂,šu₂,[],['CANONICAL ➝ Divination ➝ Celestial ➝ Enūma Anu Enlil ➝ Adad (EAE 36–49)'],,
1,"1879,0708.96",1,2,AKKADIAN,i-par₂-ru-ru,i-par₂-ru-ru,[],['CANONICAL ➝ Divination ➝ Celestial ➝ Enūma Anu Enlil ➝ Adad (EAE 36–49)'],,
2,"1879,0708.96",1,5,AKKADIAN,GAR-an,GAR-an,['šakānu I'],['CANONICAL ➝ Divination ➝ Celestial ➝ Enūma Anu Enlil ➝ Adad (EAE 36–49)'],,
3,"1879,0708.96",2,1,AKKADIAN,KUR,KUR,['mātu I'],['CANONICAL ➝ Divination ➝ Celestial ➝ Enūma Anu Enlil ➝ Adad (EAE 36–49)'],,
4,"1879,0708.96",2,2,AKKADIAN,ZAH₂,ZAH₂,['halāqu I'],['CANONICAL ➝ Divination ➝ Celestial ➝ Enūma Anu Enlil ➝ Adad (EAE 36–49)'],,
5,"1879,0708.96",3,1,AKKADIAN,DIGIR-MEŠ,DIGIR-MEŠ,[],['CANONICAL ➝ Divination ➝ Celestial ➝ Enūma Anu Enlil ➝ Adad (EAE 36–49)'],,
6,"1879,0708.96",3,2,AKKADIAN,ana,ana,[],['CANONICAL ➝ Divination ➝ Celestial ➝ Enūma Anu Enlil ➝ Adad (EAE 36–49)'],,
7,"1879,0708.96",3,3,AKKADIAN,KUR,KUR,[],['CANONICAL ➝ Divination ➝ Celestial ➝ Enūma Anu Enlil ➝ Adad (EAE 36–49)'],,
8,"1879,0708.96",3,5,AKKADIAN,KUR,KUR,['mātu I'],['CANONICAL ➝ Divination ➝ Celestial ➝ Enūma Anu Enlil ➝ Adad (EAE 36–49)'],,
9,"1879,0708.96",3,6,AKKADIAN,DAGAL-iš,DAGAL-iš,['rapāšu I'],['CANONICAL ➝ Divination ➝ Celestial ➝ Enūma Anu Enlil ➝ Adad (EAE 36–49)'],,
10,"1879,0708.96",4,2,AKKADIAN,DINGIR-MEŠ,DINGIR-MEŠ,['ilu I'],['CANONICAL ➝ Divination ➝ Celestial ➝ Enūma Anu Enlil ➝ Adad (EAE 36–49)'],,
11,"1879,0708.96",5,2,AKKADIAN,KUR,KUR,[],['CANONICAL ➝ Divination ➝ Celestial ➝ Enūma Anu Enlil ➝ Adad (EAE 36–49)'],,
12,"1879,0708.96",5,3,AKKADIAN,BUR₂-MEŠ-ma,BUR₂-MEŠ-ma,[],['CANONICAL ➝ Divination ➝ Celestial ➝ Enūma Anu Enlil ➝ Adad (EAE 36–49)'],,
13,"1879,0708.96",5,4,AKKADIAN,KUR,KUR,[],['CANONICAL ➝ Divination ➝ Celestial ➝ Enūma Anu Enlil ➝ Adad (EAE 36–49)'],,
14,"1879,0708.96",5,5,AKKADIAN,DAGAL-(iš),DAGAL-iš,[],['CANONICAL ➝ Divination ➝ Celestial ➝ Enūma Anu Enlil ➝ Adad (EAE 36–49)'],,
15,"1879,0708.96",5,6,AKKADIAN,{giš}NIG₂.BAR,{giš}NIG₂.BAR,[],['CANONICAL ➝ Divination ➝ Celestial ➝ Enūma Anu Enlil ➝ Adad (EAE 36–49)'],,
16,"1879,0708.96",5,8,AKKADIAN,ut-tar,ut-tar,['atāru I'],['CANONICAL ➝ Divination ➝ Celestial ➝ Enūma Anu Enlil ➝ Adad (EAE 36–49)'],,
17,"1879,0708.96",6,1,AKKADIAN,EGIR-su,EGIR-su,['arkatu I'],['CANONICAL ➝ Divination ➝ Celestial ➝ Enūma Anu Enlil ➝ Adad (EAE 36–49)'],,
18,"1879,0708.96",6,2,AKKADIAN,KUR-su,KUR-su,[],['CANONICAL ➝ Divination ➝ Celestial ➝ Enūma Anu Enlil ➝ Adad (EAE 36–49)'],,
19,"1879,0708.96",6,3,AKKADIAN,ina-ah-hiš,ina-ah-hiš,['nahāšu I'],['CANONICAL ➝ Divination ➝ Celestial ➝ Enūma Anu Enlil ➝ Adad (EAE 36–49)'],,
20,"1879,0708.96",7,2,AKKADIAN,ZI,ZI,[],['CANONICAL ➝ Divination ➝ Celestial ➝ Enūma Anu Enlil ➝ Adad (EAE 36–49)'],,
21,"1879,0708.96",9,1,AKKADIAN,ʾ,ʾ,[],['CANONICAL ➝ Divination ➝ Celestial ➝ Enūma Anu Enlil ➝ Adad (EAE 36–49)'],,
22,"1879,0708.96",12,1,AKKADIAN,DIŠ,DIŠ,[],['CANONICAL ➝ Divination ➝ Celestial ➝ Enūma Anu Enlil ➝ Adad (EAE 36–49)'],,
23,"1879,0708.96",12,2,AKKADIAN,ina,ina,[],['CANONICAL ➝ Divination ➝ Celestial ➝ Enūma Anu Enlil ➝ Adad (EAE 36–49)'],,
24,"1879,0708.96",12,3,AKKADIAN,U₄,U₄,[],['CANONICAL ➝ Divination ➝ Celestial ➝ Enūma Anu Enlil ➝ Adad (EAE 36–49)'],,
25,"1879,0708.96",12,4,AKKADIAN,NU,NU,[],['CANONICAL ➝ Divination ➝ Celestial ➝ Enūma Anu Enlil ➝ Adad (EAE 36–49)'],,
26,"1879,0708.96",12,5,AKKADIAN,ŠU₂,ŠU₂,[],['CANONICAL ➝ Divination ➝ Celestial ➝ Enūma Anu Enlil ➝ Adad (EAE 36–49)'],,
27,"1879,0708.96",12,6,AKKADIAN,{d}UTU,{d}UTU,[],['CANONICAL ➝ Divination ➝ Celestial ➝ Enūma Anu Enlil ➝ Adad (EAE 36–49)'],,
28,"1879,0708.96",12,7,AKKADIAN,NU,NU,[],['CANONICAL ➝ Divination ➝ Celestial ➝ Enūma Anu Enlil ➝ Adad (EAE 36–49)'],,
29,"1879,0708.96",12,8,AKKADIAN,IGI,IGI,[],['CANONICAL ➝ Divination ➝ Celestial ➝ Enūma Anu Enlil ➝ Adad (EAE 36–49)'],,
30,"1879,0708.96",12,10,AKKADIAN,GUL-ME,GUL-ME,[],['CANONICAL ➝ Divination ➝ Celestial ➝ Enūma Anu Enlil ➝ Adad (EAE 36–49)'],,
31,"1879,0708.96",13,1,AKKADIAN,ME₃,ME₃,[],['CANONICAL ➝ Divination ➝ Celestial ➝ Enūma Anu Enlil ➝ Adad (EAE 36–49)'],,
32,"1879,0708.96",13,2,AKKADIAN,GAL,GAL,[],['CANONICAL ➝ Divination ➝ Celestial ➝ Enūma Anu Enlil ➝ Adad (EAE 36–49)'],,
33,"1879,0708.96",13,3,AKKADIAN,GAL₂,GAL₂,[],['CANONICAL ➝ Divination ➝ Celestial ➝ Enūma Anu Enlil ➝ Adad (EAE 36–49)'],,
34,"1879,0708.96",13,4,AKKADIAN,LUGAL,LUGAL,[],['CANONICAL ➝ Divination ➝ Celestial ➝ Enūma Anu Enlil ➝ Adad (EAE 36–49)'],,
35,"1879,0708.96",13,6,AKKADIAN,ŠU₂-tu₂,ŠU₂-tu₂,[],['CANONICAL ➝ Divination ➝ Celestial ➝ Enūma Anu Enlil ➝ Adad (EAE 36–49)'],,
36,"1879,0708.96",14,1,AKKADIAN,{tum₉}KUR.RA,{tum₉}KUR.RA,[],['CANONICAL ➝ Divination ➝ Celestial ➝ Enūma Anu Enlil ➝ Adad (EAE 36–49)'],,
37,"1879,0708.96",14,2,AKKADIAN,ZI-ma,ZI-ma,[],['CANONICAL ➝ Divination ➝ Celestial ➝ Enūma Anu Enlil ➝ Adad (EAE 36–49)'],,
38,"1879,0708.96",14,3,AKKADIAN,ana,ana,[],['CANONICAL ➝ Divination ➝ Celestial ➝ Enūma Anu Enlil ➝ Adad (EAE 36–49)'],,
39,"1879,0708.96",14,4,AKKADIAN,{tum₉}MAR.TU,{tum₉}MAR.TU,[],['CANONICAL ➝ Divination ➝ Celestial ➝ Enūma Anu Enlil ➝ Adad (EAE 36–49)'],,
40,"1879,0708.96",14,5,AKKADIAN,is-hur,is-hur,[],['CANONICAL ➝ Divination ➝ Celestial ➝ Enūma Anu Enlil ➝ Adad (EAE 36–49)'],,
41,"1879,0708.96",14,6,AKKADIAN,AN.GI₆,AN.GI₆,[],['CANONICAL ➝ Divination ➝ Celestial ➝ Enūma Anu Enlil ➝ Adad (EAE 36–49)'],,
42,"1879,0708.96",14,8,AKKADIAN,ME₃,ME₃,['tāhāzu I'],['CANONICAL ➝ Divination ➝ Celestial ➝ Enūma Anu Enlil ➝ Adad (EAE 36–49)'],,
43,"1879,0708.96",14,9,AKKADIAN,GAL,GAL,['rabû I'],['CANONICAL ➝ Divination ➝ Celestial ➝ Enūma Anu Enlil ➝ Adad (EAE 36–49)'],,
44,"1879,0708.96",14,10,AKKADIAN,GAL₂,GAL₂,['bašû I'],['CANONICAL ➝ Divination ➝ Celestial ➝ Enūma Anu Enlil ➝ Adad (EAE 36–49)'],,
45,"1879,0708.96",15,1,AKKADIAN,LA₂,LA₂,[],['CANONICAL ➝ Divination ➝ Celestial ➝ Enūma Anu Enlil ➝ Adad (EAE 36–49)'],,
46,"1879,0708.96",15,2,AKKADIAN,GILIM-MEŠ,GILIM-MEŠ,[],['CANONICAL ➝ Divination ➝ Celestial ➝ Enūma Anu Enlil ➝ Adad (EAE 36–49)'],,
47,"1879,0708.96",15,3,AKKADIAN,ZI-bu,ZI-bu,[],['CANONICAL ➝ Divination ➝ Celestial ➝ Enūma Anu Enlil ➝ Adad (EAE 36–49)'],,
48,"1879,0708.96",15,4,AKKADIAN,kaš-du,kaš-du,[],['CANONICAL ➝ Divination ➝ Celestial ➝ Enūma Anu Enlil ➝ Adad (EAE 36–49)'],,
49,"1879,0708.96",15,5,AKKADIAN,KIMIN,KIMIN,[],['CANONICAL ➝ Divination ➝ Celestial ➝ Enūma Anu Enlil ➝ Adad (EAE 36–49)'],,
50,"1879,0708.96",15,6,AKKADIAN,ZI,ZI,[],['CANONICAL ➝ Divination ➝ Celestial ➝ Enūma Anu Enlil ➝ Adad (EAE 36–49)'],,
51,"1879,0708.96",15,7,AKKADIAN,KUR₂,KUR₂,[],['CANONICAL ➝ Divination ➝ Celestial ➝ Enūma Anu Enlil ➝ Adad (EAE 36–49)'],,
52,"1879,0708.96",15,9,AKKADIAN,ZI,ZI,['tību I'],['CANONICAL ➝ Divination ➝ Celestial ➝ Enūma Anu Enlil ➝ Adad (EAE 36–49)'],,
53,"1879,0708.96",15,10,AKKADIAN,IM,IM,[],['CANONICAL ➝ Divination ➝ Celestial ➝ Enūma Anu Enlil ➝ Adad (EAE 36–49)'],,
54,"1879,0708.96",16,1,AKKADIAN,ina,ina,[],['CANONICAL ➝ Divination ➝ Celestial ➝ Enūma Anu Enlil ➝ Adad (EAE 36–49)'],,
55,"1879,0708.96",16,2,AKKADIAN,GAL,GAL,[],['CANONICAL ➝ Divination ➝ Celestial ➝ Enūma Anu Enlil ➝ Adad (EAE 36–49)'],,
56,"1879,0708.96",16,3,AKKADIAN,ŠU₂,ŠU₂,[],['CANONICAL ➝ Divination ➝ Celestial ➝ Enūma Anu Enlil ➝ Adad (EAE 36–49)'],,
57,"1879,0708.96",16,4,AKKADIAN,IM,IM,[],['CANONICAL ➝ Divination ➝ Celestial ➝ Enūma Anu Enlil ➝ Adad (EAE 36–49)'],,
58,"1879,0708.96",16,5,AKKADIAN,KUR,KUR,[],['CANONICAL ➝ Divination ➝ Celestial ➝ Enūma Anu Enlil ➝ Adad (EAE 36–49)'],,
59,"1879,0708.96",16,9,AKKADIAN,GAR,GAR,['šakānu I'],['CANONICAL ➝ Divination ➝ Celestial ➝ Enūma Anu Enlil ➝ Adad (EAE 36–49)'],,
60,"1879,0708.96",17,1,AKKADIAN,AN.GI₆,AN.GI₆,[],['CANONICAL ➝ Divination ➝ Celestial ➝ Enūma Anu Enlil ➝ Adad (EAE 36–49)'],,
61,"1879,0708.96",17,2,AKKADIAN,30,30,[],['CANONICAL ➝ Divination ➝ Celestial ➝ Enūma Anu Enlil ➝ Adad (EAE 36–49)'],,
62,"1879,0708.96",17,3,AKKADIAN,u,u,[],['CANONICAL ➝ Divination ➝ Celestial ➝ Enūma Anu Enlil ➝ Adad (EAE 36–49)'],,
63,"1879,0708.96",17,5,AKKADIAN,GAR-an,GAR-an,['šakānu I'],['CANONICAL ➝ Divination ➝ Celestial ➝ Enūma Anu Enlil ➝ Adad (EAE 36–49)'],,
64,"1879,0708.96",18,1,AKKADIAN,KUR₂.KUR₂,KUR₂.KUR₂,[],['CANONICAL ➝ Divination ➝ Celestial ➝ Enūma Anu Enlil ➝ Adad (EAE 36–49)'],,
65,"1879,0708.96",18,2,AKKADIAN,ṭuh-da,ṭuh-da,[],['CANONICAL ➝ Divination ➝ Celestial ➝ Enūma Anu Enlil ➝ Adad (EAE 36–49)'],,
66,"1879,0708.96",18,3,AKKADIAN,ša₂,ša₂,[],['CANONICAL ➝ Divination ➝ Celestial ➝ Enūma Anu Enlil ➝ Adad (EAE 36–49)'],,
67,"1879,0708.96",18,4,AKKADIAN,KUR,KUR,[],['CANONICAL ➝ Divination ➝ Celestial ➝ Enūma Anu Enlil ➝ Adad (EAE 36–49)'],,
68,"1879,0708.96",18,6,AKKADIAN,RA-iṣ,RA-iṣ,[],['CANONICAL ➝ Divination ➝ Celestial ➝ Enūma Anu Enlil ➝ Adad (EAE 36–49)'],,
69,"1879,0708.96",19,1,AKKADIAN,ina,ina,[],['CANONICAL ➝ Divination ➝ Celestial ➝ Enūma Anu Enlil ➝ Adad (EAE 36–49)'],,
70,"1879,0708.96",19,2,AKKADIAN,KA,KA,[],['CANONICAL ➝ Divination ➝ Celestial ➝ Enūma Anu Enlil ➝ Adad (EAE 36–49)'],,
71,"1879,0708.96",19,3,AKKADIAN,{d}en-lil₂,{d}en-lil₂,[],['CANONICAL ➝ Divination ➝ Celestial ➝ Enūma Anu Enlil ➝ Adad (EAE 36–49)'],,
72,"1879,0708.96",19,4,AKKADIAN,IGI-ma,IGI-ma,[],['CANONICAL ➝ Divination ➝ Celestial ➝ Enūma Anu Enlil ➝ Adad (EAE 36–49)'],,
73,"1879,0708.96",19,6,AKKADIAN,SIG₅-MEŠ,SIG₅-MEŠ,[],['CANONICAL ➝ Divination ➝ Celestial ➝ Enūma Anu Enlil ➝ Adad (EAE 36–49)'],,
74,"1879,0708.96",20,1,AKKADIAN,BAL,BAL,[],['CANONICAL ➝ Divination ➝ Celestial ➝ Enūma Anu Enlil ➝ Adad (EAE 36–49)'],,
75,"1879,0708.96",20,2,AKKADIAN,NU,NU,[],['CANONICAL ➝ Divination ➝ Celestial ➝ Enūma Anu Enlil ➝ Adad (EAE 36–49)'],,
76,"1879,0708.96",20,3,AKKADIAN,GAL₂,GAL₂,[],['CANONICAL ➝ Divination ➝ Celestial ➝ Enūma Anu Enlil ➝ Adad (EAE 36–49)'],,
77,"1879,0708.96",20,4,AKKADIAN,BAL,BAL,[],['CANONICAL ➝ Divination ➝ Celestial ➝ Enūma Anu Enlil ➝ Adad (EAE 36–49)'],,
78,"1879,0708.96",21,1,AKKADIAN,KUR,KUR,[],['CANONICAL ➝ Divination ➝ Celestial ➝ Enūma Anu Enlil ➝ Adad (EAE 36–49)'],,
79,"1879,0708.96",21,3,AKKADIAN,u₂-qat-tu,u₂-qat-tu,[],['CANONICAL ➝ Divination ➝ Celestial ➝ Enūma Anu Enlil ➝ Adad (EAE 36–49)'],,
80,"1879,0708.96",21,4,AKKADIAN,IGI,IGI,[],['CANONICAL ➝ Divination ➝ Celestial ➝ Enūma Anu Enlil ➝ Adad (EAE 36–49)'],,
81,"1879,0708.96",24,1,AKKADIAN,DIŠ,DIŠ,[],['CANONICAL ➝ Divination ➝ Celestial ➝ Enūma Anu Enlil ➝ Adad (EAE 36–49)'],,
82,"1879,0708.96",24,2,AKKADIAN,U₄,U₄,[],['CANONICAL ➝ Divination ➝ Celestial ➝ Enūma Anu Enlil ➝ Adad (EAE 36–49)'],,
83,"1879,0708.96",24,3,AKKADIAN,AN,AN,[],['CANONICAL ➝ Divination ➝ Celestial ➝ Enūma Anu Enlil ➝ Adad (EAE 36–49)'],,
84,"1879,0708.96",24,4,AKKADIAN,{d}en-lil₂-(la₂),{d}en-lil₂-la₂,[],['CANONICAL ➝ Divination ➝ Celestial ➝ Enūma Anu Enlil ➝ Adad (EAE 36–49)'],,
85,"1879,0708.96",24,6,AKKADIAN,(TA).AM₃,TA.AM₃,[],['CANONICAL ➝ Divination ➝ Celestial ➝ Enūma Anu Enlil ➝ Adad (EAE 36–49)'],,
86,"1879,0708.96",26,2,AKKADIAN,BA.AN.E₃,BA.AN.E₃,[],['CANONICAL ➝ Divination ➝ Celestial ➝ Enūma Anu Enlil ➝ Adad (EAE 36–49)'],,
