,fragment_id,fragment_line_num,index_in_line,word_language,value,clean_value,lemma,domain,place_discovery,place_composition
0,"1881,0204.255",2,0,AKKADIAN,{f}{d}NIN.LIL₂-DIB-ni,{f}{d}NIN.LIL₂-DIB-ni,[],['CANONICAL ➝ Lexicography ➝ Thematic Word Lists ➝ Personal names'],,
1,"1881,0204.255",4,0,AKKADIAN,{f}{d}NIN.LIL₂-kil-li-in-ni,{f}{d}NIN.LIL₂-kil-li-in-ni,[],['CANONICAL ➝ Lexicography ➝ Thematic Word Lists ➝ Personal names'],,
2,"1881,0204.255",30,0,AKKADIAN,{f}{d}15-tak₃-lak,{f}{d}15-tak₃-lak,[],['CANONICAL ➝ Lexicography ➝ Thematic Word Lists ➝ Personal names'],,
3,"1881,0204.255",32,0,AKKADIAN,{f}{d}15-TEŠ₂-PAB,{f}{d}15-TEŠ₂-PAB,[],['CANONICAL ➝ Lexicography ➝ Thematic Word Lists ➝ Personal names'],,
4,"1881,0204.255",34,0,AKKADIAN,{f}{d}15-ne₂-mat-ti,{f}{d}15-ne₂-mat-ti,[],['CANONICAL ➝ Lexicography ➝ Thematic Word Lists ➝ Personal names'],,
5,"1881,0204.255",36,0,AKKADIAN,{f}{d}15-GIL-PAB,{f}{d}15-GIL-PAB,[],['CANONICAL ➝ Lexicography ➝ Thematic Word Lists ➝ Personal names'],,
6,"1881,0204.255",38,0,AKKADIAN,{f}{d}15-BAD₃-PAB,{f}{d}15-BAD₃-PAB,[],['CANONICAL ➝ Lexicography ➝ Thematic Word Lists ➝ Personal names'],,
7,"1881,0204.255",79,0,AKKADIAN,{f}{uru}kal-hi-i-tu₂,{f}{uru}kal-hi-i-tu₂,[],['CANONICAL ➝ Lexicography ➝ Thematic Word Lists ➝ Personal names'],,
8,"1881,0204.255",81,0,AKKADIAN,{f}AG₂-tu₂,{f}AG₂-tu₂,[],['CANONICAL ➝ Lexicography ➝ Thematic Word Lists ➝ Personal names'],,
9,"1881,0204.255",92,0,AKKADIAN,{f}E-riš-tu₂,{f}E-riš-tu₂,[],['CANONICAL ➝ Lexicography ➝ Thematic Word Lists ➝ Personal names'],,
10,"1881,0204.255",94,0,AKKADIAN,{f}E₂.KUR-ša₂-la-mur,{f}E₂.KUR-ša₂-la-mur,[],['CANONICAL ➝ Lexicography ➝ Thematic Word Lists ➝ Personal names'],,
