,fragment_id,fragment_line_num,index_in_line,word_language,value,clean_value,lemma,domain,place_discovery,place_composition
0,"1880,0719.103",1,0,AKKADIAN,DIŠ,DIŠ,['šumma I'],['ARCHIVAL ➝ Letter ➝ Report'],,
1,"1880,0719.103",1,1,AKKADIAN,30,30,['Sîn I'],['ARCHIVAL ➝ Letter ➝ Report'],,
2,"1880,0719.103",1,2,AKKADIAN,ina,ina,['ina I'],['ARCHIVAL ➝ Letter ➝ Report'],,
3,"1880,0719.103",1,3,AKKADIAN,{iti}SIG₄,{iti}SIG₄,['Simānu II'],['ARCHIVAL ➝ Letter ➝ Report'],,
4,"1880,0719.103",1,4,AKKADIAN,U₄.15.KAM₂,U₄.15.KAM₂,['šapattu I'],['ARCHIVAL ➝ Letter ➝ Report'],,
5,"1880,0719.103",1,5,AKKADIAN,AN.GI₆,AN.GI₆,['antalû I'],['ARCHIVAL ➝ Letter ➝ Report'],,
6,"1880,0719.103",1,6,AKKADIAN,GAR,GAR,['šakānu I'],['ARCHIVAL ➝ Letter ➝ Report'],,
7,"1880,0719.103",2,1,AKKADIAN,ARAD-MEŠ-šu₂,ARAD-MEŠ-šu₂,"['ardu I', '-šu I']",['ARCHIVAL ➝ Letter ➝ Report'],,
8,"1880,0719.103",2,2,AKKADIAN,ina,ina,['ina I'],['ARCHIVAL ➝ Letter ➝ Report'],,
9,"1880,0719.103",2,3,AKKADIAN,HI.GAR,HI.GAR,['bārtu I'],['ARCHIVAL ➝ Letter ➝ Report'],,
10,"1880,0719.103",2,4,AKKADIAN,GAZ-MEŠ-šu₂,GAZ-MEŠ-šu₂,['dâku I'],['ARCHIVAL ➝ Letter ➝ Report'],,
11,"1880,0719.103",2,5,AKKADIAN,KIMIN,KIMIN,[],['ARCHIVAL ➝ Letter ➝ Report'],,
12,"1880,0719.103",4,0,AKKADIAN,DIŠ,DIŠ,['šumma I'],['ARCHIVAL ➝ Letter ➝ Report'],,
13,"1880,0719.103",4,1,AKKADIAN,30,30,['Sîn I'],['ARCHIVAL ➝ Letter ➝ Report'],,
14,"1880,0719.103",4,2,AKKADIAN,ina,ina,['ina I'],['ARCHIVAL ➝ Letter ➝ Report'],,
15,"1880,0719.103",4,3,AKKADIAN,{iti}SIG₄,{iti}SIG₄,['Simānu II'],['ARCHIVAL ➝ Letter ➝ Report'],,
16,"1880,0719.103",4,4,AKKADIAN,AN.GI₆,AN.GI₆,['antalû I'],['ARCHIVAL ➝ Letter ➝ Report'],,
17,"1880,0719.103",4,5,AKKADIAN,EN.NUN.AN.USAN₂,EN.NUN.AN.USAN₂,['barārītu I'],['ARCHIVAL ➝ Letter ➝ Report'],,
18,"1880,0719.103",4,6,AKKADIAN,GAR,GAR,['šakānu I'],['ARCHIVAL ➝ Letter ➝ Report'],,
19,"1880,0719.103",4,7,AKKADIAN,ZI-ut,ZI-ut,['tibûtu I'],['ARCHIVAL ➝ Letter ➝ Report'],,
20,"1880,0719.103",4,8,AKKADIAN,KU₆-HI.A,KU₆-HI.A,['nūnu I'],['ARCHIVAL ➝ Letter ➝ Report'],,
21,"1880,0719.103",4,9,AKKADIAN,KIMIN,KIMIN,[],['ARCHIVAL ➝ Letter ➝ Report'],,
22,"1880,0719.103",5,0,AKKADIAN,DIŠ,DIŠ,['šumma I'],['ARCHIVAL ➝ Letter ➝ Report'],,
23,"1880,0719.103",5,1,AKKADIAN,30,30,['Sîn I'],['ARCHIVAL ➝ Letter ➝ Report'],,
24,"1880,0719.103",5,2,AKKADIAN,ina,ina,['ina I'],['ARCHIVAL ➝ Letter ➝ Report'],,
25,"1880,0719.103",5,3,AKKADIAN,{iti}SIG₄,{iti}SIG₄,['Simānu II'],['ARCHIVAL ➝ Letter ➝ Report'],,
26,"1880,0719.103",5,4,AKKADIAN,AN.GI₆,AN.GI₆,['antalû I'],['ARCHIVAL ➝ Letter ➝ Report'],,
27,"1880,0719.103",5,5,AKKADIAN,GAR,GAR,['šakānu I'],['ARCHIVAL ➝ Letter ➝ Report'],,
28,"1880,0719.103",5,6,AKKADIAN,ILLU,ILLU,['mīlu I'],['ARCHIVAL ➝ Letter ➝ Report'],,
29,"1880,0719.103",5,7,AKKADIAN,DU-ma,DU-ma,"['alāku I', '-ma I']",['ARCHIVAL ➝ Letter ➝ Report'],,
30,"1880,0719.103",5,10,AKKADIAN,KUR,KUR,['mātu I'],['ARCHIVAL ➝ Letter ➝ Report'],,
31,"1880,0719.103",6,0,AKKADIAN,DIŠ,DIŠ,['šumma I'],['ARCHIVAL ➝ Letter ➝ Report'],,
32,"1880,0719.103",6,1,AKKADIAN,AN.GI₆,AN.GI₆,['antalû I'],['ARCHIVAL ➝ Letter ➝ Report'],,
33,"1880,0719.103",6,3,AKKADIAN,GAR-ma,GAR-ma,"['šakānu I', '-ma I']",['ARCHIVAL ➝ Letter ➝ Report'],,
34,"1880,0719.103",6,4,AKKADIAN,EN.NUN,EN.NUN,['maṣṣartu I'],['ARCHIVAL ➝ Letter ➝ Report'],,
35,"1880,0719.103",6,5,AKKADIAN,ig-mur,ig-mur,['gamāru II'],['ARCHIVAL ➝ Letter ➝ Report'],,
36,"1880,0719.103",6,6,AKKADIAN,u,u,['u I'],['ARCHIVAL ➝ Letter ➝ Report'],,
37,"1880,0719.103",6,7,AKKADIAN,{tum₉}U₁₈.LU,{tum₉}U₁₈.LU,['šūtu II'],['ARCHIVAL ➝ Letter ➝ Report'],,
38,"1880,0719.103",6,8,AKKADIAN,DU,DU,['alāku I'],['ARCHIVAL ➝ Letter ➝ Report'],,
39,"1880,0719.103",7,1,AKKADIAN,ŠUB-ti₃,ŠUB-ti₃,['miqittu I'],['ARCHIVAL ➝ Letter ➝ Report'],,
40,"1880,0719.103",7,2,AKKADIAN,LUGAL,LUGAL,['šarru I'],['ARCHIVAL ➝ Letter ➝ Report'],,
41,"1880,0719.103",7,4,AKKADIAN,LUGAL,LUGAL,['šarru I'],['ARCHIVAL ➝ Letter ➝ Report'],,
42,"1880,0719.103",7,5,AKKADIAN,gu-ti-i,gu-ti-i,['Guti I'],['ARCHIVAL ➝ Letter ➝ Report'],,
43,"1880,0719.103",7,6,AKKADIAN,u,u,['u I'],['ARCHIVAL ➝ Letter ➝ Report'],,
44,"1880,0719.103",7,7,AKKADIAN,KUR-šu₂-nu,KUR-šu₂-nu,"['mātu I', '-šunu I']",['ARCHIVAL ➝ Letter ➝ Report'],,
45,"1880,0719.103",8,0,AKKADIAN,DIŠ,DIŠ,['šumma I'],['ARCHIVAL ➝ Letter ➝ Report'],,
46,"1880,0719.103",8,1,AKKADIAN,ina,ina,['ina I'],['ARCHIVAL ➝ Letter ➝ Report'],,
47,"1880,0719.103",8,2,AKKADIAN,{iti}SIG₄,{iti}SIG₄,['Simānu II'],['ARCHIVAL ➝ Letter ➝ Report'],,
48,"1880,0719.103",8,4,AKKADIAN,U₄.1.KAM₂@v,U₄.1.KAM₂@v,[],['ARCHIVAL ➝ Letter ➝ Report'],,
49,"1880,0719.103",8,5,AKKADIAN,EN,EN,['adi I'],['ARCHIVAL ➝ Letter ➝ Report'],,
50,"1880,0719.103",8,6,AKKADIAN,U₄.30.KAM₂@v,U₄.30.KAM₂@v,[],['ARCHIVAL ➝ Letter ➝ Report'],,
51,"1880,0719.103",8,7,AKKADIAN,AN.TA.LU₃,AN.TA.LU₃,['antalû I'],['ARCHIVAL ➝ Letter ➝ Report'],,
52,"1880,0719.103",8,8,AKKADIAN,it-tab-ši,it-tab-ši,['bašû I'],['ARCHIVAL ➝ Letter ➝ Report'],,
53,"1880,0719.103",9,1,AKKADIAN,BURU₁₄,BURU₁₄,['ebūru I'],['ARCHIVAL ➝ Letter ➝ Report'],,
54,"1880,0719.103",9,2,AKKADIAN,KUR,KUR,['mātu I'],['ARCHIVAL ➝ Letter ➝ Report'],,
55,"1880,0719.103",9,3,AKKADIAN,NU,NU,['ul I'],['ARCHIVAL ➝ Letter ➝ Report'],,
56,"1880,0719.103",9,4,AKKADIAN,SI.SA₂,SI.SA₂,['ešēru I'],['ARCHIVAL ➝ Letter ➝ Report'],,
57,"1880,0719.103",10,0,AKKADIAN,DIŠ,DIŠ,['šumma I'],['ARCHIVAL ➝ Letter ➝ Report'],,
58,"1880,0719.103",10,1,AKKADIAN,30,30,['Sîn I'],['ARCHIVAL ➝ Letter ➝ Report'],,
59,"1880,0719.103",10,2,AKKADIAN,ad-riš,ad-riš,['adriš I'],['ARCHIVAL ➝ Letter ➝ Report'],,
60,"1880,0719.103",10,3,AKKADIAN,E₃-a,E₃-a,['aṣû I'],['ARCHIVAL ➝ Letter ➝ Report'],,
61,"1880,0719.103",10,4,AKKADIAN,A.MA.RU,A.MA.RU,['abūbu I'],['ARCHIVAL ➝ Letter ➝ Report'],,
62,"1880,0719.103",10,5,AKKADIAN,KUŠ₇-ti₃,KUŠ₇-ti₃,['naspantu I'],['ARCHIVAL ➝ Letter ➝ Report'],,
63,"1880,0719.103",10,6,AKKADIAN,GAR-an,GAR-an,['šakānu I'],['ARCHIVAL ➝ Letter ➝ Report'],,
64,"1880,0719.103",11,1,AKKADIAN,30,30,['Sîn I'],['ARCHIVAL ➝ Letter ➝ Report'],,
65,"1880,0719.103",11,3,AKKADIAN,GAR-ma,GAR-ma,"['šakānu I', '-ma I']",['ARCHIVAL ➝ Letter ➝ Report'],,
66,"1880,0719.103",11,4,AKKADIAN,DUNGU,DUNGU,['erpetu I'],['ARCHIVAL ➝ Letter ➝ Report'],,
67,"1880,0719.103",11,5,AKKADIAN,ana,ana,['ana I'],['ARCHIVAL ➝ Letter ➝ Report'],,
68,"1880,0719.103",11,6,AKKADIAN,ŠA₃,ŠA₃,['libbu I'],['ARCHIVAL ➝ Letter ➝ Report'],,
69,"1880,0719.103",11,7,AKKADIAN,DUNGU,DUNGU,['erpetu I'],['ARCHIVAL ➝ Letter ➝ Report'],,
70,"1880,0719.103",11,8,AKKADIAN,KU₄-MEŠ,KU₄-MEŠ,['erēbu I'],['ARCHIVAL ➝ Letter ➝ Report'],,
71,"1880,0719.103",11,9,AKKADIAN,KIMIN,KIMIN,[],['ARCHIVAL ➝ Letter ➝ Report'],,
72,"1880,0719.103",11,10,AKKADIAN,ana,ana,['ana I'],['ARCHIVAL ➝ Letter ➝ Report'],,
73,"1880,0719.103",11,11,AKKADIAN,ŠA₃,ŠA₃,['libbu I'],['ARCHIVAL ➝ Letter ➝ Report'],,
74,"1880,0719.103",12,2,AKKADIAN,GALGA,GALGA,['milku I'],['ARCHIVAL ➝ Letter ➝ Report'],,
75,"1880,0719.103",12,3,AKKADIAN,KUR,KUR,['mātu I'],['ARCHIVAL ➝ Letter ➝ Report'],,
76,"1880,0719.103",12,4,AKKADIAN,KAR-MEŠ,KAR-MEŠ,['eṭēru I'],['ARCHIVAL ➝ Letter ➝ Report'],,
77,"1880,0719.103",12,5,AKKADIAN,KUR,KUR,['mātu I'],['ARCHIVAL ➝ Letter ➝ Report'],,
78,"1880,0719.103",12,6,AKKADIAN,BAL-ma,BAL-ma,['nabalkutu II'],['ARCHIVAL ➝ Letter ➝ Report'],,
79,"1880,0719.103",12,7,AKKADIAN,ar₂-hiš,ar₂-hiš,['arhiš I'],['ARCHIVAL ➝ Letter ➝ Report'],,
80,"1880,0719.103",13,2,AKKADIAN,GAR-ma,GAR-ma,"['šakānu I', '-ma I']",['ARCHIVAL ➝ Letter ➝ Report'],,
81,"1880,0719.103",13,3,AKKADIAN,ina,ina,['ina I'],['ARCHIVAL ➝ Letter ➝ Report'],,
82,"1880,0719.103",13,4,AKKADIAN,DUNGU,DUNGU,['erpetu I'],['ARCHIVAL ➝ Letter ➝ Report'],,
83,"1880,0719.103",13,5,AKKADIAN,E₃-ma,E₃-ma,"['aṣû I', '-ma I']",['ARCHIVAL ➝ Letter ➝ Report'],,
84,"1880,0719.103",13,6,AKKADIAN,u,u,['u I'],['ARCHIVAL ➝ Letter ➝ Report'],,
85,"1880,0719.103",13,7,AKKADIAN,ZALAG₂,ZALAG₂,['nawāru I'],['ARCHIVAL ➝ Letter ➝ Report'],,
86,"1880,0719.103",13,9,AKKADIAN,KUR,KUR,['mātu I'],['ARCHIVAL ➝ Letter ➝ Report'],,
87,"1880,0719.103",13,10,AKKADIAN,GAL,GAL,['rabû I'],['ARCHIVAL ➝ Letter ➝ Report'],,
88,"1880,0719.103",14,3,AKKADIAN,di-bi-ri,di-bi-ri,['dibiru I'],['ARCHIVAL ➝ Letter ➝ Report'],,
89,"1880,0719.103",17,1,AKKADIAN,AN.GI₆,AN.GI₆,['antalû I'],['ARCHIVAL ➝ Letter ➝ Report'],,
90,"1880,0719.103",17,3,AKKADIAN,NIM.GIR₂,NIM.GIR₂,['berqu I'],['ARCHIVAL ➝ Letter ➝ Report'],,
91,"1880,0719.103",17,4,AKKADIAN,ib-riq,ib-riq,['barāqu I'],['ARCHIVAL ➝ Letter ➝ Report'],,
92,"1880,0719.103",17,6,AKKADIAN,la,la,['lā I'],['ARCHIVAL ➝ Letter ➝ Report'],,
93,"1880,0719.103",18,1,AKKADIAN,TUM₃,TUM₃,['tabālu I'],['ARCHIVAL ➝ Letter ➝ Report'],,
94,"1880,0719.103",19,1,AKKADIAN,30,30,['Sîn I'],['ARCHIVAL ➝ Letter ➝ Report'],,
95,"1880,0719.103",19,2,AKKADIAN,AN.GI₆,AN.GI₆,['antalû I'],['ARCHIVAL ➝ Letter ➝ Report'],,
96,"1880,0719.103",19,4,AKKADIAN,u,u,['u I'],['ARCHIVAL ➝ Letter ➝ Report'],,
97,"1880,0719.103",19,5,AKKADIAN,IM.1,IM.1,['šūtu II'],['ARCHIVAL ➝ Letter ➝ Report'],,
98,"1880,0719.103",19,6,AKKADIAN,DU-MEŠ,DU-MEŠ,['alāku I'],['ARCHIVAL ➝ Letter ➝ Report'],,
99,"1880,0719.103",19,7,AKKADIAN,LUGAL,LUGAL,['šarru I'],['ARCHIVAL ➝ Letter ➝ Report'],,
100,"1880,0719.103",20,3,AKKADIAN,TUR,TUR,['ṣehēru I'],['ARCHIVAL ➝ Letter ➝ Report'],,
101,"1880,0719.103",20,4,AKKADIAN,ub-bu-ṭu,ub-bu-ṭu,['ubbuṭu II'],['ARCHIVAL ➝ Letter ➝ Report'],,
102,"1880,0719.103",21,1,AKKADIAN,ina,ina,['ina I'],['ARCHIVAL ➝ Letter ➝ Report'],,
103,"1880,0719.103",21,2,AKKADIAN,AN.GI₆,AN.GI₆,['antalû I'],['ARCHIVAL ➝ Letter ➝ Report'],,
104,"1880,0719.103",21,4,AKKADIAN,{mul}SAG.ME.GAR,{mul}SAG.ME.GAR,['Sagmegar I'],['ARCHIVAL ➝ Letter ➝ Report'],,
105,"1880,0719.103",21,5,AKKADIAN,GUB,GUB,['izuzzu I'],['ARCHIVAL ➝ Letter ➝ Report'],,
106,"1880,0719.103",21,6,AKKADIAN,ana,ana,['ana I'],['ARCHIVAL ➝ Letter ➝ Report'],,
107,"1880,0719.103",21,7,AKKADIAN,LUGAL,LUGAL,['šarru I'],['ARCHIVAL ➝ Letter ➝ Report'],,
108,"1880,0719.103",22,3,AKKADIAN,UŠ₂,UŠ₂,['mâtu I'],['ARCHIVAL ➝ Letter ➝ Report'],,
109,"1880,0719.103",23,1,AKKADIAN,30,30,['Sîn I'],['ARCHIVAL ➝ Letter ➝ Report'],,
110,"1880,0719.103",23,3,AKKADIAN,KI,KI,['ašru III'],['ARCHIVAL ➝ Letter ➝ Report'],,
111,"1880,0719.103",23,5,AKKADIAN,a-dir,a-dir,['adāru I'],['ARCHIVAL ➝ Letter ➝ Report'],,
112,"1880,0719.103",23,6,AKKADIAN,EŠ.BAR,EŠ.BAR,['purussû I'],['ARCHIVAL ➝ Letter ➝ Report'],,
113,"1880,0719.103",24,2,AKKADIAN,u,u,['u I'],['ARCHIVAL ➝ Letter ➝ Report'],,
114,"1880,0719.103",25,0,AKKADIAN,DIŠ,DIŠ,['šumma I'],['ARCHIVAL ➝ Letter ➝ Report'],,
115,"1880,0719.103",25,1,AKKADIAN,{iti}SIG₄,{iti}SIG₄,['Simānu II'],['ARCHIVAL ➝ Letter ➝ Report'],,
116,"1880,0719.103",25,4,AKKADIAN,U₄.15.KAM₂@v,U₄.15.KAM₂@v,[],['ARCHIVAL ➝ Letter ➝ Report'],,
117,"1880,0719.103",25,5,AKKADIAN,KUR,KUR,['mātu I'],['ARCHIVAL ➝ Letter ➝ Report'],,
118,"1880,0719.103",26,0,AKKADIAN,DIŠ,DIŠ,['šumma I'],['ARCHIVAL ➝ Letter ➝ Report'],,
119,"1880,0719.103",26,1,AKKADIAN,EN.NUN.AN.USAN₂,EN.NUN.AN.USAN₂,['barārītu I'],['ARCHIVAL ➝ Letter ➝ Report'],,
120,"1880,0719.103",26,2,AKKADIAN,KUR,KUR,['mātu I'],['ARCHIVAL ➝ Letter ➝ Report'],,
121,"1880,0719.103",26,3,AKKADIAN,URI{ki},URI{ki},['Akkad I'],['ARCHIVAL ➝ Letter ➝ Report'],,
122,"1880,0719.103",27,0,AKKADIAN,DIŠ,DIŠ,['šumma I'],['ARCHIVAL ➝ Letter ➝ Report'],,
123,"1880,0719.103",27,1,AKKADIAN,AN.GI₆,AN.GI₆,['antalû I'],['ARCHIVAL ➝ Letter ➝ Report'],,
124,"1880,0719.103",27,2,AKKADIAN,EN.NUN.AN.USAN₂,EN.NUN.AN.USAN₂,['barārītu I'],['ARCHIVAL ➝ Letter ➝ Report'],,
125,"1880,0719.103",27,3,AKKADIAN,ana,ana,['ana I'],['ARCHIVAL ➝ Letter ➝ Report'],,
126,"1880,0719.103",27,4,AKKADIAN,UŠ₂-MEŠ,UŠ₂-MEŠ,['mūtānu I'],['ARCHIVAL ➝ Letter ➝ Report'],,
127,"1880,0719.103",28,0,AKKADIAN,DIŠ,DIŠ,['šumma I'],['ARCHIVAL ➝ Letter ➝ Report'],,
128,"1880,0719.103",28,1,AKKADIAN,U₄.DUG₄.GA,U₄.DUG₄.GA,['adānu I'],['ARCHIVAL ➝ Letter ➝ Report'],,
129,"1880,0719.103",28,2,AKKADIAN,EN.NUN.AN.USAN₂,EN.NUN.AN.USAN₂,['barārītu I'],['ARCHIVAL ➝ Letter ➝ Report'],,
130,"1880,0719.103",28,4,AKKADIAN,ITI.3.KAM₂@v,ITI.3.KAM₂@v,[],['ARCHIVAL ➝ Letter ➝ Report'],,
131,"1880,0719.103",29,0,AKKADIAN,DIŠ,DIŠ,['šumma I'],['ARCHIVAL ➝ Letter ➝ Report'],,
132,"1880,0719.103",29,1,AKKADIAN,{d}30,{d}30,['Sîn I'],['ARCHIVAL ➝ Letter ➝ Report'],,
133,"1880,0719.103",29,2,AKKADIAN,EŠ.BAR,EŠ.BAR,['purussû I'],['ARCHIVAL ➝ Letter ➝ Report'],,
134,"1880,0719.103",29,3,AKKADIAN,ša₂,ša₂,['ša I'],['ARCHIVAL ➝ Letter ➝ Report'],,
135,"1880,0719.103",29,4,AKKADIAN,{iti}SIG₄,{iti}SIG₄,['Simānu II'],['ARCHIVAL ➝ Letter ➝ Report'],,
136,"1880,0719.103",29,5,AKKADIAN,ana,ana,['ana I'],['ARCHIVAL ➝ Letter ➝ Report'],,
