,fragment_id,fragment_line_num,index_in_line,word_language,value,clean_value,lemma,domain,place_discovery,place_composition
0,"1879,0708.218",0,0,AKKADIAN,ana,ana,[],['CANONICAL ➝ Magic (?)'],,
1,"1879,0708.218",2,0,AKKADIAN,7-šu₂,7-šu₂,[],['CANONICAL ➝ Magic (?)'],,
2,"1879,0708.218",3,0,AKKADIAN,ina,ina,[],['CANONICAL ➝ Magic (?)'],,
3,"1879,0708.218",3,1,AKKADIAN,ša₂,ša₂,[],['CANONICAL ➝ Magic (?)'],,
4,"1879,0708.218",4,0,AKKADIAN,ana,ana,[],['CANONICAL ➝ Magic (?)'],,
5,"1879,0708.218",4,1,AKKADIAN,EGIR,EGIR,[],['CANONICAL ➝ Magic (?)'],,
6,"1879,0708.218",4,2,AKKADIAN,ša₂,ša₂,[],['CANONICAL ➝ Magic (?)'],,
7,"1879,0708.218",5,0,AKKADIAN,ha-ṣap-pi,ha-ṣap-pi,[],['CANONICAL ➝ Magic (?)'],,
8,"1879,0708.218",6,0,AKKADIAN,ina,ina,[],['CANONICAL ➝ Magic (?)'],,
9,"1879,0708.218",6,1,AKKADIAN,A.RI.A,A.RI.A,[],['CANONICAL ➝ Magic (?)'],,
10,"1879,0708.218",7,0,AKKADIAN,MUD₂,MUD₂,[],['CANONICAL ➝ Magic (?)'],,
11,"1879,0708.218",7,1,AKKADIAN,KUR.GI{mušen},KUR.GI{mušen},[],['CANONICAL ➝ Magic (?)'],,
12,"1879,0708.218",8,1,AKKADIAN,E₂,E₂,[],['CANONICAL ➝ Magic (?)'],,
13,"1879,0708.218",8,2,AKKADIAN,an,an,[],['CANONICAL ➝ Magic (?)'],,
