,fragment_id,fragment_line_num,index_in_line,word_language,value,clean_value,lemma,domain,place_discovery,place_composition
0,"1880,0617.2398",1,0,AKKADIAN,ša₂,ša₂,[],"[['CANONICAL', 'Magic']]",,
1,"1880,0617.2398",2,0,AKKADIAN,ša₂,ša₂,[],"[['CANONICAL', 'Magic']]",,
2,"1880,0617.2398",3,0,AKKADIAN,EN₂,EN₂,[],"[['CANONICAL', 'Magic']]",,
3,"1880,0617.2398",4,0,AKKADIAN,ša₂,ša₂,[],"[['CANONICAL', 'Magic']]",,
4,"1880,0617.2398",5,0,AKKADIAN,bu,bu,[],"[['CANONICAL', 'Magic']]",,
5,"1880,0617.2398",6,0,AKKADIAN,ina,ina,[],"[['CANONICAL', 'Magic']]",,
6,"1880,0617.2398",6,1,AKKADIAN,KUR,KUR,[],"[['CANONICAL', 'Magic']]",,
