,fragment_id,fragment_line_num,index_in_line,word_language,value,clean_value,lemma,domain,place_discovery,place_composition
0,"1879,0708.111",1,2,AKKADIAN,GU₃-šu₂,GU₃-šu₂,"['rigmu I', '-šu I']",['CANONICAL ➝ Divination ➝ Celestial ➝ Enūma Anu Enlil ➝ Adad (EAE 36–49)'],,
1,"1879,0708.111",2,0,AKKADIAN,DIŠ,DIŠ,['šumma I'],['CANONICAL ➝ Divination ➝ Celestial ➝ Enūma Anu Enlil ➝ Adad (EAE 36–49)'],,
2,"1879,0708.111",2,1,AKKADIAN,{d}IŠKUR,{d}IŠKUR,['Adad I'],['CANONICAL ➝ Divination ➝ Celestial ➝ Enūma Anu Enlil ➝ Adad (EAE 36–49)'],,
3,"1879,0708.111",2,2,AKKADIAN,GU₃-šu₂,GU₃-šu₂,"['rigmu I', '-šu I']",['CANONICAL ➝ Divination ➝ Celestial ➝ Enūma Anu Enlil ➝ Adad (EAE 36–49)'],,
4,"1879,0708.111",2,3,AKKADIAN,GIN₇,GIN₇,['kīma I'],['CANONICAL ➝ Divination ➝ Celestial ➝ Enūma Anu Enlil ➝ Adad (EAE 36–49)'],,
5,"1879,0708.111",3,0,AKKADIAN,DIŠ,DIŠ,['šumma I'],['CANONICAL ➝ Divination ➝ Celestial ➝ Enūma Anu Enlil ➝ Adad (EAE 36–49)'],,
6,"1879,0708.111",3,1,AKKADIAN,{d}IŠKUR,{d}IŠKUR,['Adad I'],['CANONICAL ➝ Divination ➝ Celestial ➝ Enūma Anu Enlil ➝ Adad (EAE 36–49)'],,
7,"1879,0708.111",3,2,AKKADIAN,GU₃-šu₂,GU₃-šu₂,"['rigmu I', '-šu I']",['CANONICAL ➝ Divination ➝ Celestial ➝ Enūma Anu Enlil ➝ Adad (EAE 36–49)'],,
8,"1879,0708.111",3,3,AKKADIAN,GIN₇,GIN₇,['kīma I'],['CANONICAL ➝ Divination ➝ Celestial ➝ Enūma Anu Enlil ➝ Adad (EAE 36–49)'],,
9,"1879,0708.111",3,4,AKKADIAN,GU₃,GU₃,['rigmu I'],['CANONICAL ➝ Divination ➝ Celestial ➝ Enūma Anu Enlil ➝ Adad (EAE 36–49)'],,
10,"1879,0708.111",3,6,AKKADIAN,ŠUB,ŠUB,['nadû III'],['CANONICAL ➝ Divination ➝ Celestial ➝ Enūma Anu Enlil ➝ Adad (EAE 36–49)'],,
11,"1879,0708.111",3,7,AKKADIAN,LUGAL,LUGAL,['šarru I'],['CANONICAL ➝ Divination ➝ Celestial ➝ Enūma Anu Enlil ➝ Adad (EAE 36–49)'],,
12,"1879,0708.111",3,8,AKKADIAN,NIG₂.ŠU-šu₂,NIG₂.ŠU-šu₂,"['būšu I', '-šu I']",['CANONICAL ➝ Divination ➝ Celestial ➝ Enūma Anu Enlil ➝ Adad (EAE 36–49)'],,
13,"1879,0708.111",4,0,AKKADIAN,DIŠ,DIŠ,['šumma I'],['CANONICAL ➝ Divination ➝ Celestial ➝ Enūma Anu Enlil ➝ Adad (EAE 36–49)'],,
14,"1879,0708.111",4,1,AKKADIAN,{d}IŠKUR,{d}IŠKUR,['Adad I'],['CANONICAL ➝ Divination ➝ Celestial ➝ Enūma Anu Enlil ➝ Adad (EAE 36–49)'],,
15,"1879,0708.111",4,2,AKKADIAN,GU₃-šu₂,GU₃-šu₂,"['rigmu I', '-šu I']",['CANONICAL ➝ Divination ➝ Celestial ➝ Enūma Anu Enlil ➝ Adad (EAE 36–49)'],,
16,"1879,0708.111",4,3,AKKADIAN,GIN₇,GIN₇,['kīma I'],['CANONICAL ➝ Divination ➝ Celestial ➝ Enūma Anu Enlil ➝ Adad (EAE 36–49)'],,
17,"1879,0708.111",4,4,AKKADIAN,a-le-e,a-le-e,['ali I'],['CANONICAL ➝ Divination ➝ Celestial ➝ Enūma Anu Enlil ➝ Adad (EAE 36–49)'],,
18,"1879,0708.111",4,6,AKKADIAN,LUGAL,LUGAL,['šarru I'],['CANONICAL ➝ Divination ➝ Celestial ➝ Enūma Anu Enlil ➝ Adad (EAE 36–49)'],,
19,"1879,0708.111",4,7,AKKADIAN,ŠU₂,ŠU₂,['kiššatu I'],['CANONICAL ➝ Divination ➝ Celestial ➝ Enūma Anu Enlil ➝ Adad (EAE 36–49)'],,
20,"1879,0708.111",4,8,AKKADIAN,KUR-su,KUR-su,"['mātu I', '-šu I']",['CANONICAL ➝ Divination ➝ Celestial ➝ Enūma Anu Enlil ➝ Adad (EAE 36–49)'],,
21,"1879,0708.111",5,0,AKKADIAN,DIŠ,DIŠ,['šumma I'],['CANONICAL ➝ Divination ➝ Celestial ➝ Enūma Anu Enlil ➝ Adad (EAE 36–49)'],,
22,"1879,0708.111",5,1,AKKADIAN,{d}IŠKUR,{d}IŠKUR,['Adad I'],['CANONICAL ➝ Divination ➝ Celestial ➝ Enūma Anu Enlil ➝ Adad (EAE 36–49)'],,
23,"1879,0708.111",5,2,AKKADIAN,GU₃-šu₂,GU₃-šu₂,"['rigmu I', '-šu I']",['CANONICAL ➝ Divination ➝ Celestial ➝ Enūma Anu Enlil ➝ Adad (EAE 36–49)'],,
24,"1879,0708.111",5,3,AKKADIAN,GIN₇,GIN₇,['kīma I'],['CANONICAL ➝ Divination ➝ Celestial ➝ Enūma Anu Enlil ➝ Adad (EAE 36–49)'],,
25,"1879,0708.111",5,5,AKKADIAN,ŠUB,ŠUB,['nadû III'],['CANONICAL ➝ Divination ➝ Celestial ➝ Enūma Anu Enlil ➝ Adad (EAE 36–49)'],,
26,"1879,0708.111",5,6,AKKADIAN,DUMU,DUMU,['māru I'],['CANONICAL ➝ Divination ➝ Celestial ➝ Enūma Anu Enlil ➝ Adad (EAE 36–49)'],,
27,"1879,0708.111",5,7,AKKADIAN,LUGAL,LUGAL,['šarru I'],['CANONICAL ➝ Divination ➝ Celestial ➝ Enūma Anu Enlil ➝ Adad (EAE 36–49)'],,
28,"1879,0708.111",5,8,AKKADIAN,AD-šu₂,AD-šu₂,"['abu I', '-šu I']",['CANONICAL ➝ Divination ➝ Celestial ➝ Enūma Anu Enlil ➝ Adad (EAE 36–49)'],,
29,"1879,0708.111",6,0,AKKADIAN,DIŠ,DIŠ,['šumma I'],['CANONICAL ➝ Divination ➝ Celestial ➝ Enūma Anu Enlil ➝ Adad (EAE 36–49)'],,
30,"1879,0708.111",6,1,AKKADIAN,{d}IŠKUR,{d}IŠKUR,['Adad I'],['CANONICAL ➝ Divination ➝ Celestial ➝ Enūma Anu Enlil ➝ Adad (EAE 36–49)'],,
31,"1879,0708.111",6,2,AKKADIAN,GU₃-šu₂,GU₃-šu₂,"['rigmu I', '-šu I']",['CANONICAL ➝ Divination ➝ Celestial ➝ Enūma Anu Enlil ➝ Adad (EAE 36–49)'],,
32,"1879,0708.111",6,3,AKKADIAN,GIN₇,GIN₇,['kīma I'],['CANONICAL ➝ Divination ➝ Celestial ➝ Enūma Anu Enlil ➝ Adad (EAE 36–49)'],,
33,"1879,0708.111",6,5,AKKADIAN,ŠUB,ŠUB,['nadû III'],['CANONICAL ➝ Divination ➝ Celestial ➝ Enūma Anu Enlil ➝ Adad (EAE 36–49)'],,
34,"1879,0708.111",6,6,AKKADIAN,KUR,KUR,['mātu I'],['CANONICAL ➝ Divination ➝ Celestial ➝ Enūma Anu Enlil ➝ Adad (EAE 36–49)'],,
35,"1879,0708.111",6,7,AKKADIAN,BI,BI,['šuāti I'],['CANONICAL ➝ Divination ➝ Celestial ➝ Enūma Anu Enlil ➝ Adad (EAE 36–49)'],,
36,"1879,0708.111",6,8,AKKADIAN,ana,ana,['ana I'],['CANONICAL ➝ Divination ➝ Celestial ➝ Enūma Anu Enlil ➝ Adad (EAE 36–49)'],,
37,"1879,0708.111",6,9,AKKADIAN,IGI-ša₂,IGI-ša₂,"['pānu I', '-ša I']",['CANONICAL ➝ Divination ➝ Celestial ➝ Enūma Anu Enlil ➝ Adad (EAE 36–49)'],,
38,"1879,0708.111",7,0,AKKADIAN,DIŠ,DIŠ,['šumma I'],['CANONICAL ➝ Divination ➝ Celestial ➝ Enūma Anu Enlil ➝ Adad (EAE 36–49)'],,
39,"1879,0708.111",7,1,AKKADIAN,{d}IŠKUR,{d}IŠKUR,['Adad I'],['CANONICAL ➝ Divination ➝ Celestial ➝ Enūma Anu Enlil ➝ Adad (EAE 36–49)'],,
40,"1879,0708.111",7,2,AKKADIAN,GU₃-šu₂,GU₃-šu₂,"['rigmu I', '-šu I']",['CANONICAL ➝ Divination ➝ Celestial ➝ Enūma Anu Enlil ➝ Adad (EAE 36–49)'],,
41,"1879,0708.111",7,3,AKKADIAN,GIN₇,GIN₇,['kīma I'],['CANONICAL ➝ Divination ➝ Celestial ➝ Enūma Anu Enlil ➝ Adad (EAE 36–49)'],,
42,"1879,0708.111",7,4,AKKADIAN,ANŠE,ANŠE,['imēru I'],['CANONICAL ➝ Divination ➝ Celestial ➝ Enūma Anu Enlil ➝ Adad (EAE 36–49)'],,
43,"1879,0708.111",7,5,AKKADIAN,ŠUB,ŠUB,['nadû III'],['CANONICAL ➝ Divination ➝ Celestial ➝ Enūma Anu Enlil ➝ Adad (EAE 36–49)'],,
44,"1879,0708.111",7,7,AKKADIAN,URU,URU,['ālu I'],['CANONICAL ➝ Divination ➝ Celestial ➝ Enūma Anu Enlil ➝ Adad (EAE 36–49)'],,
45,"1879,0708.111",7,8,AKKADIAN,GAZ,GAZ,['hašālu I'],['CANONICAL ➝ Divination ➝ Celestial ➝ Enūma Anu Enlil ➝ Adad (EAE 36–49)'],,
46,"1879,0708.111",7,9,AKKADIAN,GAN₂.BA,GAN₂.BA,['mahīru I'],['CANONICAL ➝ Divination ➝ Celestial ➝ Enūma Anu Enlil ➝ Adad (EAE 36–49)'],,
47,"1879,0708.111",8,1,AKKADIAN,10,10,['ešer I'],['CANONICAL ➝ Divination ➝ Celestial ➝ Enūma Anu Enlil ➝ Adad (EAE 36–49)'],,
48,"1879,0708.111",8,3,AKKADIAN,DIŠ,DIŠ,['šumma I'],['CANONICAL ➝ Divination ➝ Celestial ➝ Enūma Anu Enlil ➝ Adad (EAE 36–49)'],,
49,"1879,0708.111",8,4,AKKADIAN,{d}IŠKUR,{d}IŠKUR,['Adad I'],['CANONICAL ➝ Divination ➝ Celestial ➝ Enūma Anu Enlil ➝ Adad (EAE 36–49)'],,
50,"1879,0708.111",8,5,AKKADIAN,GU₃-šu₂,GU₃-šu₂,"['rigmu I', '-šu I']",['CANONICAL ➝ Divination ➝ Celestial ➝ Enūma Anu Enlil ➝ Adad (EAE 36–49)'],,
51,"1879,0708.111",8,6,AKKADIAN,GIN₇,GIN₇,['kīma I'],['CANONICAL ➝ Divination ➝ Celestial ➝ Enūma Anu Enlil ➝ Adad (EAE 36–49)'],,
52,"1879,0708.111",8,7,AKKADIAN,KUR.GI{mušen},KUR.GI{mušen},['kurkû I'],['CANONICAL ➝ Divination ➝ Celestial ➝ Enūma Anu Enlil ➝ Adad (EAE 36–49)'],,
53,"1879,0708.111",8,8,AKKADIAN,ŠUB,ŠUB,['nadû III'],['CANONICAL ➝ Divination ➝ Celestial ➝ Enūma Anu Enlil ➝ Adad (EAE 36–49)'],,
54,"1879,0708.111",8,10,AKKADIAN,KUR,KUR,['mātu I'],['CANONICAL ➝ Divination ➝ Celestial ➝ Enūma Anu Enlil ➝ Adad (EAE 36–49)'],,
55,"1879,0708.111",9,0,AKKADIAN,DIŠ,DIŠ,['šumma I'],['CANONICAL ➝ Divination ➝ Celestial ➝ Enūma Anu Enlil ➝ Adad (EAE 36–49)'],,
56,"1879,0708.111",9,1,AKKADIAN,{d}IŠKUR,{d}IŠKUR,['Adad I'],['CANONICAL ➝ Divination ➝ Celestial ➝ Enūma Anu Enlil ➝ Adad (EAE 36–49)'],,
57,"1879,0708.111",9,2,AKKADIAN,GU₃-šu₂,GU₃-šu₂,"['rigmu I', '-šu I']",['CANONICAL ➝ Divination ➝ Celestial ➝ Enūma Anu Enlil ➝ Adad (EAE 36–49)'],,
58,"1879,0708.111",9,3,AKKADIAN,GIN₇,GIN₇,['kīma I'],['CANONICAL ➝ Divination ➝ Celestial ➝ Enūma Anu Enlil ➝ Adad (EAE 36–49)'],,
59,"1879,0708.111",9,4,AKKADIAN,TU.GUR₄{mušen},TU.GUR₄{mušen},['sukannīnu I'],['CANONICAL ➝ Divination ➝ Celestial ➝ Enūma Anu Enlil ➝ Adad (EAE 36–49)'],,
60,"1879,0708.111",9,5,AKKADIAN,ŠUB,ŠUB,['nadû III'],['CANONICAL ➝ Divination ➝ Celestial ➝ Enūma Anu Enlil ➝ Adad (EAE 36–49)'],,
61,"1879,0708.111",9,6,AKKADIAN,KUR,KUR,['mātu I'],['CANONICAL ➝ Divination ➝ Celestial ➝ Enūma Anu Enlil ➝ Adad (EAE 36–49)'],,
62,"1879,0708.111",9,8,AKKADIAN,ana,ana,['ana I'],['CANONICAL ➝ Divination ➝ Celestial ➝ Enūma Anu Enlil ➝ Adad (EAE 36–49)'],,
63,"1879,0708.111",9,9,AKKADIAN,KU₃.BABBAR,KU₃.BABBAR,['kaspu I'],['CANONICAL ➝ Divination ➝ Celestial ➝ Enūma Anu Enlil ➝ Adad (EAE 36–49)'],,
64,"1879,0708.111",11,0,AKKADIAN,DIŠ,DIŠ,['šumma I'],['CANONICAL ➝ Divination ➝ Celestial ➝ Enūma Anu Enlil ➝ Adad (EAE 36–49)'],,
65,"1879,0708.111",11,1,AKKADIAN,{d}IŠKUR,{d}IŠKUR,['Adad I'],['CANONICAL ➝ Divination ➝ Celestial ➝ Enūma Anu Enlil ➝ Adad (EAE 36–49)'],,
66,"1879,0708.111",11,2,AKKADIAN,GU₃-šu₂,GU₃-šu₂,"['rigmu I', '-šu I']",['CANONICAL ➝ Divination ➝ Celestial ➝ Enūma Anu Enlil ➝ Adad (EAE 36–49)'],,
67,"1879,0708.111",11,3,AKKADIAN,1,1,[],['CANONICAL ➝ Divination ➝ Celestial ➝ Enūma Anu Enlil ➝ Adad (EAE 36–49)'],,
68,"1879,0708.111",11,4,AKKADIAN,ŠUB,ŠUB,['nadû III'],['CANONICAL ➝ Divination ➝ Celestial ➝ Enūma Anu Enlil ➝ Adad (EAE 36–49)'],,
69,"1879,0708.111",11,5,AKKADIAN,GUR,GUR,['kurru I'],['CANONICAL ➝ Divination ➝ Celestial ➝ Enūma Anu Enlil ➝ Adad (EAE 36–49)'],,
70,"1879,0708.111",11,6,AKKADIAN,URU,URU,['ālu I'],['CANONICAL ➝ Divination ➝ Celestial ➝ Enūma Anu Enlil ➝ Adad (EAE 36–49)'],,
71,"1879,0708.111",11,7,AKKADIAN,GAZ-pi,GAZ-pi,['hepû II'],['CANONICAL ➝ Divination ➝ Celestial ➝ Enūma Anu Enlil ➝ Adad (EAE 36–49)'],,
72,"1879,0708.111",11,9,AKKADIAN,DIŠ,DIŠ,['šumma I'],['CANONICAL ➝ Divination ➝ Celestial ➝ Enūma Anu Enlil ➝ Adad (EAE 36–49)'],,
73,"1879,0708.111",11,10,AKKADIAN,{d}IŠKUR,{d}IŠKUR,['Adad I'],['CANONICAL ➝ Divination ➝ Celestial ➝ Enūma Anu Enlil ➝ Adad (EAE 36–49)'],,
74,"1879,0708.111",11,11,AKKADIAN,GU₃-šu₂,GU₃-šu₂,"['rigmu I', '-šu I']",['CANONICAL ➝ Divination ➝ Celestial ➝ Enūma Anu Enlil ➝ Adad (EAE 36–49)'],,
75,"1879,0708.111",11,12,AKKADIAN,2,2,['šina II'],['CANONICAL ➝ Divination ➝ Celestial ➝ Enūma Anu Enlil ➝ Adad (EAE 36–49)'],,
76,"1879,0708.111",11,14,AKKADIAN,GAN₂.BA,GAN₂.BA,['mahīru I'],['CANONICAL ➝ Divination ➝ Celestial ➝ Enūma Anu Enlil ➝ Adad (EAE 36–49)'],,
77,"1879,0708.111",11,15,AKKADIAN,URU,URU,['ālu I'],['CANONICAL ➝ Divination ➝ Celestial ➝ Enūma Anu Enlil ➝ Adad (EAE 36–49)'],,
78,"1879,0708.111",12,0,AKKADIAN,DIŠ,DIŠ,['šumma I'],['CANONICAL ➝ Divination ➝ Celestial ➝ Enūma Anu Enlil ➝ Adad (EAE 36–49)'],,
79,"1879,0708.111",12,1,AKKADIAN,{d}IŠKUR,{d}IŠKUR,['Adad I'],['CANONICAL ➝ Divination ➝ Celestial ➝ Enūma Anu Enlil ➝ Adad (EAE 36–49)'],,
80,"1879,0708.111",12,2,AKKADIAN,GU₃-šu₂,GU₃-šu₂,"['rigmu I', '-šu I']",['CANONICAL ➝ Divination ➝ Celestial ➝ Enūma Anu Enlil ➝ Adad (EAE 36–49)'],,
81,"1879,0708.111",12,3,AKKADIAN,3,3,['šalāš I'],['CANONICAL ➝ Divination ➝ Celestial ➝ Enūma Anu Enlil ➝ Adad (EAE 36–49)'],,
82,"1879,0708.111",12,4,AKKADIAN,ŠUB,ŠUB,['nadû III'],['CANONICAL ➝ Divination ➝ Celestial ➝ Enūma Anu Enlil ➝ Adad (EAE 36–49)'],,
83,"1879,0708.111",12,5,AKKADIAN,{d}IŠKUR,{d}IŠKUR,['Adad I'],['CANONICAL ➝ Divination ➝ Celestial ➝ Enūma Anu Enlil ➝ Adad (EAE 36–49)'],,
84,"1879,0708.111",12,6,AKKADIAN,BURU₁₄,BURU₁₄,['ebūru I'],['CANONICAL ➝ Divination ➝ Celestial ➝ Enūma Anu Enlil ➝ Adad (EAE 36–49)'],,
85,"1879,0708.111",12,7,AKKADIAN,URU,URU,['ālu I'],['CANONICAL ➝ Divination ➝ Celestial ➝ Enūma Anu Enlil ➝ Adad (EAE 36–49)'],,
86,"1879,0708.111",12,8,AKKADIAN,RA-iṣ,RA-iṣ,['rahāṣu I'],['CANONICAL ➝ Divination ➝ Celestial ➝ Enūma Anu Enlil ➝ Adad (EAE 36–49)'],,
87,"1879,0708.111",12,10,AKKADIAN,DIŠ,DIŠ,['šumma I'],['CANONICAL ➝ Divination ➝ Celestial ➝ Enūma Anu Enlil ➝ Adad (EAE 36–49)'],,
88,"1879,0708.111",12,11,AKKADIAN,{d}IŠKUR,{d}IŠKUR,['Adad I'],['CANONICAL ➝ Divination ➝ Celestial ➝ Enūma Anu Enlil ➝ Adad (EAE 36–49)'],,
89,"1879,0708.111",12,12,AKKADIAN,GU₃-šu₂,GU₃-šu₂,"['rigmu I', '-šu I']",['CANONICAL ➝ Divination ➝ Celestial ➝ Enūma Anu Enlil ➝ Adad (EAE 36–49)'],,
90,"1879,0708.111",12,13,AKKADIAN,4,4,['erbe I'],['CANONICAL ➝ Divination ➝ Celestial ➝ Enūma Anu Enlil ➝ Adad (EAE 36–49)'],,
91,"1879,0708.111",12,15,AKKADIAN,HE₂.GAL₂,HE₂.GAL₂,['hengallu I'],['CANONICAL ➝ Divination ➝ Celestial ➝ Enūma Anu Enlil ➝ Adad (EAE 36–49)'],,
92,"1879,0708.111",12,16,AKKADIAN,ina,ina,['ina I'],['CANONICAL ➝ Divination ➝ Celestial ➝ Enūma Anu Enlil ➝ Adad (EAE 36–49)'],,
93,"1879,0708.111",12,17,AKKADIAN,KUR,KUR,['mātu I'],['CANONICAL ➝ Divination ➝ Celestial ➝ Enūma Anu Enlil ➝ Adad (EAE 36–49)'],,
94,"1879,0708.111",13,0,AKKADIAN,DIŠ,DIŠ,['šumma I'],['CANONICAL ➝ Divination ➝ Celestial ➝ Enūma Anu Enlil ➝ Adad (EAE 36–49)'],,
95,"1879,0708.111",13,1,AKKADIAN,{d}IŠKUR,{d}IŠKUR,['Adad I'],['CANONICAL ➝ Divination ➝ Celestial ➝ Enūma Anu Enlil ➝ Adad (EAE 36–49)'],,
96,"1879,0708.111",13,2,AKKADIAN,GU₃-šu₂,GU₃-šu₂,"['rigmu I', '-šu I']",['CANONICAL ➝ Divination ➝ Celestial ➝ Enūma Anu Enlil ➝ Adad (EAE 36–49)'],,
97,"1879,0708.111",13,3,AKKADIAN,5,5,['hamiš I'],['CANONICAL ➝ Divination ➝ Celestial ➝ Enūma Anu Enlil ➝ Adad (EAE 36–49)'],,
98,"1879,0708.111",13,4,AKKADIAN,ŠUB,ŠUB,['nadû III'],['CANONICAL ➝ Divination ➝ Celestial ➝ Enūma Anu Enlil ➝ Adad (EAE 36–49)'],,
99,"1879,0708.111",13,5,AKKADIAN,{d}IŠKUR,{d}IŠKUR,['Adad I'],['CANONICAL ➝ Divination ➝ Celestial ➝ Enūma Anu Enlil ➝ Adad (EAE 36–49)'],,
100,"1879,0708.111",13,6,AKKADIAN,UN,UN,['nišu I'],['CANONICAL ➝ Divination ➝ Celestial ➝ Enūma Anu Enlil ➝ Adad (EAE 36–49)'],,
101,"1879,0708.111",13,7,AKKADIAN,KUR,KUR,['mātu I'],['CANONICAL ➝ Divination ➝ Celestial ➝ Enūma Anu Enlil ➝ Adad (EAE 36–49)'],,
102,"1879,0708.111",13,9,AKKADIAN,EDEN,EDEN,['ṣēru I'],['CANONICAL ➝ Divination ➝ Celestial ➝ Enūma Anu Enlil ➝ Adad (EAE 36–49)'],,
103,"1879,0708.111",13,10,AKKADIAN,u₂-šar-ra,u₂-šar-ra,['šurru I'],['CANONICAL ➝ Divination ➝ Celestial ➝ Enūma Anu Enlil ➝ Adad (EAE 36–49)'],,
104,"1879,0708.111",13,12,AKKADIAN,DIŠ,DIŠ,['šumma I'],['CANONICAL ➝ Divination ➝ Celestial ➝ Enūma Anu Enlil ➝ Adad (EAE 36–49)'],,
105,"1879,0708.111",13,13,AKKADIAN,{d}IŠKUR,{d}IŠKUR,['Adad I'],['CANONICAL ➝ Divination ➝ Celestial ➝ Enūma Anu Enlil ➝ Adad (EAE 36–49)'],,
106,"1879,0708.111",13,14,AKKADIAN,GU₃-šu₂,GU₃-šu₂,"['rigmu I', '-šu I']",['CANONICAL ➝ Divination ➝ Celestial ➝ Enūma Anu Enlil ➝ Adad (EAE 36–49)'],,
107,"1879,0708.111",13,15,AKKADIAN,6,6,['šediš I'],['CANONICAL ➝ Divination ➝ Celestial ➝ Enūma Anu Enlil ➝ Adad (EAE 36–49)'],,
108,"1879,0708.111",13,17,AKKADIAN,{d}IŠKUR,{d}IŠKUR,['Adad I'],['CANONICAL ➝ Divination ➝ Celestial ➝ Enūma Anu Enlil ➝ Adad (EAE 36–49)'],,
109,"1879,0708.111",13,18,AKKADIAN,SU.GU₇,SU.GU₇,['bubūtu I'],['CANONICAL ➝ Divination ➝ Celestial ➝ Enūma Anu Enlil ➝ Adad (EAE 36–49)'],,
110,"1879,0708.111",13,19,AKKADIAN,GAR,GAR,['šakānu I'],['CANONICAL ➝ Divination ➝ Celestial ➝ Enūma Anu Enlil ➝ Adad (EAE 36–49)'],,
111,"1879,0708.111",13,21,AKKADIAN,BURU₁₄,BURU₁₄,['ebūru I'],['CANONICAL ➝ Divination ➝ Celestial ➝ Enūma Anu Enlil ➝ Adad (EAE 36–49)'],,
112,"1879,0708.111",13,22,AKKADIAN,KUR,KUR,['mātu I'],['CANONICAL ➝ Divination ➝ Celestial ➝ Enūma Anu Enlil ➝ Adad (EAE 36–49)'],,
113,"1879,0708.111",14,0,AKKADIAN,DIŠ,DIŠ,['šumma I'],['CANONICAL ➝ Divination ➝ Celestial ➝ Enūma Anu Enlil ➝ Adad (EAE 36–49)'],,
114,"1879,0708.111",14,1,AKKADIAN,{d}IŠKUR,{d}IŠKUR,['Adad I'],['CANONICAL ➝ Divination ➝ Celestial ➝ Enūma Anu Enlil ➝ Adad (EAE 36–49)'],,
115,"1879,0708.111",14,2,AKKADIAN,GU₃-šu₂,GU₃-šu₂,"['rigmu I', '-šu I']",['CANONICAL ➝ Divination ➝ Celestial ➝ Enūma Anu Enlil ➝ Adad (EAE 36–49)'],,
116,"1879,0708.111",14,3,AKKADIAN,7,7,['sebe I'],['CANONICAL ➝ Divination ➝ Celestial ➝ Enūma Anu Enlil ➝ Adad (EAE 36–49)'],,
117,"1879,0708.111",14,4,AKKADIAN,ŠUB,ŠUB,['nadû III'],['CANONICAL ➝ Divination ➝ Celestial ➝ Enūma Anu Enlil ➝ Adad (EAE 36–49)'],,
118,"1879,0708.111",14,5,AKKADIAN,{d}IŠKUR,{d}IŠKUR,['Adad I'],['CANONICAL ➝ Divination ➝ Celestial ➝ Enūma Anu Enlil ➝ Adad (EAE 36–49)'],,
119,"1879,0708.111",14,6,AKKADIAN,NIG₂.GUR-ME,NIG₂.GUR-ME,[],['CANONICAL ➝ Divination ➝ Celestial ➝ Enūma Anu Enlil ➝ Adad (EAE 36–49)'],,
120,"1879,0708.111",14,7,AKKADIAN,NU,NU,['lā I'],['CANONICAL ➝ Divination ➝ Celestial ➝ Enūma Anu Enlil ➝ Adad (EAE 36–49)'],,
121,"1879,0708.111",14,8,AKKADIAN,TUKU,TUKU,['rašû I'],['CANONICAL ➝ Divination ➝ Celestial ➝ Enūma Anu Enlil ➝ Adad (EAE 36–49)'],,
122,"1879,0708.111",14,9,AKKADIAN,GAL₂,GAL₂,['bašû I'],['CANONICAL ➝ Divination ➝ Celestial ➝ Enūma Anu Enlil ➝ Adad (EAE 36–49)'],,
123,"1879,0708.111",14,11,AKKADIAN,DIŠ,DIŠ,['šumma I'],['CANONICAL ➝ Divination ➝ Celestial ➝ Enūma Anu Enlil ➝ Adad (EAE 36–49)'],,
124,"1879,0708.111",14,12,AKKADIAN,{d}IŠKUR,{d}IŠKUR,['Adad I'],['CANONICAL ➝ Divination ➝ Celestial ➝ Enūma Anu Enlil ➝ Adad (EAE 36–49)'],,
125,"1879,0708.111",14,13,AKKADIAN,GU₃-šu₂,GU₃-šu₂,"['rigmu I', '-šu I']",['CANONICAL ➝ Divination ➝ Celestial ➝ Enūma Anu Enlil ➝ Adad (EAE 36–49)'],,
126,"1879,0708.111",14,14,AKKADIAN,8,8,['samāne I'],['CANONICAL ➝ Divination ➝ Celestial ➝ Enūma Anu Enlil ➝ Adad (EAE 36–49)'],,
127,"1879,0708.111",15,1,AKKADIAN,10,10,['ešer I'],['CANONICAL ➝ Divination ➝ Celestial ➝ Enūma Anu Enlil ➝ Adad (EAE 36–49)'],,
128,"1879,0708.111",15,3,AKKADIAN,DIŠ,DIŠ,['šumma I'],['CANONICAL ➝ Divination ➝ Celestial ➝ Enūma Anu Enlil ➝ Adad (EAE 36–49)'],,
129,"1879,0708.111",15,4,AKKADIAN,{d}IŠKUR,{d}IŠKUR,['Adad I'],['CANONICAL ➝ Divination ➝ Celestial ➝ Enūma Anu Enlil ➝ Adad (EAE 36–49)'],,
130,"1879,0708.111",15,5,AKKADIAN,GU₃-šu₂,GU₃-šu₂,"['rigmu I', '-šu I']",['CANONICAL ➝ Divination ➝ Celestial ➝ Enūma Anu Enlil ➝ Adad (EAE 36–49)'],,
131,"1879,0708.111",15,6,AKKADIAN,9,9,['tiše I'],['CANONICAL ➝ Divination ➝ Celestial ➝ Enūma Anu Enlil ➝ Adad (EAE 36–49)'],,
132,"1879,0708.111",15,7,AKKADIAN,ŠUB,ŠUB,['nadû III'],['CANONICAL ➝ Divination ➝ Celestial ➝ Enūma Anu Enlil ➝ Adad (EAE 36–49)'],,
133,"1879,0708.111",15,8,AKKADIAN,{d}IŠKUR,{d}IŠKUR,['Adad I'],['CANONICAL ➝ Divination ➝ Celestial ➝ Enūma Anu Enlil ➝ Adad (EAE 36–49)'],,
134,"1879,0708.111",16,0,AKKADIAN,DIŠ,DIŠ,['šumma I'],['CANONICAL ➝ Divination ➝ Celestial ➝ Enūma Anu Enlil ➝ Adad (EAE 36–49)'],,
135,"1879,0708.111",16,1,AKKADIAN,{d}IŠKUR,{d}IŠKUR,['Adad I'],['CANONICAL ➝ Divination ➝ Celestial ➝ Enūma Anu Enlil ➝ Adad (EAE 36–49)'],,
136,"1879,0708.111",16,2,AKKADIAN,GU₃-šu₂,GU₃-šu₂,"['rigmu I', '-šu I']",['CANONICAL ➝ Divination ➝ Celestial ➝ Enūma Anu Enlil ➝ Adad (EAE 36–49)'],,
137,"1879,0708.111",16,3,AKKADIAN,10,10,['ešer I'],['CANONICAL ➝ Divination ➝ Celestial ➝ Enūma Anu Enlil ➝ Adad (EAE 36–49)'],,
138,"1879,0708.111",16,4,AKKADIAN,ŠUB,ŠUB,['nadû III'],['CANONICAL ➝ Divination ➝ Celestial ➝ Enūma Anu Enlil ➝ Adad (EAE 36–49)'],,
139,"1879,0708.111",16,5,AKKADIAN,{d}IŠKUR,{d}IŠKUR,['Adad I'],['CANONICAL ➝ Divination ➝ Celestial ➝ Enūma Anu Enlil ➝ Adad (EAE 36–49)'],,
140,"1879,0708.111",18,0,AKKADIAN,DIŠ,DIŠ,['šumma I'],['CANONICAL ➝ Divination ➝ Celestial ➝ Enūma Anu Enlil ➝ Adad (EAE 36–49)'],,
141,"1879,0708.111",18,1,AKKADIAN,{d}IŠKUR,{d}IŠKUR,['Adad I'],['CANONICAL ➝ Divination ➝ Celestial ➝ Enūma Anu Enlil ➝ Adad (EAE 36–49)'],,
142,"1879,0708.111",18,2,AKKADIAN,7-šu₂,7-šu₂,['sebîšu I'],['CANONICAL ➝ Divination ➝ Celestial ➝ Enūma Anu Enlil ➝ Adad (EAE 36–49)'],,
143,"1879,0708.111",18,3,AKKADIAN,GU₃,GU₃,['rigmu I'],['CANONICAL ➝ Divination ➝ Celestial ➝ Enūma Anu Enlil ➝ Adad (EAE 36–49)'],,
144,"1879,0708.111",18,4,AKKADIAN,kun-nu-tu₄,kun-nu-tu₄,['kunnūtu I'],['CANONICAL ➝ Divination ➝ Celestial ➝ Enūma Anu Enlil ➝ Adad (EAE 36–49)'],,
145,"1879,0708.111",18,5,AKKADIAN,ZI-MEŠ,ZI-MEŠ,['napištu I'],['CANONICAL ➝ Divination ➝ Celestial ➝ Enūma Anu Enlil ➝ Adad (EAE 36–49)'],,
146,"1879,0708.111",18,6,AKKADIAN,GAL₂!(HU),GAL₂(HU),[],['CANONICAL ➝ Divination ➝ Celestial ➝ Enūma Anu Enlil ➝ Adad (EAE 36–49)'],,
147,"1879,0708.111",18,8,AKKADIAN,DIŠ,DIŠ,['šumma I'],['CANONICAL ➝ Divination ➝ Celestial ➝ Enūma Anu Enlil ➝ Adad (EAE 36–49)'],,
148,"1879,0708.111",18,9,AKKADIAN,{d}IŠKUR,{d}IŠKUR,['Adad I'],['CANONICAL ➝ Divination ➝ Celestial ➝ Enūma Anu Enlil ➝ Adad (EAE 36–49)'],,
149,"1879,0708.111",18,10,AKKADIAN,10-šu₂,10-šu₂,[],['CANONICAL ➝ Divination ➝ Celestial ➝ Enūma Anu Enlil ➝ Adad (EAE 36–49)'],,
150,"1879,0708.111",18,11,AKKADIAN,GU₃,GU₃,['rigmu I'],['CANONICAL ➝ Divination ➝ Celestial ➝ Enūma Anu Enlil ➝ Adad (EAE 36–49)'],,
151,"1879,0708.111",18,12,AKKADIAN,LUGAL,LUGAL,['šarru I'],['CANONICAL ➝ Divination ➝ Celestial ➝ Enūma Anu Enlil ➝ Adad (EAE 36–49)'],,
152,"1879,0708.111",19,0,AKKADIAN,DIŠ,DIŠ,['šumma I'],['CANONICAL ➝ Divination ➝ Celestial ➝ Enūma Anu Enlil ➝ Adad (EAE 36–49)'],,
153,"1879,0708.111",19,1,AKKADIAN,{d}IŠKUR,{d}IŠKUR,['Adad I'],['CANONICAL ➝ Divination ➝ Celestial ➝ Enūma Anu Enlil ➝ Adad (EAE 36–49)'],,
154,"1879,0708.111",19,2,AKKADIAN,11-šu₂,11-šu₂,[],['CANONICAL ➝ Divination ➝ Celestial ➝ Enūma Anu Enlil ➝ Adad (EAE 36–49)'],,
155,"1879,0708.111",19,3,AKKADIAN,GU₃,GU₃,['rigmu I'],['CANONICAL ➝ Divination ➝ Celestial ➝ Enūma Anu Enlil ➝ Adad (EAE 36–49)'],,
156,"1879,0708.111",19,4,AKKADIAN,ŠUB-ti₃,ŠUB-ti₃,['miqittu I'],['CANONICAL ➝ Divination ➝ Celestial ➝ Enūma Anu Enlil ➝ Adad (EAE 36–49)'],,
157,"1879,0708.111",19,5,AKKADIAN,qu-ma-ah-hi,qu-ma-ah-hi,['qumahhu I'],['CANONICAL ➝ Divination ➝ Celestial ➝ Enūma Anu Enlil ➝ Adad (EAE 36–49)'],,
158,"1879,0708.111",19,6,AKKADIAN,GAL₂,GAL₂,['bašû I'],['CANONICAL ➝ Divination ➝ Celestial ➝ Enūma Anu Enlil ➝ Adad (EAE 36–49)'],,
159,"1879,0708.111",19,8,AKKADIAN,DIŠ,DIŠ,['šumma I'],['CANONICAL ➝ Divination ➝ Celestial ➝ Enūma Anu Enlil ➝ Adad (EAE 36–49)'],,
160,"1879,0708.111",19,9,AKKADIAN,{d}IŠKUR,{d}IŠKUR,['Adad I'],['CANONICAL ➝ Divination ➝ Celestial ➝ Enūma Anu Enlil ➝ Adad (EAE 36–49)'],,
161,"1879,0708.111",19,10,AKKADIAN,12-šu₂,12-šu₂,[],['CANONICAL ➝ Divination ➝ Celestial ➝ Enūma Anu Enlil ➝ Adad (EAE 36–49)'],,
162,"1879,0708.111",19,11,AKKADIAN,GU₃,GU₃,['rigmu I'],['CANONICAL ➝ Divination ➝ Celestial ➝ Enūma Anu Enlil ➝ Adad (EAE 36–49)'],,
163,"1879,0708.111",19,12,AKKADIAN,ŠUB-ti₃,ŠUB-ti₃,['miqittu I'],['CANONICAL ➝ Divination ➝ Celestial ➝ Enūma Anu Enlil ➝ Adad (EAE 36–49)'],,
164,"1879,0708.111",20,0,AKKADIAN,DIŠ,DIŠ,['šumma I'],['CANONICAL ➝ Divination ➝ Celestial ➝ Enūma Anu Enlil ➝ Adad (EAE 36–49)'],,
165,"1879,0708.111",20,1,AKKADIAN,{d}IŠKUR,{d}IŠKUR,['Adad I'],['CANONICAL ➝ Divination ➝ Celestial ➝ Enūma Anu Enlil ➝ Adad (EAE 36–49)'],,
166,"1879,0708.111",20,2,AKKADIAN,13-šu₂,13-šu₂,[],['CANONICAL ➝ Divination ➝ Celestial ➝ Enūma Anu Enlil ➝ Adad (EAE 36–49)'],,
167,"1879,0708.111",20,3,AKKADIAN,GU₃,GU₃,['rigmu I'],['CANONICAL ➝ Divination ➝ Celestial ➝ Enūma Anu Enlil ➝ Adad (EAE 36–49)'],,
168,"1879,0708.111",20,4,AKKADIAN,ŠUB-ti₃,ŠUB-ti₃,['miqittu I'],['CANONICAL ➝ Divination ➝ Celestial ➝ Enūma Anu Enlil ➝ Adad (EAE 36–49)'],,
169,"1879,0708.111",20,5,AKKADIAN,SU.BIR₄{ki},SU.BIR₄{ki},['Subartu I'],['CANONICAL ➝ Divination ➝ Celestial ➝ Enūma Anu Enlil ➝ Adad (EAE 36–49)'],,
170,"1879,0708.111",20,6,AKKADIAN,I₃.GAL₂,I₃.GAL₂,['bašû I'],['CANONICAL ➝ Divination ➝ Celestial ➝ Enūma Anu Enlil ➝ Adad (EAE 36–49)'],,
171,"1879,0708.111",20,8,AKKADIAN,DIŠ,DIŠ,['šumma I'],['CANONICAL ➝ Divination ➝ Celestial ➝ Enūma Anu Enlil ➝ Adad (EAE 36–49)'],,
172,"1879,0708.111",20,9,AKKADIAN,{d}IŠKUR,{d}IŠKUR,['Adad I'],['CANONICAL ➝ Divination ➝ Celestial ➝ Enūma Anu Enlil ➝ Adad (EAE 36–49)'],,
173,"1879,0708.111",20,10,AKKADIAN,14-šu₂,14-šu₂,[],['CANONICAL ➝ Divination ➝ Celestial ➝ Enūma Anu Enlil ➝ Adad (EAE 36–49)'],,
174,"1879,0708.111",20,11,AKKADIAN,GU₃,GU₃,['rigmu I'],['CANONICAL ➝ Divination ➝ Celestial ➝ Enūma Anu Enlil ➝ Adad (EAE 36–49)'],,
175,"1879,0708.111",20,12,AKKADIAN,ZU₂.LUM.MA,ZU₂.LUM.MA,['suluppu I'],['CANONICAL ➝ Divination ➝ Celestial ➝ Enūma Anu Enlil ➝ Adad (EAE 36–49)'],,
176,"1879,0708.111",20,13,AKKADIAN,ina,ina,['ina I'],['CANONICAL ➝ Divination ➝ Celestial ➝ Enūma Anu Enlil ➝ Adad (EAE 36–49)'],,
177,"1879,0708.111",21,0,AKKADIAN,DIŠ,DIŠ,['šumma I'],['CANONICAL ➝ Divination ➝ Celestial ➝ Enūma Anu Enlil ➝ Adad (EAE 36–49)'],,
178,"1879,0708.111",21,1,AKKADIAN,{d}IŠKUR,{d}IŠKUR,['Adad I'],['CANONICAL ➝ Divination ➝ Celestial ➝ Enūma Anu Enlil ➝ Adad (EAE 36–49)'],,
179,"1879,0708.111",21,2,AKKADIAN,15-šu₂,15-šu₂,[],['CANONICAL ➝ Divination ➝ Celestial ➝ Enūma Anu Enlil ➝ Adad (EAE 36–49)'],,
180,"1879,0708.111",21,3,AKKADIAN,GU₃,GU₃,['rigmu I'],['CANONICAL ➝ Divination ➝ Celestial ➝ Enūma Anu Enlil ➝ Adad (EAE 36–49)'],,
181,"1879,0708.111",21,4,AKKADIAN,MU.3.KAM₂,MU.3.KAM₂,[],['CANONICAL ➝ Divination ➝ Celestial ➝ Enūma Anu Enlil ➝ Adad (EAE 36–49)'],,
182,"1879,0708.111",21,5,AKKADIAN,BURU₁₄,BURU₁₄,['ebūru I'],['CANONICAL ➝ Divination ➝ Celestial ➝ Enūma Anu Enlil ➝ Adad (EAE 36–49)'],,
183,"1879,0708.111",21,6,AKKADIAN,KUR,KUR,['mātu I'],['CANONICAL ➝ Divination ➝ Celestial ➝ Enūma Anu Enlil ➝ Adad (EAE 36–49)'],,
184,"1879,0708.111",21,7,AKKADIAN,SI.SA₂,SI.SA₂,['ešēru I'],['CANONICAL ➝ Divination ➝ Celestial ➝ Enūma Anu Enlil ➝ Adad (EAE 36–49)'],,
185,"1879,0708.111",21,9,AKKADIAN,DIŠ,DIŠ,['šumma I'],['CANONICAL ➝ Divination ➝ Celestial ➝ Enūma Anu Enlil ➝ Adad (EAE 36–49)'],,
186,"1879,0708.111",21,10,AKKADIAN,{d}IŠKUR,{d}IŠKUR,['Adad I'],['CANONICAL ➝ Divination ➝ Celestial ➝ Enūma Anu Enlil ➝ Adad (EAE 36–49)'],,
187,"1879,0708.111",21,11,AKKADIAN,16-šu₂,16-šu₂,[],['CANONICAL ➝ Divination ➝ Celestial ➝ Enūma Anu Enlil ➝ Adad (EAE 36–49)'],,
188,"1879,0708.111",21,12,AKKADIAN,GU₃,GU₃,['rigmu I'],['CANONICAL ➝ Divination ➝ Celestial ➝ Enūma Anu Enlil ➝ Adad (EAE 36–49)'],,
189,"1879,0708.111",21,13,AKKADIAN,BURU₁₄,BURU₁₄,['ebūru I'],['CANONICAL ➝ Divination ➝ Celestial ➝ Enūma Anu Enlil ➝ Adad (EAE 36–49)'],,
190,"1879,0708.111",22,1,AKKADIAN,10,10,['ešer I'],['CANONICAL ➝ Divination ➝ Celestial ➝ Enūma Anu Enlil ➝ Adad (EAE 36–49)'],,
191,"1879,0708.111",22,3,AKKADIAN,DIŠ,DIŠ,['šumma I'],['CANONICAL ➝ Divination ➝ Celestial ➝ Enūma Anu Enlil ➝ Adad (EAE 36–49)'],,
192,"1879,0708.111",22,4,AKKADIAN,{d}IŠKUR,{d}IŠKUR,['Adad I'],['CANONICAL ➝ Divination ➝ Celestial ➝ Enūma Anu Enlil ➝ Adad (EAE 36–49)'],,
193,"1879,0708.111",22,5,AKKADIAN,17-šu₂,17-šu₂,[],['CANONICAL ➝ Divination ➝ Celestial ➝ Enūma Anu Enlil ➝ Adad (EAE 36–49)'],,
194,"1879,0708.111",22,6,AKKADIAN,GU₃,GU₃,['rigmu I'],['CANONICAL ➝ Divination ➝ Celestial ➝ Enūma Anu Enlil ➝ Adad (EAE 36–49)'],,
195,"1879,0708.111",22,7,AKKADIAN,BURU₅-HI.A,BURU₅-HI.A,['erbû I'],['CANONICAL ➝ Divination ➝ Celestial ➝ Enūma Anu Enlil ➝ Adad (EAE 36–49)'],,
196,"1879,0708.111",22,8,AKKADIAN,ZI-ma,ZI-ma,"['tebû I', '-ma I']",['CANONICAL ➝ Divination ➝ Celestial ➝ Enūma Anu Enlil ➝ Adad (EAE 36–49)'],,
197,"1879,0708.111",22,9,AKKADIAN,GIŠ-HI.A,GIŠ-HI.A,['iṣu I'],['CANONICAL ➝ Divination ➝ Celestial ➝ Enūma Anu Enlil ➝ Adad (EAE 36–49)'],,
198,"1879,0708.111",22,10,AKKADIAN,KAL-HI.A,KAL-HI.A,[],['CANONICAL ➝ Divination ➝ Celestial ➝ Enūma Anu Enlil ➝ Adad (EAE 36–49)'],,
199,"1879,0708.111",23,0,AKKADIAN,DIŠ,DIŠ,['šumma I'],['CANONICAL ➝ Divination ➝ Celestial ➝ Enūma Anu Enlil ➝ Adad (EAE 36–49)'],,
200,"1879,0708.111",23,1,AKKADIAN,{d}IŠKUR,{d}IŠKUR,['Adad I'],['CANONICAL ➝ Divination ➝ Celestial ➝ Enūma Anu Enlil ➝ Adad (EAE 36–49)'],,
201,"1879,0708.111",23,2,AKKADIAN,18-šu₂,18-šu₂,[],['CANONICAL ➝ Divination ➝ Celestial ➝ Enūma Anu Enlil ➝ Adad (EAE 36–49)'],,
202,"1879,0708.111",23,3,AKKADIAN,GU₃,GU₃,['rigmu I'],['CANONICAL ➝ Divination ➝ Celestial ➝ Enūma Anu Enlil ➝ Adad (EAE 36–49)'],,
203,"1879,0708.111",23,4,AKKADIAN,KIMIN,KIMIN,"['ašru III', 'šanû I']",['CANONICAL ➝ Divination ➝ Celestial ➝ Enūma Anu Enlil ➝ Adad (EAE 36–49)'],,
204,"1879,0708.111",24,1,AKKADIAN,{d}IŠKUR,{d}IŠKUR,['Adad I'],['CANONICAL ➝ Divination ➝ Celestial ➝ Enūma Anu Enlil ➝ Adad (EAE 36–49)'],,
205,"1879,0708.111",24,2,AKKADIAN,19-šu₂,19-šu₂,[],['CANONICAL ➝ Divination ➝ Celestial ➝ Enūma Anu Enlil ➝ Adad (EAE 36–49)'],,
206,"1879,0708.111",24,3,AKKADIAN,GU₃,GU₃,['rigmu I'],['CANONICAL ➝ Divination ➝ Celestial ➝ Enūma Anu Enlil ➝ Adad (EAE 36–49)'],,
207,"1879,0708.111",24,4,AKKADIAN,a-bu-ub,a-bu-ub,['abūbu I'],['CANONICAL ➝ Divination ➝ Celestial ➝ Enūma Anu Enlil ➝ Adad (EAE 36–49)'],,
208,"1879,0708.111",24,5,AKKADIAN,la,la,['lā I'],['CANONICAL ➝ Divination ➝ Celestial ➝ Enūma Anu Enlil ➝ Adad (EAE 36–49)'],,
209,"1879,0708.111",26,2,AKKADIAN,DIR,DIR,[],['CANONICAL ➝ Divination ➝ Celestial ➝ Enūma Anu Enlil ➝ Adad (EAE 36–49)'],,
