,fragment_id,fragment_line_num,index_in_line,word_language,value,clean_value,lemma,domain,place_discovery,place_composition
0,"1881,0204.197",1,1,AKKADIAN,,,[],['CANONICAL ➝ Divination ➝ Extispicy'],,
1,"1881,0204.197",1,3,AKKADIAN,U₄-MEŠ,U₄-MEŠ,[],['CANONICAL ➝ Divination ➝ Extispicy'],,
2,"1881,0204.197",3,1,AKKADIAN,,,[],['CANONICAL ➝ Divination ➝ Extispicy'],,
3,"1881,0204.197",3,3,AKKADIAN,MURUB₄-MEŠ-šu₂,MURUB₄-MEŠ-šu₂,[],['CANONICAL ➝ Divination ➝ Extispicy'],,
4,"1881,0204.197",3,5,AKKADIAN,U₄-MEŠ,U₄-MEŠ,[],['CANONICAL ➝ Divination ➝ Extispicy'],,
5,"1881,0204.197",3,7,AKKADIAN,TIL-MEŠ,TIL-MEŠ,[],['CANONICAL ➝ Divination ➝ Extispicy'],,
6,"1881,0204.197",5,1,AKKADIAN,SUHUŠ,SUHUŠ,[],['CANONICAL ➝ Divination ➝ Extispicy'],,
7,"1881,0204.197",5,3,AKKADIAN,GID₂.DA-ma,GID₂.DA-ma,[],['CANONICAL ➝ Divination ➝ Extispicy'],,
8,"1881,0204.197",5,4,AKKADIAN,PAP.HAL,PAP.HAL,[],['CANONICAL ➝ Divination ➝ Extispicy'],,
9,"1881,0204.197",5,5,AKKADIAN,15,15,[],['CANONICAL ➝ Divination ➝ Extispicy'],,
10,"1881,0204.197",5,6,AKKADIAN,IGI,IGI,[],['CANONICAL ➝ Divination ➝ Extispicy'],,
11,"1881,0204.197",5,7,AKKADIAN,KUR₂,KUR₂,[],['CANONICAL ➝ Divination ➝ Extispicy'],,
12,"1881,0204.197",5,8,AKKADIAN,KI,KI,[],['CANONICAL ➝ Divination ➝ Extispicy'],,
13,"1881,0204.197",5,11,AKKADIAN,u₂-lu,u₂-lu,[],['CANONICAL ➝ Divination ➝ Extispicy'],,
14,"1881,0204.197",6,1,AKKADIAN,KUR₂,KUR₂,[],['CANONICAL ➝ Divination ➝ Extispicy'],,
15,"1881,0204.197",6,2,AKKADIAN,ina,ina,[],['CANONICAL ➝ Divination ➝ Extispicy'],,
16,"1881,0204.197",6,4,AKKADIAN,KUR,KUR,[],['CANONICAL ➝ Divination ➝ Extispicy'],,
17,"1881,0204.197",6,6,AKKADIAN,E₃,E₃,[],['CANONICAL ➝ Divination ➝ Extispicy'],,
18,"1881,0204.197",8,0,AKKADIAN,BE,BE,[],['CANONICAL ➝ Divination ➝ Extispicy'],,
19,"1881,0204.197",8,1,AKKADIAN,KIMIN-ma,KIMIN-ma,[],['CANONICAL ➝ Divination ➝ Extispicy'],,
20,"1881,0204.197",8,2,AKKADIAN,PAP.HAL,PAP.HAL,[],['CANONICAL ➝ Divination ➝ Extispicy'],,
21,"1881,0204.197",8,3,AKKADIAN,150,150,[],['CANONICAL ➝ Divination ➝ Extispicy'],,
22,"1881,0204.197",8,4,AKKADIAN,IGI,IGI,[],['CANONICAL ➝ Divination ➝ Extispicy'],,
23,"1881,0204.197",8,5,AKKADIAN,NUN,NUN,[],['CANONICAL ➝ Divination ➝ Extispicy'],,
24,"1881,0204.197",8,6,AKKADIAN,KI,KI,[],['CANONICAL ➝ Divination ➝ Extispicy'],,
25,"1881,0204.197",8,7,AKKADIAN,KUR₂-šu₂,KUR₂-šu₂,[],['CANONICAL ➝ Divination ➝ Extispicy'],,
26,"1881,0204.197",8,9,AKKADIAN,u₂-lu,u₂-lu,[],['CANONICAL ➝ Divination ➝ Extispicy'],,
27,"1881,0204.197",9,1,AKKADIAN,ina,ina,[],['CANONICAL ➝ Divination ➝ Extispicy'],,
28,"1881,0204.197",9,2,AKKADIAN,ŠA₃,ŠA₃,[],['CANONICAL ➝ Divination ➝ Extispicy'],,
29,"1881,0204.197",9,4,AKKADIAN,KUR₂,KUR₂,[],['CANONICAL ➝ Divination ➝ Extispicy'],,
30,"1881,0204.197",9,6,AKKADIAN,E₃-a,E₃-a,[],['CANONICAL ➝ Divination ➝ Extispicy'],,
31,"1881,0204.197",11,0,AKKADIAN,BE,BE,[],['CANONICAL ➝ Divination ➝ Extispicy'],,
32,"1881,0204.197",11,1,AKKADIAN,KIMIN-ma,KIMIN-ma,[],['CANONICAL ➝ Divination ➝ Extispicy'],,
33,"1881,0204.197",11,2,AKKADIAN,ana,ana,[],['CANONICAL ➝ Divination ➝ Extispicy'],,
34,"1881,0204.197",11,3,AKKADIAN,15,15,[],['CANONICAL ➝ Divination ➝ Extispicy'],,
35,"1881,0204.197",11,4,AKKADIAN,GIR₂,GIR₂,[],['CANONICAL ➝ Divination ➝ Extispicy'],,
36,"1881,0204.197",11,5,AKKADIAN,i-mid,i-mid,[],['CANONICAL ➝ Divination ➝ Extispicy'],,
37,"1881,0204.197",11,6,AKKADIAN,DINGIR-MEŠ,DINGIR-MEŠ,[],['CANONICAL ➝ Divination ➝ Extispicy'],,
38,"1881,0204.197",11,8,AKKADIAN,ERIN₂,ERIN₂,[],['CANONICAL ➝ Divination ➝ Extispicy'],,
39,"1881,0204.197",11,9,AKKADIAN,KUR₂,KUR₂,[],['CANONICAL ➝ Divination ➝ Extispicy'],,
40,"1881,0204.197",11,10,AKKADIAN,GIN-MEŠ,GIN-MEŠ,[],['CANONICAL ➝ Divination ➝ Extispicy'],,
41,"1881,0204.197",11,11,AKKADIAN,ina,ina,[],['CANONICAL ➝ Divination ➝ Extispicy'],,
42,"1881,0204.197",11,13,AKKADIAN,KUR₂,KUR₂,[],['CANONICAL ➝ Divination ➝ Extispicy'],,
43,"1881,0204.197",13,0,AKKADIAN,BE,BE,[],['CANONICAL ➝ Divination ➝ Extispicy'],,
44,"1881,0204.197",13,1,AKKADIAN,KIMIN-ma,KIMIN-ma,[],['CANONICAL ➝ Divination ➝ Extispicy'],,
45,"1881,0204.197",13,2,AKKADIAN,ana,ana,[],['CANONICAL ➝ Divination ➝ Extispicy'],,
46,"1881,0204.197",13,3,AKKADIAN,150,150,[],['CANONICAL ➝ Divination ➝ Extispicy'],,
47,"1881,0204.197",13,4,AKKADIAN,GIR₂,GIR₂,[],['CANONICAL ➝ Divination ➝ Extispicy'],,
48,"1881,0204.197",13,5,AKKADIAN,i-mid,i-mid,[],['CANONICAL ➝ Divination ➝ Extispicy'],,
49,"1881,0204.197",13,6,AKKADIAN,DINGIR-MEŠ,DINGIR-MEŠ,[],['CANONICAL ➝ Divination ➝ Extispicy'],,
50,"1881,0204.197",13,8,AKKADIAN,ERIN₂,ERIN₂,[],['CANONICAL ➝ Divination ➝ Extispicy'],,
51,"1881,0204.197",13,9,AKKADIAN,NUN,NUN,[],['CANONICAL ➝ Divination ➝ Extispicy'],,
52,"1881,0204.197",13,10,AKKADIAN,GIN-MEŠ,GIN-MEŠ,[],['CANONICAL ➝ Divination ➝ Extispicy'],,
53,"1881,0204.197",13,11,AKKADIAN,ina,ina,[],['CANONICAL ➝ Divination ➝ Extispicy'],,
54,"1881,0204.197",13,12,AKKADIAN,{giš}TUKUL,{giš}TUKUL,[],['CANONICAL ➝ Divination ➝ Extispicy'],,
55,"1881,0204.197",13,13,AKKADIAN,KUR₂,KUR₂,[],['CANONICAL ➝ Divination ➝ Extispicy'],,
56,"1881,0204.197",15,0,AKKADIAN,BE,BE,[],['CANONICAL ➝ Divination ➝ Extispicy'],,
57,"1881,0204.197",15,1,AKKADIAN,KIMIN-ma,KIMIN-ma,[],['CANONICAL ➝ Divination ➝ Extispicy'],,
58,"1881,0204.197",15,2,AKKADIAN,ana,ana,[],['CANONICAL ➝ Divination ➝ Extispicy'],,
59,"1881,0204.197",15,3,AKKADIAN,15,15,[],['CANONICAL ➝ Divination ➝ Extispicy'],,
60,"1881,0204.197",15,4,AKKADIAN,GIR₂,GIR₂,[],['CANONICAL ➝ Divination ➝ Extispicy'],,
61,"1881,0204.197",15,5,AKKADIAN,ŠUB-ut,ŠUB-ut,[],['CANONICAL ➝ Divination ➝ Extispicy'],,
62,"1881,0204.197",15,6,AKKADIAN,KUR,KUR,[],['CANONICAL ➝ Divination ➝ Extispicy'],,
63,"1881,0204.197",15,7,AKKADIAN,NUN,NUN,[],['CANONICAL ➝ Divination ➝ Extispicy'],,
64,"1881,0204.197",15,9,AKKADIAN,IGI-mar,IGI-mar,[],['CANONICAL ➝ Divination ➝ Extispicy'],,
65,"1881,0204.197",15,10,AKKADIAN,ina,ina,[],['CANONICAL ➝ Divination ➝ Extispicy'],,
66,"1881,0204.197",15,11,AKKADIAN,{giš}TUKUL,{giš}TUKUL,[],['CANONICAL ➝ Divination ➝ Extispicy'],,
67,"1881,0204.197",15,12,AKKADIAN,KUR₂,KUR₂,[],['CANONICAL ➝ Divination ➝ Extispicy'],,
68,"1881,0204.197",17,0,AKKADIAN,BE,BE,[],['CANONICAL ➝ Divination ➝ Extispicy'],,
69,"1881,0204.197",17,1,AKKADIAN,KIMIN-ma,KIMIN-ma,[],['CANONICAL ➝ Divination ➝ Extispicy'],,
70,"1881,0204.197",17,2,AKKADIAN,ana,ana,[],['CANONICAL ➝ Divination ➝ Extispicy'],,
71,"1881,0204.197",17,3,AKKADIAN,150,150,[],['CANONICAL ➝ Divination ➝ Extispicy'],,
72,"1881,0204.197",17,4,AKKADIAN,GIR₂,GIR₂,[],['CANONICAL ➝ Divination ➝ Extispicy'],,
73,"1881,0204.197",17,5,AKKADIAN,ŠUB-ut,ŠUB-ut,[],['CANONICAL ➝ Divination ➝ Extispicy'],,
74,"1881,0204.197",17,6,AKKADIAN,KUR,KUR,[],['CANONICAL ➝ Divination ➝ Extispicy'],,
75,"1881,0204.197",17,7,AKKADIAN,KUR₂,KUR₂,[],['CANONICAL ➝ Divination ➝ Extispicy'],,
76,"1881,0204.197",17,9,AKKADIAN,IGI-mar,IGI-mar,[],['CANONICAL ➝ Divination ➝ Extispicy'],,
77,"1881,0204.197",17,10,AKKADIAN,ina,ina,[],['CANONICAL ➝ Divination ➝ Extispicy'],,
78,"1881,0204.197",17,11,AKKADIAN,{giš}TUKUL,{giš}TUKUL,[],['CANONICAL ➝ Divination ➝ Extispicy'],,
79,"1881,0204.197",17,12,AKKADIAN,KUR₂,KUR₂,[],['CANONICAL ➝ Divination ➝ Extispicy'],,
80,"1881,0204.197",19,0,AKKADIAN,BE,BE,[],['CANONICAL ➝ Divination ➝ Extispicy'],,
81,"1881,0204.197",19,1,AKKADIAN,KIMIN-ma,KIMIN-ma,[],['CANONICAL ➝ Divination ➝ Extispicy'],,
82,"1881,0204.197",19,2,AKKADIAN,ana,ana,[],['CANONICAL ➝ Divination ➝ Extispicy'],,
83,"1881,0204.197",19,3,AKKADIAN,GIR₂,GIR₂,[],['CANONICAL ➝ Divination ➝ Extispicy'],,
84,"1881,0204.197",19,4,AKKADIAN,u,u,[],['CANONICAL ➝ Divination ➝ Extispicy'],,
85,"1881,0204.197",19,5,AKKADIAN,GIR₂,GIR₂,[],['CANONICAL ➝ Divination ➝ Extispicy'],,
86,"1881,0204.197",19,6,AKKADIAN,ana,ana,[],['CANONICAL ➝ Divination ➝ Extispicy'],,
87,"1881,0204.197",19,7,AKKADIAN,PAP.HAL,PAP.HAL,[],['CANONICAL ➝ Divination ➝ Extispicy'],,
88,"1881,0204.197",19,9,AKKADIAN,ŠUB-ut,ŠUB-ut,[],['CANONICAL ➝ Divination ➝ Extispicy'],,
89,"1881,0204.197",19,11,AKKADIAN,ina,ina,[],['CANONICAL ➝ Divination ➝ Extispicy'],,
90,"1881,0204.197",19,12,AKKADIAN,KUR,KUR,[],['CANONICAL ➝ Divination ➝ Extispicy'],,
91,"1881,0204.197",19,13,AKKADIAN,NUN,NUN,[],['CANONICAL ➝ Divination ➝ Extispicy'],,
92,"1881,0204.197",21,0,AKKADIAN,BE,BE,[],['CANONICAL ➝ Divination ➝ Extispicy'],,
93,"1881,0204.197",21,1,AKKADIAN,KIMIN-ma,KIMIN-ma,[],['CANONICAL ➝ Divination ➝ Extispicy'],,
94,"1881,0204.197",21,2,AKKADIAN,ana,ana,[],['CANONICAL ➝ Divination ➝ Extispicy'],,
95,"1881,0204.197",21,3,AKKADIAN,GIR₂,GIR₂,[],['CANONICAL ➝ Divination ➝ Extispicy'],,
96,"1881,0204.197",21,4,AKKADIAN,u,u,[],['CANONICAL ➝ Divination ➝ Extispicy'],,
97,"1881,0204.197",21,5,AKKADIAN,GIR₂,GIR₂,[],['CANONICAL ➝ Divination ➝ Extispicy'],,
98,"1881,0204.197",21,6,AKKADIAN,ana,ana,[],['CANONICAL ➝ Divination ➝ Extispicy'],,
99,"1881,0204.197",21,7,AKKADIAN,PAP.HAL,PAP.HAL,[],['CANONICAL ➝ Divination ➝ Extispicy'],,
100,"1881,0204.197",21,8,AKKADIAN,150,150,[],['CANONICAL ➝ Divination ➝ Extispicy'],,
101,"1881,0204.197",21,9,AKKADIAN,ŠUB-ut,ŠUB-ut,[],['CANONICAL ➝ Divination ➝ Extispicy'],,
102,"1881,0204.197",21,11,AKKADIAN,ina,ina,[],['CANONICAL ➝ Divination ➝ Extispicy'],,
103,"1881,0204.197",21,12,AKKADIAN,KUR,KUR,[],['CANONICAL ➝ Divination ➝ Extispicy'],,
104,"1881,0204.197",21,13,AKKADIAN,KUR₂,KUR₂,[],['CANONICAL ➝ Divination ➝ Extispicy'],,
105,"1881,0204.197",23,0,AKKADIAN,BE,BE,[],['CANONICAL ➝ Divination ➝ Extispicy'],,
106,"1881,0204.197",23,3,AKKADIAN,DAG,DAG,[],['CANONICAL ➝ Divination ➝ Extispicy'],,
107,"1881,0204.197",23,4,AKKADIAN,15,15,[],['CANONICAL ➝ Divination ➝ Extispicy'],,
108,"1881,0204.197",23,5,AKKADIAN,GIR₂,GIR₂,[],['CANONICAL ➝ Divination ➝ Extispicy'],,
109,"1881,0204.197",23,6,AKKADIAN,ŠUB-ut,ŠUB-ut,[],['CANONICAL ➝ Divination ➝ Extispicy'],,
110,"1881,0204.197",23,7,AKKADIAN,KUR₂,KUR₂,[],['CANONICAL ➝ Divination ➝ Extispicy'],,
111,"1881,0204.197",23,8,AKKADIAN,KUR,KUR,[],['CANONICAL ➝ Divination ➝ Extispicy'],,
112,"1881,0204.197",23,9,AKKADIAN,NUN,NUN,[],['CANONICAL ➝ Divination ➝ Extispicy'],,
113,"1881,0204.197",23,11,AKKADIAN,ina,ina,[],['CANONICAL ➝ Divination ➝ Extispicy'],,
114,"1881,0204.197",23,12,AKKADIAN,{giš}TUKUL,{giš}TUKUL,[],['CANONICAL ➝ Divination ➝ Extispicy'],,
115,"1881,0204.197",24,2,AKKADIAN,ina,ina,[],['CANONICAL ➝ Divination ➝ Extispicy'],,
116,"1881,0204.197",26,0,AKKADIAN,BE,BE,[],['CANONICAL ➝ Divination ➝ Extispicy'],,
117,"1881,0204.197",26,3,AKKADIAN,DAG,DAG,[],['CANONICAL ➝ Divination ➝ Extispicy'],,
118,"1881,0204.197",26,4,AKKADIAN,150,150,[],['CANONICAL ➝ Divination ➝ Extispicy'],,
119,"1881,0204.197",26,5,AKKADIAN,GIR₂,GIR₂,[],['CANONICAL ➝ Divination ➝ Extispicy'],,
120,"1881,0204.197",26,7,AKKADIAN,NUN,NUN,[],['CANONICAL ➝ Divination ➝ Extispicy'],,
121,"1881,0204.197",26,8,AKKADIAN,KUR,KUR,[],['CANONICAL ➝ Divination ➝ Extispicy'],,
122,"1881,0204.197",26,11,AKKADIAN,ina,ina,[],['CANONICAL ➝ Divination ➝ Extispicy'],,
123,"1881,0204.197",27,1,AKKADIAN,KUR₂,KUR₂,[],['CANONICAL ➝ Divination ➝ Extispicy'],,
124,"1881,0204.197",27,3,AKKADIAN,ina,ina,[],['CANONICAL ➝ Divination ➝ Extispicy'],,
125,"1881,0204.197",27,4,AKKADIAN,KI.GUB-šu₂,KI.GUB-šu₂,[],['CANONICAL ➝ Divination ➝ Extispicy'],,
126,"1881,0204.197",29,0,AKKADIAN,BE,BE,[],['CANONICAL ➝ Divination ➝ Extispicy'],,
127,"1881,0204.197",29,1,AKKADIAN,KIMIN-ma,KIMIN-ma,[],['CANONICAL ➝ Divination ➝ Extispicy'],,
128,"1881,0204.197",29,2,AKKADIAN,ana,ana,[],['CANONICAL ➝ Divination ➝ Extispicy'],,
129,"1881,0204.197",29,3,AKKADIAN,GIR₂,GIR₂,[],['CANONICAL ➝ Divination ➝ Extispicy'],,
130,"1881,0204.197",29,4,AKKADIAN,u,u,[],['CANONICAL ➝ Divination ➝ Extispicy'],,
131,"1881,0204.197",29,5,AKKADIAN,GIR₂,GIR₂,[],['CANONICAL ➝ Divination ➝ Extispicy'],,
132,"1881,0204.197",29,6,AKKADIAN,ana,ana,[],['CANONICAL ➝ Divination ➝ Extispicy'],,
133,"1881,0204.197",29,7,AKKADIAN,KA,KA,[],['CANONICAL ➝ Divination ➝ Extispicy'],,
134,"1881,0204.197",29,8,AKKADIAN,DUG₃.GA,DUG₃.GA,[],['CANONICAL ➝ Divination ➝ Extispicy'],,
135,"1881,0204.197",29,9,AKKADIAN,ŠUB-ut,ŠUB-ut,[],['CANONICAL ➝ Divination ➝ Extispicy'],,
136,"1881,0204.197",29,10,AKKADIAN,NUN,NUN,[],['CANONICAL ➝ Divination ➝ Extispicy'],,
137,"1881,0204.197",29,11,AKKADIAN,ID₂,ID₂,[],['CANONICAL ➝ Divination ➝ Extispicy'],,
138,"1881,0204.197",30,1,AKKADIAN,KUR-su,KUR-su,[],['CANONICAL ➝ Divination ➝ Extispicy'],,
139,"1881,0204.197",30,2,AKKADIAN,NINDA-HI.A,NINDA-HI.A,[],['CANONICAL ➝ Divination ➝ Extispicy'],,
140,"1881,0204.197",32,0,AKKADIAN,BE,BE,[],['CANONICAL ➝ Divination ➝ Extispicy'],,
141,"1881,0204.197",32,1,AKKADIAN,,,[],['CANONICAL ➝ Divination ➝ Extispicy'],,
142,"1881,0204.197",32,2,AKKADIAN,u,u,[],['CANONICAL ➝ Divination ➝ Extispicy'],,
143,"1881,0204.197",32,3,AKKADIAN,GIR₂,GIR₂,[],['CANONICAL ➝ Divination ➝ Extispicy'],,
144,"1881,0204.197",32,4,AKKADIAN,nen-mu-du-ma,nen-mu-du-ma,[],['CANONICAL ➝ Divination ➝ Extispicy'],,
145,"1881,0204.197",32,5,AKKADIAN,ana,ana,[],['CANONICAL ➝ Divination ➝ Extispicy'],,
146,"1881,0204.197",32,6,AKKADIAN,DAG,DAG,[],['CANONICAL ➝ Divination ➝ Extispicy'],,
147,"1881,0204.197",32,7,AKKADIAN,15,15,[],['CANONICAL ➝ Divination ➝ Extispicy'],,
148,"1881,0204.197",32,8,AKKADIAN,ŠUB-MEŠ,ŠUB-MEŠ,[],['CANONICAL ➝ Divination ➝ Extispicy'],,
149,"1881,0204.197",32,9,AKKADIAN,KI,KI,[],['CANONICAL ➝ Divination ➝ Extispicy'],,
150,"1881,0204.197",32,10,AKKADIAN,NUN,NUN,[],['CANONICAL ➝ Divination ➝ Extispicy'],,
151,"1881,0204.197",33,1,AKKADIAN,i-pa-qa-ra-šu₂-ma,i-pa-qa-ra-šu₂-ma,[],['CANONICAL ➝ Divination ➝ Extispicy'],,
152,"1881,0204.197",35,0,AKKADIAN,BE,BE,[],['CANONICAL ➝ Divination ➝ Extispicy'],,
153,"1881,0204.197",35,1,AKKADIAN,,,[],['CANONICAL ➝ Divination ➝ Extispicy'],,
154,"1881,0204.197",35,2,AKKADIAN,u,u,[],['CANONICAL ➝ Divination ➝ Extispicy'],,
155,"1881,0204.197",35,3,AKKADIAN,GIR₂,GIR₂,[],['CANONICAL ➝ Divination ➝ Extispicy'],,
156,"1881,0204.197",35,4,AKKADIAN,nen-mu-du-ma,nen-mu-du-ma,[],['CANONICAL ➝ Divination ➝ Extispicy'],,
157,"1881,0204.197",35,5,AKKADIAN,ana,ana,[],['CANONICAL ➝ Divination ➝ Extispicy'],,
158,"1881,0204.197",35,6,AKKADIAN,DAG,DAG,[],['CANONICAL ➝ Divination ➝ Extispicy'],,
159,"1881,0204.197",35,7,AKKADIAN,150,150,[],['CANONICAL ➝ Divination ➝ Extispicy'],,
160,"1881,0204.197",35,8,AKKADIAN,ŠUB-MEŠ,ŠUB-MEŠ,[],['CANONICAL ➝ Divination ➝ Extispicy'],,
161,"1881,0204.197",35,9,AKKADIAN,KI,KI,[],['CANONICAL ➝ Divination ➝ Extispicy'],,
162,"1881,0204.197",37,0,AKKADIAN,BE,BE,[],['CANONICAL ➝ Divination ➝ Extispicy'],,
163,"1881,0204.197",37,1,AKKADIAN,SUHUŠ,SUHUŠ,[],['CANONICAL ➝ Divination ➝ Extispicy'],,
164,"1881,0204.197",37,2,AKKADIAN,,,[],['CANONICAL ➝ Divination ➝ Extispicy'],,
165,"1881,0204.197",37,3,AKKADIAN,GID₂.DA-ik-ma,GID₂.DA-ik-ma,[],['CANONICAL ➝ Divination ➝ Extispicy'],,
166,"1881,0204.197",37,4,AKKADIAN,GIR₂,GIR₂,[],['CANONICAL ➝ Divination ➝ Extispicy'],,
167,"1881,0204.197",37,5,AKKADIAN,KUR-ud,KUR-ud,[],['CANONICAL ➝ Divination ➝ Extispicy'],,
168,"1881,0204.197",37,6,AKKADIAN,NUN,NUN,[],['CANONICAL ➝ Divination ➝ Extispicy'],,
169,"1881,0204.197",37,7,AKKADIAN,ina,ina,[],['CANONICAL ➝ Divination ➝ Extispicy'],,
170,"1881,0204.197",37,8,AKKADIAN,KASKAL,KASKAL,[],['CANONICAL ➝ Divination ➝ Extispicy'],,
171,"1881,0204.197",39,0,AKKADIAN,BE,BE,[],['CANONICAL ➝ Divination ➝ Extispicy'],,
172,"1881,0204.197",39,1,AKKADIAN,SUHUŠ,SUHUŠ,[],['CANONICAL ➝ Divination ➝ Extispicy'],,
173,"1881,0204.197",39,2,AKKADIAN,,,[],['CANONICAL ➝ Divination ➝ Extispicy'],,
174,"1881,0204.197",39,3,AKKADIAN,GID₂.DA-ik-ma,GID₂.DA-ik-ma,[],['CANONICAL ➝ Divination ➝ Extispicy'],,
175,"1881,0204.197",39,4,AKKADIAN,GIR₂,GIR₂,[],['CANONICAL ➝ Divination ➝ Extispicy'],,
176,"1881,0204.197",39,5,AKKADIAN,NU,NU,[],['CANONICAL ➝ Divination ➝ Extispicy'],,
177,"1881,0204.197",39,6,AKKADIAN,KUR-ud,KUR-ud,[],['CANONICAL ➝ Divination ➝ Extispicy'],,
178,"1881,0204.197",39,7,AKKADIAN,NUN,NUN,[],['CANONICAL ➝ Divination ➝ Extispicy'],,
179,"1881,0204.197",39,8,AKKADIAN,ina,ina,[],['CANONICAL ➝ Divination ➝ Extispicy'],,
180,"1881,0204.197",39,9,AKKADIAN,KASKAL,KASKAL,[],['CANONICAL ➝ Divination ➝ Extispicy'],,
181,"1881,0204.197",39,11,AKKADIAN,NU,NU,[],['CANONICAL ➝ Divination ➝ Extispicy'],,
182,"1881,0204.197",41,0,AKKADIAN,BE,BE,[],['CANONICAL ➝ Divination ➝ Extispicy'],,
183,"1881,0204.197",41,1,AKKADIAN,KIMIN-ma,KIMIN-ma,[],['CANONICAL ➝ Divination ➝ Extispicy'],,
184,"1881,0204.197",41,2,AKKADIAN,ana,ana,[],['CANONICAL ➝ Divination ➝ Extispicy'],,
185,"1881,0204.197",41,3,AKKADIAN,ME.NI,ME.NI,[],['CANONICAL ➝ Divination ➝ Extispicy'],,
186,"1881,0204.197",41,4,AKKADIAN,ŠUB-ut,ŠUB-ut,[],['CANONICAL ➝ Divination ➝ Extispicy'],,
187,"1881,0204.197",41,5,AKKADIAN,GIR₃-MIN,GIR₃-MIN,[],['CANONICAL ➝ Divination ➝ Extispicy'],,
188,"1881,0204.197",41,6,AKKADIAN,KUR₂-tu₄,KUR₂-tu₄,[],['CANONICAL ➝ Divination ➝ Extispicy'],,
189,"1881,0204.197",41,7,AKKADIAN,ana,ana,[],['CANONICAL ➝ Divination ➝ Extispicy'],,
190,"1881,0204.197",41,8,AKKADIAN,ŠA₃,ŠA₃,[],['CANONICAL ➝ Divination ➝ Extispicy'],,
191,"1881,0204.197",41,9,AKKADIAN,KUR,KUR,[],['CANONICAL ➝ Divination ➝ Extispicy'],,
192,"1881,0204.197",41,11,AKKADIAN,u₂-lu,u₂-lu,[],['CANONICAL ➝ Divination ➝ Extispicy'],,
193,"1881,0204.197",42,1,AKKADIAN,ina,ina,[],['CANONICAL ➝ Divination ➝ Extispicy'],,
194,"1881,0204.197",42,2,AKKADIAN,ŠA₃,ŠA₃,[],['CANONICAL ➝ Divination ➝ Extispicy'],,
195,"1881,0204.197",42,3,AKKADIAN,KUR,KUR,[],['CANONICAL ➝ Divination ➝ Extispicy'],,
196,"1881,0204.197",44,0,AKKADIAN,BE,BE,[],['CANONICAL ➝ Divination ➝ Extispicy'],,
197,"1881,0204.197",44,1,AKKADIAN,KIMIN-ma,KIMIN-ma,[],['CANONICAL ➝ Divination ➝ Extispicy'],,
198,"1881,0204.197",44,2,AKKADIAN,ana,ana,[],['CANONICAL ➝ Divination ➝ Extispicy'],,
199,"1881,0204.197",44,3,AKKADIAN,GIR₂,GIR₂,[],['CANONICAL ➝ Divination ➝ Extispicy'],,
200,"1881,0204.197",44,5,AKKADIAN,GIR₂,GIR₂,[],['CANONICAL ➝ Divination ➝ Extispicy'],,
201,"1881,0204.197",44,6,AKKADIAN,ana,ana,[],['CANONICAL ➝ Divination ➝ Extispicy'],,
202,"1881,0204.197",44,7,AKKADIAN,ME.NI,ME.NI,[],['CANONICAL ➝ Divination ➝ Extispicy'],,
203,"1881,0204.197",44,11,AKKADIAN,pi-hi-i-tu₄,pi-hi-i-tu₄,[],['CANONICAL ➝ Divination ➝ Extispicy'],,
204,"1881,0204.197",44,12,AKKADIAN,BAD-te,BAD-te,[],['CANONICAL ➝ Divination ➝ Extispicy'],,
205,"1881,0204.197",48,2,AKKADIAN,BABBAR,BABBAR,[],['CANONICAL ➝ Divination ➝ Extispicy'],,
206,"1881,0204.197",50,0,AKKADIAN,BE,BE,[],['CANONICAL ➝ Divination ➝ Extispicy'],,
207,"1881,0204.197",52,0,AKKADIAN,BE,BE,[],['CANONICAL ➝ Divination ➝ Extispicy'],,
208,"1881,0204.197",52,1,AKKADIAN,KIMIN-ma,KIMIN-ma,[],['CANONICAL ➝ Divination ➝ Extispicy'],,
209,"1881,0204.197",54,0,AKKADIAN,BE,BE,[],['CANONICAL ➝ Divination ➝ Extispicy'],,
210,"1881,0204.197",54,1,AKKADIAN,,,[],['CANONICAL ➝ Divination ➝ Extispicy'],,
211,"1881,0204.197",54,3,AKKADIAN,a-rim,a-rim,[],['CANONICAL ➝ Divination ➝ Extispicy'],,
212,"1881,0204.197",54,4,AKKADIAN,LUGAL,LUGAL,[],['CANONICAL ➝ Divination ➝ Extispicy'],,
213,"1881,0204.197",54,5,AKKADIAN,GIG,GIG,[],['CANONICAL ➝ Divination ➝ Extispicy'],,
214,"1881,0204.197",54,6,AKKADIAN,dan-na,dan-na,[],['CANONICAL ➝ Divination ➝ Extispicy'],,
215,"1881,0204.197",56,0,AKKADIAN,BE,BE,[],['CANONICAL ➝ Divination ➝ Extispicy'],,
216,"1881,0204.197",56,1,AKKADIAN,,,[],['CANONICAL ➝ Divination ➝ Extispicy'],,
217,"1881,0204.197",56,4,AKKADIAN,TAG-MEŠ,TAG-MEŠ,[],['CANONICAL ➝ Divination ➝ Extispicy'],,
218,"1881,0204.197",56,5,AKKADIAN,LUGAL,LUGAL,[],['CANONICAL ➝ Divination ➝ Extispicy'],,
219,"1881,0204.197",56,6,AKKADIAN,ina,ina,[],['CANONICAL ➝ Divination ➝ Extispicy'],,
220,"1881,0204.197",56,7,AKKADIAN,GIG,GIG,[],['CANONICAL ➝ Divination ➝ Extispicy'],,
221,"1881,0204.197",56,8,AKKADIAN,UR₅-tu₂,UR₅-tu₂,[],['CANONICAL ➝ Divination ➝ Extispicy'],,
222,"1881,0204.197",59,0,AKKADIAN,1,1,[],['CANONICAL ➝ Divination ➝ Extispicy'],,
223,"1881,0204.197",59,1,AKKADIAN,UŠ,UŠ,[],['CANONICAL ➝ Divination ➝ Extispicy'],,
224,"1881,0204.197",59,2,AKKADIAN,11,11,[],['CANONICAL ➝ Divination ➝ Extispicy'],,
225,"1881,0204.197",61,0,AKKADIAN,BE,BE,[],['CANONICAL ➝ Divination ➝ Extispicy'],,
226,"1881,0204.197",61,1,AKKADIAN,,,[],['CANONICAL ➝ Divination ➝ Extispicy'],,
227,"1881,0204.197",61,2,AKKADIAN,GIM,GIM,[],['CANONICAL ➝ Divination ➝ Extispicy'],,
228,"1881,0204.197",61,3,AKKADIAN,U₄.SAKAR,U₄.SAKAR,[],['CANONICAL ➝ Divination ➝ Extispicy'],,
229,"1881,0204.197",61,4,AKKADIAN,ana,ana,[],['CANONICAL ➝ Divination ➝ Extispicy'],,
