,fragment_id,fragment_line_num,index_in_line,word_language,value,clean_value,lemma,domain,place_discovery,place_composition
0,"1879,0708.83",2,1,AKKADIAN,ana,ana,['ana I'],['CANONICAL ➝ Literature ➝ Lamentations ➝ Eršema (Kidudû)'],,
1,"1879,0708.83",3,2,EMESAL,zi-za,zi-za,[],['CANONICAL ➝ Literature ➝ Lamentations ➝ Eršema (Kidudû)'],,
2,"1879,0708.83",3,4,EMESAL,dur₂,dur₂,[],['CANONICAL ➝ Literature ➝ Lamentations ➝ Eršema (Kidudû)'],,
3,"1879,0708.83",3,5,EMESAL,ki,ki,[],['CANONICAL ➝ Literature ➝ Lamentations ➝ Eršema (Kidudû)'],,
4,"1879,0708.83",5,1,AKKADIAN,šub-ti-ka,šub-ti-ka,['šubtu I'],['CANONICAL ➝ Literature ➝ Lamentations ➝ Eršema (Kidudû)'],,
5,"1879,0708.83",5,3,AKKADIAN,er-um-ma,er-um-ma,['erēbu I'],['CANONICAL ➝ Literature ➝ Lamentations ➝ Eršema (Kidudû)'],,
6,"1879,0708.83",5,5,AKKADIAN,ne₂-eh-tu₂,ne₂-eh-tu₂,['nēhtu I'],['CANONICAL ➝ Literature ➝ Lamentations ➝ Eršema (Kidudû)'],,
7,"1879,0708.83",8,1,AKKADIAN,ana,ana,['ana I'],['CANONICAL ➝ Literature ➝ Lamentations ➝ Eršema (Kidudû)'],,
8,"1879,0708.83",9,2,EMESAL,ki,ki,[],['CANONICAL ➝ Literature ➝ Lamentations ➝ Eršema (Kidudû)'],,
9,"1879,0708.83",9,4,EMESAL,eridu{ki},eridu{ki},[],['CANONICAL ➝ Literature ➝ Lamentations ➝ Eršema (Kidudû)'],,
10,"1879,0708.83",11,2,AKKADIAN,el-lu,el-lu,['ellu I'],['CANONICAL ➝ Literature ➝ Lamentations ➝ Eršema (Kidudû)'],,
11,"1879,0708.83",11,3,AKKADIAN,eri-du₁₀,eri-du₁₀,[],['CANONICAL ➝ Literature ➝ Lamentations ➝ Eršema (Kidudû)'],,
12,"1879,0708.83",12,3,EMESAL,še-eb,še-eb,[],['CANONICAL ➝ Literature ➝ Lamentations ➝ Eršema (Kidudû)'],,
13,"1879,0708.83",16,2,EMESAL,dur₂,dur₂,[],['CANONICAL ➝ Literature ➝ Lamentations ➝ Eršema (Kidudû)'],,
14,"1879,0708.83",16,3,EMESAL,ki,ki,[],['CANONICAL ➝ Literature ➝ Lamentations ➝ Eršema (Kidudû)'],,
