,fragment_id,fragment_line_num,index_in_line,word_language,value,clean_value,lemma,domain,place_discovery,place_composition
0,"1880,0617.2400",0,2,AKKADIAN,an-šar₂,an-šar₂,[],[],,
1,"1880,0617.2400",0,3,AKKADIAN,MU,MU,[],[],,
2,"1880,0617.2400",0,4,AKKADIAN,{d}50,{d}50,[],[],,
3,"1880,0617.2400",0,5,AKKADIAN,DU,DU,[],[],,
4,"1880,0617.2400",1,1,AKKADIAN,KA₂-šu₂,KA₂-šu₂,[],[],,
5,"1880,0617.2400",1,3,AKKADIAN,ina,ina,[],[],,
6,"1880,0617.2400",1,4,AKKADIAN,KI,KI,[],[],,
7,"1880,0617.2400",3,2,AKKADIAN,MU,MU,[],[],,
8,"1880,0617.2400",3,3,AKKADIAN,{d}50,{d}50,[],[],,
9,"1880,0617.2400",3,4,AKKADIAN,DU,DU,[],[],,
10,"1880,0617.2400",6,1,AKKADIAN,AD.HAL,AD.HAL,[],[],,
11,"1880,0617.2400",6,3,AKKADIAN,{d}50,{d}50,[],[],,
12,"1880,0617.2400",6,4,AKKADIAN,a-na,a-na,[],[],,
13,"1880,0617.2400",6,5,AKKADIAN,{mul}{giš}GIGIR,{mul}{giš}GIGIR,[],[],,
14,"1880,0617.2400",6,6,AKKADIAN,IB₂.BI-ma,IB₂.BI-ma,[],[],,
