,fragment_id,fragment_line_num,index_in_line,word_language,value,clean_value,lemma,domain,place_discovery,place_composition
0,"1879,0708.247",1,1,AKKADIAN,be,be,[],['CANONICAL ➝ Literature ➝ Hymns ➝ Royal (?)'],,
1,"1879,0708.247",6,7,AKKADIAN,lam-du,lam-du,[],['CANONICAL ➝ Literature ➝ Hymns ➝ Royal (?)'],,
2,"1879,0708.247",7,6,AKKADIAN,u,u,[],['CANONICAL ➝ Literature ➝ Hymns ➝ Royal (?)'],,
3,"1879,0708.247",7,7,AKKADIAN,mil-ki,mil-ki,[],['CANONICAL ➝ Literature ➝ Hymns ➝ Royal (?)'],,
4,"1879,0708.247",9,5,AKKADIAN,it-pe-šu₂,it-pe-šu₂,[],['CANONICAL ➝ Literature ➝ Hymns ➝ Royal (?)'],,
5,"1879,0708.247",10,5,AKKADIAN,KUR.KUR.RA,KUR.KUR.RA,[],['CANONICAL ➝ Literature ➝ Hymns ➝ Royal (?)'],,
6,"1879,0708.247",10,6,AKKADIAN,pu-tuq-qu-ma,pu-tuq-qu-ma,[],['CANONICAL ➝ Literature ➝ Hymns ➝ Royal (?)'],,
7,"1879,0708.247",10,7,AKKADIAN,a-na,a-na,[],['CANONICAL ➝ Literature ➝ Hymns ➝ Royal (?)'],,
8,"1879,0708.247",12,4,AKKADIAN,{d}e₂-a,{d}e₂-a,[],['CANONICAL ➝ Literature ➝ Hymns ➝ Royal (?)'],,
9,"1879,0708.247",12,5,AKKADIAN,EN,EN,[],['CANONICAL ➝ Literature ➝ Hymns ➝ Royal (?)'],,
10,"1879,0708.247",12,6,AKKADIAN,te-ne-še-e-ti,te-ne-še-e-ti,[],['CANONICAL ➝ Literature ➝ Hymns ➝ Royal (?)'],,
11,"1879,0708.247",13,3,AKKADIAN,pa-le-e,pa-le-e,[],['CANONICAL ➝ Literature ➝ Hymns ➝ Royal (?)'],,
12,"1879,0708.247",13,4,AKKADIAN,a-la-ku,a-la-ku,[],['CANONICAL ➝ Literature ➝ Hymns ➝ Royal (?)'],,
13,"1879,0708.247",13,5,AKKADIAN,iq-bu-u₂,iq-bu-u₂,[],['CANONICAL ➝ Literature ➝ Hymns ➝ Royal (?)'],,
14,"1879,0708.247",15,2,AKKADIAN,iš-šam-ma,iš-šam-ma,[],['CANONICAL ➝ Literature ➝ Hymns ➝ Royal (?)'],,
15,"1879,0708.247",15,3,AKKADIAN,{i₇}IDIGNA,{i₇}IDIGNA,[],['CANONICAL ➝ Literature ➝ Hymns ➝ Royal (?)'],,
16,"1879,0708.247",15,4,AKKADIAN,im-la-a,im-la-a,[],['CANONICAL ➝ Literature ➝ Hymns ➝ Royal (?)'],,
17,"1879,0708.247",16,3,AKKADIAN,nag-bi,nag-bi,[],['CANONICAL ➝ Literature ➝ Hymns ➝ Royal (?)'],,
18,"1879,0708.247",16,4,AKKADIAN,a-šal-šu₂,a-šal-šu₂,[],['CANONICAL ➝ Literature ➝ Hymns ➝ Royal (?)'],,
19,"1879,0708.247",16,5,AKKADIAN,u₂-šat-ri-ṣu,u₂-šat-ri-ṣu,[],['CANONICAL ➝ Literature ➝ Hymns ➝ Royal (?)'],,
20,"1879,0708.247",18,2,AKKADIAN,šar-ru-ti,šar-ru-ti,[],['CANONICAL ➝ Literature ➝ Hymns ➝ Royal (?)'],,
21,"1879,0708.247",18,3,AKKADIAN,šal-ṭi-iš,šal-ṭi-iš,[],['CANONICAL ➝ Literature ➝ Hymns ➝ Royal (?)'],,
22,"1879,0708.247",18,4,AKKADIAN,iš-di-ha,iš-di-ha,[],['CANONICAL ➝ Literature ➝ Hymns ➝ Royal (?)'],,
23,"1879,0708.247",19,2,AKKADIAN,150-šu₂,150-šu₂,[],['CANONICAL ➝ Literature ➝ Hymns ➝ Royal (?)'],,
24,"1879,0708.247",19,3,AKKADIAN,šu-ta-as-hu-ru,šu-ta-as-hu-ru,[],['CANONICAL ➝ Literature ➝ Hymns ➝ Royal (?)'],,
25,"1879,0708.247",19,4,AKKADIAN,sur-qin-ni,sur-qin-ni,[],['CANONICAL ➝ Literature ➝ Hymns ➝ Royal (?)'],,
26,"1879,0708.247",19,6,AKKADIAN,ṭa-a-bu,ṭa-a-bu,[],['CANONICAL ➝ Literature ➝ Hymns ➝ Royal (?)'],,
27,"1879,0708.247",21,2,AKKADIAN,{lu₂}na-a-ri,{lu₂}na-a-ri,[],['CANONICAL ➝ Literature ➝ Hymns ➝ Royal (?)'],,
28,"1879,0708.247",21,3,AKKADIAN,u₂-šar-ra-hu,u₂-šar-ra-hu,[],['CANONICAL ➝ Literature ➝ Hymns ➝ Royal (?)'],,
29,"1879,0708.247",21,4,AKKADIAN,LUGAL,LUGAL,[],['CANONICAL ➝ Literature ➝ Hymns ➝ Royal (?)'],,
