,fragment_id,fragment_line_num,index_in_line,word_language,value,clean_value,lemma,domain,place_discovery,place_composition
0,"1881,0204.222",1,0,AKKADIAN,DIŠ,DIŠ,[],[],,
1,"1881,0204.222",1,1,AKKADIAN,ina,ina,[],[],,
2,"1881,0204.222",2,0,AKKADIAN,DIŠ,DIŠ,[],[],,
3,"1881,0204.222",2,1,AKKADIAN,ina,ina,[],[],,
4,"1881,0204.222",2,2,AKKADIAN,{iti}ŠE,{iti}ŠE,[],[],,
5,"1881,0204.222",4,0,AKKADIAN,DIŠ,DIŠ,[],[],,
6,"1881,0204.222",4,1,AKKADIAN,ina,ina,[],[],,
7,"1881,0204.222",4,2,AKKADIAN,{iti}BARA₂,{iti}BARA₂,[],[],,
8,"1881,0204.222",4,3,AKKADIAN,{d}IŠKUR,{d}IŠKUR,[],[],,
9,"1881,0204.222",5,0,AKKADIAN,DIŠ,DIŠ,[],[],,
10,"1881,0204.222",5,1,AKKADIAN,ina,ina,[],[],,
11,"1881,0204.222",5,2,AKKADIAN,{iti}GU₄,{iti}GU₄,[],[],,
12,"1881,0204.222",6,0,AKKADIAN,DIŠ,DIŠ,[],[],,
13,"1881,0204.222",6,1,AKKADIAN,ina,ina,[],[],,
14,"1881,0204.222",6,2,AKKADIAN,{iti}SIG₄,{iti}SIG₄,[],[],,
15,"1881,0204.222",6,3,AKKADIAN,GANBA,GANBA,[],[],,
16,"1881,0204.222",7,0,AKKADIAN,DIŠ,DIŠ,[],[],,
17,"1881,0204.222",7,1,AKKADIAN,ina,ina,[],[],,
18,"1881,0204.222",7,2,AKKADIAN,{iti}ŠU,{iti}ŠU,[],[],,
19,"1881,0204.222",7,3,AKKADIAN,BAD₅.BAD₅,BAD₅.BAD₅,[],[],,
20,"1881,0204.222",8,0,AKKADIAN,DIŠ,DIŠ,[],[],,
21,"1881,0204.222",8,1,AKKADIAN,ina,ina,[],[],,
22,"1881,0204.222",8,2,AKKADIAN,{iti}IZI,{iti}IZI,[],[],,
23,"1881,0204.222",8,3,AKKADIAN,UŠ₂-MEŠ,UŠ₂-MEŠ,[],[],,
24,"1881,0204.222",9,0,AKKADIAN,DIŠ,DIŠ,[],[],,
25,"1881,0204.222",9,1,AKKADIAN,ina,ina,[],[],,
26,"1881,0204.222",9,2,AKKADIAN,{iti}KI,{iti}KI,[],[],,
27,"1881,0204.222",9,3,AKKADIAN,MU.3.KAM₂,MU.3.KAM₂,[],[],,
28,"1881,0204.222",10,0,AKKADIAN,DIŠ,DIŠ,[],[],,
29,"1881,0204.222",10,1,AKKADIAN,ina,ina,[],[],,
30,"1881,0204.222",10,2,AKKADIAN,{iti}DU₆,{iti}DU₆,[],[],,
31,"1881,0204.222",10,3,AKKADIAN,kal,kal,[],[],,
32,"1881,0204.222",11,1,AKKADIAN,ina,ina,[],[],,
33,"1881,0204.222",11,2,AKKADIAN,{iti}APIN,{iti}APIN,[],[],,
34,"1881,0204.222",12,1,AKKADIAN,ina,ina,[],[],,
35,"1881,0204.222",12,2,AKKADIAN,{iti}GAN,{iti}GAN,[],[],,
36,"1881,0204.222",13,1,AKKADIAN,ina,ina,[],[],,
37,"1881,0204.222",13,2,AKKADIAN,{iti}AB,{iti}AB,[],[],,
38,"1881,0204.222",14,1,AKKADIAN,ina,ina,[],[],,
39,"1881,0204.222",14,2,AKKADIAN,{iti}ZIZ₂,{iti}ZIZ₂,[],[],,
40,"1881,0204.222",15,1,AKKADIAN,ina,ina,[],[],,
41,"1881,0204.222",15,2,AKKADIAN,{iti}ŠE,{iti}ŠE,[],[],,
42,"1881,0204.222",17,1,AKKADIAN,ina,ina,[],[],,
43,"1881,0204.222",19,0,AKKADIAN,DIŠ,DIŠ,[],[],,
44,"1881,0204.222",20,0,AKKADIAN,DIŠ,DIŠ,[],[],,
45,"1881,0204.222",21,0,AKKADIAN,DIŠ,DIŠ,[],[],,
46,"1881,0204.222",22,0,AKKADIAN,DIŠ,DIŠ,[],[],,
47,"1881,0204.222",22,1,AKKADIAN,{iti}NE,{iti}NE,[],[],,
48,"1881,0204.222",22,2,AKKADIAN,MIN,MIN,[],[],,
49,"1881,0204.222",23,0,AKKADIAN,DIŠ,DIŠ,[],[],,
50,"1881,0204.222",23,1,AKKADIAN,{iti}KIN,{iti}KIN,[],[],,
51,"1881,0204.222",23,2,AKKADIAN,MIN,MIN,[],[],,
52,"1881,0204.222",24,0,AKKADIAN,DIŠ,DIŠ,[],[],,
53,"1881,0204.222",24,1,AKKADIAN,{iti}DU₆,{iti}DU₆,[],[],,
54,"1881,0204.222",24,2,AKKADIAN,MIN,MIN,[],[],,
55,"1881,0204.222",24,3,AKKADIAN,ŠUB-ti₃,ŠUB-ti₃,[],[],,
56,"1881,0204.222",25,0,AKKADIAN,DIŠ,DIŠ,[],[],,
57,"1881,0204.222",25,1,AKKADIAN,{iti}APIN,{iti}APIN,[],[],,
58,"1881,0204.222",25,2,AKKADIAN,MIN,MIN,[],[],,
59,"1881,0204.222",25,3,AKKADIAN,SAG,SAG,[],[],,
60,"1881,0204.222",26,1,AKKADIAN,{iti}GAN,{iti}GAN,[],[],,
61,"1881,0204.222",26,2,AKKADIAN,MIN,MIN,[],[],,
62,"1881,0204.222",26,3,AKKADIAN,GIŠ,GIŠ,[],[],,
63,"1881,0204.222",27,2,AKKADIAN,MIN,MIN,[],[],,
