,fragment_id,fragment_line_num,index_in_line,word_language,value,clean_value,lemma,domain,place_discovery,place_composition
0,"1880,0719.100",1,0,AKKADIAN,DIŠ,DIŠ,['šumma I'],['CANONICAL'],,
1,"1880,0719.100",1,1,AKKADIAN,{mul}AŠ.GAN₂,{mul}AŠ.GAN₂,['ikû I'],['CANONICAL'],,
2,"1880,0719.100",1,2,AKKADIAN,ina,ina,['ina I'],['CANONICAL'],,
3,"1880,0719.100",1,3,AKKADIAN,{iti}BARA₂,{iti}BARA₂,['nisanu I'],['CANONICAL'],,
4,"1880,0719.100",1,4,AKKADIAN,IGI-mar,IGI-mar,['amāru I'],['CANONICAL'],,
5,"1880,0719.100",1,6,AKKADIAN,MUL,MUL,['kakkabu I'],['CANONICAL'],,
6,"1880,0719.100",1,7,AKKADIAN,BI,BI,[],['CANONICAL'],,
7,"1880,0719.100",1,8,AKKADIAN,NIM-ma,NIM-ma,[],['CANONICAL'],,
8,"1880,0719.100",1,9,AKKADIAN,IGI,IGI,[],['CANONICAL'],,
9,"1880,0719.100",2,1,AKKADIAN,BE-ma,BE-ma,['šumma I'],['CANONICAL'],,
10,"1880,0719.100",2,2,AKKADIAN,MUL,MUL,['kakkabu I'],['CANONICAL'],,
11,"1880,0719.100",2,3,AKKADIAN,BI,BI,[],['CANONICAL'],,
12,"1880,0719.100",2,4,AKKADIAN,uh-hi-ir-ma,uh-hi-ir-ma,['ahāru I'],['CANONICAL'],,
13,"1880,0719.100",2,6,AKKADIAN,DIB-ma,DIB-ma,[],['CANONICAL'],,
14,"1880,0719.100",2,7,AKKADIAN,IGI,IGI,[],['CANONICAL'],,
15,"1880,0719.100",3,0,AKKADIAN,DIŠ,DIŠ,['šumma I'],['CANONICAL'],,
16,"1880,0719.100",3,1,AKKADIAN,MUL.MUL,MUL.MUL,['zappu I'],['CANONICAL'],,
17,"1880,0719.100",3,2,AKKADIAN,ina,ina,['ina I'],['CANONICAL'],,
18,"1880,0719.100",3,3,AKKADIAN,{iti}GU₄,{iti}GU₄,['Ayyāru I'],['CANONICAL'],,
19,"1880,0719.100",3,4,AKKADIAN,IGI-mar,IGI-mar,['amāru I'],['CANONICAL'],,
20,"1880,0719.100",3,5,AKKADIAN,BE-ma,BE-ma,['šumma I'],['CANONICAL'],,
21,"1880,0719.100",3,7,AKKADIAN,BI,BI,[],['CANONICAL'],,
22,"1880,0719.100",3,8,AKKADIAN,NIM-ma,NIM-ma,[],['CANONICAL'],,
23,"1880,0719.100",4,1,AKKADIAN,BURU₁₄,BURU₁₄,['ebūru I'],['CANONICAL'],,
24,"1880,0719.100",4,2,AKKADIAN,KUR,KUR,[],['CANONICAL'],,
25,"1880,0719.100",4,3,AKKADIAN,SI.SA₂,SI.SA₂,['ešēru I'],['CANONICAL'],,
26,"1880,0719.100",4,4,AKKADIAN,KUR,KUR,[],['CANONICAL'],,
27,"1880,0719.100",4,5,AKKADIAN,SIG₅,SIG₅,[],['CANONICAL'],,
28,"1880,0719.100",4,6,AKKADIAN,IGI,IGI,[],['CANONICAL'],,
29,"1880,0719.100",4,8,AKKADIAN,MUL,MUL,['kakkabu I'],['CANONICAL'],,
30,"1880,0719.100",4,9,AKKADIAN,BI,BI,[],['CANONICAL'],,
31,"1880,0719.100",4,10,AKKADIAN,uh-hi-ir-ma,uh-hi-ir-ma,['ahāru I'],['CANONICAL'],,
32,"1880,0719.100",5,0,AKKADIAN,DIŠ,DIŠ,[],['CANONICAL'],,
33,"1880,0719.100",5,1,AKKADIAN,MUL,MUL,['kakkabu I'],['CANONICAL'],,
34,"1880,0719.100",5,2,AKKADIAN,is-le-e,is-le-e,['Is Le I'],['CANONICAL'],,
35,"1880,0719.100",5,3,AKKADIAN,kal,kal,['kalû II'],['CANONICAL'],,
36,"1880,0719.100",5,4,AKKADIAN,MU,MU,[],['CANONICAL'],,
37,"1880,0719.100",6,0,AKKADIAN,DIŠ,DIŠ,[],['CANONICAL'],,
38,"1880,0719.100",6,1,AKKADIAN,{mul}SIPA.ZI.AN.NA,{mul}SIPA.ZI.AN.NA,[],['CANONICAL'],,
39,"1880,0719.100",6,2,AKKADIAN,ina,ina,['ina I'],['CANONICAL'],,
40,"1880,0719.100",6,4,AKKADIAN,IGI-mar,IGI-mar,['amāru I'],['CANONICAL'],,
41,"1880,0719.100",6,5,AKKADIAN,BE-ma,BE-ma,['šumma I'],['CANONICAL'],,
42,"1880,0719.100",6,6,AKKADIAN,MUL,MUL,['kakkabu I'],['CANONICAL'],,
43,"1880,0719.100",6,7,AKKADIAN,BI,BI,[],['CANONICAL'],,
44,"1880,0719.100",6,8,AKKADIAN,NIM-ma,NIM-ma,[],['CANONICAL'],,
45,"1880,0719.100",6,9,AKKADIAN,IGI,IGI,[],['CANONICAL'],,
46,"1880,0719.100",7,1,AKKADIAN,BE-ma,BE-ma,['šumma I'],['CANONICAL'],,
47,"1880,0719.100",7,2,AKKADIAN,MUL,MUL,['kakkabu I'],['CANONICAL'],,
48,"1880,0719.100",7,3,AKKADIAN,BI,BI,[],['CANONICAL'],,
49,"1880,0719.100",7,5,AKKADIAN,ITI-šu₂,ITI-šu₂,"['warhu I', '-šu I']",['CANONICAL'],,
50,"1880,0719.100",7,6,AKKADIAN,DIB-ma,DIB-ma,['etēqu I'],['CANONICAL'],,
51,"1880,0719.100",7,7,AKKADIAN,IGI,IGI,[],['CANONICAL'],,
52,"1880,0719.100",8,0,AKKADIAN,DIŠ,DIŠ,[],['CANONICAL'],,
53,"1880,0719.100",8,1,AKKADIAN,{mul}KAK.SI.SA₂,{mul}KAK.SI.SA₂,['šukudu I'],['CANONICAL'],,
54,"1880,0719.100",8,3,AKKADIAN,{iti}ŠU,{iti}ŠU,"[""Du'ūzu I""]",['CANONICAL'],,
55,"1880,0719.100",8,4,AKKADIAN,IGI-mar,IGI-mar,['amāru I'],['CANONICAL'],,
56,"1880,0719.100",14,3,AKKADIAN,ina,ina,['ina I'],['CANONICAL'],,
57,"1880,0719.100",14,4,AKKADIAN,A.GAR₃,A.GAR₃,['ugāru I'],['CANONICAL'],,
58,"1880,0719.100",14,5,AKKADIAN,u,u,['u I'],['CANONICAL'],,
59,"1880,0719.100",15,3,AKKADIAN,šuk,šuk,[],['CANONICAL'],,
60,"1880,0719.100",15,4,AKKADIAN,MI,MI,['ṣalmu I'],['CANONICAL'],,
61,"1880,0719.100",15,5,AKKADIAN,DUMU,DUMU,['māru I'],['CANONICAL'],,
62,"1880,0719.100",19,2,SUMERIAN,igi,igi,[],['CANONICAL'],,
63,"1880,0719.100",19,3,SUMERIAN,nu,nu,[],['CANONICAL'],,
64,"1880,0719.100",20,0,AKKADIAN,te-ṣi-it,te-ṣi-it,['tēṣētu I'],['CANONICAL'],,
65,"1880,0719.100",21,1,AKKADIAN,U₄.29.KAM,U₄.29.KAM,[],['CANONICAL'],,
66,"1880,0719.100",23,0,AKKADIAN,13,13,['šalaššer I'],['CANONICAL'],,
67,"1880,0719.100",27,0,AKKADIAN,DIŠ,DIŠ,[],['CANONICAL'],,
68,"1880,0719.100",27,1,AKKADIAN,{mul}AŠ.GAN₂,{mul}AŠ.GAN₂,['ikû I'],['CANONICAL'],,
