,fragment_id,fragment_line_num,index_in_line,word_language,value,clean_value,lemma,domain,place_discovery,place_composition
0,"1880,0719.97",1,1,AKKADIAN,UD.10.KAM@v,UD.10.KAM@v,[],['CANONICAL'],,
1,"1880,0719.97",2,1,AKKADIAN,UD.20.KAM@v,UD.20.KAM@v,[],['CANONICAL'],,
2,"1880,0719.97",3,1,AKKADIAN,ša₂,ša₂,['ša I'],['CANONICAL'],,
3,"1880,0719.97",3,2,AKKADIAN,DUG₄.GA-u₂,DUG₄.GA-u₂,['qabû II'],['CANONICAL'],,
4,"1880,0719.97",4,1,AKKADIAN,hi,hi,[],['CANONICAL'],,
5,"1880,0719.97",4,2,AKKADIAN,bul,bul,[],['CANONICAL'],,
6,"1880,0719.97",4,3,AKKADIAN,u,u,[],['CANONICAL'],,
7,"1880,0719.97",6,1,AKKADIAN,u₂-kin-nu,u₂-kin-nu,['kânu I'],['CANONICAL'],,
8,"1880,0719.97",7,2,AKKADIAN,UD.10.KAM@v,UD.10.KAM@v,[],['CANONICAL'],,
9,"1880,0719.97",8,2,AKKADIAN,UD.20.KAM@v,UD.20.KAM@v,[],['CANONICAL'],,
10,"1880,0719.97",9,2,AKKADIAN,A.RA₂-šu₂,A.RA₂-šu₂,"['alaktu I', '-šu I']",['CANONICAL'],,
11,"1880,0719.97",11,1,AKKADIAN,la,la,[],['CANONICAL'],,
12,"1880,0719.97",11,2,AKKADIAN,i-ši,i-ši,['išû I'],['CANONICAL'],,
13,"1880,0719.97",12,1,AKKADIAN,dub,dub,[],['CANONICAL'],,
14,"1880,0719.97",12,2,AKKADIAN,ha-ha,ha-ha,[],['CANONICAL'],,
15,"1880,0719.97",13,1,AKKADIAN,u,u,['u I'],['CANONICAL'],,
16,"1880,0719.97",13,2,AKKADIAN,am,am,[],['CANONICAL'],,
17,"1880,0719.97",19,1,AKKADIAN,la,la,['lā I'],['CANONICAL'],,
18,"1880,0719.97",20,2,AKKADIAN,šu₂,šu₂,[],['CANONICAL'],,
19,"1880,0719.97",23,1,AKKADIAN,{m}aš+šur-DU₃-A,{m}aš+šur-DU₃-A,[],['CANONICAL'],,
20,"1880,0719.97",23,2,AKKADIAN,LUGAL,LUGAL,['šarru I'],['CANONICAL'],,
21,"1880,0719.97",23,3,AKKADIAN,ŠU₂,ŠU₂,[],['CANONICAL'],,
22,"1880,0719.97",23,4,AKKADIAN,LUGAL,LUGAL,['šarru I'],['CANONICAL'],,
23,"1880,0719.97",23,5,AKKADIAN,{kur}aš+šur{ki},{kur}aš+šur{ki},[],['CANONICAL'],,
24,"1880,0719.97",23,6,AKKADIAN,ša,ša,['ša I'],['CANONICAL'],,
25,"1880,0719.97",23,7,AKKADIAN,{d}+AG,{d}+AG,[],['CANONICAL'],,
26,"1880,0719.97",23,8,AKKADIAN,{d}taš-me-tu₄,{d}taš-me-tu₄,[],['CANONICAL'],,
27,"1880,0719.97",23,9,AKKADIAN,GEŠTUG+MIN,GEŠTUG+MIN,['uznu I'],['CANONICAL'],,
28,"1880,0719.97",23,11,AKKADIAN,iš-ru-ku-uš,iš-ru-ku-uš,[],['CANONICAL'],,
29,"1880,0719.97",24,1,AKKADIAN,IGI-MIN,IGI-MIN,['īnu I'],['CANONICAL'],,
30,"1880,0719.97",24,2,AKKADIAN,na-mir-tu₄,na-mir-tu₄,['nawirtu I'],['CANONICAL'],,
31,"1880,0719.97",24,3,AKKADIAN,ni-siq,ni-siq,[],['CANONICAL'],,
32,"1880,0719.97",24,4,AKKADIAN,tup-šar-ru-ti,tup-šar-ru-ti,['ṭupšarrūtu I'],['CANONICAL'],,
33,"1880,0719.97",24,5,AKKADIAN,ša,ša,['ša I'],['CANONICAL'],,
34,"1880,0719.97",24,6,AKKADIAN,ina,ina,['ina I'],['CANONICAL'],,
35,"1880,0719.97",24,8,AKKADIAN,a-lik,a-lik,[],['CANONICAL'],,
36,"1880,0719.97",24,9,AKKADIAN,mah-ri-ia,mah-ri-ia,[],['CANONICAL'],,
37,"1880,0719.97",25,1,AKKADIAN,šip-ru,šip-ru,['šipru I'],['CANONICAL'],,
38,"1880,0719.97",25,2,AKKADIAN,šu-a-tu,šu-a-tu,['šuāti I'],['CANONICAL'],,
39,"1880,0719.97",25,3,AKKADIAN,la,la,[],['CANONICAL'],,
40,"1880,0719.97",25,4,AKKADIAN,i-hu-zu,i-hu-zu,['ahāzu I'],['CANONICAL'],,
41,"1880,0719.97",25,5,AKKADIAN,ne₂-me-eq,ne₂-me-eq,['nēmequ I'],['CANONICAL'],,
42,"1880,0719.97",25,6,AKKADIAN,{d}AG,{d}AG,[],['CANONICAL'],,
43,"1880,0719.97",25,8,AKKADIAN,sa-an-tak-ki,sa-an-tak-ki,['santakku I'],['CANONICAL'],,
44,"1880,0719.97",25,9,AKKADIAN,ma-la,ma-la,['mala I'],['CANONICAL'],,
45,"1880,0719.97",25,10,AKKADIAN,ba-aš₂-mu,ba-aš₂-mu,['bašāmu II'],['CANONICAL'],,
46,"1880,0719.97",26,1,AKKADIAN,DUB-MEŠ-(ni),DUB-MEŠ-ni,['ṭuppu I'],['CANONICAL'],,
47,"1880,0719.97",26,2,AKKADIAN,aš₂-ṭur,aš₂-ṭur,['šaṭāru II'],['CANONICAL'],,
48,"1880,0719.97",26,3,AKKADIAN,as-niq,as-niq,['sanāqu I'],['CANONICAL'],,
49,"1880,0719.97",26,4,AKKADIAN,ab-re-e-ma,ab-re-e-ma,['barû I'],['CANONICAL'],,
50,"1880,0719.97",26,5,AKKADIAN,a-na,a-na,['ana I'],['CANONICAL'],,
51,"1880,0719.97",26,6,AKKADIAN,ta-mar-ti,ta-mar-ti,['tāmartu I'],['CANONICAL'],,
52,"1880,0719.97",26,7,AKKADIAN,ši-ta-as-si-ia,ši-ta-as-si-ia,['šasû I'],['CANONICAL'],,
53,"1880,0719.97",26,9,AKKADIAN,E₂.GAL-ia,E₂.GAL-ia,['ēkallu I'],['CANONICAL'],,
54,"1880,0719.97",26,10,AKKADIAN,u₂-kin,u₂-kin,['kânu I'],['CANONICAL'],,
