,fragment_id,fragment_line_num,index_in_line,word_language,value,clean_value,lemma,domain,place_discovery,place_composition
0,"1879,0708.228",11,2,AKKADIAN,du/nim,du/nim,[],"['CANONICAL ➝ Literature ➝ Narrative ➝ Lugal-e (?)', 'CANONICAL ➝ Magic (?)']",,
1,"1879,0708.228",11,3,AKKADIAN,iz-za-az,iz-za-az,[],"['CANONICAL ➝ Literature ➝ Narrative ➝ Lugal-e (?)', 'CANONICAL ➝ Magic (?)']",,
2,"1879,0708.228",13,5,SUMERIAN,buru₁₄-gin₇,buru₁₄-gin₇,[],"['CANONICAL ➝ Literature ➝ Narrative ➝ Lugal-e (?)', 'CANONICAL ➝ Magic (?)']",,
3,"1879,0708.228",16,3,SUMERIAN,zi,zi,[],"['CANONICAL ➝ Literature ➝ Narrative ➝ Lugal-e (?)', 'CANONICAL ➝ Magic (?)']",,
4,"1879,0708.228",16,4,SUMERIAN,numun₂-gin₇,numun₂-gin₇,[],"['CANONICAL ➝ Literature ➝ Narrative ➝ Lugal-e (?)', 'CANONICAL ➝ Magic (?)']",,
