,fragment_id,fragment_line_num,index_in_line,word_language,value,clean_value,lemma,domain,place_discovery,place_composition
0,"1881,0204.275",2,1,AKKADIAN,igi,igi,[],"['CANONICAL ➝ Divination ➝ Celestial', 'CANONICAL ➝ Technical ➝ Commentary']",,
1,"1881,0204.275",3,1,AKKADIAN,ma,ma,[],"['CANONICAL ➝ Divination ➝ Celestial', 'CANONICAL ➝ Technical ➝ Commentary']",,
2,"1881,0204.275",6,2,AKKADIAN,GAZ-šu,GAZ-šu,[],"['CANONICAL ➝ Divination ➝ Celestial', 'CANONICAL ➝ Technical ➝ Commentary']",,
3,"1881,0204.275",8,2,AKKADIAN,DU₃-uš,DU₃-uš,[],"['CANONICAL ➝ Divination ➝ Celestial', 'CANONICAL ➝ Technical ➝ Commentary']",,
4,"1881,0204.275",9,2,AKKADIAN,kur/man,kur/man,[],"['CANONICAL ➝ Divination ➝ Celestial', 'CANONICAL ➝ Technical ➝ Commentary']",,
5,"1881,0204.275",9,3,AKKADIAN,tu,tu,[],"['CANONICAL ➝ Divination ➝ Celestial', 'CANONICAL ➝ Technical ➝ Commentary']",,
6,"1881,0204.275",9,4,AKKADIAN,ud,ud,[],"['CANONICAL ➝ Divination ➝ Celestial', 'CANONICAL ➝ Technical ➝ Commentary']",,
7,"1881,0204.275",9,5,AKKADIAN,kaskal/tag,kaskal/tag,[],"['CANONICAL ➝ Divination ➝ Celestial', 'CANONICAL ➝ Technical ➝ Commentary']",,
8,"1881,0204.275",9,7,AKKADIAN,an,an,[],"['CANONICAL ➝ Divination ➝ Celestial', 'CANONICAL ➝ Technical ➝ Commentary']",,
9,"1881,0204.275",10,2,AKKADIAN,la,la,[],"['CANONICAL ➝ Divination ➝ Celestial', 'CANONICAL ➝ Technical ➝ Commentary']",,
10,"1881,0204.275",10,3,AKKADIAN,qa-ti,qa-ti,[],"['CANONICAL ➝ Divination ➝ Celestial', 'CANONICAL ➝ Technical ➝ Commentary']",,
11,"1881,0204.275",12,1,AKKADIAN,ILLU-MEŠ,ILLU-MEŠ,[],"['CANONICAL ➝ Divination ➝ Celestial', 'CANONICAL ➝ Technical ➝ Commentary']",,
12,"1881,0204.275",12,2,AKKADIAN,ina,ina,[],"['CANONICAL ➝ Divination ➝ Celestial', 'CANONICAL ➝ Technical ➝ Commentary']",,
13,"1881,0204.275",12,4,AKKADIAN,KU₅-MEŠ,KU₅-MEŠ,[],"['CANONICAL ➝ Divination ➝ Celestial', 'CANONICAL ➝ Technical ➝ Commentary']",,
14,"1881,0204.275",13,2,AKKADIAN,ta,ta,[],"['CANONICAL ➝ Divination ➝ Celestial', 'CANONICAL ➝ Technical ➝ Commentary']",,
15,"1881,0204.275",18,2,AKKADIAN,(ina),ina,[],"['CANONICAL ➝ Divination ➝ Celestial', 'CANONICAL ➝ Technical ➝ Commentary']",,
16,"1881,0204.275",18,3,AKKADIAN,mu/še,mu/še,[],"['CANONICAL ➝ Divination ➝ Celestial', 'CANONICAL ➝ Technical ➝ Commentary']",,
17,"1881,0204.275",18,5,AKKADIAN,BUR₂,BUR₂,[],"['CANONICAL ➝ Divination ➝ Celestial', 'CANONICAL ➝ Technical ➝ Commentary']",,
18,"1881,0204.275",18,6,AKKADIAN,a,a,[],"['CANONICAL ➝ Divination ➝ Celestial', 'CANONICAL ➝ Technical ➝ Commentary']",,
19,"1881,0204.275",18,7,AKKADIAN,te,te,[],"['CANONICAL ➝ Divination ➝ Celestial', 'CANONICAL ➝ Technical ➝ Commentary']",,
20,"1881,0204.275",19,2,AKKADIAN,ti,ti,[],"['CANONICAL ➝ Divination ➝ Celestial', 'CANONICAL ➝ Technical ➝ Commentary']",,
21,"1881,0204.275",19,3,AKKADIAN,šu₂,šu₂,[],"['CANONICAL ➝ Divination ➝ Celestial', 'CANONICAL ➝ Technical ➝ Commentary']",,
22,"1881,0204.275",20,1,AKKADIAN,man-za-zu,man-za-zu,[],"['CANONICAL ➝ Divination ➝ Celestial', 'CANONICAL ➝ Technical ➝ Commentary']",,
23,"1881,0204.275",20,2,AKKADIAN,ki-nu,ki-nu,[],"['CANONICAL ➝ Divination ➝ Celestial', 'CANONICAL ➝ Technical ➝ Commentary']",,
24,"1881,0204.275",20,3,AKKADIAN,ina,ina,[],"['CANONICAL ➝ Divination ➝ Celestial', 'CANONICAL ➝ Technical ➝ Commentary']",,
25,"1881,0204.275",20,4,AKKADIAN,ŠA₃,ŠA₃,[],"['CANONICAL ➝ Divination ➝ Celestial', 'CANONICAL ➝ Technical ➝ Commentary']",,
26,"1881,0204.275",20,5,AKKADIAN,{mul}ŠUDUN,{mul}ŠUDUN,[],"['CANONICAL ➝ Divination ➝ Celestial', 'CANONICAL ➝ Technical ➝ Commentary']",,
27,"1881,0204.275",21,1,AKKADIAN,u₂-tan-nat-ma,u₂-tan-nat-ma,[],"['CANONICAL ➝ Divination ➝ Celestial', 'CANONICAL ➝ Technical ➝ Commentary']",,
28,"1881,0204.275",22,2,AKKADIAN,{mul}GU.LA,{mul}GU.LA,[],"['CANONICAL ➝ Divination ➝ Celestial', 'CANONICAL ➝ Technical ➝ Commentary']",,
29,"1881,0204.275",22,3,AKKADIAN,ZI-ha,ZI-ha,[],"['CANONICAL ➝ Divination ➝ Celestial', 'CANONICAL ➝ Technical ➝ Commentary']",,
30,"1881,0204.275",23,2,AKKADIAN,ša₂,ša₂,[],"['CANONICAL ➝ Divination ➝ Celestial', 'CANONICAL ➝ Technical ➝ Commentary']",,
31,"1881,0204.275",23,3,AKKADIAN,LUGAL,LUGAL,[],"['CANONICAL ➝ Divination ➝ Celestial', 'CANONICAL ➝ Technical ➝ Commentary']",,
32,"1881,0204.275",23,4,AKKADIAN,ELAM.MA,ELAM.MA,[],"['CANONICAL ➝ Divination ➝ Celestial', 'CANONICAL ➝ Technical ➝ Commentary']",,
33,"1881,0204.275",23,5,AKKADIAN,šu-u,šu-u,[],"['CANONICAL ➝ Divination ➝ Celestial', 'CANONICAL ➝ Technical ➝ Commentary']",,
34,"1881,0204.275",25,2,AKKADIAN,piš,piš,[],"['CANONICAL ➝ Divination ➝ Celestial', 'CANONICAL ➝ Technical ➝ Commentary']",,
35,"1881,0204.275",25,5,AKKADIAN,šu₂,šu₂,[],"['CANONICAL ➝ Divination ➝ Celestial', 'CANONICAL ➝ Technical ➝ Commentary']",,
36,"1881,0204.275",25,6,AKKADIAN,ina,ina,[],"['CANONICAL ➝ Divination ➝ Celestial', 'CANONICAL ➝ Technical ➝ Commentary']",,
37,"1881,0204.275",25,7,AKKADIAN,KI.TUŠ-šu₂,KI.TUŠ-šu₂,[],"['CANONICAL ➝ Divination ➝ Celestial', 'CANONICAL ➝ Technical ➝ Commentary']",,
38,"1881,0204.275",25,8,AKKADIAN,GAZ-šu₂,GAZ-šu₂,[],"['CANONICAL ➝ Divination ➝ Celestial', 'CANONICAL ➝ Technical ➝ Commentary']",,
39,"1881,0204.275",26,2,AKKADIAN,ha-ma-ši-tu₄/i,ha-ma-ši-tu₄/i,[],"['CANONICAL ➝ Divination ➝ Celestial', 'CANONICAL ➝ Technical ➝ Commentary']",,
40,"1881,0204.275",27,2,AKKADIAN,KUR,KUR,[],"['CANONICAL ➝ Divination ➝ Celestial', 'CANONICAL ➝ Technical ➝ Commentary']",,
41,"1881,0204.275",27,3,AKKADIAN,1-niš,1-niš,[],"['CANONICAL ➝ Divination ➝ Celestial', 'CANONICAL ➝ Technical ➝ Commentary']",,
42,"1881,0204.275",27,4,AKKADIAN,GU₇-MEŠ,GU₇-MEŠ,[],"['CANONICAL ➝ Divination ➝ Celestial', 'CANONICAL ➝ Technical ➝ Commentary']",,
