,fragment_id,fragment_line_num,index_in_line,word_language,value,clean_value,lemma,domain,place_discovery,place_composition
0,"1880,0719.271",1,2,AKKADIAN,e-nu,e-nu,[],['CANONICAL'],,
1,"1880,0719.271",1,3,AKKADIAN,na-mir-tu₄,na-mir-tu₄,['nawirtu I'],['CANONICAL'],,
2,"1880,0719.271",1,4,AKKADIAN,ni-siq,ni-siq,['nasāqu I'],['CANONICAL'],,
3,"1880,0719.271",2,1,AKKADIAN,a-lik,a-lik,['āliku I'],['CANONICAL'],,
4,"1880,0719.271",2,2,AKKADIAN,mah-ri-ia,mah-ri-ia,['mahru II'],['CANONICAL'],,
5,"1880,0719.271",2,3,AKKADIAN,mam-ma,mam-ma,['mamman I'],['CANONICAL'],,
6,"1880,0719.271",2,4,AKKADIAN,šip-ru,šip-ru,['šipru I'],['CANONICAL'],,
7,"1880,0719.271",2,5,AKKADIAN,šu-a-tu,šu-a-tu,['šuāti I'],['CANONICAL'],,
8,"1880,0719.271",2,6,AKKADIAN,la,la,['lā I'],['CANONICAL'],,
9,"1880,0719.271",3,1,AKKADIAN,ti-kip,ti-kip,['tikpu I'],['CANONICAL'],,
10,"1880,0719.271",3,2,AKKADIAN,sa-an-tak-ki,sa-an-tak-ki,['santakku I'],['CANONICAL'],,
11,"1880,0719.271",3,3,AKKADIAN,ma-la,ma-la,['mala I'],['CANONICAL'],,
12,"1880,0719.271",3,4,AKKADIAN,ba-aš₂-mu,ba-aš₂-mu,['bašāmu II'],['CANONICAL'],,
13,"1880,0719.271",4,2,AKKADIAN,ab-re-e-ma,ab-re-e-ma,['barû I'],['CANONICAL'],,
14,"1880,0719.271",5,2,AKKADIAN,qe₂-reb,qe₂-reb,['qerbu II'],['CANONICAL'],,
15,"1880,0719.271",5,3,AKKADIAN,E₂.GAL-ia,E₂.GAL-ia,['ēkallu I'],['CANONICAL'],,
16,"1880,0719.271",5,4,AKKADIAN,u₂-kin,u₂-kin,['kânu I'],['CANONICAL'],,
