,fragment_id,fragment_line_num,index_in_line,word_language,value,clean_value,lemma,domain,place_discovery,place_composition
0,"1880,0719.130",7,8,AKKADIAN,{d}UTU,{d}UTU,[],['CANONICAL ➝ Literature ➝ Monologue and dialogue ➝ Proverbs ➝ Bilingual Proverbs'],,
1,"1880,0719.130",7,9,AKKADIAN,ul,ul,[],['CANONICAL ➝ Literature ➝ Monologue and dialogue ➝ Proverbs ➝ Bilingual Proverbs'],,
2,"1880,0719.130",10,5,AKKADIAN,a-ba-rak-ku,a-ba-rak-ku,[],['CANONICAL ➝ Literature ➝ Monologue and dialogue ➝ Proverbs ➝ Bilingual Proverbs'],,
3,"1880,0719.130",10,6,AKKADIAN,sa-an-qu,sa-an-qu,[],['CANONICAL ➝ Literature ➝ Monologue and dialogue ➝ Proverbs ➝ Bilingual Proverbs'],,
4,"1880,0719.130",11,3,SUMERIAN,me-en,me-en,[],['CANONICAL ➝ Literature ➝ Monologue and dialogue ➝ Proverbs ➝ Bilingual Proverbs'],,
5,"1880,0719.130",11,6,AKKADIAN,is-ha-an,is-ha-an,[],['CANONICAL ➝ Literature ➝ Monologue and dialogue ➝ Proverbs ➝ Bilingual Proverbs'],,
6,"1880,0719.130",11,7,AKKADIAN,dan-na-tu,dan-na-tu,[],['CANONICAL ➝ Literature ➝ Monologue and dialogue ➝ Proverbs ➝ Bilingual Proverbs'],,
7,"1880,0719.130",12,2,AKKADIAN,ana-ku,ana-ku,[],['CANONICAL ➝ Literature ➝ Monologue and dialogue ➝ Proverbs ➝ Bilingual Proverbs'],,
8,"1880,0719.130",14,3,SUMERIAN,u₂,u₂,[],['CANONICAL ➝ Literature ➝ Monologue and dialogue ➝ Proverbs ➝ Bilingual Proverbs'],,
9,"1880,0719.130",14,4,SUMERIAN,gu₇-gu₇,gu₇-gu₇,[],['CANONICAL ➝ Literature ➝ Monologue and dialogue ➝ Proverbs ➝ Bilingual Proverbs'],,
10,"1880,0719.130",14,7,AKKADIAN,GU₄,GU₄,[],['CANONICAL ➝ Literature ➝ Monologue and dialogue ➝ Proverbs ➝ Bilingual Proverbs'],,
11,"1880,0719.130",14,8,AKKADIAN,na-ka-ri,na-ka-ri,[],['CANONICAL ➝ Literature ➝ Monologue and dialogue ➝ Proverbs ➝ Bilingual Proverbs'],,
12,"1880,0719.130",14,9,AKKADIAN,šam-me,šam-me,[],['CANONICAL ➝ Literature ➝ Monologue and dialogue ➝ Proverbs ➝ Bilingual Proverbs'],,
13,"1880,0719.130",15,5,AKKADIAN,GU₄,GU₄,[],['CANONICAL ➝ Literature ➝ Monologue and dialogue ➝ Proverbs ➝ Bilingual Proverbs'],,
14,"1880,0719.130",16,2,SUMERIAN,ba-na₂,ba-na₂,[],['CANONICAL ➝ Literature ➝ Monologue and dialogue ➝ Proverbs ➝ Bilingual Proverbs'],,
15,"1880,0719.130",16,5,AKKADIAN,bi-ri-iš,bi-ri-iš,[],['CANONICAL ➝ Literature ➝ Monologue and dialogue ➝ Proverbs ➝ Bilingual Proverbs'],,
16,"1880,0719.130",16,6,AKKADIAN,ni-il,ni-il,[],['CANONICAL ➝ Literature ➝ Monologue and dialogue ➝ Proverbs ➝ Bilingual Proverbs'],,
