,fragment_id,fragment_line_num,index_in_line,word_language,value,clean_value,lemma,domain,place_discovery,place_composition
0,"1881,0204.243",2,1,SUMERIAN,i₃-bi,i₃-bi,[],"['CANONICAL ➝ Magic', 'CANONICAL ➝ Magic ➝ Purification ➝ Bīt rimki']",,
1,"1881,0204.243",2,2,SUMERIAN,i₃,i₃,[],"['CANONICAL ➝ Magic', 'CANONICAL ➝ Magic ➝ Purification ➝ Bīt rimki']",,
2,"1881,0204.243",2,3,SUMERIAN,ša₃,ša₃,[],"['CANONICAL ➝ Magic', 'CANONICAL ➝ Magic ➝ Purification ➝ Bīt rimki']",,
3,"1881,0204.243",3,1,SUMERIAN,i₃-bi,i₃-bi,[],"['CANONICAL ➝ Magic', 'CANONICAL ➝ Magic ➝ Purification ➝ Bīt rimki']",,
4,"1881,0204.243",3,2,SUMERIAN,i₃,i₃,[],"['CANONICAL ➝ Magic', 'CANONICAL ➝ Magic ➝ Purification ➝ Bīt rimki']",,
5,"1881,0204.243",4,1,SUMERIAN,i₃-bi,i₃-bi,[],"['CANONICAL ➝ Magic', 'CANONICAL ➝ Magic ➝ Purification ➝ Bīt rimki']",,
6,"1881,0204.243",5,1,SUMERIAN,i₃-bi,i₃-bi,[],"['CANONICAL ➝ Magic', 'CANONICAL ➝ Magic ➝ Purification ➝ Bīt rimki']",,
7,"1881,0204.243",5,2,SUMERIAN,sag-kal,sag-kal,[],"['CANONICAL ➝ Magic', 'CANONICAL ➝ Magic ➝ Purification ➝ Bīt rimki']",,
8,"1881,0204.243",6,1,SUMERIAN,{d}asal-lu₂-hi,{d}asal-lu₂-hi,[],"['CANONICAL ➝ Magic', 'CANONICAL ➝ Magic ➝ Purification ➝ Bīt rimki']",,
9,"1881,0204.243",6,2,SUMERIAN,dumu,dumu,[],"['CANONICAL ➝ Magic', 'CANONICAL ➝ Magic ➝ Purification ➝ Bīt rimki']",,
10,"1881,0204.243",7,1,SUMERIAN,ka-inim-ma,ka-inim-ma,[],"['CANONICAL ➝ Magic', 'CANONICAL ➝ Magic ➝ Purification ➝ Bīt rimki']",,
11,"1881,0204.243",8,1,SUMERIAN,an-gin₇,an-gin₇,[],"['CANONICAL ➝ Magic', 'CANONICAL ➝ Magic ➝ Purification ➝ Bīt rimki']",,
12,"1881,0204.243",8,3,SUMERIAN,ki-gin₇,ki-gin₇,[],"['CANONICAL ➝ Magic', 'CANONICAL ➝ Magic ➝ Purification ➝ Bīt rimki']",,
13,"1881,0204.243",10,1,SUMERIAN,ka-inim-ma,ka-inim-ma,[],"['CANONICAL ➝ Magic', 'CANONICAL ➝ Magic ➝ Purification ➝ Bīt rimki']",,
14,"1881,0204.243",12,1,SUMERIAN,en₂,en₂,[],"['CANONICAL ➝ Magic', 'CANONICAL ➝ Magic ➝ Purification ➝ Bīt rimki']",,
15,"1881,0204.243",12,2,SUMERIAN,{giš}šinig,{giš}šinig,[],"['CANONICAL ➝ Magic', 'CANONICAL ➝ Magic ➝ Purification ➝ Bīt rimki']",,
16,"1881,0204.243",12,3,SUMERIAN,kur-ra,kur-ra,[],"['CANONICAL ➝ Magic', 'CANONICAL ➝ Magic ➝ Purification ➝ Bīt rimki']",,
17,"1881,0204.243",13,1,SUMERIAN,ki-in-dar,ki-in-dar,[],"['CANONICAL ➝ Magic', 'CANONICAL ➝ Magic ➝ Purification ➝ Bīt rimki']",,
18,"1881,0204.243",19,1,SUMERIAN,AN,AN,[],"['CANONICAL ➝ Magic', 'CANONICAL ➝ Magic ➝ Purification ➝ Bīt rimki']",,
19,"1881,0204.243",20,1,SUMERIAN,PA/BAR,PA/BAR,[],"['CANONICAL ➝ Magic', 'CANONICAL ➝ Magic ➝ Purification ➝ Bīt rimki']",,
20,"1881,0204.243",22,1,SUMERIAN,ka-inim-ma,ka-inim-ma,[],"['CANONICAL ➝ Magic', 'CANONICAL ➝ Magic ➝ Purification ➝ Bīt rimki']",,
21,"1881,0204.243",24,1,SUMERIAN,igi-ni,igi-ni,[],"['CANONICAL ➝ Magic', 'CANONICAL ➝ Magic ➝ Purification ➝ Bīt rimki']",,
22,"1881,0204.243",25,1,SUMERIAN,sa/ir,sa/ir,[],"['CANONICAL ➝ Magic', 'CANONICAL ➝ Magic ➝ Purification ➝ Bīt rimki']",,
