,fragment_id,fragment_line_num,index_in_line,word_language,value,clean_value,lemma,domain,place_discovery,place_composition
0,"1880,1112.2320",0,2,AKKADIAN,ir-ti-šu₂,ir-ti-šu₂,[],"[['CANONICAL', 'Literature', 'Lamentations', 'Eršaḫuĝa']]",,
1,"1880,1112.2320",0,3,AKKADIAN,ša₂,ša₂,[],"[['CANONICAL', 'Literature', 'Lamentations', 'Eršaḫuĝa']]",,
2,"1880,1112.2320",0,4,AKKADIAN,ki-ma,ki-ma,[],"[['CANONICAL', 'Literature', 'Lamentations', 'Eršaḫuĝa']]",,
3,"1880,1112.2320",1,2,EMESAL,ša₃,ša₃,[],"[['CANONICAL', 'Literature', 'Lamentations', 'Eršaḫuĝa']]",,
4,"1880,1112.2320",1,4,EMESAL,gu₃,gu₃,[],"[['CANONICAL', 'Literature', 'Lamentations', 'Eršaḫuĝa']]",,
5,"1880,1112.2320",2,2,AKKADIAN,ina,ina,[],"[['CANONICAL', 'Literature', 'Lamentations', 'Eršaḫuĝa']]",,
6,"1880,1112.2320",2,4,AKKADIAN,lib₃-bi-ia,lib₃-bi-ia,[],"[['CANONICAL', 'Literature', 'Lamentations', 'Eršaḫuĝa']]",,
7,"1880,1112.2320",2,6,AKKADIAN,ṣar-piš,ṣar-piš,[],"[['CANONICAL', 'Literature', 'Lamentations', 'Eršaḫuĝa']]",,
8,"1880,1112.2320",2,7,AKKADIAN,ad-di-ki,ad-di-ki,[],"[['CANONICAL', 'Literature', 'Lamentations', 'Eršaḫuĝa']]",,
9,"1880,1112.2320",3,4,EMESAL,ba-ab-du₁₁,ba-ab-du₁₁,[],"[['CANONICAL', 'Literature', 'Lamentations', 'Eršaḫuĝa']]",,
10,"1880,1112.2320",3,5,EMESAL,ša₃-zu,ša₃-zu,[],"[['CANONICAL', 'Literature', 'Lamentations', 'Eršaḫuĝa']]",,
11,"1880,1112.2320",4,2,AKKADIAN,ana,ana,[],"[['CANONICAL', 'Literature', 'Lamentations', 'Eršaḫuĝa']]",,
12,"1880,1112.2320",4,5,AKKADIAN,qi₂-bi-šu₂,qi₂-bi-šu₂,[],"[['CANONICAL', 'Literature', 'Lamentations', 'Eršaḫuĝa']]",,
13,"1880,1112.2320",5,3,EMESAL,AK-a-ĝu₁₀,AK-a-ĝu₁₀,[],"[['CANONICAL', 'Literature', 'Lamentations', 'Eršaḫuĝa']]",,
