,fragment_id,fragment_line_num,index_in_line,word_language,value,clean_value,lemma,domain,place_discovery,place_composition
0,"1880,0719.355",1,2,AKKADIAN,is-sa-hur,is-sa-hur,[],['ARCHIVAL ➝ Letter ➝ Report'],,
1,"1880,0719.355",2,2,AKKADIAN,ina,ina,[],['ARCHIVAL ➝ Letter ➝ Report'],,
2,"1880,0719.355",2,3,AKKADIAN,IGI,IGI,[],['ARCHIVAL ➝ Letter ➝ Report'],,
3,"1880,0719.355",2,4,AKKADIAN,{d}PA.BIL.SAG,{d}PA.BIL.SAG,[],['ARCHIVAL ➝ Letter ➝ Report'],,
4,"1880,0719.355",2,5,AKKADIAN,GUB-az-ma,GUB-az-ma,[],['ARCHIVAL ➝ Letter ➝ Report'],,
5,"1880,0719.355",3,2,AKKADIAN,{mul}GIR₂.TAB,{mul}GIR₂.TAB,[],['ARCHIVAL ➝ Letter ➝ Report'],,
6,"1880,0719.355",3,3,AKKADIAN,GUB-iz,GUB-iz,[],['ARCHIVAL ➝ Letter ➝ Report'],,
7,"1880,0719.355",4,2,AKKADIAN,ina,ina,[],['ARCHIVAL ➝ Letter ➝ Report'],,
8,"1880,0719.355",4,3,AKKADIAN,KUR,KUR,[],['ARCHIVAL ➝ Letter ➝ Report'],,
9,"1880,0719.355",4,4,AKKADIAN,GAL₂-ši,GAL₂-ši,[],['ARCHIVAL ➝ Letter ➝ Report'],,
10,"1880,0719.355",5,2,AKKADIAN,{mul}PA.BIL.SAG,{mul}PA.BIL.SAG,[],['ARCHIVAL ➝ Letter ➝ Report'],,
11,"1880,0719.355",7,2,AKKADIAN,TUŠ-ab,TUŠ-ab,[],['ARCHIVAL ➝ Letter ➝ Report'],,
12,"1880,0719.355",8,4,AKKADIAN,še-mu-u,še-mu-u,[],['ARCHIVAL ➝ Letter ➝ Report'],,
13,"1880,0719.355",9,2,AKKADIAN,i-tap-pa-lu,i-tap-pa-lu,[],['ARCHIVAL ➝ Letter ➝ Report'],,
