,fragment_id,fragment_line_num,index_in_line,word_language,value,clean_value,lemma,domain,place_discovery,place_composition
0,"1879,0708.46",1,1,EMESAL,me-e,me-e,[],[],,
1,"1879,0708.46",1,2,EMESAL,{d}am-an-ki-ra,{d}am-an-ki-ra,[],[],,
2,"1879,0708.46",2,1,AKKADIAN,a-na-ku,a-na-ku,['anāku I'],[],,
3,"1879,0708.46",2,2,AKKADIAN,ana,ana,['ana I'],[],,
4,"1879,0708.46",2,3,AKKADIAN,{d}e₂-a,{d}e₂-a,[],[],,
5,"1879,0708.46",3,1,EMESAL,umun,umun,[],[],,
6,"1879,0708.46",3,2,EMESAL,am,am,[],[],,
7,"1879,0708.46",3,3,EMESAL,uru₂-ze₂-eb-ba{ki},uru₂-ze₂-eb-ba{ki},[],[],,
8,"1879,0708.46",3,6,EMESAL,a-ra-zu,a-ra-zu,[],[],,
9,"1879,0708.46",4,1,EMESAL,umun,umun,[],[],,
10,"1879,0708.46",4,2,EMESAL,e₂-u₆-nir,e₂-u₆-nir,[],[],,
11,"1879,0708.46",4,5,EMESAL,(a-ra-zu,a-ra-zu,[],[],,
12,"1879,0708.46",5,1,EMESAL,umun,umun,[],[],,
13,"1879,0708.46",5,2,EMESAL,eš₃-mah,eš₃-mah,[],[],,
14,"1879,0708.46",5,4,EMESAL,me-e,me-e,[],[],,
15,"1879,0708.46",6,1,EMESAL,umun,umun,[],[],,
16,"1879,0708.46",6,2,EMESAL,kuara₂{ki},kuara₂{ki},[],[],,
17,"1879,0708.46",6,5,EMESAL,(a-ra-zu,a-ra-zu,[],[],,
18,"1879,0708.46",7,1,EMESAL,umun-e₂-{+mu-uš-tu₉}muštu-mah-šu-du₇,umun-e₂-{+mu-uš-tu₉}muštu-mah-šu-du₇,[],[],,
19,"1879,0708.46",7,3,EMESAL,me-e,me-e,[],[],,
20,"1879,0708.46",8,1,EMESAL,umun,umun,[],[],,
21,"1879,0708.46",8,2,EMESAL,e₂-abzu-ta,e₂-abzu-ta,[],[],,
22,"1879,0708.46",8,4,EMESAL,me-e,me-e,[],[],,
23,"1879,0708.46",9,1,EMESAL,umun,umun,[],[],,
24,"1879,0708.46",9,2,EMESAL,e₂-kar-za-gin₃-na,e₂-kar-za-gin₃-na,[],[],,
25,"1879,0708.46",9,4,EMESAL,me-e,me-e,[],[],,
26,"1879,0708.46",10,1,EMESAL,umun,umun,[],[],,
27,"1879,0708.46",10,2,EMESAL,e₂,e₂,[],[],,
28,"1879,0708.46",10,8,EMESAL,me-e,me-e,[],[],,
29,"1879,0708.46",11,2,EMESAL,gi₄-gi₄,gi₄-gi₄,[],[],,
30,"1879,0708.46",11,3,EMESAL,ad-da-be₂-e-ne,ad-da-be₂-e-ne,[],[],,
31,"1879,0708.46",11,5,EMESAL,me-e,me-e,[],[],,
32,"1879,0708.46",12,1,AKKADIAN,ana,ana,['ana I'],[],,
33,"1879,0708.46",12,2,AKKADIAN,ma-lik,ma-lik,['māliku I'],[],,
34,"1879,0708.46",12,3,AKKADIAN,ab-be₂-e-šu,ab-be₂-e-šu,['abu I'],[],,
35,"1879,0708.46",13,2,EMESAL,gur-ra-ab,gur-ra-ab,[],[],,
36,"1879,0708.46",13,5,EMESAL,(a-ra-zu,a-ra-zu,[],[],,
37,"1879,0708.46",14,1,AKKADIAN,ana,ana,['ana I'],[],,
38,"1879,0708.46",14,2,AKKADIAN,reme₂-ni-i,reme₂-ni-i,['rēmēnû I'],[],,
39,"1879,0708.46",14,3,AKKADIAN,ta-a-a-ri,ta-a-a-ri,['tayāru II'],[],,
40,"1879,0708.46",15,2,EMESAL,ib₂-ba-bi,ib₂-ba-bi,[],[],,
41,"1879,0708.46",15,3,EMESAL,nig₂-nam,nig₂-nam,[],[],,
42,"1879,0708.46",15,4,EMESAL,nu-ru-gu₂,nu-ru-gu₂,[],[],,
43,"1879,0708.46",15,6,EMESAL,me-e,me-e,[],[],,
44,"1879,0708.46",16,1,AKKADIAN,ana,ana,['ana I'],[],,
45,"1879,0708.46",16,2,AKKADIAN,ša₂,ša₂,['ša I'],[],,
46,"1879,0708.46",16,3,AKKADIAN,ug-gat,ug-gat,['uggatu I'],[],,
47,"1879,0708.46",16,4,AKKADIAN,lib₃-bi-šu₂,lib₃-bi-šu₂,['libbu I'],[],,
48,"1879,0708.46",16,5,AKKADIAN,mim₃-ma,mim₃-ma,['mimma I'],[],,
49,"1879,0708.46",16,6,AKKADIAN,la,la,['lā I'],[],,
50,"1879,0708.46",17,1,EMESAL,uru₂,uru₂,[],[],,
51,"1879,0708.46",17,2,EMESAL,sumur-ra,sumur-ra,[],[],,
52,"1879,0708.46",17,3,EMESAL,hu-luh-ha-a-ni,hu-luh-ha-a-ni,[],[],,
53,"1879,0708.46",17,6,EMESAL,(a-ra-zu,a-ra-zu,[],[],,
54,"1879,0708.46",18,1,AKKADIAN,ana,ana,['ana I'],[],,
55,"1879,0708.46",18,2,AKKADIAN,ša₂,ša₂,['ša I'],[],,
56,"1879,0708.46",18,3,AKKADIAN,uz-za-šu₂,uz-za-šu₂,['uzzu I'],[],,
57,"1879,0708.46",18,4,AKKADIAN,a-bu-bu,a-bu-bu,['abūbu I'],[],,
58,"1879,0708.46",18,5,AKKADIAN,gal-tu₄,gal-tu₄,['galtu I'],[],,
59,"1879,0708.46",19,1,EMESAL,a-ra-zu,a-ra-zu,[],[],,
60,"1879,0708.46",19,2,EMESAL,ga-an-na-ab-du₁₁,ga-an-na-ab-du₁₁,[],[],,
61,"1879,0708.46",20,1,AKKADIAN,tes₂-li-ti,tes₂-li-ti,['teslītu I'],[],,
62,"1879,0708.46",20,2,AKKADIAN,lu-uq-bi-šu,lu-uq-bi-šu,['qabû II'],[],,
63,"1879,0708.46",21,1,EMESAL,a-ra-zu,a-ra-zu,[],[],,
64,"1879,0708.46",21,2,EMESAL,ga-an-na-ab-du₁₁,ga-an-na-ab-du₁₁,[],[],,
65,"1879,0708.46",22,1,AKKADIAN,tes₂-li-ti,tes₂-li-ti,['teslītu I'],[],,
66,"1879,0708.46",22,2,AKKADIAN,lu-uq-bi-šu₂,lu-uq-bi-šu₂,['qabû II'],[],,
67,"1879,0708.46",23,2,EMESAL,gig-ga-gu₁₀,gig-ga-gu₁₀,[],[],,
68,"1879,0708.46",23,3,EMESAL,kuš₂-u₃,kuš₂-u₃,[],[],,
69,"1879,0708.46",24,3,AKKADIAN,šum-ru-ṣa,šum-ru-ṣa,['marāṣu I'],[],,
70,"1879,0708.46",24,4,AKKADIAN,ta-ni-ih,ta-ni-ih,['tānēhu I'],[],,
71,"1879,0708.46",25,6,EMESAL,er₂-ra,er₂-ra,[],[],,
72,"1879,0708.46",26,5,AKKADIAN,šu-ud-mu-um,šu-ud-mu-um,['damāmu I'],[],,
73,"1879,0708.46",27,7,EMESAL,mu,mu,[],[],,
74,"1879,0708.46",28,2,AKKADIAN,ta-de-e,ta-de-e,[],[],,
75,"1879,0708.46",36,2,AKKADIAN,LUGAL,LUGAL,['šarru I'],[],,
76,"1879,0708.46",36,3,AKKADIAN,ŠU₂,ŠU₂,['kiššatu I'],[],,
77,"1879,0708.46",36,4,AKKADIAN,LUGAL,LUGAL,['šarru I'],[],,
78,"1879,0708.46",37,2,AKKADIAN,LUGAL,LUGAL,['šarru I'],[],,
79,"1879,0708.46",37,3,AKKADIAN,ŠU₂,ŠU₂,['kiššatu I'],[],,
80,"1879,0708.46",37,4,AKKADIAN,LUGAL,LUGAL,['šarru I'],[],,
81,"1879,0708.46",38,2,AKKADIAN,LUGAL,LUGAL,['šarru I'],[],,
82,"1879,0708.46",38,3,AKKADIAN,ŠU₂,ŠU₂,['kiššatu I'],[],,
83,"1879,0708.46",38,4,AKKADIAN,LUGAL,LUGAL,['šarru I'],[],,
84,"1879,0708.46",39,0,AKKADIAN,ša,ša,['ša I'],[],,
85,"1879,0708.46",39,1,AKKADIAN,a-na,a-na,['ana I'],[],,
86,"1879,0708.46",39,2,AKKADIAN,{d}e₂-a,{d}e₂-a,[],[],,
87,"1879,0708.46",39,3,AKKADIAN,u,u,['u I'],[],,
88,"1879,0708.46",39,7,AKKADIAN,NU,NU,['ul I'],[],,
89,"1879,0708.46",39,8,AKKADIAN,TEŠ₂,TEŠ₂,['bâšu I'],[],,
