,fragment_id,fragment_line_num,index_in_line,word_language,value,clean_value,lemma,domain,place_discovery,place_composition
0,"1879,0708.321",0,1,AKKADIAN,MUŠ,MUŠ,[],['CANONICAL ➝ Divination ➝ Terrestrial ➝ Šumma ālu'],,
1,"1879,0708.321",1,1,AKKADIAN,MUŠ,MUŠ,[],['CANONICAL ➝ Divination ➝ Terrestrial ➝ Šumma ālu'],,
2,"1879,0708.321",1,2,AKKADIAN,ša₂,ša₂,[],['CANONICAL ➝ Divination ➝ Terrestrial ➝ Šumma ālu'],,
3,"1879,0708.321",1,3,AKKADIAN,SU₆,SU₆,[],['CANONICAL ➝ Divination ➝ Terrestrial ➝ Šumma ālu'],,
4,"1879,0708.321",2,1,AKKADIAN,MUŠ,MUŠ,[],['CANONICAL ➝ Divination ➝ Terrestrial ➝ Šumma ālu'],,
5,"1879,0708.321",2,2,AKKADIAN,SU₆,SU₆,[],['CANONICAL ➝ Divination ➝ Terrestrial ➝ Šumma ālu'],,
6,"1879,0708.321",2,4,AKKADIAN,EME,EME,[],['CANONICAL ➝ Divination ➝ Terrestrial ➝ Šumma ālu'],,
7,"1879,0708.321",3,1,AKKADIAN,MUŠ,MUŠ,[],['CANONICAL ➝ Divination ➝ Terrestrial ➝ Šumma ālu'],,
8,"1879,0708.321",3,2,AKKADIAN,GAZ-ma,GAZ-ma,[],['CANONICAL ➝ Divination ➝ Terrestrial ➝ Šumma ālu'],,
9,"1879,0708.321",3,3,AKKADIAN,MUŠ,MUŠ,[],['CANONICAL ➝ Divination ➝ Terrestrial ➝ Šumma ālu'],,
10,"1879,0708.321",4,1,AKKADIAN,MUŠ,MUŠ,[],['CANONICAL ➝ Divination ➝ Terrestrial ➝ Šumma ālu'],,
11,"1879,0708.321",4,2,AKKADIAN,GAZ-ma,GAZ-ma,[],['CANONICAL ➝ Divination ➝ Terrestrial ➝ Šumma ālu'],,
12,"1879,0708.321",4,3,AKKADIAN,UŠ₂,UŠ₂,[],['CANONICAL ➝ Divination ➝ Terrestrial ➝ Šumma ālu'],,
13,"1879,0708.321",5,1,AKKADIAN,MUŠ,MUŠ,[],['CANONICAL ➝ Divination ➝ Terrestrial ➝ Šumma ālu'],,
14,"1879,0708.321",5,2,AKKADIAN,GAZ-ma,GAZ-ma,[],['CANONICAL ➝ Divination ➝ Terrestrial ➝ Šumma ālu'],,
15,"1879,0708.321",5,3,AKKADIAN,im,im,[],['CANONICAL ➝ Divination ➝ Terrestrial ➝ Šumma ālu'],,
16,"1879,0708.321",6,1,AKKADIAN,MUŠ,MUŠ,[],['CANONICAL ➝ Divination ➝ Terrestrial ➝ Šumma ālu'],,
17,"1879,0708.321",6,2,AKKADIAN,GAZ-ma,GAZ-ma,[],['CANONICAL ➝ Divination ➝ Terrestrial ➝ Šumma ālu'],,
18,"1879,0708.321",6,3,AKKADIAN,ud,ud,[],['CANONICAL ➝ Divination ➝ Terrestrial ➝ Šumma ālu'],,
19,"1879,0708.321",7,1,AKKADIAN,MUŠ,MUŠ,[],['CANONICAL ➝ Divination ➝ Terrestrial ➝ Šumma ālu'],,
20,"1879,0708.321",7,2,AKKADIAN,GAZ-ma,GAZ-ma,[],['CANONICAL ➝ Divination ➝ Terrestrial ➝ Šumma ālu'],,
21,"1879,0708.321",8,2,AKKADIAN,GAZ-ma,GAZ-ma,[],['CANONICAL ➝ Divination ➝ Terrestrial ➝ Šumma ālu'],,
22,"1879,0708.321",9,2,AKKADIAN,GAZ,GAZ,[],['CANONICAL ➝ Divination ➝ Terrestrial ➝ Šumma ālu'],,
