,fragment_id,fragment_line_num,index_in_line,word_language,value,clean_value,lemma,domain,place_discovery,place_composition
0,"1880,0719.303",2,2,AKKADIAN,TI.LA,TI.LA,[],[],,
1,"1880,0719.303",3,2,AKKADIAN,GAR,GAR,[],[],,
2,"1880,0719.303",3,5,AKKADIAN,ŠUB.ŠUB,ŠUB.ŠUB,[],[],,
3,"1880,0719.303",3,6,AKKADIAN,EN,EN,[],[],,
4,"1880,0719.303",3,7,AKKADIAN,u,u,[],[],,
5,"1880,0719.303",4,3,AKKADIAN,GAR,GAR,[],[],,
6,"1880,0719.303",4,5,AKKADIAN,ZI-ma,ZI-ma,[],[],,
7,"1880,0719.303",5,3,AKKADIAN,DINGIR-MEŠ,DINGIR-MEŠ,[],[],,
8,"1880,0719.303",5,4,AKKADIAN,GAR,GAR,[],[],,
9,"1880,0719.303",5,7,AKKADIAN,li,li,[],[],,
10,"1880,0719.303",5,8,AKKADIAN,BAL,BAL,[],[],,
11,"1880,0719.303",9,1,AKKADIAN,LUGAL,LUGAL,[],[],,
12,"1880,0719.303",9,2,AKKADIAN,DINGIR,DINGIR,[],[],,
13,"1880,0719.303",9,4,AKKADIAN,a,a,[],[],,
14,"1880,0719.303",9,7,AKKADIAN,gi,gi,[],[],,
15,"1880,0719.303",10,1,AKKADIAN,LUGAL,LUGAL,[],[],,
16,"1880,0719.303",10,2,AKKADIAN,DINGIR-MEŠ,DINGIR-MEŠ,[],[],,
17,"1880,0719.303",11,1,AKKADIAN,TI.LA,TI.LA,[],[],,
18,"1880,0719.303",11,2,AKKADIAN,GAR,GAR,[],[],,
19,"1880,0719.303",11,3,AKKADIAN,LUGAL,LUGAL,[],[],,
20,"1880,0719.303",12,1,AKKADIAN,TI.LA,TI.LA,[],[],,
21,"1880,0719.303",12,2,AKKADIAN,U₄,U₄,[],[],,
22,"1880,0719.303",12,3,AKKADIAN,LUGAL,LUGAL,[],[],,
23,"1880,0719.303",13,1,AKKADIAN,GAL-MEŠ,GAL-MEŠ,[],[],,
24,"1880,0719.303",13,2,AKKADIAN,BAL,BAL,[],[],,
25,"1880,0719.303",13,3,AKKADIAN,ti,ti,[],[],,
