,fragment_id,fragment_line_num,index_in_line,word_language,value,clean_value,lemma,domain,place_discovery,place_composition
0,"1880,0617.2316",4,1,AKKADIAN,lu-u₂,lu-u₂,['lū I'],see genres.json file,,
1,"1880,0617.2316",5,1,AKKADIAN,DINGIR-MEŠ,DINGIR-MEŠ,['ilu I'],see genres.json file,,
2,"1880,0617.2316",5,3,AKKADIAN,KUR,KUR,['mātu I'],see genres.json file,,
3,"1880,0617.2316",6,2,AKKADIAN,LAM₇.RU{ki},LAM₇.RU{ki},['Šuruppak I'],see genres.json file,,
4,"1880,0617.2316",7,1,AKKADIAN,šar-rat,šar-rat,['šarratu I'],see genres.json file,,
5,"1880,0617.2316",8,1,AKKADIAN,šar-rat,šar-rat,['šarratu I'],see genres.json file,,
