,fragment_id,fragment_line_num,index_in_line,word_language,value,clean_value,lemma,domain,place_discovery,place_composition
0,"1879,0708.131",1,1,AKKADIAN,ip-pa-ris,ip-pa-ris,[],"['CANONICAL ➝ Divination', 'CANONICAL ➝ Technical ➝ Medicine (?)']",,
1,"1879,0708.131",1,2,AKKADIAN,a-na,a-na,['ana I'],"['CANONICAL ➝ Divination', 'CANONICAL ➝ Technical ➝ Medicine (?)']",,
2,"1879,0708.131",2,2,AKKADIAN,TI-uṭ,TI-uṭ,['balāṭu II'],"['CANONICAL ➝ Divination', 'CANONICAL ➝ Technical ➝ Medicine (?)']",,
3,"1879,0708.131",2,3,AKKADIAN,šum/TAG-ma,šum/TAG-ma,[],"['CANONICAL ➝ Divination', 'CANONICAL ➝ Technical ➝ Medicine (?)']",,
4,"1879,0708.131",2,4,AKKADIAN,a-na,a-na,['ana I'],"['CANONICAL ➝ Divination', 'CANONICAL ➝ Technical ➝ Medicine (?)']",,
5,"1879,0708.131",3,1,AKKADIAN,TAG-ma,TAG-ma,[],"['CANONICAL ➝ Divination', 'CANONICAL ➝ Technical ➝ Medicine (?)']",,
6,"1879,0708.131",4,1,AKKADIAN,tu-kal-lu-šu,tu-kal-lu-šu,['kullu III'],"['CANONICAL ➝ Divination', 'CANONICAL ➝ Technical ➝ Medicine (?)']",,
7,"1879,0708.131",4,2,AKKADIAN,na-piš-ta-šu,na-piš-ta-šu,['napištu I'],"['CANONICAL ➝ Divination', 'CANONICAL ➝ Technical ➝ Medicine (?)']",,
8,"1879,0708.131",4,5,AKKADIAN,a-šar,a-šar,['ašru III'],"['CANONICAL ➝ Divination', 'CANONICAL ➝ Technical ➝ Medicine (?)']",,
9,"1879,0708.131",5,2,AKKADIAN,A-MEŠ,A-MEŠ,['mû I'],"['CANONICAL ➝ Divination', 'CANONICAL ➝ Technical ➝ Medicine (?)']",,
10,"1879,0708.131",5,3,AKKADIAN,tu-kal-lu!-šu,tu-kal-lu-šu,['kullu III'],"['CANONICAL ➝ Divination', 'CANONICAL ➝ Technical ➝ Medicine (?)']",,
11,"1879,0708.131",5,4,AKKADIAN,ha-am-ṭiš,ha-am-ṭiš,['hamṭiš I'],"['CANONICAL ➝ Divination', 'CANONICAL ➝ Technical ➝ Medicine (?)']",,
12,"1879,0708.131",5,5,AKKADIAN,ik-ta-ṣa,ik-ta-ṣa,[],"['CANONICAL ➝ Divination', 'CANONICAL ➝ Technical ➝ Medicine (?)']",,
13,"1879,0708.131",5,6,AKKADIAN,LU₂,LU₂,['awīlu I'],"['CANONICAL ➝ Divination', 'CANONICAL ➝ Technical ➝ Medicine (?)']",,
14,"1879,0708.131",5,7,AKKADIAN,NAM.TAG.GA-šu,NAM.TAG.GA-šu,[],"['CANONICAL ➝ Divination', 'CANONICAL ➝ Technical ➝ Medicine (?)']",,
15,"1879,0708.131",5,8,AKKADIAN,i+na,i+na,[],"['CANONICAL ➝ Divination', 'CANONICAL ➝ Technical ➝ Medicine (?)']",,
16,"1879,0708.131",5,9,AKKADIAN,ŠA₃-šu,ŠA₃-šu,['libbu I'],"['CANONICAL ➝ Divination', 'CANONICAL ➝ Technical ➝ Medicine (?)']",,
17,"1879,0708.131",5,10,AKKADIAN,i-di,i-di,[],"['CANONICAL ➝ Divination', 'CANONICAL ➝ Technical ➝ Medicine (?)']",,
18,"1879,0708.131",6,2,AKKADIAN,GA,GA,[],"['CANONICAL ➝ Divination', 'CANONICAL ➝ Technical ➝ Medicine (?)']",,
19,"1879,0708.131",6,3,AKKADIAN,SUD-ha,SUD-ha,[],"['CANONICAL ➝ Divination', 'CANONICAL ➝ Technical ➝ Medicine (?)']",,
20,"1879,0708.131",8,1,AKKADIAN,ŠUB-ut,ŠUB-ut,['maqātu I'],"['CANONICAL ➝ Divination', 'CANONICAL ➝ Technical ➝ Medicine (?)']",,
21,"1879,0708.131",8,2,AKKADIAN,{lu₂}KUR₂,{lu₂}KUR₂,['nakru I'],"['CANONICAL ➝ Divination', 'CANONICAL ➝ Technical ➝ Medicine (?)']",,
22,"1879,0708.131",8,3,AKKADIAN,TA,TA,['ištu I'],"['CANONICAL ➝ Divination', 'CANONICAL ➝ Technical ➝ Medicine (?)']",,
23,"1879,0708.131",8,4,AKKADIAN,GI₆.PAR₃-ia,GI₆.PAR₃-ia,[],"['CANONICAL ➝ Divination', 'CANONICAL ➝ Technical ➝ Medicine (?)']",,
24,"1879,0708.131",8,5,AKKADIAN,NAM.RA,NAM.RA,['šallatu I'],"['CANONICAL ➝ Divination', 'CANONICAL ➝ Technical ➝ Medicine (?)']",,
25,"1879,0708.131",9,1,AKKADIAN,KIMIN-u₂,KIMIN-u₂,[],"['CANONICAL ➝ Divination', 'CANONICAL ➝ Technical ➝ Medicine (?)']",,
26,"1879,0708.131",9,2,AKKADIAN,GIN-ik,GIN-ik,['alāku I'],"['CANONICAL ➝ Divination', 'CANONICAL ➝ Technical ➝ Medicine (?)']",,
27,"1879,0708.131",9,3,AKKADIAN,URU,URU,['ālu I'],"['CANONICAL ➝ Divination', 'CANONICAL ➝ Technical ➝ Medicine (?)']",,
28,"1879,0708.131",9,4,AKKADIAN,at/zi₂,at/zi₂,[],"['CANONICAL ➝ Divination', 'CANONICAL ➝ Technical ➝ Medicine (?)']",,
29,"1879,0708.131",9,5,AKKADIAN,mi,mi,[],"['CANONICAL ➝ Divination', 'CANONICAL ➝ Technical ➝ Medicine (?)']",,
30,"1879,0708.131",9,6,AKKADIAN,ABUL-šu,ABUL-šu,[],"['CANONICAL ➝ Divination', 'CANONICAL ➝ Technical ➝ Medicine (?)']",,
31,"1879,0708.131",9,7,AKKADIAN,BAD-MEŠ-ma,BAD-MEŠ-ma,['petû I'],"['CANONICAL ➝ Divination', 'CANONICAL ➝ Technical ➝ Medicine (?)']",,
32,"1879,0708.131",9,8,AKKADIAN,E₃-MEŠ-ma,E₃-MEŠ-ma,['aṣû I'],"['CANONICAL ➝ Divination', 'CANONICAL ➝ Technical ➝ Medicine (?)']",,
33,"1879,0708.131",9,9,AKKADIAN,LUGAL,LUGAL,['šarru I'],"['CANONICAL ➝ Divination', 'CANONICAL ➝ Technical ➝ Medicine (?)']",,
34,"1879,0708.131",9,10,AKKADIAN,i+na,i+na,['ina I'],"['CANONICAL ➝ Divination', 'CANONICAL ➝ Technical ➝ Medicine (?)']",,
35,"1879,0708.131",9,11,AKKADIAN,ŠA₃,ŠA₃,['libbu I'],"['CANONICAL ➝ Divination', 'CANONICAL ➝ Technical ➝ Medicine (?)']",,
36,"1879,0708.131",11,2,AKKADIAN,GIG,GIG,[],"['CANONICAL ➝ Divination', 'CANONICAL ➝ Technical ➝ Medicine (?)']",,
37,"1879,0708.131",11,3,AKKADIAN,i-kal,i-kal,['akālu I'],"['CANONICAL ➝ Divination', 'CANONICAL ➝ Technical ➝ Medicine (?)']",,
38,"1879,0708.131",11,4,AKKADIAN,i-šat-ti-ma,i-šat-ti-ma,[],"['CANONICAL ➝ Divination', 'CANONICAL ➝ Technical ➝ Medicine (?)']",,
39,"1879,0708.131",13,1,AKKADIAN,AD.HAL,AD.HAL,['pirištu I'],"['CANONICAL ➝ Divination', 'CANONICAL ➝ Technical ➝ Medicine (?)']",,
40,"1879,0708.131",13,2,AKKADIAN,NUN,NUN,['rubû I'],"['CANONICAL ➝ Divination', 'CANONICAL ➝ Technical ➝ Medicine (?)']",,
41,"1879,0708.131",13,3,AKKADIAN,E₃-ṣi,E₃-ṣi,[],"['CANONICAL ➝ Divination', 'CANONICAL ➝ Technical ➝ Medicine (?)']",,
42,"1879,0708.131",13,4,AKKADIAN,i+na,i+na,['ina I'],"['CANONICAL ➝ Divination', 'CANONICAL ➝ Technical ➝ Medicine (?)']",,
43,"1879,0708.131",13,5,AKKADIAN,{giš}TUKUL,{giš}TUKUL,['kakku I'],"['CANONICAL ➝ Divination', 'CANONICAL ➝ Technical ➝ Medicine (?)']",,
44,"1879,0708.131",13,6,AKKADIAN,ERIN₂-ni,ERIN₂-ni,['ummānu I'],"['CANONICAL ➝ Divination', 'CANONICAL ➝ Technical ➝ Medicine (?)']",,
45,"1879,0708.131",13,7,AKKADIAN,KI,KI,[],"['CANONICAL ➝ Divination', 'CANONICAL ➝ Technical ➝ Medicine (?)']",,
46,"1879,0708.131",13,8,AKKADIAN,DINGIR,DINGIR,['ilu I'],"['CANONICAL ➝ Divination', 'CANONICAL ➝ Technical ➝ Medicine (?)']",,
47,"1879,0708.131",14,2,AKKADIAN,u₃,u₃,['u I'],"['CANONICAL ➝ Divination', 'CANONICAL ➝ Technical ➝ Medicine (?)']",,
48,"1879,0708.131",14,3,AKKADIAN,TAG-MEŠ-sa₃,TAG-MEŠ-sa₃,[],"['CANONICAL ➝ Divination', 'CANONICAL ➝ Technical ➝ Medicine (?)']",,
49,"1879,0708.131",14,4,AKKADIAN,GI₆,GI₆,[],"['CANONICAL ➝ Divination', 'CANONICAL ➝ Technical ➝ Medicine (?)']",,
50,"1879,0708.131",14,5,AKKADIAN,DINGIR,DINGIR,[],"['CANONICAL ➝ Divination', 'CANONICAL ➝ Technical ➝ Medicine (?)']",,
51,"1879,0708.131",14,6,AKKADIAN,DUMU,DUMU,['māru I'],"['CANONICAL ➝ Divination', 'CANONICAL ➝ Technical ➝ Medicine (?)']",,
52,"1879,0708.131",14,7,AKKADIAN,AZU!,AZU,[],"['CANONICAL ➝ Divination', 'CANONICAL ➝ Technical ➝ Medicine (?)']",,
53,"1879,0708.131",14,8,AKKADIAN,an-na,an-na,['anna I'],"['CANONICAL ➝ Divination', 'CANONICAL ➝ Technical ➝ Medicine (?)']",,
54,"1879,0708.131",14,9,AKKADIAN,GI.NA-u₂,GI.NA-u₂,[],"['CANONICAL ➝ Divination', 'CANONICAL ➝ Technical ➝ Medicine (?)']",,
55,"1879,0708.131",14,10,AKKADIAN,ul,ul,[],"['CANONICAL ➝ Divination', 'CANONICAL ➝ Technical ➝ Medicine (?)']",,
56,"1879,0708.131",14,11,AKKADIAN,i-pal,i-pal,[],"['CANONICAL ➝ Divination', 'CANONICAL ➝ Technical ➝ Medicine (?)']",,
57,"1879,0708.131",16,1,AKKADIAN,GE₆,GE₆,[],"['CANONICAL ➝ Divination', 'CANONICAL ➝ Technical ➝ Medicine (?)']",,
58,"1879,0708.131",16,2,AKKADIAN,ša,ša,['ša I'],"['CANONICAL ➝ Divination', 'CANONICAL ➝ Technical ➝ Medicine (?)']",,
59,"1879,0708.131",16,3,AKKADIAN,ŠA₃,ŠA₃,['libbu I'],"['CANONICAL ➝ Divination', 'CANONICAL ➝ Technical ➝ Medicine (?)']",,
60,"1879,0708.131",16,4,AKKADIAN,{munus}PEŠ₄,{munus}PEŠ₄,['arītu I'],"['CANONICAL ➝ Divination', 'CANONICAL ➝ Technical ➝ Medicine (?)']",,
61,"1879,0708.131",16,5,AKKADIAN,NITA₂,NITA₂,[],"['CANONICAL ➝ Divination', 'CANONICAL ➝ Technical ➝ Medicine (?)']",,
62,"1879,0708.131",16,6,AKKADIAN,TAG/šum-ma,TAG/šum-ma,[],"['CANONICAL ➝ Divination', 'CANONICAL ➝ Technical ➝ Medicine (?)']",,
63,"1879,0708.131",16,7,AKKADIAN,{munus}PEŠ₄,{munus}PEŠ₄,['arītu I'],"['CANONICAL ➝ Divination', 'CANONICAL ➝ Technical ➝ Medicine (?)']",,
64,"1879,0708.131",16,8,AKKADIAN,i+na,i+na,['ina I'],"['CANONICAL ➝ Divination', 'CANONICAL ➝ Technical ➝ Medicine (?)']",,
65,"1879,0708.131",16,10,AKKADIAN,U₃.TU,U₃.TU,[],"['CANONICAL ➝ Divination', 'CANONICAL ➝ Technical ➝ Medicine (?)']",,
66,"1879,0708.131",18,1,AKKADIAN,GE₆,GE₆,[],"['CANONICAL ➝ Divination', 'CANONICAL ➝ Technical ➝ Medicine (?)']",,
67,"1879,0708.131",18,2,AKKADIAN,ša,ša,['ša I'],"['CANONICAL ➝ Divination', 'CANONICAL ➝ Technical ➝ Medicine (?)']",,
68,"1879,0708.131",18,3,AKKADIAN,ŠA₃,ŠA₃,['libbu I'],"['CANONICAL ➝ Divination', 'CANONICAL ➝ Technical ➝ Medicine (?)']",,
69,"1879,0708.131",18,4,AKKADIAN,{munus}PEŠ₄,{munus}PEŠ₄,['arītu I'],"['CANONICAL ➝ Divination', 'CANONICAL ➝ Technical ➝ Medicine (?)']",,
70,"1879,0708.131",18,7,AKKADIAN,a-na,a-na,['ana I'],"['CANONICAL ➝ Divination', 'CANONICAL ➝ Technical ➝ Medicine (?)']",,
71,"1879,0708.131",18,8,AKKADIAN,e-nu-ti,e-nu-ti,['enūtu I'],"['CANONICAL ➝ Divination', 'CANONICAL ➝ Technical ➝ Medicine (?)']",,
72,"1879,0708.131",20,2,AKKADIAN,GUB₃,GUB₃,[],"['CANONICAL ➝ Divination', 'CANONICAL ➝ Technical ➝ Medicine (?)']",,
73,"1879,0708.131",20,3,AKKADIAN,GE₆,GE₆,[],"['CANONICAL ➝ Divination', 'CANONICAL ➝ Technical ➝ Medicine (?)']",,
74,"1879,0708.131",20,4,AKKADIAN,ša,ša,['ša I'],"['CANONICAL ➝ Divination', 'CANONICAL ➝ Technical ➝ Medicine (?)']",,
75,"1879,0708.131",20,5,AKKADIAN,ŠA₃,ŠA₃,['libbu I'],"['CANONICAL ➝ Divination', 'CANONICAL ➝ Technical ➝ Medicine (?)']",,
76,"1879,0708.131",20,6,AKKADIAN,{munus}PEŠ₄,{munus}PEŠ₄,['arītu I'],"['CANONICAL ➝ Divination', 'CANONICAL ➝ Technical ➝ Medicine (?)']",,
77,"1879,0708.131",20,8,AKKADIAN,DINGIR,DINGIR,['ilu I'],"['CANONICAL ➝ Divination', 'CANONICAL ➝ Technical ➝ Medicine (?)']",,
78,"1879,0708.131",20,9,AKKADIAN,a-na,a-na,['ana I'],"['CANONICAL ➝ Divination', 'CANONICAL ➝ Technical ➝ Medicine (?)']",,
79,"1879,0708.131",22,2,AKKADIAN,ZAG,ZAG,[],"['CANONICAL ➝ Divination', 'CANONICAL ➝ Technical ➝ Medicine (?)']",,
80,"1879,0708.131",22,3,AKKADIAN,GE₆,GE₆,[],"['CANONICAL ➝ Divination', 'CANONICAL ➝ Technical ➝ Medicine (?)']",,
81,"1879,0708.131",22,4,AKKADIAN,ša,ša,['ša I'],"['CANONICAL ➝ Divination', 'CANONICAL ➝ Technical ➝ Medicine (?)']",,
82,"1879,0708.131",22,5,AKKADIAN,ŠA₃,ŠA₃,['libbu I'],"['CANONICAL ➝ Divination', 'CANONICAL ➝ Technical ➝ Medicine (?)']",,
83,"1879,0708.131",22,6,AKKADIAN,{munus}PEŠ₄,{munus}PEŠ₄,['arītu I'],"['CANONICAL ➝ Divination', 'CANONICAL ➝ Technical ➝ Medicine (?)']",,
84,"1879,0708.131",22,8,AKKADIAN,{d}AMAR.UTU,{d}AMAR.UTU,[],"['CANONICAL ➝ Divination', 'CANONICAL ➝ Technical ➝ Medicine (?)']",,
85,"1879,0708.131",22,9,AKKADIAN,a-na,a-na,['ana I'],"['CANONICAL ➝ Divination', 'CANONICAL ➝ Technical ➝ Medicine (?)']",,
86,"1879,0708.131",24,2,AKKADIAN,GE₆,GE₆,[],"['CANONICAL ➝ Divination', 'CANONICAL ➝ Technical ➝ Medicine (?)']",,
87,"1879,0708.131",24,3,AKKADIAN,ša,ša,['ša I'],"['CANONICAL ➝ Divination', 'CANONICAL ➝ Technical ➝ Medicine (?)']",,
88,"1879,0708.131",24,4,AKKADIAN,ŠA₃,ŠA₃,['libbu I'],"['CANONICAL ➝ Divination', 'CANONICAL ➝ Technical ➝ Medicine (?)']",,
89,"1879,0708.131",24,5,AKKADIAN,{munus}PEŠ₄,{munus}PEŠ₄,['arītu I'],"['CANONICAL ➝ Divination', 'CANONICAL ➝ Technical ➝ Medicine (?)']",,
90,"1879,0708.131",24,6,AKKADIAN,e-nim-ma-a,e-nim-ma-a,[],"['CANONICAL ➝ Divination', 'CANONICAL ➝ Technical ➝ Medicine (?)']",,
91,"1879,0708.131",26,2,AKKADIAN,ša,ša,['ša I'],"['CANONICAL ➝ Divination', 'CANONICAL ➝ Technical ➝ Medicine (?)']",,
92,"1879,0708.131",26,3,AKKADIAN,ŠA₃,ŠA₃,['libbu I'],"['CANONICAL ➝ Divination', 'CANONICAL ➝ Technical ➝ Medicine (?)']",,
93,"1879,0708.131",26,4,AKKADIAN,{munus}PEŠ₄,{munus}PEŠ₄,['arītu I'],"['CANONICAL ➝ Divination', 'CANONICAL ➝ Technical ➝ Medicine (?)']",,
94,"1879,0708.131",26,7,AKKADIAN,a-na,a-na,['ana I'],"['CANONICAL ➝ Divination', 'CANONICAL ➝ Technical ➝ Medicine (?)']",,
95,"1879,0708.131",28,2,AKKADIAN,e-ri-tu₄,e-ri-tu₄,[],"['CANONICAL ➝ Divination', 'CANONICAL ➝ Technical ➝ Medicine (?)']",,
96,"1879,0708.131",28,3,AKKADIAN,ša,ša,['ša I'],"['CANONICAL ➝ Divination', 'CANONICAL ➝ Technical ➝ Medicine (?)']",,
97,"1879,0708.131",28,4,AKKADIAN,ŠA₃-ša,ŠA₃-ša,[],"['CANONICAL ➝ Divination', 'CANONICAL ➝ Technical ➝ Medicine (?)']",,
98,"1879,0708.131",29,1,AKKADIAN,ša,ša,['ša I'],"['CANONICAL ➝ Divination', 'CANONICAL ➝ Technical ➝ Medicine (?)']",,
99,"1879,0708.131",29,2,AKKADIAN,ŠA₃,ŠA₃,['libbu I'],"['CANONICAL ➝ Divination', 'CANONICAL ➝ Technical ➝ Medicine (?)']",,
100,"1879,0708.131",29,3,AKKADIAN,{munus}PEŠ₄,{munus}PEŠ₄,['arītu I'],"['CANONICAL ➝ Divination', 'CANONICAL ➝ Technical ➝ Medicine (?)']",,
101,"1879,0708.131",29,4,AKKADIAN,NITA,NITA,['zikaru I'],"['CANONICAL ➝ Divination', 'CANONICAL ➝ Technical ➝ Medicine (?)']",,
102,"1879,0708.131",29,6,AKKADIAN,UG₇,UG₇,[],"['CANONICAL ➝ Divination', 'CANONICAL ➝ Technical ➝ Medicine (?)']",,
103,"1879,0708.131",29,7,AKKADIAN,a-na,a-na,['ana I'],"['CANONICAL ➝ Divination', 'CANONICAL ➝ Technical ➝ Medicine (?)']",,
104,"1879,0708.131",29,9,AKKADIAN,DU₃-ma,DU₃-ma,['epēšu I'],"['CANONICAL ➝ Divination', 'CANONICAL ➝ Technical ➝ Medicine (?)']",,
105,"1879,0708.131",29,10,AKKADIAN,sag,sag,[],"['CANONICAL ➝ Divination', 'CANONICAL ➝ Technical ➝ Medicine (?)']",,
106,"1879,0708.131",30,4,AKKADIAN,MUNUS,MUNUS,[],"['CANONICAL ➝ Divination', 'CANONICAL ➝ Technical ➝ Medicine (?)']",,
107,"1879,0708.131",30,6,AKKADIAN,UG₇,UG₇,[],"['CANONICAL ➝ Divination', 'CANONICAL ➝ Technical ➝ Medicine (?)']",,
108,"1879,0708.131",30,7,AKKADIAN,a-na,a-na,['ana I'],"['CANONICAL ➝ Divination', 'CANONICAL ➝ Technical ➝ Medicine (?)']",,
109,"1879,0708.131",30,8,AKKADIAN,i-ri-ti,i-ri-ti,[],"['CANONICAL ➝ Divination', 'CANONICAL ➝ Technical ➝ Medicine (?)']",,
110,"1879,0708.131",30,9,AKKADIAN,DU₃-ma,DU₃-ma,[],"['CANONICAL ➝ Divination', 'CANONICAL ➝ Technical ➝ Medicine (?)']",,
111,"1879,0708.131",30,10,AKKADIAN,i+na,i+na,[],"['CANONICAL ➝ Divination', 'CANONICAL ➝ Technical ➝ Medicine (?)']",,
112,"1879,0708.131",32,1,AKKADIAN,ša,ša,['ša I'],"['CANONICAL ➝ Divination', 'CANONICAL ➝ Technical ➝ Medicine (?)']",,
113,"1879,0708.131",32,2,AKKADIAN,ŠA₃,ŠA₃,['libbu I'],"['CANONICAL ➝ Divination', 'CANONICAL ➝ Technical ➝ Medicine (?)']",,
114,"1879,0708.131",32,4,AKKADIAN,NITA,NITA,[],"['CANONICAL ➝ Divination', 'CANONICAL ➝ Technical ➝ Medicine (?)']",,
115,"1879,0708.131",33,1,AKKADIAN,bi,bi,[],"['CANONICAL ➝ Divination', 'CANONICAL ➝ Technical ➝ Medicine (?)']",,
116,"1879,0708.131",35,1,AKKADIAN,ša,ša,['ša I'],"['CANONICAL ➝ Divination', 'CANONICAL ➝ Technical ➝ Medicine (?)']",,
117,"1879,0708.131",35,3,AKKADIAN,{munus}PEŠ₄,{munus}PEŠ₄,['arītu I'],"['CANONICAL ➝ Divination', 'CANONICAL ➝ Technical ➝ Medicine (?)']",,
118,"1879,0708.131",42,2,AKKADIAN,TI-uṭ,TI-uṭ,['balāṭu II'],"['CANONICAL ➝ Divination', 'CANONICAL ➝ Technical ➝ Medicine (?)']",,
119,"1879,0708.131",42,4,AKKADIAN,UG₇-at₂,UG₇-at₂,[],"['CANONICAL ➝ Divination', 'CANONICAL ➝ Technical ➝ Medicine (?)']",,
120,"1879,0708.131",44,1,AKKADIAN,i+na,i+na,['ina I'],"['CANONICAL ➝ Divination', 'CANONICAL ➝ Technical ➝ Medicine (?)']",,
121,"1879,0708.131",46,1,AKKADIAN,GIG,GIG,['marṣu I'],"['CANONICAL ➝ Divination', 'CANONICAL ➝ Technical ➝ Medicine (?)']",,
122,"1879,0708.131",46,2,AKKADIAN,TI-uṭ,TI-uṭ,['balāṭu II'],"['CANONICAL ➝ Divination', 'CANONICAL ➝ Technical ➝ Medicine (?)']",,
123,"1879,0708.131",46,4,AKKADIAN,BE,BE,['šumma I'],"['CANONICAL ➝ Divination', 'CANONICAL ➝ Technical ➝ Medicine (?)']",,
124,"1879,0708.131",46,7,AKKADIAN,u₃,u₃,['u I'],"['CANONICAL ➝ Divination', 'CANONICAL ➝ Technical ➝ Medicine (?)']",,
125,"1879,0708.131",46,8,AKKADIAN,sipa,sipa,[],"['CANONICAL ➝ Divination', 'CANONICAL ➝ Technical ➝ Medicine (?)']",,
126,"1879,0708.131",48,1,AKKADIAN,GIG,GIG,['marṣu I'],"['CANONICAL ➝ Divination', 'CANONICAL ➝ Technical ➝ Medicine (?)']",,
127,"1879,0708.131",48,2,AKKADIAN,TI-uṭ,TI-uṭ,['balāṭu II'],"['CANONICAL ➝ Divination', 'CANONICAL ➝ Technical ➝ Medicine (?)']",,
128,"1879,0708.131",48,4,AKKADIAN,BE,BE,['šumma I'],"['CANONICAL ➝ Divination', 'CANONICAL ➝ Technical ➝ Medicine (?)']",,
129,"1879,0708.131",48,6,AKKADIAN,TUKU,TUKU,['rašû I'],"['CANONICAL ➝ Divination', 'CANONICAL ➝ Technical ➝ Medicine (?)']",,
130,"1879,0708.131",50,1,AKKADIAN,IGI-mar,IGI-mar,['amāru I'],"['CANONICAL ➝ Divination', 'CANONICAL ➝ Technical ➝ Medicine (?)']",,
131,"1879,0708.131",50,3,AKKADIAN,BE,BE,['šumma I'],"['CANONICAL ➝ Divination', 'CANONICAL ➝ Technical ➝ Medicine (?)']",,
132,"1879,0708.131",50,6,AKKADIAN,TUKU,TUKU,['rašû I'],"['CANONICAL ➝ Divination', 'CANONICAL ➝ Technical ➝ Medicine (?)']",,
133,"1879,0708.131",50,7,AKKADIAN,ZAH₂,ZAH₂,['halāqu I'],"['CANONICAL ➝ Divination', 'CANONICAL ➝ Technical ➝ Medicine (?)']",,
134,"1879,0708.131",52,1,AKKADIAN,a-na,a-na,['ana I'],"['CANONICAL ➝ Divination', 'CANONICAL ➝ Technical ➝ Medicine (?)']",,
135,"1879,0708.131",55,1,AKKADIAN,MU-BI-IM,MU-BI-IM,['šumu I'],"['CANONICAL ➝ Divination', 'CANONICAL ➝ Technical ➝ Medicine (?)']",,
136,"1879,0708.131",55,2,AKKADIAN,IGI.KAR₂,IGI.KAR₂,['barû I'],"['CANONICAL ➝ Divination', 'CANONICAL ➝ Technical ➝ Medicine (?)']",,
137,"1879,0708.131",55,3,AKKADIAN,ŠU,ŠU,[],"['CANONICAL ➝ Divination', 'CANONICAL ➝ Technical ➝ Medicine (?)']",,
138,"1879,0708.131",55,5,AKKADIAN,AZU!,AZU,[],"['CANONICAL ➝ Divination', 'CANONICAL ➝ Technical ➝ Medicine (?)']",,
139,"1879,0708.131",55,6,AKKADIAN,MAN,MAN,[],"['CANONICAL ➝ Divination', 'CANONICAL ➝ Technical ➝ Medicine (?)']",,
140,"1879,0708.131",55,7,AKKADIAN,DUMU,DUMU,['māru I'],"['CANONICAL ➝ Divination', 'CANONICAL ➝ Technical ➝ Medicine (?)']",,
141,"1879,0708.131",55,8,AKKADIAN,{d}UTU-IBILA-URU₄,{d}UTU-IBILA-URU₄,[],"['CANONICAL ➝ Divination', 'CANONICAL ➝ Technical ➝ Medicine (?)']",,
142,"1879,0708.131",57,1,AKKADIAN,AD,AD,['abu I'],"['CANONICAL ➝ Divination', 'CANONICAL ➝ Technical ➝ Medicine (?)']",,
143,"1879,0708.131",57,2,AKKADIAN,a-na,a-na,['ana I'],"['CANONICAL ➝ Divination', 'CANONICAL ➝ Technical ➝ Medicine (?)']",,
144,"1879,0708.131",57,3,AKKADIAN,DUMU-šu,DUMU-šu,['māru I'],"['CANONICAL ➝ Divination', 'CANONICAL ➝ Technical ➝ Medicine (?)']",,
145,"1879,0708.131",57,5,AKKADIAN,i-ra-am-mu,i-ra-am-mu,['râmu II'],"['CANONICAL ➝ Divination', 'CANONICAL ➝ Technical ➝ Medicine (?)']",,
146,"1879,0708.131",57,6,AKKADIAN,ki-i,ki-i,['kī I'],"['CANONICAL ➝ Divination', 'CANONICAL ➝ Technical ➝ Medicine (?)']",,
147,"1879,0708.131",57,8,AKKADIAN,u₃,u₃,['u I'],"['CANONICAL ➝ Divination', 'CANONICAL ➝ Technical ➝ Medicine (?)']",,
148,"1879,0708.131",57,9,AKKADIAN,šar-ra-aq,šar-ra-aq,[],"['CANONICAL ➝ Divination', 'CANONICAL ➝ Technical ➝ Medicine (?)']",,
149,"1879,0708.131",59,2,AKKADIAN,be-li₂-ša,be-li₂-ša,['bēlu I'],"['CANONICAL ➝ Divination', 'CANONICAL ➝ Technical ➝ Medicine (?)']",,
150,"1879,0708.131",59,3,AKKADIAN,lu-te-er,lu-te-er,['târu I'],"['CANONICAL ➝ Divination', 'CANONICAL ➝ Technical ➝ Medicine (?)']",,
151,"1879,0708.131",59,5,AKKADIAN,u₃,u₃,['u I'],"['CANONICAL ➝ Divination', 'CANONICAL ➝ Technical ➝ Medicine (?)']",,
152,"1879,0708.131",59,6,AKKADIAN,{d}NIN.LIL₂,{d}NIN.LIL₂,[],"['CANONICAL ➝ Divination', 'CANONICAL ➝ Technical ➝ Medicine (?)']",,
153,"1879,0708.131",59,7,AKKADIAN,an-na,an-na,['anna I'],"['CANONICAL ➝ Divination', 'CANONICAL ➝ Technical ➝ Medicine (?)']",,
154,"1879,0708.131",59,8,AKKADIAN,GI.NA,GI.NA,[],"['CANONICAL ➝ Divination', 'CANONICAL ➝ Technical ➝ Medicine (?)']",,
155,"1879,0708.131",60,1,AKKADIAN,ana,ana,['ana I'],"['CANONICAL ➝ Divination', 'CANONICAL ➝ Technical ➝ Medicine (?)']",,
156,"1879,0708.131",60,2,AKKADIAN,ni-iš,ni-iš,['nīšu I'],"['CANONICAL ➝ Divination', 'CANONICAL ➝ Technical ➝ Medicine (?)']",,
157,"1879,0708.131",60,3,AKKADIAN,DINGIR-MEŠ,DINGIR-MEŠ,['ilu I'],"['CANONICAL ➝ Divination', 'CANONICAL ➝ Technical ➝ Medicine (?)']",,
158,"1879,0708.131",60,4,AKKADIAN,GAL-MEŠ,GAL-MEŠ,['rabû I'],"['CANONICAL ➝ Divination', 'CANONICAL ➝ Technical ➝ Medicine (?)']",,
159,"1879,0708.131",60,5,AKKADIAN,la,la,[],"['CANONICAL ➝ Divination', 'CANONICAL ➝ Technical ➝ Medicine (?)']",,
160,"1879,0708.131",60,8,AKKADIAN,SAG.DU-su,SAG.DU-su,[],"['CANONICAL ➝ Divination', 'CANONICAL ➝ Technical ➝ Medicine (?)']",,
