,fragment_id,fragment_line_num,index_in_line,word_language,value,clean_value,lemma,domain,place_discovery,place_composition
0,"1880,0719.168",1,8,AKKADIAN,an-na-a,an-na-a,['annû I'],[],,
1,"1880,0719.168",2,2,AKKADIAN,ir/ni-tu,ir/ni-tu,[],[],,
2,"1880,0719.168",2,3,AKKADIAN,šu-a-tu₂,šu-a-tu₂,['šuāti I'],[],,
3,"1880,0719.168",2,4,AKKADIAN,ŠU-MIN,ŠU-MIN,['qātu I'],[],,
4,"1880,0719.168",3,3,AKKADIAN,LUGAL,LUGAL,['šarru I'],[],,
5,"1880,0719.168",4,3,AKKADIAN,ŠA₃,ŠA₃,['libbu I'],[],,
