,fragment_id,fragment_line_num,index_in_line,word_language,value,clean_value,lemma,domain,place_discovery,place_composition
0,"1880,0719.160",2,2,SUMERIAN,na₄-e-ne,na₄-e-ne,[],['CANONICAL ➝ Literature ➝ Hymns ➝ Divine'],,
1,"1880,0719.160",3,2,AKKADIAN,a-sak-ku,a-sak-ku,['asakku I'],['CANONICAL ➝ Literature ➝ Hymns ➝ Divine'],,
2,"1880,0719.160",5,2,AKKADIAN,za-ri-i-šu₂,za-ri-i-šu₂,[],['CANONICAL ➝ Literature ➝ Hymns ➝ Divine'],,
3,"1880,0719.160",6,2,SUMERIAN,ša₃-še₃,ša₃-še₃,[],['CANONICAL ➝ Literature ➝ Hymns ➝ Divine'],,
4,"1880,0719.160",7,2,AKKADIAN,lib₃-bi,lib₃-bi,['libbu I'],['CANONICAL ➝ Literature ➝ Hymns ➝ Divine'],,
5,"1880,0719.160",8,3,SUMERIAN,bara₂-ke₄-e-ne,bara₂-ke₄-e-ne,[],['CANONICAL ➝ Literature ➝ Hymns ➝ Divine'],,
6,"1880,0719.160",9,3,AKKADIAN,be-el,be-el,['bēlu I'],['CANONICAL ➝ Literature ➝ Hymns ➝ Divine'],,
7,"1880,0719.160",9,4,AKKADIAN,be-li₂,be-li₂,['bēlu I'],['CANONICAL ➝ Literature ➝ Hymns ➝ Divine'],,
8,"1880,0719.160",10,3,SUMERIAN,uri{ki}-ra,uri{ki}-ra,[],['CANONICAL ➝ Literature ➝ Hymns ➝ Divine'],,
