,fragment_id,fragment_line_num,index_in_line,word_language,value,clean_value,lemma,domain,place_discovery,place_composition
0,"1880,0719.291",2,1,AKKADIAN,li-ku-nu,li-ku-nu,['kânu I'],[],,
1,"1880,0719.291",2,2,AKKADIAN,qe₂-reb,qe₂-reb,['qerbu II'],[],,
2,"1880,0719.291",4,2,AKKADIAN,li-ip-li-pi,li-ip-li-pi,['līpu I'],[],,
3,"1880,0719.291",5,2,AKKADIAN,UGU-ka,UGU-ka,['muhhu I'],[],,
4,"1880,0719.291",5,3,AKKADIAN,lit-ru-uṣ,lit-ru-uṣ,['tarāṣu I'],[],,
5,"1880,0719.291",6,2,AKKADIAN,MU-ka,MU-ka,['šumu I'],[],,
6,"1880,0719.291",6,3,AKKADIAN,ana,ana,['ana I'],[],,
7,"1880,0719.291",6,4,AKKADIAN,da-ra-a-ti,da-ra-a-ti,['dārītu I'],[],,
8,"1880,0719.291",7,2,AKKADIAN,i-ta-a-šu₂,i-ta-a-šu₂,['itû I'],[],,
9,"1880,0719.291",7,3,AKKADIAN,te-pu-šu₂,te-pu-šu₂,['epēšu II'],[],,
10,"1880,0719.291",7,4,AKKADIAN,E₂,E₂,['bītu I'],[],,
11,"1880,0719.291",7,5,AKKADIAN,la-li-ka,la-li-ka,['lalû I'],[],,
12,"1880,0719.291",8,2,AKKADIAN,ENGUR/EN₂,ENGUR/EN₂,[],[],,
13,"1880,0719.291",8,3,AKKADIAN,lu-še-ri-ba,lu-še-ri-ba,['erēbu I'],[],,
14,"1880,0719.291",8,4,AKKADIAN,tes₂-lit-ka,tes₂-lit-ka,['teslītu I'],[],,
15,"1880,0719.291",9,2,AKKADIAN,E₂.GAL-ka,E₂.GAL-ka,['ēkallu I'],[],,
16,"1880,0719.291",9,3,AKKADIAN,liz-qu-pu,liz-qu-pu,['zaqāpu I'],[],,
17,"1880,0719.291",9,4,AKKADIAN,ki-din-nu,ki-din-nu,['kidinnu I'],[],,
18,"1880,0719.291",11,1,AKKADIAN,MAN,MAN,['šarru I'],[],,
19,"1880,0719.291",11,2,AKKADIAN,ŠU₂,ŠU₂,['kiššatu I'],[],,
20,"1880,0719.291",11,3,AKKADIAN,MAN,MAN,['šarru I'],[],,
21,"1880,0719.291",11,4,AKKADIAN,KUR,KUR,['mātu I'],[],,
22,"1880,0719.291",11,5,AKKADIAN,AN.ŠAR₂,AN.ŠAR₂,['Aššur I'],[],,
23,"1880,0719.291",11,6,AKKADIAN,a-hi-iz,a-hi-iz,['ahāzu I'],[],,
