,fragment_id,fragment_line_num,index_in_line,word_language,value,clean_value,lemma,domain,place_discovery,place_composition
0,"1879,0708.45",0,1,AKKADIAN,bur,bur,[],['CANONICAL ➝ Divination ➝ Extispicy'],,
1,"1879,0708.45",0,8,AKKADIAN,GIG,GIG,[],['CANONICAL ➝ Divination ➝ Extispicy'],,
2,"1879,0708.45",0,9,AKKADIAN,BI,BI,[],['CANONICAL ➝ Divination ➝ Extispicy'],,
3,"1879,0708.45",1,2,AKKADIAN,ŠUB-di,ŠUB-di,[],['CANONICAL ➝ Divination ➝ Extispicy'],,
4,"1879,0708.45",1,4,AKKADIAN,BI,BI,[],['CANONICAL ➝ Divination ➝ Extispicy'],,
5,"1879,0708.45",2,2,AKKADIAN,DUG₃.GA,DUG₃.GA,[],['CANONICAL ➝ Divination ➝ Extispicy'],,
6,"1879,0708.45",2,3,AKKADIAN,IGI,IGI,[],['CANONICAL ➝ Divination ➝ Extispicy'],,
7,"1879,0708.45",2,4,AKKADIAN,GIG,GIG,[],['CANONICAL ➝ Divination ➝ Extispicy'],,
8,"1879,0708.45",2,5,AKKADIAN,BI,BI,[],['CANONICAL ➝ Divination ➝ Extispicy'],,
9,"1879,0708.45",3,1,AKKADIAN,ŠUB-di,ŠUB-di,[],['CANONICAL ➝ Divination ➝ Extispicy'],,
10,"1879,0708.45",3,2,AKKADIAN,GIG,GIG,[],['CANONICAL ➝ Divination ➝ Extispicy'],,
11,"1879,0708.45",3,3,AKKADIAN,BI,BI,[],['CANONICAL ➝ Divination ➝ Extispicy'],,
12,"1879,0708.45",3,4,AKKADIAN,ana,ana,[],['CANONICAL ➝ Divination ➝ Extispicy'],,
13,"1879,0708.45",3,5,AKKADIAN,2,2,[],['CANONICAL ➝ Divination ➝ Extispicy'],,
14,"1879,0708.45",4,1,AKKADIAN,KAR-im,KAR-im,[],['CANONICAL ➝ Divination ➝ Extispicy'],,
15,"1879,0708.45",4,2,AKKADIAN,GIG,GIG,[],['CANONICAL ➝ Divination ➝ Extispicy'],,
16,"1879,0708.45",4,3,AKKADIAN,BI,BI,[],['CANONICAL ➝ Divination ➝ Extispicy'],,
17,"1879,0708.45",4,4,AKKADIAN,ana,ana,[],['CANONICAL ➝ Divination ➝ Extispicy'],,
18,"1879,0708.45",4,5,AKKADIAN,2,2,[],['CANONICAL ➝ Divination ➝ Extispicy'],,
19,"1879,0708.45",4,6,AKKADIAN,u₄-me,u₄-me,[],['CANONICAL ➝ Divination ➝ Extispicy'],,
20,"1879,0708.45",5,2,AKKADIAN,GAM-iš,GAM-iš,[],['CANONICAL ➝ Divination ➝ Extispicy'],,
21,"1879,0708.45",5,3,AKKADIAN,GIG,GIG,[],['CANONICAL ➝ Divination ➝ Extispicy'],,
22,"1879,0708.45",5,4,AKKADIAN,BI,BI,[],['CANONICAL ➝ Divination ➝ Extispicy'],,
23,"1879,0708.45",5,5,AKKADIAN,ana,ana,[],['CANONICAL ➝ Divination ➝ Extispicy'],,
24,"1879,0708.45",5,6,AKKADIAN,3,3,[],['CANONICAL ➝ Divination ➝ Extispicy'],,
25,"1879,0708.45",6,2,AKKADIAN,na,na,[],['CANONICAL ➝ Divination ➝ Extispicy'],,
26,"1879,0708.45",6,3,AKKADIAN,1-ma,1-ma,[],['CANONICAL ➝ Divination ➝ Extispicy'],,
27,"1879,0708.45",6,4,AKKADIAN,GIG,GIG,[],['CANONICAL ➝ Divination ➝ Extispicy'],,
28,"1879,0708.45",6,5,AKKADIAN,BI,BI,[],['CANONICAL ➝ Divination ➝ Extispicy'],,
29,"1879,0708.45",6,6,AKKADIAN,ana,ana,[],['CANONICAL ➝ Divination ➝ Extispicy'],,
30,"1879,0708.45",6,7,AKKADIAN,3,3,[],['CANONICAL ➝ Divination ➝ Extispicy'],,
31,"1879,0708.45",7,1,AKKADIAN,BUR₃,BUR₃,[],['CANONICAL ➝ Divination ➝ Extispicy'],,
32,"1879,0708.45",7,2,AKKADIAN,ŠUB-di,ŠUB-di,[],['CANONICAL ➝ Divination ➝ Extispicy'],,
33,"1879,0708.45",7,3,AKKADIAN,GIG,GIG,[],['CANONICAL ➝ Divination ➝ Extispicy'],,
34,"1879,0708.45",7,4,AKKADIAN,BI,BI,[],['CANONICAL ➝ Divination ➝ Extispicy'],,
35,"1879,0708.45",7,5,AKKADIAN,ana,ana,[],['CANONICAL ➝ Divination ➝ Extispicy'],,
36,"1879,0708.45",7,6,AKKADIAN,3,3,[],['CANONICAL ➝ Divination ➝ Extispicy'],,
37,"1879,0708.45",8,1,AKKADIAN,DU₈,DU₈,[],['CANONICAL ➝ Divination ➝ Extispicy'],,
38,"1879,0708.45",8,2,AKKADIAN,GIG,GIG,[],['CANONICAL ➝ Divination ➝ Extispicy'],,
39,"1879,0708.45",8,3,AKKADIAN,BI,BI,[],['CANONICAL ➝ Divination ➝ Extispicy'],,
40,"1879,0708.45",8,4,AKKADIAN,4,4,[],['CANONICAL ➝ Divination ➝ Extispicy'],,
41,"1879,0708.45",9,2,AKKADIAN,SIG,SIG,[],['CANONICAL ➝ Divination ➝ Extispicy'],,
42,"1879,0708.45",9,3,AKKADIAN,ni-ri,ni-ri,[],['CANONICAL ➝ Divination ➝ Extispicy'],,
43,"1879,0708.45",9,4,AKKADIAN,IGI,IGI,[],['CANONICAL ➝ Divination ➝ Extispicy'],,
44,"1879,0708.45",9,5,AKKADIAN,GIG,GIG,[],['CANONICAL ➝ Divination ➝ Extispicy'],,
45,"1879,0708.45",9,6,AKKADIAN,BI,BI,[],['CANONICAL ➝ Divination ➝ Extispicy'],,
46,"1879,0708.45",9,7,AKKADIAN,ana,ana,[],['CANONICAL ➝ Divination ➝ Extispicy'],,
47,"1879,0708.45",9,8,AKKADIAN,4,4,[],['CANONICAL ➝ Divination ➝ Extispicy'],,
48,"1879,0708.45",10,3,AKKADIAN,IGI,IGI,[],['CANONICAL ➝ Divination ➝ Extispicy'],,
49,"1879,0708.45",10,4,AKKADIAN,GIG,GIG,[],['CANONICAL ➝ Divination ➝ Extispicy'],,
50,"1879,0708.45",10,5,AKKADIAN,BI,BI,[],['CANONICAL ➝ Divination ➝ Extispicy'],,
51,"1879,0708.45",10,6,AKKADIAN,ana,ana,[],['CANONICAL ➝ Divination ➝ Extispicy'],,
52,"1879,0708.45",10,7,AKKADIAN,4,4,[],['CANONICAL ➝ Divination ➝ Extispicy'],,
53,"1879,0708.45",10,8,AKKADIAN,u₄-me,u₄-me,[],['CANONICAL ➝ Divination ➝ Extispicy'],,
54,"1879,0708.45",11,2,AKKADIAN,GIG,GIG,[],['CANONICAL ➝ Divination ➝ Extispicy'],,
55,"1879,0708.45",11,3,AKKADIAN,BI,BI,[],['CANONICAL ➝ Divination ➝ Extispicy'],,
56,"1879,0708.45",11,4,AKKADIAN,ana,ana,[],['CANONICAL ➝ Divination ➝ Extispicy'],,
57,"1879,0708.45",11,5,AKKADIAN,5,5,[],['CANONICAL ➝ Divination ➝ Extispicy'],,
58,"1879,0708.45",11,6,AKKADIAN,u₄-me,u₄-me,[],['CANONICAL ➝ Divination ➝ Extispicy'],,
59,"1879,0708.45",12,2,AKKADIAN,GIG,GIG,[],['CANONICAL ➝ Divination ➝ Extispicy'],,
60,"1879,0708.45",12,3,AKKADIAN,BI,BI,[],['CANONICAL ➝ Divination ➝ Extispicy'],,
61,"1879,0708.45",12,4,AKKADIAN,ana,ana,[],['CANONICAL ➝ Divination ➝ Extispicy'],,
62,"1879,0708.45",12,6,AKKADIAN,u₄-me,u₄-me,[],['CANONICAL ➝ Divination ➝ Extispicy'],,
