,fragment_id,fragment_line_num,index_in_line,word_language,value,clean_value,lemma,domain,place_discovery,place_composition
0,"1879,0708.70",0,2,EMESAL,nibru{ki}-ta,nibru{ki}-ta,[],['CANONICAL ➝ Literature ➝ Lamentations ➝ Eršema (Kidudû) (?)'],,
1,"1879,0708.70",0,5,EMESAL,uru₂-zu,uru₂-zu,[],['CANONICAL ➝ Literature ➝ Lamentations ➝ Eršema (Kidudû) (?)'],,
2,"1879,0708.70",0,6,EMESAL,u₆,u₆,[],['CANONICAL ➝ Literature ➝ Lamentations ➝ Eršema (Kidudû) (?)'],,
3,"1879,0708.70",1,2,EMESAL,e₂-kur-ra-ta,e₂-kur-ra-ta,[],['CANONICAL ➝ Literature ➝ Lamentations ➝ Eršema (Kidudû) (?)'],,
4,"1879,0708.70",1,4,EMESAL,NIGIN₂,NIGIN₂,[],['CANONICAL ➝ Literature ➝ Lamentations ➝ Eršema (Kidudû) (?)'],,
5,"1879,0708.70",2,5,EMESAL,uru₂-zu,uru₂-zu,[],['CANONICAL ➝ Literature ➝ Lamentations ➝ Eršema (Kidudû) (?)'],,
6,"1879,0708.70",2,6,EMESAL,u₆,u₆,[],['CANONICAL ➝ Literature ➝ Lamentations ➝ Eršema (Kidudû) (?)'],,
7,"1879,0708.70",3,2,EMESAL,e₂-babbar-ru₃,e₂-babbar-ru₃,[],['CANONICAL ➝ Literature ➝ Lamentations ➝ Eršema (Kidudû) (?)'],,
8,"1879,0708.70",4,2,EMESAL,tin-tir{ki}-ta,tin-tir{ki}-ta,[],['CANONICAL ➝ Literature ➝ Lamentations ➝ Eršema (Kidudû) (?)'],,
9,"1879,0708.70",4,5,EMESAL,uru₂-zu,uru₂-zu,[],['CANONICAL ➝ Literature ➝ Lamentations ➝ Eršema (Kidudû) (?)'],,
10,"1879,0708.70",4,6,EMESAL,u₆,u₆,[],['CANONICAL ➝ Literature ➝ Lamentations ➝ Eršema (Kidudû) (?)'],,
11,"1879,0708.70",5,2,EMESAL,e₂-sag-il₂-la,e₂-sag-il₂-la,[],['CANONICAL ➝ Literature ➝ Lamentations ➝ Eršema (Kidudû) (?)'],,
12,"1879,0708.70",6,2,EMESAL,bad₃-si-ab-ba{ki}-ta,bad₃-si-ab-ba{ki}-ta,[],['CANONICAL ➝ Literature ➝ Lamentations ➝ Eršema (Kidudû) (?)'],,
13,"1879,0708.70",6,5,EMESAL,uru₂-zu,uru₂-zu,[],['CANONICAL ➝ Literature ➝ Lamentations ➝ Eršema (Kidudû) (?)'],,
14,"1879,0708.70",6,6,EMESAL,u₆,u₆,[],['CANONICAL ➝ Literature ➝ Lamentations ➝ Eršema (Kidudû) (?)'],,
15,"1879,0708.70",7,2,EMESAL,e₂-zi-da-ta,e₂-zi-da-ta,[],['CANONICAL ➝ Literature ➝ Lamentations ➝ Eršema (Kidudû) (?)'],,
16,"1879,0708.70",8,2,EMESAL,e₂-te-me-an-ki,e₂-te-me-an-ki,[],['CANONICAL ➝ Literature ➝ Lamentations ➝ Eršema (Kidudû) (?)'],,
17,"1879,0708.70",9,2,EMESAL,a,a,[],['CANONICAL ➝ Literature ➝ Lamentations ➝ Eršema (Kidudû) (?)'],,
18,"1879,0708.70",9,3,EMESAL,du₁₁-ga,du₁₁-ga,[],['CANONICAL ➝ Literature ➝ Lamentations ➝ Eršema (Kidudû) (?)'],,
19,"1879,0708.70",10,1,AKKADIAN,a-lu₄,a-lu₄,['ālu I'],['CANONICAL ➝ Literature ➝ Lamentations ➝ Eršema (Kidudû) (?)'],,
20,"1879,0708.70",10,2,AKKADIAN,ša₂,ša₂,['ša I'],['CANONICAL ➝ Literature ➝ Lamentations ➝ Eršema (Kidudû) (?)'],,
21,"1879,0708.70",10,3,AKKADIAN,na-ak-ru,na-ak-ru,['nakru I'],['CANONICAL ➝ Literature ➝ Lamentations ➝ Eršema (Kidudû) (?)'],,
22,"1879,0708.70",11,2,EMESAL,a,a,[],['CANONICAL ➝ Literature ➝ Lamentations ➝ Eršema (Kidudû) (?)'],,
23,"1879,0708.70",11,5,EMESAL,a-ta,a-ta,[],['CANONICAL ➝ Literature ➝ Lamentations ➝ Eršema (Kidudû) (?)'],,
