,fragment_id,fragment_line_num,index_in_line,word_language,value,clean_value,lemma,domain,place_discovery,place_composition
0,"1880,0719.89",1,1,AKKADIAN,TA,TA,['ištu I'],[],,
1,"1880,0719.89",1,2,AKKADIAN,15,15,['imittu I'],[],,
2,"1880,0719.89",1,3,AKKADIAN,,,['awīlu I'],[],,
3,"1880,0719.89",1,4,AKKADIAN,ana,ana,['ana I'],[],,
4,"1880,0719.89",1,5,AKKADIAN,150,150,['šumēlu I'],[],,
5,"1880,0719.89",1,6,AKKADIAN,,,['awīlu I'],[],,
6,"1880,0719.89",1,7,AKKADIAN,SUR-uh,SUR-uh,['ṣarāhu II'],[],,
7,"1880,0719.89",1,8,AKKADIAN,SIG₅,SIG₅,['damāqu I'],[],,
8,"1880,0719.89",2,1,AKKADIAN,EGIR-šu₂,EGIR-šu₂,['arki I'],[],,
9,"1880,0719.89",2,2,AKKADIAN,LU₂,LU₂,['awīlu I'],[],,
10,"1880,0719.89",2,3,AKKADIAN,ih-hi-iṭ,ih-hi-iṭ,['hiāṭu I'],[],,
11,"1880,0719.89",2,4,AKKADIAN,BAR,BAR,['ahû I'],[],,
12,"1880,0719.89",3,1,AKKADIAN,i-re-qam-ma,i-re-qam-ma,['rêqu I'],[],,
13,"1880,0719.89",3,2,AKKADIAN,MUŠEN,MUŠEN,['iṣṣūru I'],[],,
14,"1880,0719.89",3,3,AKKADIAN,TA,TA,['ištu I'],[],,
15,"1880,0719.89",3,4,AKKADIAN,ZAG,ZAG,['imittu I'],[],,
16,"1880,0719.89",3,5,AKKADIAN,,,['awīlu I'],[],,
17,"1880,0719.89",3,6,AKKADIAN,ana,ana,['ana I'],[],,
18,"1880,0719.89",3,7,AKKADIAN,ku-tal₂,ku-tal₂,['kutallu I'],[],,
19,"1880,0719.89",3,8,AKKADIAN,,,['awīlu I'],[],,
20,"1880,0719.89",4,3,AKKADIAN,ana,ana,['ana I'],[],,
21,"1880,0719.89",4,4,AKKADIAN,IGI-šu,IGI-šu,['pānu I'],[],,
22,"1880,0719.89",4,5,AKKADIAN,DU-ak,DU-ak,['alāku I'],[],,
23,"1880,0719.89",4,6,AKKADIAN,SUHUŠ-BI,SUHUŠ-BI,"['išdu I', '-šu I']",[],,
24,"1880,0719.89",4,7,AKKADIAN,GI.NA,GI.NA,['kânu I'],[],,
25,"1880,0719.89",5,1,AKKADIAN,ina,ina,['ina I'],[],,
26,"1880,0719.89",5,2,AKKADIAN,la-an,la-an,[],[],,
27,"1880,0719.89",5,3,AKKADIAN,i-re-qam-ma,i-re-qam-ma,['rêqu I'],[],,
28,"1880,0719.89",6,3,AKKADIAN,SUHUŠ-BI,SUHUŠ-BI,['idu I'],[],,
29,"1880,0719.89",6,4,AKKADIAN,GI.NA,GI.NA,['kânu I'],[],,
30,"1880,0719.89",6,6,AKKADIAN,hi,hi,[],[],,
31,"1880,0719.89",6,7,AKKADIAN,aš,aš,[],[],,
32,"1880,0719.89",6,8,AKKADIAN,DUGUD-it,DUGUD-it,['kabātu I'],[],,
33,"1880,0719.89",7,1,AKKADIAN,ina,ina,['ina I'],[],,
34,"1880,0719.89",7,3,AKKADIAN,i-re-qam-ma,i-re-qam-ma,['rêqu I'],[],,
35,"1880,0719.89",7,4,AKKADIAN,MUŠEN,MUŠEN,['iṣṣūru I'],[],,
36,"1880,0719.89",7,5,AKKADIAN,TA,TA,['ištu I'],[],,
37,"1880,0719.89",7,6,AKKADIAN,15,15,['imittu I'],[],,
38,"1880,0719.89",7,7,AKKADIAN,,,['awīlu I'],[],,
39,"1880,0719.89",7,8,AKKADIAN,ana,ana,['ana I'],[],,
40,"1880,0719.89",7,9,AKKADIAN,150,150,['šumēlu I'],[],,
41,"1880,0719.89",7,10,AKKADIAN,,,['awīlu I'],[],,
42,"1880,0719.89",7,11,AKKADIAN,ana,ana,['ana I'],[],,
43,"1880,0719.89",7,12,AKKADIAN,IGI-šu₂,IGI-šu₂,['pānu I'],[],,
44,"1880,0719.89",7,13,AKKADIAN,DIB-ma,DIB-ma,['etēqu I'],[],,
45,"1880,0719.89",8,2,AKKADIAN,DUG₄.DUG₄-bu,DUG₄.DUG₄-bu,['dabābu II'],[],,
46,"1880,0719.89",8,3,AKKADIAN,DINGIR,DINGIR,['ilu I'],[],,
47,"1880,0719.89",8,4,AKKADIAN,i-šem-me-šu₂,i-šem-me-šu₂,['šemû I'],[],,
48,"1880,0719.89",9,1,AKKADIAN,u,u,['u I'],[],,
49,"1880,0719.89",9,2,AKKADIAN,uh-hu-ru,uh-hu-ru,['ahāru I'],[],,
50,"1880,0719.89",9,3,AKKADIAN,MUŠEN,MUŠEN,['iṣṣūru I'],[],,
51,"1880,0719.89",9,4,AKKADIAN,ina,ina,['ina I'],[],,
52,"1880,0719.89",9,5,AKKADIAN,GUB₃,GUB₃,['šumēlu I'],[],,
53,"1880,0719.89",9,6,AKKADIAN,,,['awīlu I'],[],,
54,"1880,0719.89",9,7,AKKADIAN,ina,ina,['ina I'],[],,
55,"1880,0719.89",9,8,AKKADIAN,UGU,UGU,['muhhu I'],[],,
56,"1880,0719.89",9,9,AKKADIAN,ŠAH,ŠAH,['šahû I'],[],,
57,"1880,0719.89",10,2,AKKADIAN,GU₃.GU₃-si,GU₃.GU₃-si,['šasû I'],[],,
58,"1880,0719.89",10,3,AKKADIAN,u,u,['u I'],[],,
59,"1880,0719.89",10,4,AKKADIAN,TA,TA,['ištu I'],[],,
60,"1880,0719.89",10,5,AKKADIAN,15,15,['imittu I'],[],,
61,"1880,0719.89",10,6,AKKADIAN,,,['awīlu I'],[],,
62,"1880,0719.89",10,7,AKKADIAN,ana,ana,['ana I'],[],,
63,"1880,0719.89",10,8,AKKADIAN,150,150,['šumēlu I'],[],,
64,"1880,0719.89",10,9,AKKADIAN,,,['awīlu I'],[],,
65,"1880,0719.89",10,10,AKKADIAN,DIB-ma,DIB-ma,['etēqu I'],[],,
66,"1880,0719.89",11,2,AKKADIAN,,,['awīlu I'],[],,
67,"1880,0719.89",11,3,AKKADIAN,BI,BI,['šū I'],[],,
68,"1880,0719.89",11,4,AKKADIAN,UGU,UGU,['eli I'],[],,
69,"1880,0719.89",11,5,AKKADIAN,AD-šu₂,AD-šu₂,['abu I'],[],,
70,"1880,0719.89",11,6,AKKADIAN,DUGUD-ma,DUGUD-ma,['kabātu I'],[],,
71,"1880,0719.89",11,7,AKKADIAN,er-bu,er-bu,['erbu I'],[],,
72,"1880,0719.89",11,8,AKKADIAN,KU₄-šu₂,KU₄-šu₂,"['erēbu I', '-šum I']",[],,
73,"1880,0719.89",12,1,AKKADIAN,UR.BAR.RA-MEŠ,UR.BAR.RA-MEŠ,['barbaru I'],[],,
74,"1880,0719.89",12,2,AKKADIAN,TA,TA,['ištu I'],[],,
75,"1880,0719.89",12,3,AKKADIAN,15,15,['imittu I'],[],,
76,"1880,0719.89",12,4,AKKADIAN,,,['awīlu I'],[],,
77,"1880,0719.89",12,5,AKKADIAN,ana,ana,['ana I'],[],,
78,"1880,0719.89",12,6,AKKADIAN,150,150,['šumēlu I'],[],,
79,"1880,0719.89",12,7,AKKADIAN,,,['awīlu I'],[],,
80,"1880,0719.89",12,8,AKKADIAN,DIB-MEŠ,DIB-MEŠ,['etēqu I'],[],,
81,"1880,0719.89",13,1,AKKADIAN,E₂-šu₂,E₂-šu₂,['bītu I'],[],,
82,"1880,0719.89",13,2,AKKADIAN,DU-MEŠ,DU-MEŠ,['alāku I'],[],,
83,"1880,0719.89",13,3,AKKADIAN,U₄-MEŠ-šu₂,U₄-MEŠ-šu₂,['ūmu I'],[],,
84,"1880,0719.89",13,4,AKKADIAN,GID₂.DA-MEŠ,GID₂.DA-MEŠ,['arāku I'],[],,
85,"1880,0719.89",13,5,AKKADIAN,9,9,['tiše I'],[],,
86,"1880,0719.89",13,6,AKKADIAN,li-bu-šu₂,li-bu-šu₂,"[""li'bu I""]",[],,
87,"1880,0719.89",13,7,AKKADIAN,IGI-MEŠ,IGI-MEŠ,['mahāru I'],[],,
88,"1880,0719.89",14,1,AKKADIAN,UR.MAH,UR.MAH,['nēšu I'],[],,
89,"1880,0719.89",14,2,AKKADIAN,TA,TA,['ištu I'],[],,
90,"1880,0719.89",14,3,AKKADIAN,15,15,['imittu I'],[],,
91,"1880,0719.89",14,4,AKKADIAN,,,['awīlu I'],[],,
92,"1880,0719.89",14,5,AKKADIAN,ana,ana,['ana I'],[],,
93,"1880,0719.89",14,6,AKKADIAN,150,150,['šumēlu I'],[],,
94,"1880,0719.89",14,7,AKKADIAN,,,['awīlu I'],[],,
95,"1880,0719.89",14,8,AKKADIAN,DIB-iq,DIB-iq,['etēqu I'],[],,
96,"1880,0719.89",15,2,AKKADIAN,GABA.RI,GABA.RI,['māhiru I'],[],,
97,"1880,0719.89",15,3,AKKADIAN,NU,NU,['ul I'],[],,
98,"1880,0719.89",15,4,AKKADIAN,TUKU-ši,TUKU-ši,['rašû I'],[],,
99,"1880,0719.89",16,1,AKKADIAN,KA₅.A,KA₅.A,['šēlebu I'],[],,
100,"1880,0719.89",16,2,AKKADIAN,TA,TA,['ištu I'],[],,
101,"1880,0719.89",16,3,AKKADIAN,15,15,['imittu I'],[],,
102,"1880,0719.89",16,4,AKKADIAN,,,['awīlu I'],[],,
103,"1880,0719.89",16,5,AKKADIAN,ana,ana,['ana I'],[],,
104,"1880,0719.89",16,6,AKKADIAN,150,150,['šumēlu I'],[],,
105,"1880,0719.89",16,7,AKKADIAN,,,['awīlu I'],[],,
106,"1880,0719.89",16,8,AKKADIAN,DIB-iq,DIB-iq,['etēqu I'],[],,
107,"1880,0719.89",17,1,AKKADIAN,UN-MEŠ-šu₂,UN-MEŠ-šu₂,['nišu I'],[],,
108,"1880,0719.89",17,2,AKKADIAN,i-ša₂-aṭ,i-ša₂-aṭ,['šâṭu II'],[],,
109,"1880,0719.89",18,2,AKKADIAN,MUŠ,MUŠ,['ṣerru I'],[],,
110,"1880,0719.89",18,3,AKKADIAN,TA,TA,['ištu I'],[],,
111,"1880,0719.89",18,4,AKKADIAN,15,15,['imittu I'],[],,
112,"1880,0719.89",18,5,AKKADIAN,,,['awīlu I'],[],,
113,"1880,0719.89",18,6,AKKADIAN,ana,ana,['ana I'],[],,
114,"1880,0719.89",18,7,AKKADIAN,150,150,['šumēlu I'],[],,
115,"1880,0719.89",18,8,AKKADIAN,,,['awīlu I'],[],,
116,"1880,0719.89",18,9,AKKADIAN,DIB-ma,DIB-ma,['etēqu I'],[],,
117,"1880,0719.89",18,10,AKKADIAN,ana,ana,['ana I'],[],,
118,"1880,0719.89",18,11,AKKADIAN,HABRUD,HABRUD,['hurru I'],[],,
119,"1880,0719.89",18,12,AKKADIAN,KU₄,KU₄,['erēbu I'],[],,
120,"1880,0719.89",19,1,AKKADIAN,U₄-MEŠ-šu₂,U₄-MEŠ-šu₂,['ūmu I'],[],,
121,"1880,0719.89",19,2,AKKADIAN,LUGUD₂.DA-MEŠ,LUGUD₂.DA-MEŠ,['karû II'],[],,
122,"1880,0719.89",20,2,AKKADIAN,LU₂,LU₂,['awīlu I'],[],,
123,"1880,0719.89",20,3,AKKADIAN,EGIR-šu₂,EGIR-šu₂,['arki I'],[],,
124,"1880,0719.89",20,4,AKKADIAN,ih-hi-iṭ,ih-hi-iṭ,['hiāṭu I'],[],,
125,"1880,0719.89",20,5,AKKADIAN,U₄-MEŠ-šu₂,U₄-MEŠ-šu₂,['ūmu I'],[],,
126,"1880,0719.89",20,6,AKKADIAN,GID₂.DA-MEŠ,GID₂.DA-MEŠ,['arāku I'],[],,
127,"1880,0719.89",21,1,AKKADIAN,SISKUR₂,SISKUR₂,['nīqu I'],[],,
128,"1880,0719.89",21,2,AKKADIAN,BAL-qi₂,BAL-qi₂,['naqû I'],[],,
129,"1880,0719.89",22,2,AKKADIAN,MUŠEN,MUŠEN,['iṣṣūru I'],[],,
130,"1880,0719.89",22,3,AKKADIAN,me₂-eh-ra,me₂-eh-ra,['mehru I'],[],,
131,"1880,0719.89",22,4,AKKADIAN,ana,ana,['ana I'],[],,
132,"1880,0719.89",22,5,AKKADIAN,IGI,IGI,['pānu I'],[],,
133,"1880,0719.89",22,6,AKKADIAN,,,['awīlu I'],[],,
134,"1880,0719.89",22,7,AKKADIAN,DU-ma,DU-ma,['alāku I'],[],,
135,"1880,0719.89",23,2,AKKADIAN,DU-ik,DU-ik,['alāku I'],[],,
136,"1880,0719.89",23,3,AKKADIAN,NU,NU,['lā I'],[],,
137,"1880,0719.89",23,4,AKKADIAN,GUR-ma,GUR-ma,['târu I'],[],,
138,"1880,0719.89",23,5,AKKADIAN,SISKUR₂,SISKUR₂,['nīqu I'],[],,
139,"1880,0719.89",23,6,AKKADIAN,ana,ana,['ana I'],[],,
140,"1880,0719.89",23,7,AKKADIAN,DINGIR-šu₂,DINGIR-šu₂,[],[],,
141,"1880,0719.89",23,8,AKKADIAN,NU,NU,['lā I'],[],,
142,"1880,0719.89",23,9,AKKADIAN,BAL-qi₂,BAL-qi₂,['naqû I'],[],,
143,"1880,0719.89",24,2,AKKADIAN,MUŠEN,MUŠEN,['iṣṣūru I'],[],,
144,"1880,0719.89",24,3,AKKADIAN,me₂-eh-ra,me₂-eh-ra,['mehru I'],[],,
145,"1880,0719.89",24,4,AKKADIAN,ana,ana,['ana I'],[],,
146,"1880,0719.89",24,5,AKKADIAN,IGI,IGI,['pānu I'],[],,
147,"1880,0719.89",24,6,AKKADIAN,,,['awīlu I'],[],,
148,"1880,0719.89",24,7,AKKADIAN,DU-ma,DU-ma,['alāku I'],[],,
149,"1880,0719.89",24,8,AKKADIAN,ana,ana,['ana I'],[],,
150,"1880,0719.89",24,9,AKKADIAN,UGU,UGU,['muhhu I'],[],,
151,"1880,0719.89",24,10,AKKADIAN,E₂,E₂,['bītu I'],[],,
152,"1880,0719.89",29,1,AKKADIAN,BAR,BAR,[],[],,
153,"1880,0719.89",30,2,AKKADIAN,a-hi,a-hi,[],[],,
154,"1880,0719.89",31,8,AKKADIAN,DU,DU,['alāku I'],[],,
155,"1880,0719.89",31,9,AKKADIAN,SIG₅,SIG₅,['damāqu I'],[],,
156,"1880,0719.89",32,1,AKKADIAN,iz-ziz-ma,iz-ziz-ma,['izuzzu I'],[],,
157,"1880,0719.89",32,2,AKKADIAN,ina,ina,['ina I'],[],,
158,"1880,0719.89",32,3,AKKADIAN,IGI,IGI,['pānu I'],[],,
159,"1880,0719.89",32,6,AKKADIAN,ŠA₃-BI,ŠA₃-BI,"['libbu I', '-šu I']",[],,
160,"1880,0719.89",32,7,AKKADIAN,DUG₃.GA,DUG₃.GA,['ṭiābu I'],[],,
161,"1880,0719.89",33,2,AKKADIAN,ina,ina,['ina I'],[],,
162,"1880,0719.89",33,3,AKKADIAN,IGI,IGI,['pānu I'],[],,
163,"1880,0719.89",33,4,AKKADIAN,,,['awīlu I'],[],,
164,"1880,0719.89",33,5,AKKADIAN,DU-ik,DU-ik,['alāku I'],[],,
165,"1880,0719.89",33,6,AKKADIAN,ŠA₃-BI,ŠA₃-BI,"['libbu I', '-šu I']",[],,
166,"1880,0719.89",33,7,AKKADIAN,DUG₃.GA,DUG₃.GA,['ṭiābu I'],[],,
167,"1880,0719.89",34,1,AKKADIAN,ana,ana,['ana I'],[],,
168,"1880,0719.89",34,2,AKKADIAN,GUB₃,GUB₃,['šumēlu I'],[],,
169,"1880,0719.89",34,3,AKKADIAN,,,['awīlu I'],[],,
170,"1880,0719.89",34,4,AKKADIAN,DIB-ma,DIB-ma,['etēqu I'],[],,
171,"1880,0719.89",34,5,AKKADIAN,1,1,['ištēn I'],[],,
172,"1880,0719.89",34,6,AKKADIAN,GIR₃-šu₂,GIR₃-šu₂,['šēpu I'],[],,
173,"1880,0719.89",34,7,AKKADIAN,LA₂-la,LA₂-la,['šuqallulu I'],[],,
174,"1880,0719.89",34,8,AKKADIAN,a-hi,a-hi,['ahû I'],[],,
175,"1880,0719.89",35,2,AKKADIAN,ZAG,ZAG,['imittu I'],[],,
176,"1880,0719.89",35,3,AKKADIAN,,,['awīlu I'],[],,
177,"1880,0719.89",35,4,AKKADIAN,DIB-ma,DIB-ma,['etēqu I'],[],,
178,"1880,0719.89",35,5,AKKADIAN,2,2,['šina II'],[],,
179,"1880,0719.89",35,6,AKKADIAN,GIR₃-šu₂,GIR₃-šu₂,['šēpu I'],[],,
180,"1880,0719.89",35,7,AKKADIAN,LA₂-la,LA₂-la,['šuqallulu I'],[],,
181,"1880,0719.89",35,8,AKKADIAN,SIG₅,SIG₅,['damāqu I'],[],,
182,"1880,0719.89",36,1,AKKADIAN,ana,ana,['ana I'],[],,
183,"1880,0719.89",36,3,AKKADIAN,,,['awīlu I'],[],,
184,"1880,0719.89",36,4,AKKADIAN,DIB-ma,DIB-ma,['etēqu I'],[],,
185,"1880,0719.89",36,5,AKKADIAN,šam-me,šam-me,['šammu I'],[],,
186,"1880,0719.89",36,6,AKKADIAN,NU,NU,['lā I'],[],,
187,"1880,0719.89",36,7,AKKADIAN,KUR-ad,KUR-ad,['kašādu I'],[],,
188,"1880,0719.89",37,1,AKKADIAN,ana,ana,['ana I'],[],,
189,"1880,0719.89",37,3,AKKADIAN,,,['awīlu I'],[],,
190,"1880,0719.89",37,4,AKKADIAN,DIB-ma,DIB-ma,['etēqu I'],[],,
191,"1880,0719.89",37,5,AKKADIAN,šam-me,šam-me,['šammu I'],[],,
192,"1880,0719.89",37,6,AKKADIAN,NU,NU,['lā I'],[],,
193,"1880,0719.89",37,7,AKKADIAN,KUR-ad,KUR-ad,['kašādu I'],[],,
194,"1880,0719.89",38,2,AKKADIAN,,,['awīlu I'],[],,
195,"1880,0719.89",38,3,AKKADIAN,ana,ana,['ana I'],[],,
196,"1880,0719.89",38,5,AKKADIAN,,,['awīlu I'],[],,
197,"1880,0719.89",38,6,AKKADIAN,DIB,DIB,['etēqu I'],[],,
198,"1880,0719.89",38,7,AKKADIAN,ZI-bu,ZI-bu,['tību I'],[],,
