,fragment_id,fragment_line_num,index_in_line,word_language,value,clean_value,lemma,domain,place_discovery,place_composition
0,"1880,0719.342",0,1,AKKADIAN,DUB.MEŠ-ni,DUB.MEŠ-ni,[],['CANONICAL ➝ Literature ➝ Lamentations (?)'],,
1,"1880,0719.342",0,2,AKKADIAN,aš₂-ṭur,aš₂-ṭur,[],['CANONICAL ➝ Literature ➝ Lamentations (?)'],,
2,"1880,0719.342",1,1,AKKADIAN,IM.GU₂.LA₂,IM.GU₂.LA₂,[],['CANONICAL ➝ Literature ➝ Lamentations (?)'],,
3,"1880,0719.342",1,2,AKKADIAN,e₂-zi-da,e₂-zi-da,[],['CANONICAL ➝ Literature ➝ Lamentations (?)'],,
4,"1880,0719.342",1,3,AKKADIAN,E₂,E₂,[],['CANONICAL ➝ Literature ➝ Lamentations (?)'],,
5,"1880,0719.342",1,4,AKKADIAN,{d}AG,{d}AG,[],['CANONICAL ➝ Literature ➝ Lamentations (?)'],,
6,"1880,0719.342",1,5,AKKADIAN,ša₂,ša₂,[],['CANONICAL ➝ Literature ➝ Lamentations (?)'],,
7,"1880,0719.342",1,7,AKKADIAN,NINA{ki},NINA{ki},[],['CANONICAL ➝ Literature ➝ Lamentations (?)'],,
8,"1880,0719.342",2,1,AKKADIAN,šat-ti,šat-ti,[],['CANONICAL ➝ Literature ➝ Lamentations (?)'],,
9,"1880,0719.342",2,2,AKKADIAN,{d}AG,{d}AG,[],['CANONICAL ➝ Literature ➝ Lamentations (?)'],,
10,"1880,0719.342",2,3,AKKADIAN,LUGAL,LUGAL,[],['CANONICAL ➝ Literature ➝ Lamentations (?)'],,
11,"1880,0719.342",2,4,AKKADIAN,kiš-šat,kiš-šat,[],['CANONICAL ➝ Literature ➝ Lamentations (?)'],,
12,"1880,0719.342",2,5,AKKADIAN,AN-e,AN-e,[],['CANONICAL ➝ Literature ➝ Lamentations (?)'],,
13,"1880,0719.342",2,6,AKKADIAN,u,u,[],['CANONICAL ➝ Literature ➝ Lamentations (?)'],,
14,"1880,0719.342",2,7,AKKADIAN,KI-ti₃,KI-ti₃,[],['CANONICAL ➝ Literature ➝ Lamentations (?)'],,
15,"1880,0719.342",2,9,AKKADIAN,šu-a-tu₂,šu-a-tu₂,[],['CANONICAL ➝ Literature ➝ Lamentations (?)'],,
16,"1880,0719.342",2,10,AKKADIAN,ha-diš,ha-diš,[],['CANONICAL ➝ Literature ➝ Lamentations (?)'],,
17,"1880,0719.342",3,1,AKKADIAN,{m}AN.ŠAR₂-DU₃-IBILA,{m}AN.ŠAR₂-DU₃-IBILA,[],['CANONICAL ➝ Literature ➝ Lamentations (?)'],,
18,"1880,0719.342",3,2,AKKADIAN,re-e-šu,re-e-šu,[],['CANONICAL ➝ Literature ➝ Lamentations (?)'],,
19,"1880,0719.342",3,3,AKKADIAN,pa-lih,pa-lih,[],['CANONICAL ➝ Literature ➝ Lamentations (?)'],,
20,"1880,0719.342",3,4,AKKADIAN,DINGIR-ti-ka,DINGIR-ti-ka,[],['CANONICAL ➝ Literature ➝ Lamentations (?)'],,
21,"1880,0719.342",3,6,AKKADIAN,ina,ina,[],['CANONICAL ➝ Literature ➝ Lamentations (?)'],,
22,"1880,0719.342",3,7,AKKADIAN,ša₂-kan,ša₂-kan,[],['CANONICAL ➝ Literature ➝ Lamentations (?)'],,
23,"1880,0719.342",4,1,AKKADIAN,qi₂-bi,qi₂-bi,[],['CANONICAL ➝ Literature ➝ Lamentations (?)'],,
24,"1880,0719.342",4,3,AKKADIAN,DINGIR-ut-ka,DINGIR-ut-ka,[],['CANONICAL ➝ Literature ➝ Lamentations (?)'],,
