,fragment_id,fragment_line_num,index_in_line,word_language,value,clean_value,lemma,domain,place_discovery,place_composition
0,"1879,0708.90",1,1,AKKADIAN,BA₃,BA₃,[],['CANONICAL ➝ Divination ➝ Extispicy ➝ Bārûtu ➝ 10. Multābiltu'],,
1,"1879,0708.90",1,2,AKKADIAN,15-ša₂,15-ša₂,[],['CANONICAL ➝ Divination ➝ Extispicy ➝ Bārûtu ➝ 10. Multābiltu'],,
2,"1879,0708.90",1,3,AKKADIAN,GID₂.DA-ma,GID₂.DA-ma,[],['CANONICAL ➝ Divination ➝ Extispicy ➝ Bārûtu ➝ 10. Multābiltu'],,
3,"1879,0708.90",1,4,AKKADIAN,150-ša₂,150-ša₂,[],['CANONICAL ➝ Divination ➝ Extispicy ➝ Bārûtu ➝ 10. Multābiltu'],,
4,"1879,0708.90",1,5,AKKADIAN,LUGUD₂.DA,LUGUD₂.DA,[],['CANONICAL ➝ Divination ➝ Extispicy ➝ Bārûtu ➝ 10. Multābiltu'],,
5,"1879,0708.90",1,6,AKKADIAN,ina,ina,[],['CANONICAL ➝ Divination ➝ Extispicy ➝ Bārûtu ➝ 10. Multābiltu'],,
6,"1879,0708.90",1,7,AKKADIAN,{giš}TUKUL,{giš}TUKUL,[],['CANONICAL ➝ Divination ➝ Extispicy ➝ Bārûtu ➝ 10. Multābiltu'],,
7,"1879,0708.90",1,8,AKKADIAN,KUR₂,KUR₂,[],['CANONICAL ➝ Divination ➝ Extispicy ➝ Bārûtu ➝ 10. Multābiltu'],,
8,"1879,0708.90",2,1,AKKADIAN,BA₃,BA₃,[],['CANONICAL ➝ Divination ➝ Extispicy ➝ Bārûtu ➝ 10. Multābiltu'],,
9,"1879,0708.90",2,2,AKKADIAN,150-ša,150-ša,[],['CANONICAL ➝ Divination ➝ Extispicy ➝ Bārûtu ➝ 10. Multābiltu'],,
10,"1879,0708.90",2,3,AKKADIAN,GID₂.DA-ma,GID₂.DA-ma,[],['CANONICAL ➝ Divination ➝ Extispicy ➝ Bārûtu ➝ 10. Multābiltu'],,
11,"1879,0708.90",2,4,AKKADIAN,15-ša₂,15-ša₂,[],['CANONICAL ➝ Divination ➝ Extispicy ➝ Bārûtu ➝ 10. Multābiltu'],,
12,"1879,0708.90",2,5,AKKADIAN,LUGUD₂.DA,LUGUD₂.DA,[],['CANONICAL ➝ Divination ➝ Extispicy ➝ Bārûtu ➝ 10. Multābiltu'],,
13,"1879,0708.90",2,6,AKKADIAN,ina,ina,[],['CANONICAL ➝ Divination ➝ Extispicy ➝ Bārûtu ➝ 10. Multābiltu'],,
14,"1879,0708.90",2,7,AKKADIAN,{giš}TUKUL,{giš}TUKUL,[],['CANONICAL ➝ Divination ➝ Extispicy ➝ Bārûtu ➝ 10. Multābiltu'],,
15,"1879,0708.90",2,8,AKKADIAN,KUR₂,KUR₂,[],['CANONICAL ➝ Divination ➝ Extispicy ➝ Bārûtu ➝ 10. Multābiltu'],,
16,"1879,0708.90",3,1,AKKADIAN,BA₃,BA₃,[],['CANONICAL ➝ Divination ➝ Extispicy ➝ Bārûtu ➝ 10. Multābiltu'],,
17,"1879,0708.90",3,2,AKKADIAN,ul-lu-ṣa-at,ul-lu-ṣa-at,[],['CANONICAL ➝ Divination ➝ Extispicy ➝ Bārûtu ➝ 10. Multābiltu'],,
18,"1879,0708.90",3,3,AKKADIAN,SA₅,SA₅,[],['CANONICAL ➝ Divination ➝ Extispicy ➝ Bārûtu ➝ 10. Multābiltu'],,
19,"1879,0708.90",3,4,AKKADIAN,GABA,GABA,[],['CANONICAL ➝ Divination ➝ Extispicy ➝ Bārûtu ➝ 10. Multābiltu'],,
20,"1879,0708.90",3,5,AKKADIAN,NIG₂.GA,NIG₂.GA,[],['CANONICAL ➝ Divination ➝ Extispicy ➝ Bārûtu ➝ 10. Multābiltu'],,
21,"1879,0708.90",3,6,AKKADIAN,LU₂,LU₂,[],['CANONICAL ➝ Divination ➝ Extispicy ➝ Bārûtu ➝ 10. Multābiltu'],,
22,"1879,0708.90",3,8,AKKADIAN,IGI-šu₂,IGI-šu₂,[],['CANONICAL ➝ Divination ➝ Extispicy ➝ Bārûtu ➝ 10. Multābiltu'],,
23,"1879,0708.90",3,9,AKKADIAN,DU-ak,DU-ak,[],['CANONICAL ➝ Divination ➝ Extispicy ➝ Bārûtu ➝ 10. Multābiltu'],,
24,"1879,0708.90",5,1,AKKADIAN,BA₃,BA₃,[],['CANONICAL ➝ Divination ➝ Extispicy ➝ Bārûtu ➝ 10. Multābiltu'],,
25,"1879,0708.90",5,2,AKKADIAN,UGU,UGU,[],['CANONICAL ➝ Divination ➝ Extispicy ➝ Bārûtu ➝ 10. Multābiltu'],,
26,"1879,0708.90",5,3,AKKADIAN,ŠID-MEŠ-šu₂,ŠID-MEŠ-šu₂,[],['CANONICAL ➝ Divination ➝ Extispicy ➝ Bārûtu ➝ 10. Multābiltu'],,
27,"1879,0708.90",5,4,AKKADIAN,GAL,GAL,[],['CANONICAL ➝ Divination ➝ Extispicy ➝ Bārûtu ➝ 10. Multābiltu'],,
28,"1879,0708.90",5,5,AKKADIAN,KUR,KUR,[],['CANONICAL ➝ Divination ➝ Extispicy ➝ Bārûtu ➝ 10. Multābiltu'],,
29,"1879,0708.90",5,7,AKKADIAN,DAGAL-iš,DAGAL-iš,[],['CANONICAL ➝ Divination ➝ Extispicy ➝ Bārûtu ➝ 10. Multābiltu'],,
30,"1879,0708.90",7,1,AKKADIAN,BA₃,BA₃,[],['CANONICAL ➝ Divination ➝ Extispicy ➝ Bārûtu ➝ 10. Multābiltu'],,
31,"1879,0708.90",7,2,AKKADIAN,UGU,UGU,[],['CANONICAL ➝ Divination ➝ Extispicy ➝ Bārûtu ➝ 10. Multābiltu'],,
32,"1879,0708.90",7,3,AKKADIAN,ŠID-MEŠ-šu₂,ŠID-MEŠ-šu₂,[],['CANONICAL ➝ Divination ➝ Extispicy ➝ Bārûtu ➝ 10. Multābiltu'],,
33,"1879,0708.90",7,4,AKKADIAN,TUR-ir,TUR-ir,[],['CANONICAL ➝ Divination ➝ Extispicy ➝ Bārûtu ➝ 10. Multābiltu'],,
34,"1879,0708.90",7,5,AKKADIAN,KUR,KUR,[],['CANONICAL ➝ Divination ➝ Extispicy ➝ Bārûtu ➝ 10. Multābiltu'],,
35,"1879,0708.90",7,7,AKKADIAN,TUR-ir,TUR-ir,[],['CANONICAL ➝ Divination ➝ Extispicy ➝ Bārûtu ➝ 10. Multābiltu'],,
36,"1879,0708.90",9,1,AKKADIAN,BA₃,BA₃,[],['CANONICAL ➝ Divination ➝ Extispicy ➝ Bārûtu ➝ 10. Multābiltu'],,
37,"1879,0708.90",9,2,AKKADIAN,2-ma,2-ma,[],['CANONICAL ➝ Divination ➝ Extispicy ➝ Bārûtu ➝ 10. Multābiltu'],,
38,"1879,0708.90",9,3,AKKADIAN,,,[],['CANONICAL ➝ Divination ➝ Extispicy ➝ Bārûtu ➝ 10. Multābiltu'],,
39,"1879,0708.90",9,4,AKKADIAN,ir-qiq,ir-qiq,[],['CANONICAL ➝ Divination ➝ Extispicy ➝ Bārûtu ➝ 10. Multābiltu'],,
40,"1879,0708.90",9,5,AKKADIAN,NUN,NUN,[],['CANONICAL ➝ Divination ➝ Extispicy ➝ Bārûtu ➝ 10. Multābiltu'],,
41,"1879,0708.90",9,7,AKKADIAN,UGU-šu₂,UGU-šu₂,[],['CANONICAL ➝ Divination ➝ Extispicy ➝ Bārûtu ➝ 10. Multābiltu'],,
42,"1879,0708.90",9,8,AKKADIAN,NU,NU,[],['CANONICAL ➝ Divination ➝ Extispicy ➝ Bārûtu ➝ 10. Multābiltu'],,
43,"1879,0708.90",9,9,AKKADIAN,DUG₃.GA-ab,DUG₃.GA-ab,[],['CANONICAL ➝ Divination ➝ Extispicy ➝ Bārûtu ➝ 10. Multābiltu'],,
44,"1879,0708.90",9,10,AKKADIAN,ana,ana,[],['CANONICAL ➝ Divination ➝ Extispicy ➝ Bārûtu ➝ 10. Multābiltu'],,
45,"1879,0708.90",9,11,AKKADIAN,URU,URU,[],['CANONICAL ➝ Divination ➝ Extispicy ➝ Bārûtu ➝ 10. Multābiltu'],,
46,"1879,0708.90",9,12,AKKADIAN,MAN-ma,MAN-ma,[],['CANONICAL ➝ Divination ➝ Extispicy ➝ Bārûtu ➝ 10. Multābiltu'],,
47,"1879,0708.90",9,13,AKKADIAN,KUR₂-ir,KUR₂-ir,[],['CANONICAL ➝ Divination ➝ Extispicy ➝ Bārûtu ➝ 10. Multābiltu'],,
48,"1879,0708.90",10,1,AKKADIAN,BA₃,BA₃,[],['CANONICAL ➝ Divination ➝ Extispicy ➝ Bārûtu ➝ 10. Multābiltu'],,
49,"1879,0708.90",10,2,AKKADIAN,15-šu₂,15-šu₂,[],['CANONICAL ➝ Divination ➝ Extispicy ➝ Bārûtu ➝ 10. Multābiltu'],,
50,"1879,0708.90",10,3,AKKADIAN,na-ah-sat-ma,na-ah-sat-ma,[],['CANONICAL ➝ Divination ➝ Extispicy ➝ Bārûtu ➝ 10. Multābiltu'],,
51,"1879,0708.90",10,4,AKKADIAN,150-šu₂,150-šu₂,[],['CANONICAL ➝ Divination ➝ Extispicy ➝ Bārûtu ➝ 10. Multābiltu'],,
52,"1879,0708.90",10,5,AKKADIAN,uš-šur,uš-šur,[],['CANONICAL ➝ Divination ➝ Extispicy ➝ Bārûtu ➝ 10. Multābiltu'],,
53,"1879,0708.90",10,6,AKKADIAN,NUN,NUN,[],['CANONICAL ➝ Divination ➝ Extispicy ➝ Bārûtu ➝ 10. Multābiltu'],,
54,"1879,0708.90",10,7,AKKADIAN,ana,ana,[],['CANONICAL ➝ Divination ➝ Extispicy ➝ Bārûtu ➝ 10. Multābiltu'],,
55,"1879,0708.90",10,9,AKKADIAN,INIM-šu₂,INIM-šu₂,[],['CANONICAL ➝ Divination ➝ Extispicy ➝ Bārûtu ➝ 10. Multābiltu'],,
56,"1879,0708.90",10,10,AKKADIAN,A₂-šu₂,A₂-šu₂,[],['CANONICAL ➝ Divination ➝ Extispicy ➝ Bārûtu ➝ 10. Multābiltu'],,
57,"1879,0708.90",10,11,AKKADIAN,i-šap-pak,i-šap-pak,[],['CANONICAL ➝ Divination ➝ Extispicy ➝ Bārûtu ➝ 10. Multābiltu'],,
58,"1879,0708.90",11,1,AKKADIAN,BA₃,BA₃,[],['CANONICAL ➝ Divination ➝ Extispicy ➝ Bārûtu ➝ 10. Multābiltu'],,
59,"1879,0708.90",11,2,AKKADIAN,mun-du-rat,mun-du-rat,[],['CANONICAL ➝ Divination ➝ Extispicy ➝ Bārûtu ➝ 10. Multābiltu'],,
60,"1879,0708.90",11,3,AKKADIAN,{d}IŠKUR,{d}IŠKUR,[],['CANONICAL ➝ Divination ➝ Extispicy ➝ Bārûtu ➝ 10. Multābiltu'],,
61,"1879,0708.90",11,4,AKKADIAN,KUR,KUR,[],['CANONICAL ➝ Divination ➝ Extispicy ➝ Bārûtu ➝ 10. Multābiltu'],,
62,"1879,0708.90",11,5,AKKADIAN,NUN,NUN,[],['CANONICAL ➝ Divination ➝ Extispicy ➝ Bārûtu ➝ 10. Multābiltu'],,
63,"1879,0708.90",11,7,AKKADIAN,KUR,KUR,[],['CANONICAL ➝ Divination ➝ Extispicy ➝ Bārûtu ➝ 10. Multābiltu'],,
64,"1879,0708.90",11,8,AKKADIAN,SU.GU₇,SU.GU₇,[],['CANONICAL ➝ Divination ➝ Extispicy ➝ Bārûtu ➝ 10. Multābiltu'],,
65,"1879,0708.90",11,9,AKKADIAN,IGI-mar,IGI-mar,[],['CANONICAL ➝ Divination ➝ Extispicy ➝ Bārûtu ➝ 10. Multābiltu'],,
66,"1879,0708.90",11,10,AKKADIAN,EN.TE.NA,EN.TE.NA,[],['CANONICAL ➝ Divination ➝ Extispicy ➝ Bārûtu ➝ 10. Multābiltu'],,
67,"1879,0708.90",11,11,AKKADIAN,GAL₂-ši,GAL₂-ši,[],['CANONICAL ➝ Divination ➝ Extispicy ➝ Bārûtu ➝ 10. Multābiltu'],,
68,"1879,0708.90",13,1,AKKADIAN,BA₃,BA₃,[],['CANONICAL ➝ Divination ➝ Extispicy ➝ Bārûtu ➝ 10. Multābiltu'],,
69,"1879,0708.90",13,2,AKKADIAN,i-ši-ir,i-ši-ir,[],['CANONICAL ➝ Divination ➝ Extispicy ➝ Bārûtu ➝ 10. Multābiltu'],,
70,"1879,0708.90",13,3,AKKADIAN,KUR,KUR,[],['CANONICAL ➝ Divination ➝ Extispicy ➝ Bārûtu ➝ 10. Multābiltu'],,
71,"1879,0708.90",13,5,AKKADIAN,MAN-ma,MAN-ma,[],['CANONICAL ➝ Divination ➝ Extispicy ➝ Bārûtu ➝ 10. Multābiltu'],,
72,"1879,0708.90",13,6,AKKADIAN,TUK-ši,TUK-ši,[],['CANONICAL ➝ Divination ➝ Extispicy ➝ Bārûtu ➝ 10. Multābiltu'],,
73,"1879,0708.90",14,1,AKKADIAN,BA₃,BA₃,[],['CANONICAL ➝ Divination ➝ Extispicy ➝ Bārûtu ➝ 10. Multābiltu'],,
74,"1879,0708.90",14,2,AKKADIAN,ab-kat₂,ab-kat₂,[],['CANONICAL ➝ Divination ➝ Extispicy ➝ Bārûtu ➝ 10. Multābiltu'],,
75,"1879,0708.90",14,3,AKKADIAN,ša₂,ša₂,[],['CANONICAL ➝ Divination ➝ Extispicy ➝ Bārûtu ➝ 10. Multābiltu'],,
76,"1879,0708.90",14,5,AKKADIAN,amat-su,amat-su,[],['CANONICAL ➝ Divination ➝ Extispicy ➝ Bārûtu ➝ 10. Multābiltu'],,
77,"1879,0708.90",14,6,AKKADIAN,{giš}GU.ZA,{giš}GU.ZA,[],['CANONICAL ➝ Divination ➝ Extispicy ➝ Bārûtu ➝ 10. Multābiltu'],,
78,"1879,0708.90",14,7,AKKADIAN,DAB-bat,DAB-bat,[],['CANONICAL ➝ Divination ➝ Extispicy ➝ Bārûtu ➝ 10. Multābiltu'],,
79,"1879,0708.90",16,1,AKKADIAN,BA₃,BA₃,[],['CANONICAL ➝ Divination ➝ Extispicy ➝ Bārûtu ➝ 10. Multābiltu'],,
80,"1879,0708.90",16,2,AKKADIAN,raq-qat,raq-qat,[],['CANONICAL ➝ Divination ➝ Extispicy ➝ Bārûtu ➝ 10. Multābiltu'],,
81,"1879,0708.90",16,4,AKKADIAN,KUR,KUR,[],['CANONICAL ➝ Divination ➝ Extispicy ➝ Bārûtu ➝ 10. Multābiltu'],,
82,"1879,0708.90",17,1,AKKADIAN,BA₃,BA₃,[],['CANONICAL ➝ Divination ➝ Extispicy ➝ Bārûtu ➝ 10. Multābiltu'],,
83,"1879,0708.90",17,2,AKKADIAN,raq-qat-ma,raq-qat-ma,[],['CANONICAL ➝ Divination ➝ Extispicy ➝ Bārûtu ➝ 10. Multābiltu'],,
84,"1879,0708.90",17,3,AKKADIAN,,,[],['CANONICAL ➝ Divination ➝ Extispicy ➝ Bārûtu ➝ 10. Multābiltu'],,
85,"1879,0708.90",17,4,AKKADIAN,u,u,[],['CANONICAL ➝ Divination ➝ Extispicy ➝ Bārûtu ➝ 10. Multābiltu'],,
86,"1879,0708.90",17,5,AKKADIAN,GIR₂,GIR₂,[],['CANONICAL ➝ Divination ➝ Extispicy ➝ Bārûtu ➝ 10. Multābiltu'],,
87,"1879,0708.90",17,6,AKKADIAN,NU,NU,[],['CANONICAL ➝ Divination ➝ Extispicy ➝ Bārûtu ➝ 10. Multābiltu'],,
88,"1879,0708.90",17,7,AKKADIAN,TUK-ši,TUK-ši,[],['CANONICAL ➝ Divination ➝ Extispicy ➝ Bārûtu ➝ 10. Multābiltu'],,
89,"1879,0708.90",17,9,AKKADIAN,ina,ina,[],['CANONICAL ➝ Divination ➝ Extispicy ➝ Bārûtu ➝ 10. Multābiltu'],,
90,"1879,0708.90",17,10,AKKADIAN,ri-ti,ri-ti,[],['CANONICAL ➝ Divination ➝ Extispicy ➝ Bārûtu ➝ 10. Multābiltu'],,
91,"1879,0708.90",17,11,AKKADIAN,UR₄.UR₄-ar₂,UR₄.UR₄-ar₂,[],['CANONICAL ➝ Divination ➝ Extispicy ➝ Bārûtu ➝ 10. Multābiltu'],,
92,"1879,0708.90",18,1,AKKADIAN,BA₃,BA₃,[],['CANONICAL ➝ Divination ➝ Extispicy ➝ Bārûtu ➝ 10. Multābiltu'],,
93,"1879,0708.90",18,2,AKKADIAN,15-ša₂,15-ša₂,[],['CANONICAL ➝ Divination ➝ Extispicy ➝ Bārûtu ➝ 10. Multābiltu'],,
94,"1879,0708.90",18,3,AKKADIAN,raq-qat,raq-qat,[],['CANONICAL ➝ Divination ➝ Extispicy ➝ Bārûtu ➝ 10. Multābiltu'],,
95,"1879,0708.90",18,5,AKKADIAN,EN,EN,[],['CANONICAL ➝ Divination ➝ Extispicy ➝ Bārûtu ➝ 10. Multābiltu'],,
96,"1879,0708.90",18,6,AKKADIAN,SISKUR₂,SISKUR₂,[],['CANONICAL ➝ Divination ➝ Extispicy ➝ Bārûtu ➝ 10. Multābiltu'],,
97,"1879,0708.90",18,7,AKKADIAN,UŠ₂,UŠ₂,[],['CANONICAL ➝ Divination ➝ Extispicy ➝ Bārûtu ➝ 10. Multābiltu'],,
98,"1879,0708.90",19,1,AKKADIAN,BA₃,BA₃,[],['CANONICAL ➝ Divination ➝ Extispicy ➝ Bārûtu ➝ 10. Multābiltu'],,
99,"1879,0708.90",19,2,AKKADIAN,15-ša₂,15-ša₂,[],['CANONICAL ➝ Divination ➝ Extispicy ➝ Bārûtu ➝ 10. Multābiltu'],,
100,"1879,0708.90",19,3,AKKADIAN,raq-qat-ma,raq-qat-ma,[],['CANONICAL ➝ Divination ➝ Extispicy ➝ Bārûtu ➝ 10. Multābiltu'],,
101,"1879,0708.90",19,4,AKKADIAN,ina,ina,[],['CANONICAL ➝ Divination ➝ Extispicy ➝ Bārûtu ➝ 10. Multābiltu'],,
102,"1879,0708.90",19,5,AKKADIAN,UGU-šu₂,UGU-šu₂,[],['CANONICAL ➝ Divination ➝ Extispicy ➝ Bārûtu ➝ 10. Multābiltu'],,
103,"1879,0708.90",19,6,AKKADIAN,DI-hu,DI-hu,[],['CANONICAL ➝ Divination ➝ Extispicy ➝ Bārûtu ➝ 10. Multābiltu'],,
104,"1879,0708.90",19,7,AKKADIAN,ina,ina,[],['CANONICAL ➝ Divination ➝ Extispicy ➝ Bārûtu ➝ 10. Multābiltu'],,
105,"1879,0708.90",19,8,AKKADIAN,ŠA₃-ša₂,ŠA₃-ša₂,[],['CANONICAL ➝ Divination ➝ Extispicy ➝ Bārûtu ➝ 10. Multābiltu'],,
106,"1879,0708.90",19,9,AKKADIAN,BABBAR,BABBAR,[],['CANONICAL ➝ Divination ➝ Extispicy ➝ Bārûtu ➝ 10. Multābiltu'],,
107,"1879,0708.90",19,11,AKKADIAN,SU.GU₇,SU.GU₇,[],['CANONICAL ➝ Divination ➝ Extispicy ➝ Bārûtu ➝ 10. Multābiltu'],,
108,"1879,0708.90",19,12,AKKADIAN,ina,ina,[],['CANONICAL ➝ Divination ➝ Extispicy ➝ Bārûtu ➝ 10. Multābiltu'],,
109,"1879,0708.90",19,13,AKKADIAN,KUR,KUR,[],['CANONICAL ➝ Divination ➝ Extispicy ➝ Bārûtu ➝ 10. Multābiltu'],,
110,"1879,0708.90",19,14,AKKADIAN,GAL₂-ši,GAL₂-ši,[],['CANONICAL ➝ Divination ➝ Extispicy ➝ Bārûtu ➝ 10. Multābiltu'],,
111,"1879,0708.90",20,1,AKKADIAN,BA₃,BA₃,[],['CANONICAL ➝ Divination ➝ Extispicy ➝ Bārûtu ➝ 10. Multābiltu'],,
112,"1879,0708.90",20,2,AKKADIAN,,,[],['CANONICAL ➝ Divination ➝ Extispicy ➝ Bārûtu ➝ 10. Multābiltu'],,
113,"1879,0708.90",20,3,AKKADIAN,u,u,[],['CANONICAL ➝ Divination ➝ Extispicy ➝ Bārûtu ➝ 10. Multābiltu'],,
114,"1879,0708.90",20,4,AKKADIAN,GIR₂,GIR₂,[],['CANONICAL ➝ Divination ➝ Extispicy ➝ Bārûtu ➝ 10. Multābiltu'],,
115,"1879,0708.90",20,5,AKKADIAN,TUK-ši-ma,TUK-ši-ma,[],['CANONICAL ➝ Divination ➝ Extispicy ➝ Bārûtu ➝ 10. Multābiltu'],,
116,"1879,0708.90",20,6,AKKADIAN,ina,ina,[],['CANONICAL ➝ Divination ➝ Extispicy ➝ Bārûtu ➝ 10. Multābiltu'],,
117,"1879,0708.90",20,7,AKKADIAN,150,150,[],['CANONICAL ➝ Divination ➝ Extispicy ➝ Bārûtu ➝ 10. Multābiltu'],,
118,"1879,0708.90",20,8,AKKADIAN,GAR-MEŠ,GAR-MEŠ,[],['CANONICAL ➝ Divination ➝ Extispicy ➝ Bārûtu ➝ 10. Multābiltu'],,
119,"1879,0708.90",20,10,AKKADIAN,ZI-ma,ZI-ma,[],['CANONICAL ➝ Divination ➝ Extispicy ➝ Bārûtu ➝ 10. Multābiltu'],,
120,"1879,0708.90",20,11,AKKADIAN,ina,ina,[],['CANONICAL ➝ Divination ➝ Extispicy ➝ Bārûtu ➝ 10. Multābiltu'],,
121,"1879,0708.90",20,12,AKKADIAN,KI,KI,[],['CANONICAL ➝ Divination ➝ Extispicy ➝ Bārûtu ➝ 10. Multābiltu'],,
122,"1879,0708.90",20,13,AKKADIAN,MAN-ma,MAN-ma,[],['CANONICAL ➝ Divination ➝ Extispicy ➝ Bārûtu ➝ 10. Multābiltu'],,
123,"1879,0708.90",20,14,AKKADIAN,TUŠ-ba,TUŠ-ba,[],['CANONICAL ➝ Divination ➝ Extispicy ➝ Bārûtu ➝ 10. Multābiltu'],,
124,"1879,0708.90",22,1,AKKADIAN,BA₃,BA₃,[],['CANONICAL ➝ Divination ➝ Extispicy ➝ Bārûtu ➝ 10. Multābiltu'],,
125,"1879,0708.90",22,2,AKKADIAN,,,[],['CANONICAL ➝ Divination ➝ Extispicy ➝ Bārûtu ➝ 10. Multābiltu'],,
126,"1879,0708.90",22,3,AKKADIAN,u,u,[],['CANONICAL ➝ Divination ➝ Extispicy ➝ Bārûtu ➝ 10. Multābiltu'],,
127,"1879,0708.90",22,4,AKKADIAN,GIR₂,GIR₂,[],['CANONICAL ➝ Divination ➝ Extispicy ➝ Bārûtu ➝ 10. Multābiltu'],,
128,"1879,0708.90",22,5,AKKADIAN,TUK-ši-ma,TUK-ši-ma,[],['CANONICAL ➝ Divination ➝ Extispicy ➝ Bārûtu ➝ 10. Multābiltu'],,
129,"1879,0708.90",22,6,AKKADIAN,ina,ina,[],['CANONICAL ➝ Divination ➝ Extispicy ➝ Bārûtu ➝ 10. Multābiltu'],,
130,"1879,0708.90",22,7,AKKADIAN,EGIR,EGIR,[],['CANONICAL ➝ Divination ➝ Extispicy ➝ Bārûtu ➝ 10. Multābiltu'],,
131,"1879,0708.90",22,8,AKKADIAN,BA₃,BA₃,[],['CANONICAL ➝ Divination ➝ Extispicy ➝ Bārûtu ➝ 10. Multābiltu'],,
132,"1879,0708.90",22,10,AKKADIAN,AN.GE₆,AN.GE₆,[],['CANONICAL ➝ Divination ➝ Extispicy ➝ Bārûtu ➝ 10. Multābiltu'],,
133,"1879,0708.90",23,1,AKKADIAN,BA₃,BA₃,[],['CANONICAL ➝ Divination ➝ Extispicy ➝ Bārûtu ➝ 10. Multābiltu'],,
134,"1879,0708.90",23,2,AKKADIAN,,,[],['CANONICAL ➝ Divination ➝ Extispicy ➝ Bārûtu ➝ 10. Multābiltu'],,
135,"1879,0708.90",23,3,AKKADIAN,GIR₂,GIR₂,[],['CANONICAL ➝ Divination ➝ Extispicy ➝ Bārûtu ➝ 10. Multābiltu'],,
136,"1879,0708.90",23,4,AKKADIAN,KAL,KAL,[],['CANONICAL ➝ Divination ➝ Extispicy ➝ Bārûtu ➝ 10. Multābiltu'],,
137,"1879,0708.90",23,5,AKKADIAN,u,u,[],['CANONICAL ➝ Divination ➝ Extispicy ➝ Bārûtu ➝ 10. Multābiltu'],,
138,"1879,0708.90",23,6,AKKADIAN,SILIM,SILIM,[],['CANONICAL ➝ Divination ➝ Extispicy ➝ Bārûtu ➝ 10. Multābiltu'],,
139,"1879,0708.90",23,7,AKKADIAN,NU,NU,[],['CANONICAL ➝ Divination ➝ Extispicy ➝ Bārûtu ➝ 10. Multābiltu'],,
140,"1879,0708.90",23,8,AKKADIAN,TUK-ši-ma,TUK-ši-ma,[],['CANONICAL ➝ Divination ➝ Extispicy ➝ Bārûtu ➝ 10. Multābiltu'],,
141,"1879,0708.90",23,9,AKKADIAN,ZE₂,ZE₂,[],['CANONICAL ➝ Divination ➝ Extispicy ➝ Bārûtu ➝ 10. Multābiltu'],,
142,"1879,0708.90",23,10,AKKADIAN,u,u,[],['CANONICAL ➝ Divination ➝ Extispicy ➝ Bārûtu ➝ 10. Multābiltu'],,
143,"1879,0708.90",23,11,AKKADIAN,ŠU.SI,ŠU.SI,[],['CANONICAL ➝ Divination ➝ Extispicy ➝ Bārûtu ➝ 10. Multābiltu'],,
144,"1879,0708.90",23,13,AKKADIAN,KUR,KUR,[],['CANONICAL ➝ Divination ➝ Extispicy ➝ Bārûtu ➝ 10. Multābiltu'],,
145,"1879,0708.90",23,14,AKKADIAN,BAL-u₂,BAL-u₂,[],['CANONICAL ➝ Divination ➝ Extispicy ➝ Bārûtu ➝ 10. Multābiltu'],,
146,"1879,0708.90",23,15,AKKADIAN,MAN-ma,MAN-ma,[],['CANONICAL ➝ Divination ➝ Extispicy ➝ Bārûtu ➝ 10. Multābiltu'],,
147,"1879,0708.90",23,16,AKKADIAN,TUK-ši,TUK-ši,[],['CANONICAL ➝ Divination ➝ Extispicy ➝ Bārûtu ➝ 10. Multābiltu'],,
148,"1879,0708.90",24,1,AKKADIAN,BA₃,BA₃,[],['CANONICAL ➝ Divination ➝ Extispicy ➝ Bārûtu ➝ 10. Multābiltu'],,
149,"1879,0708.90",24,2,AKKADIAN,,,[],['CANONICAL ➝ Divination ➝ Extispicy ➝ Bārûtu ➝ 10. Multābiltu'],,
150,"1879,0708.90",24,3,AKKADIAN,GIR₂,GIR₂,[],['CANONICAL ➝ Divination ➝ Extispicy ➝ Bārûtu ➝ 10. Multābiltu'],,
151,"1879,0708.90",24,4,AKKADIAN,KAL,KAL,[],['CANONICAL ➝ Divination ➝ Extispicy ➝ Bārûtu ➝ 10. Multābiltu'],,
152,"1879,0708.90",24,5,AKKADIAN,u,u,[],['CANONICAL ➝ Divination ➝ Extispicy ➝ Bārûtu ➝ 10. Multābiltu'],,
153,"1879,0708.90",24,6,AKKADIAN,SILIM,SILIM,[],['CANONICAL ➝ Divination ➝ Extispicy ➝ Bārûtu ➝ 10. Multābiltu'],,
154,"1879,0708.90",24,7,AKKADIAN,NU,NU,[],['CANONICAL ➝ Divination ➝ Extispicy ➝ Bārûtu ➝ 10. Multābiltu'],,
155,"1879,0708.90",24,8,AKKADIAN,TUK-ši-ma,TUK-ši-ma,[],['CANONICAL ➝ Divination ➝ Extispicy ➝ Bārûtu ➝ 10. Multābiltu'],,
156,"1879,0708.90",24,9,AKKADIAN,MAŠ₂,MAŠ₂,[],['CANONICAL ➝ Divination ➝ Extispicy ➝ Bārûtu ➝ 10. Multābiltu'],,
157,"1879,0708.90",24,10,AKKADIAN,u,u,[],['CANONICAL ➝ Divination ➝ Extispicy ➝ Bārûtu ➝ 10. Multābiltu'],,
158,"1879,0708.90",24,11,AKKADIAN,DU₈,DU₈,[],['CANONICAL ➝ Divination ➝ Extispicy ➝ Bārûtu ➝ 10. Multābiltu'],,
159,"1879,0708.90",24,13,AKKADIAN,TUK-ši,TUK-ši,[],['CANONICAL ➝ Divination ➝ Extispicy ➝ Bārûtu ➝ 10. Multābiltu'],,
160,"1879,0708.90",24,14,AKKADIAN,KUR₂,KUR₂,[],['CANONICAL ➝ Divination ➝ Extispicy ➝ Bārûtu ➝ 10. Multābiltu'],,
161,"1879,0708.90",24,15,AKKADIAN,URU,URU,[],['CANONICAL ➝ Divination ➝ Extispicy ➝ Bārûtu ➝ 10. Multābiltu'],,
162,"1879,0708.90",24,16,AKKADIAN,NIGIN-ma,NIGIN-ma,[],['CANONICAL ➝ Divination ➝ Extispicy ➝ Bārûtu ➝ 10. Multābiltu'],,
163,"1879,0708.90",24,17,AKKADIAN,ina,ina,[],['CANONICAL ➝ Divination ➝ Extispicy ➝ Bārûtu ➝ 10. Multābiltu'],,
164,"1879,0708.90",24,18,AKKADIAN,u₄-me-šu₂,u₄-me-šu₂,[],['CANONICAL ➝ Divination ➝ Extispicy ➝ Bārûtu ➝ 10. Multābiltu'],,
165,"1879,0708.90",24,19,AKKADIAN,DU₈-ar₂,DU₈-ar₂,[],['CANONICAL ➝ Divination ➝ Extispicy ➝ Bārûtu ➝ 10. Multābiltu'],,
166,"1879,0708.90",25,1,AKKADIAN,BA₃,BA₃,[],['CANONICAL ➝ Divination ➝ Extispicy ➝ Bārûtu ➝ 10. Multābiltu'],,
167,"1879,0708.90",25,2,AKKADIAN,,,[],['CANONICAL ➝ Divination ➝ Extispicy ➝ Bārûtu ➝ 10. Multābiltu'],,
168,"1879,0708.90",25,3,AKKADIAN,GIR₂,GIR₂,[],['CANONICAL ➝ Divination ➝ Extispicy ➝ Bārûtu ➝ 10. Multābiltu'],,
169,"1879,0708.90",25,4,AKKADIAN,KAL,KAL,[],['CANONICAL ➝ Divination ➝ Extispicy ➝ Bārûtu ➝ 10. Multābiltu'],,
170,"1879,0708.90",25,5,AKKADIAN,u,u,[],['CANONICAL ➝ Divination ➝ Extispicy ➝ Bārûtu ➝ 10. Multābiltu'],,
171,"1879,0708.90",25,6,AKKADIAN,SILIM,SILIM,[],['CANONICAL ➝ Divination ➝ Extispicy ➝ Bārûtu ➝ 10. Multābiltu'],,
172,"1879,0708.90",25,7,AKKADIAN,TUK-ši-ma,TUK-ši-ma,[],['CANONICAL ➝ Divination ➝ Extispicy ➝ Bārûtu ➝ 10. Multābiltu'],,
173,"1879,0708.90",25,8,AKKADIAN,ZE₂,ZE₂,[],['CANONICAL ➝ Divination ➝ Extispicy ➝ Bārûtu ➝ 10. Multābiltu'],,
174,"1879,0708.90",25,9,AKKADIAN,u,u,[],['CANONICAL ➝ Divination ➝ Extispicy ➝ Bārûtu ➝ 10. Multābiltu'],,
175,"1879,0708.90",25,11,AKKADIAN,NU,NU,[],['CANONICAL ➝ Divination ➝ Extispicy ➝ Bārûtu ➝ 10. Multābiltu'],,
176,"1879,0708.90",25,12,AKKADIAN,TUK-ši,TUK-ši,[],['CANONICAL ➝ Divination ➝ Extispicy ➝ Bārûtu ➝ 10. Multābiltu'],,
177,"1879,0708.90",25,13,AKKADIAN,BAL-e,BAL-e,[],['CANONICAL ➝ Divination ➝ Extispicy ➝ Bārûtu ➝ 10. Multābiltu'],,
178,"1879,0708.90",25,14,AKKADIAN,{d}U.GUR,{d}U.GUR,[],['CANONICAL ➝ Divination ➝ Extispicy ➝ Bārûtu ➝ 10. Multābiltu'],,
179,"1879,0708.90",25,15,AKKADIAN,ka-šu-šu,ka-šu-šu,[],['CANONICAL ➝ Divination ➝ Extispicy ➝ Bārûtu ➝ 10. Multābiltu'],,
180,"1879,0708.90",27,1,AKKADIAN,BA₃,BA₃,[],['CANONICAL ➝ Divination ➝ Extispicy ➝ Bārûtu ➝ 10. Multābiltu'],,
181,"1879,0708.90",27,2,AKKADIAN,ME.NI,ME.NI,[],['CANONICAL ➝ Divination ➝ Extispicy ➝ Bārûtu ➝ 10. Multābiltu'],,
182,"1879,0708.90",27,3,AKKADIAN,NU,NU,[],['CANONICAL ➝ Divination ➝ Extispicy ➝ Bārûtu ➝ 10. Multābiltu'],,
183,"1879,0708.90",27,4,AKKADIAN,TUK-ši,TUK-ši,[],['CANONICAL ➝ Divination ➝ Extispicy ➝ Bārûtu ➝ 10. Multābiltu'],,
184,"1879,0708.90",27,6,AKKADIAN,ina,ina,[],['CANONICAL ➝ Divination ➝ Extispicy ➝ Bārûtu ➝ 10. Multābiltu'],,
185,"1879,0708.90",27,7,AKKADIAN,IGI,IGI,[],['CANONICAL ➝ Divination ➝ Extispicy ➝ Bārûtu ➝ 10. Multābiltu'],,
186,"1879,0708.90",27,8,AKKADIAN,EN,EN,[],['CANONICAL ➝ Divination ➝ Extispicy ➝ Bārûtu ➝ 10. Multābiltu'],,
187,"1879,0708.90",27,9,AKKADIAN,INIM-šu₂,INIM-šu₂,[],['CANONICAL ➝ Divination ➝ Extispicy ➝ Bārûtu ➝ 10. Multābiltu'],,
188,"1879,0708.90",27,10,AKKADIAN,ana,ana,[],['CANONICAL ➝ Divination ➝ Extispicy ➝ Bārûtu ➝ 10. Multābiltu'],,
189,"1879,0708.90",27,11,AKKADIAN,URU,URU,[],['CANONICAL ➝ Divination ➝ Extispicy ➝ Bārûtu ➝ 10. Multābiltu'],,
190,"1879,0708.90",27,12,AKKADIAN,MAN-ma,MAN-ma,[],['CANONICAL ➝ Divination ➝ Extispicy ➝ Bārûtu ➝ 10. Multābiltu'],,
191,"1879,0708.90",27,13,AKKADIAN,KUR₂-ir,KUR₂-ir,[],['CANONICAL ➝ Divination ➝ Extispicy ➝ Bārûtu ➝ 10. Multābiltu'],,
192,"1879,0708.90",29,1,AKKADIAN,BA₃,BA₃,[],['CANONICAL ➝ Divination ➝ Extispicy ➝ Bārûtu ➝ 10. Multābiltu'],,
193,"1879,0708.90",29,2,AKKADIAN,SILIM,SILIM,[],['CANONICAL ➝ Divination ➝ Extispicy ➝ Bārûtu ➝ 10. Multābiltu'],,
194,"1879,0708.90",29,3,AKKADIAN,ZE₂,ZE₂,[],['CANONICAL ➝ Divination ➝ Extispicy ➝ Bārûtu ➝ 10. Multābiltu'],,
195,"1879,0708.90",29,4,AKKADIAN,u,u,[],['CANONICAL ➝ Divination ➝ Extispicy ➝ Bārûtu ➝ 10. Multābiltu'],,
196,"1879,0708.90",29,5,AKKADIAN,ŠU.SI,ŠU.SI,[],['CANONICAL ➝ Divination ➝ Extispicy ➝ Bārûtu ➝ 10. Multābiltu'],,
197,"1879,0708.90",29,6,AKKADIAN,NU,NU,[],['CANONICAL ➝ Divination ➝ Extispicy ➝ Bārûtu ➝ 10. Multābiltu'],,
198,"1879,0708.90",29,7,AKKADIAN,TUK-ši,TUK-ši,[],['CANONICAL ➝ Divination ➝ Extispicy ➝ Bārûtu ➝ 10. Multābiltu'],,
199,"1879,0708.90",29,9,AKKADIAN,ina,ina,[],['CANONICAL ➝ Divination ➝ Extispicy ➝ Bārûtu ➝ 10. Multābiltu'],,
200,"1879,0708.90",29,10,AKKADIAN,E₂-šu₂,E₂-šu₂,[],['CANONICAL ➝ Divination ➝ Extispicy ➝ Bārûtu ➝ 10. Multābiltu'],,
201,"1879,0708.90",29,11,AKKADIAN,ZAH₂,ZAH₂,[],['CANONICAL ➝ Divination ➝ Extispicy ➝ Bārûtu ➝ 10. Multābiltu'],,
202,"1879,0708.90",31,1,AKKADIAN,BA₃,BA₃,[],['CANONICAL ➝ Divination ➝ Extispicy ➝ Bārûtu ➝ 10. Multābiltu'],,
203,"1879,0708.90",31,2,AKKADIAN,ZE₂,ZE₂,[],['CANONICAL ➝ Divination ➝ Extispicy ➝ Bārûtu ➝ 10. Multābiltu'],,
204,"1879,0708.90",31,3,AKKADIAN,u,u,[],['CANONICAL ➝ Divination ➝ Extispicy ➝ Bārûtu ➝ 10. Multābiltu'],,
205,"1879,0708.90",31,4,AKKADIAN,ŠU.SI,ŠU.SI,[],['CANONICAL ➝ Divination ➝ Extispicy ➝ Bārûtu ➝ 10. Multābiltu'],,
206,"1879,0708.90",31,5,AKKADIAN,NU,NU,[],['CANONICAL ➝ Divination ➝ Extispicy ➝ Bārûtu ➝ 10. Multābiltu'],,
207,"1879,0708.90",31,6,AKKADIAN,TUK-ši,TUK-ši,[],['CANONICAL ➝ Divination ➝ Extispicy ➝ Bārûtu ➝ 10. Multābiltu'],,
208,"1879,0708.90",31,8,AKKADIAN,u,u,[],['CANONICAL ➝ Divination ➝ Extispicy ➝ Bārûtu ➝ 10. Multābiltu'],,
209,"1879,0708.90",31,9,AKKADIAN,KI.TUŠ-su,KI.TUŠ-su,[],['CANONICAL ➝ Divination ➝ Extispicy ➝ Bārûtu ➝ 10. Multābiltu'],,
210,"1879,0708.90",31,10,AKKADIAN,ZAH₂-MEŠ,ZAH₂-MEŠ,[],['CANONICAL ➝ Divination ➝ Extispicy ➝ Bārûtu ➝ 10. Multābiltu'],,
211,"1879,0708.90",33,1,AKKADIAN,BA₃,BA₃,[],['CANONICAL ➝ Divination ➝ Extispicy ➝ Bārûtu ➝ 10. Multābiltu'],,
212,"1879,0708.90",33,2,AKKADIAN,ZE₂,ZE₂,[],['CANONICAL ➝ Divination ➝ Extispicy ➝ Bārûtu ➝ 10. Multābiltu'],,
213,"1879,0708.90",33,3,AKKADIAN,ŠU.SI,ŠU.SI,[],['CANONICAL ➝ Divination ➝ Extispicy ➝ Bārûtu ➝ 10. Multābiltu'],,
214,"1879,0708.90",33,4,AKKADIAN,u,u,[],['CANONICAL ➝ Divination ➝ Extispicy ➝ Bārûtu ➝ 10. Multābiltu'],,
215,"1879,0708.90",33,5,AKKADIAN,ni-ri,ni-ri,[],['CANONICAL ➝ Divination ➝ Extispicy ➝ Bārûtu ➝ 10. Multābiltu'],,
216,"1879,0708.90",33,6,AKKADIAN,NU,NU,[],['CANONICAL ➝ Divination ➝ Extispicy ➝ Bārûtu ➝ 10. Multābiltu'],,
217,"1879,0708.90",33,7,AKKADIAN,TUK-ši,TUK-ši,[],['CANONICAL ➝ Divination ➝ Extispicy ➝ Bārûtu ➝ 10. Multābiltu'],,
218,"1879,0708.90",33,9,AKKADIAN,GAR-an,GAR-an,[],['CANONICAL ➝ Divination ➝ Extispicy ➝ Bārûtu ➝ 10. Multābiltu'],,
219,"1879,0708.90",35,1,AKKADIAN,BA₃,BA₃,[],['CANONICAL ➝ Divination ➝ Extispicy ➝ Bārûtu ➝ 10. Multābiltu'],,
220,"1879,0708.90",35,2,AKKADIAN,MAŠ₂,MAŠ₂,[],['CANONICAL ➝ Divination ➝ Extispicy ➝ Bārûtu ➝ 10. Multābiltu'],,
221,"1879,0708.90",35,3,AKKADIAN,u,u,[],['CANONICAL ➝ Divination ➝ Extispicy ➝ Bārûtu ➝ 10. Multābiltu'],,
222,"1879,0708.90",35,4,AKKADIAN,DU₈,DU₈,[],['CANONICAL ➝ Divination ➝ Extispicy ➝ Bārûtu ➝ 10. Multābiltu'],,
223,"1879,0708.90",35,5,AKKADIAN,150,150,[],['CANONICAL ➝ Divination ➝ Extispicy ➝ Bārûtu ➝ 10. Multābiltu'],,
224,"1879,0708.90",35,6,AKKADIAN,NU,NU,[],['CANONICAL ➝ Divination ➝ Extispicy ➝ Bārûtu ➝ 10. Multābiltu'],,
225,"1879,0708.90",35,7,AKKADIAN,TUK-ši,TUK-ši,[],['CANONICAL ➝ Divination ➝ Extispicy ➝ Bārûtu ➝ 10. Multābiltu'],,
226,"1879,0708.90",36,1,AKKADIAN,BA₃,BA₃,[],['CANONICAL ➝ Divination ➝ Extispicy ➝ Bārûtu ➝ 10. Multābiltu'],,
227,"1879,0708.90",36,2,AKKADIAN,IGI-MEŠ-ša₂,IGI-MEŠ-ša₂,[],['CANONICAL ➝ Divination ➝ Extispicy ➝ Bārûtu ➝ 10. Multābiltu'],,
228,"1879,0708.90",36,3,AKKADIAN,u,u,[],['CANONICAL ➝ Divination ➝ Extispicy ➝ Bārûtu ➝ 10. Multābiltu'],,
229,"1879,0708.90",36,4,AKKADIAN,EGIR-su,EGIR-su,[],['CANONICAL ➝ Divination ➝ Extispicy ➝ Bārûtu ➝ 10. Multābiltu'],,
230,"1879,0708.90",36,5,AKKADIAN,DIB.BI-MEŠ-ma,DIB.BI-MEŠ-ma,[],['CANONICAL ➝ Divination ➝ Extispicy ➝ Bārûtu ➝ 10. Multābiltu'],,
231,"1879,0708.90",36,6,AKKADIAN,ina,ina,[],['CANONICAL ➝ Divination ➝ Extispicy ➝ Bārûtu ➝ 10. Multābiltu'],,
232,"1879,0708.90",36,8,AKKADIAN,,,[],['CANONICAL ➝ Divination ➝ Extispicy ➝ Bārûtu ➝ 10. Multābiltu'],,
233,"1879,0708.90",36,9,AKKADIAN,GIR₂,GIR₂,[],['CANONICAL ➝ Divination ➝ Extispicy ➝ Bārûtu ➝ 10. Multābiltu'],,
234,"1879,0708.90",36,10,AKKADIAN,KAL,KAL,[],['CANONICAL ➝ Divination ➝ Extispicy ➝ Bārûtu ➝ 10. Multābiltu'],,
235,"1879,0708.90",36,11,AKKADIAN,u,u,[],['CANONICAL ➝ Divination ➝ Extispicy ➝ Bārûtu ➝ 10. Multābiltu'],,
236,"1879,0708.90",36,12,AKKADIAN,SILIM,SILIM,[],['CANONICAL ➝ Divination ➝ Extispicy ➝ Bārûtu ➝ 10. Multābiltu'],,
237,"1879,0708.90",36,13,AKKADIAN,GAR-MEŠ,GAR-MEŠ,[],['CANONICAL ➝ Divination ➝ Extispicy ➝ Bārûtu ➝ 10. Multābiltu'],,
238,"1879,0708.90",36,14,AKKADIAN,NUN,NUN,[],['CANONICAL ➝ Divination ➝ Extispicy ➝ Bārûtu ➝ 10. Multābiltu'],,
239,"1879,0708.90",36,15,AKKADIAN,ina,ina,[],['CANONICAL ➝ Divination ➝ Extispicy ➝ Bārûtu ➝ 10. Multābiltu'],,
240,"1879,0708.90",36,16,AKKADIAN,URU-šu₂,URU-šu₂,[],['CANONICAL ➝ Divination ➝ Extispicy ➝ Bārûtu ➝ 10. Multābiltu'],,
241,"1879,0708.90",36,17,AKKADIAN,E₃-ma,E₃-ma,[],['CANONICAL ➝ Divination ➝ Extispicy ➝ Bārûtu ➝ 10. Multābiltu'],,
242,"1879,0708.90",36,18,AKKADIAN,ina,ina,[],['CANONICAL ➝ Divination ➝ Extispicy ➝ Bārûtu ➝ 10. Multābiltu'],,
243,"1879,0708.90",36,19,AKKADIAN,URU,URU,[],['CANONICAL ➝ Divination ➝ Extispicy ➝ Bārûtu ➝ 10. Multābiltu'],,
244,"1879,0708.90",36,20,AKKADIAN,MAN-ma,MAN-ma,[],['CANONICAL ➝ Divination ➝ Extispicy ➝ Bārûtu ➝ 10. Multābiltu'],,
245,"1879,0708.90",36,21,AKKADIAN,TUŠ,TUŠ,[],['CANONICAL ➝ Divination ➝ Extispicy ➝ Bārûtu ➝ 10. Multābiltu'],,
246,"1879,0708.90",37,1,AKKADIAN,ina,ina,[],['CANONICAL ➝ Divination ➝ Extispicy ➝ Bārûtu ➝ 10. Multābiltu'],,
247,"1879,0708.90",37,2,AKKADIAN,BA₃,BA₃,[],['CANONICAL ➝ Divination ➝ Extispicy ➝ Bārûtu ➝ 10. Multābiltu'],,
248,"1879,0708.90",37,3,AKKADIAN,2,2,[],['CANONICAL ➝ Divination ➝ Extispicy ➝ Bārûtu ➝ 10. Multābiltu'],,
249,"1879,0708.90",37,4,AKKADIAN,,,[],['CANONICAL ➝ Divination ➝ Extispicy ➝ Bārûtu ➝ 10. Multābiltu'],,
250,"1879,0708.90",37,5,AKKADIAN,2,2,[],['CANONICAL ➝ Divination ➝ Extispicy ➝ Bārûtu ➝ 10. Multābiltu'],,
251,"1879,0708.90",37,6,AKKADIAN,GIR₂,GIR₂,[],['CANONICAL ➝ Divination ➝ Extispicy ➝ Bārûtu ➝ 10. Multābiltu'],,
252,"1879,0708.90",37,7,AKKADIAN,2,2,[],['CANONICAL ➝ Divination ➝ Extispicy ➝ Bārûtu ➝ 10. Multābiltu'],,
253,"1879,0708.90",37,8,AKKADIAN,KAL,KAL,[],['CANONICAL ➝ Divination ➝ Extispicy ➝ Bārûtu ➝ 10. Multābiltu'],,
254,"1879,0708.90",37,9,AKKADIAN,2,2,[],['CANONICAL ➝ Divination ➝ Extispicy ➝ Bārûtu ➝ 10. Multābiltu'],,
255,"1879,0708.90",37,10,AKKADIAN,SILIM,SILIM,[],['CANONICAL ➝ Divination ➝ Extispicy ➝ Bārûtu ➝ 10. Multābiltu'],,
256,"1879,0708.90",37,11,AKKADIAN,2-ta,2-ta,[],['CANONICAL ➝ Divination ➝ Extispicy ➝ Bārûtu ➝ 10. Multābiltu'],,
257,"1879,0708.90",37,13,AKKADIAN,2-ta,2-ta,[],['CANONICAL ➝ Divination ➝ Extispicy ➝ Bārûtu ➝ 10. Multābiltu'],,
258,"1879,0708.90",37,14,AKKADIAN,ŠU.SI-MEŠ,ŠU.SI-MEŠ,[],['CANONICAL ➝ Divination ➝ Extispicy ➝ Bārûtu ➝ 10. Multābiltu'],,
259,"1879,0708.90",37,15,AKKADIAN,GAR-MEŠ,GAR-MEŠ,[],['CANONICAL ➝ Divination ➝ Extispicy ➝ Bārûtu ➝ 10. Multābiltu'],,
260,"1879,0708.90",37,16,AKKADIAN,NUN,NUN,[],['CANONICAL ➝ Divination ➝ Extispicy ➝ Bārûtu ➝ 10. Multābiltu'],,
261,"1879,0708.90",37,17,AKKADIAN,KUR,KUR,[],['CANONICAL ➝ Divination ➝ Extispicy ➝ Bārûtu ➝ 10. Multābiltu'],,
262,"1879,0708.90",37,18,AKKADIAN,la,la,[],['CANONICAL ➝ Divination ➝ Extispicy ➝ Bārûtu ➝ 10. Multābiltu'],,
263,"1879,0708.90",37,19,AKKADIAN,šu-a-tu,šu-a-tu,[],['CANONICAL ➝ Divination ➝ Extispicy ➝ Bārûtu ➝ 10. Multābiltu'],,
264,"1879,0708.90",37,20,AKKADIAN,ŠU-su,ŠU-su,[],['CANONICAL ➝ Divination ➝ Extispicy ➝ Bārûtu ➝ 10. Multābiltu'],,
265,"1879,0708.90",38,1,AKKADIAN,ina,ina,[],['CANONICAL ➝ Divination ➝ Extispicy ➝ Bārûtu ➝ 10. Multābiltu'],,
266,"1879,0708.90",38,2,AKKADIAN,BA₃,BA₃,[],['CANONICAL ➝ Divination ➝ Extispicy ➝ Bārûtu ➝ 10. Multābiltu'],,
267,"1879,0708.90",38,3,AKKADIAN,3,3,[],['CANONICAL ➝ Divination ➝ Extispicy ➝ Bārûtu ➝ 10. Multābiltu'],,
268,"1879,0708.90",38,4,AKKADIAN,,,[],['CANONICAL ➝ Divination ➝ Extispicy ➝ Bārûtu ➝ 10. Multābiltu'],,
269,"1879,0708.90",38,5,AKKADIAN,3,3,[],['CANONICAL ➝ Divination ➝ Extispicy ➝ Bārûtu ➝ 10. Multābiltu'],,
270,"1879,0708.90",38,6,AKKADIAN,GIR₂,GIR₂,[],['CANONICAL ➝ Divination ➝ Extispicy ➝ Bārûtu ➝ 10. Multābiltu'],,
271,"1879,0708.90",38,7,AKKADIAN,3,3,[],['CANONICAL ➝ Divination ➝ Extispicy ➝ Bārûtu ➝ 10. Multābiltu'],,
272,"1879,0708.90",38,8,AKKADIAN,KAL,KAL,[],['CANONICAL ➝ Divination ➝ Extispicy ➝ Bārûtu ➝ 10. Multābiltu'],,
273,"1879,0708.90",38,9,AKKADIAN,3,3,[],['CANONICAL ➝ Divination ➝ Extispicy ➝ Bārûtu ➝ 10. Multābiltu'],,
274,"1879,0708.90",38,10,AKKADIAN,SILIM,SILIM,[],['CANONICAL ➝ Divination ➝ Extispicy ➝ Bārûtu ➝ 10. Multābiltu'],,
275,"1879,0708.90",38,11,AKKADIAN,3-ta,3-ta,[],['CANONICAL ➝ Divination ➝ Extispicy ➝ Bārûtu ➝ 10. Multābiltu'],,
276,"1879,0708.90",38,12,AKKADIAN,ZE₂-MEŠ,ZE₂-MEŠ,[],['CANONICAL ➝ Divination ➝ Extispicy ➝ Bārûtu ➝ 10. Multābiltu'],,
277,"1879,0708.90",38,14,AKKADIAN,ŠU.SI-MEŠ,ŠU.SI-MEŠ,[],['CANONICAL ➝ Divination ➝ Extispicy ➝ Bārûtu ➝ 10. Multābiltu'],,
278,"1879,0708.90",38,15,AKKADIAN,GAR-MEŠ,GAR-MEŠ,[],['CANONICAL ➝ Divination ➝ Extispicy ➝ Bārûtu ➝ 10. Multābiltu'],,
279,"1879,0708.90",38,16,AKKADIAN,U₄,U₄,[],['CANONICAL ➝ Divination ➝ Extispicy ➝ Bārûtu ➝ 10. Multābiltu'],,
280,"1879,0708.90",38,18,AKKADIAN,NUN,NUN,[],['CANONICAL ➝ Divination ➝ Extispicy ➝ Bārûtu ➝ 10. Multābiltu'],,
281,"1879,0708.90",38,19,AKKADIAN,TIL-MEŠ,TIL-MEŠ,[],['CANONICAL ➝ Divination ➝ Extispicy ➝ Bārûtu ➝ 10. Multābiltu'],,
282,"1879,0708.90",39,1,AKKADIAN,ina,ina,[],['CANONICAL ➝ Divination ➝ Extispicy ➝ Bārûtu ➝ 10. Multābiltu'],,
283,"1879,0708.90",39,2,AKKADIAN,BA₃,BA₃,[],['CANONICAL ➝ Divination ➝ Extispicy ➝ Bārûtu ➝ 10. Multābiltu'],,
284,"1879,0708.90",39,3,AKKADIAN,4,4,[],['CANONICAL ➝ Divination ➝ Extispicy ➝ Bārûtu ➝ 10. Multābiltu'],,
285,"1879,0708.90",39,4,AKKADIAN,,,[],['CANONICAL ➝ Divination ➝ Extispicy ➝ Bārûtu ➝ 10. Multābiltu'],,
286,"1879,0708.90",39,5,AKKADIAN,4,4,[],['CANONICAL ➝ Divination ➝ Extispicy ➝ Bārûtu ➝ 10. Multābiltu'],,
287,"1879,0708.90",39,6,AKKADIAN,GIR₂,GIR₂,[],['CANONICAL ➝ Divination ➝ Extispicy ➝ Bārûtu ➝ 10. Multābiltu'],,
288,"1879,0708.90",39,7,AKKADIAN,4,4,[],['CANONICAL ➝ Divination ➝ Extispicy ➝ Bārûtu ➝ 10. Multābiltu'],,
289,"1879,0708.90",39,8,AKKADIAN,KAL,KAL,[],['CANONICAL ➝ Divination ➝ Extispicy ➝ Bārûtu ➝ 10. Multābiltu'],,
290,"1879,0708.90",39,9,AKKADIAN,4,4,[],['CANONICAL ➝ Divination ➝ Extispicy ➝ Bārûtu ➝ 10. Multābiltu'],,
291,"1879,0708.90",39,10,AKKADIAN,SILIM,SILIM,[],['CANONICAL ➝ Divination ➝ Extispicy ➝ Bārûtu ➝ 10. Multābiltu'],,
292,"1879,0708.90",39,11,AKKADIAN,4-ta,4-ta,[],['CANONICAL ➝ Divination ➝ Extispicy ➝ Bārûtu ➝ 10. Multābiltu'],,
293,"1879,0708.90",39,12,AKKADIAN,ZE₂-MEŠ,ZE₂-MEŠ,[],['CANONICAL ➝ Divination ➝ Extispicy ➝ Bārûtu ➝ 10. Multābiltu'],,
294,"1879,0708.90",39,14,AKKADIAN,ŠU.SI-MEŠ,ŠU.SI-MEŠ,[],['CANONICAL ➝ Divination ➝ Extispicy ➝ Bārûtu ➝ 10. Multābiltu'],,
295,"1879,0708.90",39,15,AKKADIAN,GAR-MEŠ,GAR-MEŠ,[],['CANONICAL ➝ Divination ➝ Extispicy ➝ Bārûtu ➝ 10. Multābiltu'],,
296,"1879,0708.90",39,16,AKKADIAN,DINGIR-MEŠ,DINGIR-MEŠ,[],['CANONICAL ➝ Divination ➝ Extispicy ➝ Bārûtu ➝ 10. Multābiltu'],,
297,"1879,0708.90",39,17,AKKADIAN,KUR,KUR,[],['CANONICAL ➝ Divination ➝ Extispicy ➝ Bārûtu ➝ 10. Multābiltu'],,
298,"1879,0708.90",40,1,AKKADIAN,15,15,[],['CANONICAL ➝ Divination ➝ Extispicy ➝ Bārûtu ➝ 10. Multābiltu'],,
299,"1879,0708.90",40,2,AKKADIAN,BA₃,BA₃,[],['CANONICAL ➝ Divination ➝ Extispicy ➝ Bārûtu ➝ 10. Multābiltu'],,
300,"1879,0708.90",40,3,AKKADIAN,GID₂.DA-ma,GID₂.DA-ma,[],['CANONICAL ➝ Divination ➝ Extispicy ➝ Bārûtu ➝ 10. Multābiltu'],,
301,"1879,0708.90",40,4,AKKADIAN,UZU,UZU,[],['CANONICAL ➝ Divination ➝ Extispicy ➝ Bārûtu ➝ 10. Multābiltu'],,
302,"1879,0708.90",40,5,AKKADIAN,NU,NU,[],['CANONICAL ➝ Divination ➝ Extispicy ➝ Bārûtu ➝ 10. Multābiltu'],,
303,"1879,0708.90",40,6,AKKADIAN,TUK-ši,TUK-ši,[],['CANONICAL ➝ Divination ➝ Extispicy ➝ Bārûtu ➝ 10. Multābiltu'],,
304,"1879,0708.90",41,1,AKKADIAN,UZU,UZU,[],['CANONICAL ➝ Divination ➝ Extispicy ➝ Bārûtu ➝ 10. Multābiltu'],,
305,"1879,0708.90",41,2,AKKADIAN,IGI,IGI,[],['CANONICAL ➝ Divination ➝ Extispicy ➝ Bārûtu ➝ 10. Multābiltu'],,
306,"1879,0708.90",41,3,AKKADIAN,TUN₃,TUN₃,[],['CANONICAL ➝ Divination ➝ Extispicy ➝ Bārûtu ➝ 10. Multābiltu'],,
307,"1879,0708.90",41,4,AKKADIAN,kab-su,kab-su,[],['CANONICAL ➝ Divination ➝ Extispicy ➝ Bārûtu ➝ 10. Multābiltu'],,
308,"1879,0708.90",41,5,AKKADIAN,DINGIR,DINGIR,[],['CANONICAL ➝ Divination ➝ Extispicy ➝ Bārûtu ➝ 10. Multābiltu'],,
309,"1879,0708.90",41,6,AKKADIAN,ana,ana,[],['CANONICAL ➝ Divination ➝ Extispicy ➝ Bārûtu ➝ 10. Multābiltu'],,
310,"1879,0708.90",41,7,AKKADIAN,LU₂,LU₂,[],['CANONICAL ➝ Divination ➝ Extispicy ➝ Bārûtu ➝ 10. Multābiltu'],,
311,"1879,0708.90",41,8,AKKADIAN,ana,ana,[],['CANONICAL ➝ Divination ➝ Extispicy ➝ Bārûtu ➝ 10. Multābiltu'],,
312,"1879,0708.90",45,1,AKKADIAN,ina,ina,[],['CANONICAL ➝ Divination ➝ Extispicy ➝ Bārûtu ➝ 10. Multābiltu'],,
313,"1879,0708.90",45,2,AKKADIAN,150,150,[],['CANONICAL ➝ Divination ➝ Extispicy ➝ Bārûtu ➝ 10. Multābiltu'],,
314,"1879,0708.90",45,3,AKKADIAN,BA₃,BA₃,[],['CANONICAL ➝ Divination ➝ Extispicy ➝ Bārûtu ➝ 10. Multābiltu'],,
315,"1879,0708.90",45,4,AKKADIAN,KAM₂-tu₄,KAM₂-tu₄,[],['CANONICAL ➝ Divination ➝ Extispicy ➝ Bārûtu ➝ 10. Multābiltu'],,
316,"1879,0708.90",45,5,AKKADIAN,ŠUB-at₂,ŠUB-at₂,[],['CANONICAL ➝ Divination ➝ Extispicy ➝ Bārûtu ➝ 10. Multābiltu'],,
317,"1879,0708.90",45,6,AKKADIAN,eš-ret,eš-ret,[],['CANONICAL ➝ Divination ➝ Extispicy ➝ Bārûtu ➝ 10. Multābiltu'],,
318,"1879,0708.90",45,7,AKKADIAN,KUR₂,KUR₂,[],['CANONICAL ➝ Divination ➝ Extispicy ➝ Bārûtu ➝ 10. Multābiltu'],,
319,"1879,0708.90",45,8,AKKADIAN,{d}UTU,{d}UTU,[],['CANONICAL ➝ Divination ➝ Extispicy ➝ Bārûtu ➝ 10. Multābiltu'],,
320,"1879,0708.90",46,1,AKKADIAN,ina,ina,[],['CANONICAL ➝ Divination ➝ Extispicy ➝ Bārûtu ➝ 10. Multābiltu'],,
321,"1879,0708.90",46,2,AKKADIAN,SAG,SAG,[],['CANONICAL ➝ Divination ➝ Extispicy ➝ Bārûtu ➝ 10. Multābiltu'],,
322,"1879,0708.90",46,3,AKKADIAN,BA₃,BA₃,[],['CANONICAL ➝ Divination ➝ Extispicy ➝ Bārûtu ➝ 10. Multābiltu'],,
323,"1879,0708.90",46,4,AKKADIAN,BAR-ma,BAR-ma,[],['CANONICAL ➝ Divination ➝ Extispicy ➝ Bārûtu ➝ 10. Multābiltu'],,
324,"1879,0708.90",46,5,AKKADIAN,KAM₂-tu₄,KAM₂-tu₄,[],['CANONICAL ➝ Divination ➝ Extispicy ➝ Bārûtu ➝ 10. Multābiltu'],,
325,"1879,0708.90",46,6,AKKADIAN,ŠUB-at₂,ŠUB-at₂,[],['CANONICAL ➝ Divination ➝ Extispicy ➝ Bārûtu ➝ 10. Multābiltu'],,
326,"1879,0708.90",46,7,AKKADIAN,eš-ret,eš-ret,[],['CANONICAL ➝ Divination ➝ Extispicy ➝ Bārûtu ➝ 10. Multābiltu'],,
327,"1879,0708.90",46,8,AKKADIAN,UN-MEŠ,UN-MEŠ,[],['CANONICAL ➝ Divination ➝ Extispicy ➝ Bārûtu ➝ 10. Multābiltu'],,
328,"1879,0708.90",46,9,AKKADIAN,{d}UTU,{d}UTU,[],['CANONICAL ➝ Divination ➝ Extispicy ➝ Bārûtu ➝ 10. Multābiltu'],,
329,"1879,0708.90",47,1,AKKADIAN,BA₃,BA₃,[],['CANONICAL ➝ Divination ➝ Extispicy ➝ Bārûtu ➝ 10. Multābiltu'],,
330,"1879,0708.90",47,2,AKKADIAN,ana,ana,[],['CANONICAL ➝ Divination ➝ Extispicy ➝ Bārûtu ➝ 10. Multābiltu'],,
331,"1879,0708.90",47,3,AKKADIAN,NIGIN-ti-šu₂,NIGIN-ti-šu₂,[],['CANONICAL ➝ Divination ➝ Extispicy ➝ Bārûtu ➝ 10. Multābiltu'],,
332,"1879,0708.90",47,4,AKKADIAN,KAM₂-MEŠ,KAM₂-MEŠ,[],['CANONICAL ➝ Divination ➝ Extispicy ➝ Bārûtu ➝ 10. Multābiltu'],,
333,"1879,0708.90",47,5,AKKADIAN,sah-rat,sah-rat,[],['CANONICAL ➝ Divination ➝ Extispicy ➝ Bārûtu ➝ 10. Multābiltu'],,
334,"1879,0708.90",47,6,AKKADIAN,URU,URU,[],['CANONICAL ➝ Divination ➝ Extispicy ➝ Bārûtu ➝ 10. Multābiltu'],,
335,"1879,0708.90",47,7,AKKADIAN,šu-bat,šu-bat,[],['CANONICAL ➝ Divination ➝ Extispicy ➝ Bārûtu ➝ 10. Multābiltu'],,
336,"1879,0708.90",47,8,AKKADIAN,NUN,NUN,[],['CANONICAL ➝ Divination ➝ Extispicy ➝ Bārûtu ➝ 10. Multābiltu'],,
337,"1879,0708.90",47,9,AKKADIAN,KI,KI,[],['CANONICAL ➝ Divination ➝ Extispicy ➝ Bārûtu ➝ 10. Multābiltu'],,
338,"1879,0708.90",47,10,AKKADIAN,DINGIR,DINGIR,[],['CANONICAL ➝ Divination ➝ Extispicy ➝ Bārûtu ➝ 10. Multābiltu'],,
339,"1879,0708.90",47,11,AKKADIAN,ana,ana,[],['CANONICAL ➝ Divination ➝ Extispicy ➝ Bārûtu ➝ 10. Multābiltu'],,
340,"1879,0708.90",47,13,AKKADIAN,e-riš,e-riš,[],['CANONICAL ➝ Divination ➝ Extispicy ➝ Bārûtu ➝ 10. Multābiltu'],,
341,"1879,0708.90",48,1,AKKADIAN,15,15,[],['CANONICAL ➝ Divination ➝ Extispicy ➝ Bārûtu ➝ 10. Multābiltu'],,
342,"1879,0708.90",48,2,AKKADIAN,BA₃,BA₃,[],['CANONICAL ➝ Divination ➝ Extispicy ➝ Bārûtu ➝ 10. Multābiltu'],,
343,"1879,0708.90",48,3,AKKADIAN,BAR-MEŠ,BAR-MEŠ,[],['CANONICAL ➝ Divination ➝ Extispicy ➝ Bārûtu ➝ 10. Multābiltu'],,
344,"1879,0708.90",48,4,AKKADIAN,SA₅,SA₅,[],['CANONICAL ➝ Divination ➝ Extispicy ➝ Bārûtu ➝ 10. Multābiltu'],,
345,"1879,0708.90",48,5,AKKADIAN,na-me-e-a,na-me-e-a,[],['CANONICAL ➝ Divination ➝ Extispicy ➝ Bārûtu ➝ 10. Multābiltu'],,
346,"1879,0708.90",48,6,AKKADIAN,KUR₂,KUR₂,[],['CANONICAL ➝ Divination ➝ Extispicy ➝ Bārûtu ➝ 10. Multābiltu'],,
347,"1879,0708.90",48,7,AKKADIAN,i-maš-sa-aʾ,i-maš-sa-aʾ,[],['CANONICAL ➝ Divination ➝ Extispicy ➝ Bārûtu ➝ 10. Multābiltu'],,
348,"1879,0708.90",48,8,AKKADIAN,{d}IŠKUR,{d}IŠKUR,[],['CANONICAL ➝ Divination ➝ Extispicy ➝ Bārûtu ➝ 10. Multābiltu'],,
349,"1879,0708.90",48,9,AKKADIAN,ina,ina,[],['CANONICAL ➝ Divination ➝ Extispicy ➝ Bārûtu ➝ 10. Multābiltu'],,
350,"1879,0708.90",48,10,AKKADIAN,KUR,KUR,[],['CANONICAL ➝ Divination ➝ Extispicy ➝ Bārûtu ➝ 10. Multābiltu'],,
351,"1879,0708.90",48,11,AKKADIAN,NUN,NUN,[],['CANONICAL ➝ Divination ➝ Extispicy ➝ Bārûtu ➝ 10. Multābiltu'],,
352,"1879,0708.90",48,12,AKKADIAN,RA-iṣ,RA-iṣ,[],['CANONICAL ➝ Divination ➝ Extispicy ➝ Bārûtu ➝ 10. Multābiltu'],,
353,"1879,0708.90",48,13,AKKADIAN,DINGIR-MEŠ-u₂-a,DINGIR-MEŠ-u₂-a,[],['CANONICAL ➝ Divination ➝ Extispicy ➝ Bārûtu ➝ 10. Multābiltu'],,
354,"1879,0708.90",48,15,AKKADIAN,KUR₂,KUR₂,[],['CANONICAL ➝ Divination ➝ Extispicy ➝ Bārûtu ➝ 10. Multābiltu'],,
355,"1879,0708.90",48,16,AKKADIAN,NIGIN-MEŠ,NIGIN-MEŠ,[],['CANONICAL ➝ Divination ➝ Extispicy ➝ Bārûtu ➝ 10. Multābiltu'],,
356,"1879,0708.90",49,1,AKKADIAN,150,150,[],['CANONICAL ➝ Divination ➝ Extispicy ➝ Bārûtu ➝ 10. Multābiltu'],,
357,"1879,0708.90",49,2,AKKADIAN,BA₃,BA₃,[],['CANONICAL ➝ Divination ➝ Extispicy ➝ Bārûtu ➝ 10. Multābiltu'],,
358,"1879,0708.90",49,3,AKKADIAN,BAR-MEŠ,BAR-MEŠ,[],['CANONICAL ➝ Divination ➝ Extispicy ➝ Bārûtu ➝ 10. Multābiltu'],,
359,"1879,0708.90",49,4,AKKADIAN,SA₅,SA₅,[],['CANONICAL ➝ Divination ➝ Extispicy ➝ Bārûtu ➝ 10. Multābiltu'],,
360,"1879,0708.90",49,5,AKKADIAN,na-me-e-a,na-me-e-a,[],['CANONICAL ➝ Divination ➝ Extispicy ➝ Bārûtu ➝ 10. Multābiltu'],,
361,"1879,0708.90",49,6,AKKADIAN,KUR₂,KUR₂,[],['CANONICAL ➝ Divination ➝ Extispicy ➝ Bārûtu ➝ 10. Multābiltu'],,
362,"1879,0708.90",49,7,AKKADIAN,ta-maš-ša₂-aʾ,ta-maš-ša₂-aʾ,[],['CANONICAL ➝ Divination ➝ Extispicy ➝ Bārûtu ➝ 10. Multābiltu'],,
363,"1879,0708.90",49,8,AKKADIAN,{d}IŠKUR,{d}IŠKUR,[],['CANONICAL ➝ Divination ➝ Extispicy ➝ Bārûtu ➝ 10. Multābiltu'],,
364,"1879,0708.90",49,9,AKKADIAN,ina,ina,[],['CANONICAL ➝ Divination ➝ Extispicy ➝ Bārûtu ➝ 10. Multābiltu'],,
365,"1879,0708.90",49,10,AKKADIAN,KUR,KUR,[],['CANONICAL ➝ Divination ➝ Extispicy ➝ Bārûtu ➝ 10. Multābiltu'],,
366,"1879,0708.90",49,11,AKKADIAN,KUR₂,KUR₂,[],['CANONICAL ➝ Divination ➝ Extispicy ➝ Bārûtu ➝ 10. Multābiltu'],,
367,"1879,0708.90",49,12,AKKADIAN,RA-iṣ,RA-iṣ,[],['CANONICAL ➝ Divination ➝ Extispicy ➝ Bārûtu ➝ 10. Multābiltu'],,
368,"1879,0708.90",49,13,AKKADIAN,DINGIR-MEŠ,DINGIR-MEŠ,[],['CANONICAL ➝ Divination ➝ Extispicy ➝ Bārûtu ➝ 10. Multābiltu'],,
369,"1879,0708.90",49,14,AKKADIAN,KUR₂,KUR₂,[],['CANONICAL ➝ Divination ➝ Extispicy ➝ Bārûtu ➝ 10. Multābiltu'],,
370,"1879,0708.90",49,15,AKKADIAN,ana,ana,[],['CANONICAL ➝ Divination ➝ Extispicy ➝ Bārûtu ➝ 10. Multābiltu'],,
371,"1879,0708.90",49,16,AKKADIAN,NUN,NUN,[],['CANONICAL ➝ Divination ➝ Extispicy ➝ Bārûtu ➝ 10. Multābiltu'],,
372,"1879,0708.90",50,1,AKKADIAN,BA₃,BA₃,[],['CANONICAL ➝ Divination ➝ Extispicy ➝ Bārûtu ➝ 10. Multābiltu'],,
373,"1879,0708.90",50,2,AKKADIAN,qar-rat,qar-rat,[],['CANONICAL ➝ Divination ➝ Extispicy ➝ Bārûtu ➝ 10. Multābiltu'],,
374,"1879,0708.90",50,3,AKKADIAN,URU,URU,[],['CANONICAL ➝ Divination ➝ Extispicy ➝ Bārûtu ➝ 10. Multābiltu'],,
375,"1879,0708.90",50,4,AKKADIAN,ni-tu₄,ni-tu₄,[],['CANONICAL ➝ Divination ➝ Extispicy ➝ Bārûtu ➝ 10. Multābiltu'],,
376,"1879,0708.90",51,1,AKKADIAN,BA₃,BA₃,[],['CANONICAL ➝ Divination ➝ Extispicy ➝ Bārûtu ➝ 10. Multābiltu'],,
377,"1879,0708.90",51,2,AKKADIAN,qar-rat-ma,qar-rat-ma,[],['CANONICAL ➝ Divination ➝ Extispicy ➝ Bārûtu ➝ 10. Multābiltu'],,
378,"1879,0708.90",51,3,AKKADIAN,ina,ina,[],['CANONICAL ➝ Divination ➝ Extispicy ➝ Bārûtu ➝ 10. Multābiltu'],,
379,"1879,0708.90",51,4,AKKADIAN,MURUB₄-šu₂,MURUB₄-šu₂,[],['CANONICAL ➝ Divination ➝ Extispicy ➝ Bārûtu ➝ 10. Multābiltu'],,
380,"1879,0708.90",51,5,AKKADIAN,GAM-ma,GAM-ma,[],['CANONICAL ➝ Divination ➝ Extispicy ➝ Bārûtu ➝ 10. Multābiltu'],,
381,"1879,0708.90",51,6,AKKADIAN,E₃,E₃,[],['CANONICAL ➝ Divination ➝ Extispicy ➝ Bārûtu ➝ 10. Multābiltu'],,
382,"1879,0708.90",51,7,AKKADIAN,ana,ana,[],['CANONICAL ➝ Divination ➝ Extispicy ➝ Bārûtu ➝ 10. Multābiltu'],,
383,"1879,0708.90",51,8,AKKADIAN,URU,URU,[],['CANONICAL ➝ Divination ➝ Extispicy ➝ Bārûtu ➝ 10. Multābiltu'],,
384,"1879,0708.90",51,9,AKKADIAN,ni-tu₄,ni-tu₄,[],['CANONICAL ➝ Divination ➝ Extispicy ➝ Bārûtu ➝ 10. Multābiltu'],,
385,"1879,0708.90",51,10,AKKADIAN,NIGIN-šu₂,NIGIN-šu₂,[],['CANONICAL ➝ Divination ➝ Extispicy ➝ Bārûtu ➝ 10. Multābiltu'],,
386,"1879,0708.90",51,12,AKKADIAN,E₃-šu₂,E₃-šu₂,[],['CANONICAL ➝ Divination ➝ Extispicy ➝ Bārûtu ➝ 10. Multābiltu'],,
387,"1879,0708.90",53,1,AKKADIAN,BA₃,BA₃,[],['CANONICAL ➝ Divination ➝ Extispicy ➝ Bārûtu ➝ 10. Multābiltu'],,
388,"1879,0708.90",53,2,AKKADIAN,GIM,GIM,[],['CANONICAL ➝ Divination ➝ Extispicy ➝ Bārûtu ➝ 10. Multābiltu'],,
389,"1879,0708.90",53,3,AKKADIAN,im-šuk-ki,im-šuk-ki,[],['CANONICAL ➝ Divination ➝ Extispicy ➝ Bārûtu ➝ 10. Multābiltu'],,
390,"1879,0708.90",53,4,AKKADIAN,URU,URU,[],['CANONICAL ➝ Divination ➝ Extispicy ➝ Bārûtu ➝ 10. Multābiltu'],,
391,"1879,0708.90",53,5,AKKADIAN,ni-tu₄,ni-tu₄,[],['CANONICAL ➝ Divination ➝ Extispicy ➝ Bārûtu ➝ 10. Multābiltu'],,
392,"1879,0708.90",53,6,AKKADIAN,NIGIN-ma,NIGIN-ma,[],['CANONICAL ➝ Divination ➝ Extispicy ➝ Bārûtu ➝ 10. Multābiltu'],,
393,"1879,0708.90",53,7,AKKADIAN,A.DAM-MEŠ-šu₂,A.DAM-MEŠ-šu₂,[],['CANONICAL ➝ Divination ➝ Extispicy ➝ Bārûtu ➝ 10. Multābiltu'],,
394,"1879,0708.90",54,1,AKKADIAN,14-KAM-MA,14-KAM-MA,[],['CANONICAL ➝ Divination ➝ Extispicy ➝ Bārûtu ➝ 10. Multābiltu'],,
395,"1879,0708.90",54,2,AKKADIAN,EŠ₂.GAR,EŠ₂.GAR,[],['CANONICAL ➝ Divination ➝ Extispicy ➝ Bārûtu ➝ 10. Multābiltu'],,
396,"1879,0708.90",54,3,AKKADIAN,BE,BE,[],['CANONICAL ➝ Divination ➝ Extispicy ➝ Bārûtu ➝ 10. Multābiltu'],,
397,"1879,0708.90",55,1,AKKADIAN,LUGAL,LUGAL,[],['CANONICAL ➝ Divination ➝ Extispicy ➝ Bārûtu ➝ 10. Multābiltu'],,
398,"1879,0708.90",55,2,AKKADIAN,GAL,GAL,[],['CANONICAL ➝ Divination ➝ Extispicy ➝ Bārûtu ➝ 10. Multābiltu'],,
399,"1879,0708.90",55,3,AKKADIAN,LUGAL,LUGAL,[],['CANONICAL ➝ Divination ➝ Extispicy ➝ Bārûtu ➝ 10. Multābiltu'],,
400,"1879,0708.90",55,4,AKKADIAN,dan-nu,dan-nu,[],['CANONICAL ➝ Divination ➝ Extispicy ➝ Bārûtu ➝ 10. Multābiltu'],,
401,"1879,0708.90",55,5,AKKADIAN,LUGAL,LUGAL,[],['CANONICAL ➝ Divination ➝ Extispicy ➝ Bārûtu ➝ 10. Multābiltu'],,
402,"1879,0708.90",55,6,AKKADIAN,ŠU₂,ŠU₂,[],['CANONICAL ➝ Divination ➝ Extispicy ➝ Bārûtu ➝ 10. Multābiltu'],,
403,"1879,0708.90",55,7,AKKADIAN,LUGAL,LUGAL,[],['CANONICAL ➝ Divination ➝ Extispicy ➝ Bārûtu ➝ 10. Multābiltu'],,
404,"1879,0708.90",55,9,AKKADIAN,aš-šur{ki},aš-šur{ki},[],['CANONICAL ➝ Divination ➝ Extispicy ➝ Bārûtu ➝ 10. Multābiltu'],,
405,"1879,0708.90",56,1,AKKADIAN,{m}aš-šur-PAP-SUM-na,{m}aš-šur-PAP-SUM-na,[],['CANONICAL ➝ Divination ➝ Extispicy ➝ Bārûtu ➝ 10. Multābiltu'],,
406,"1879,0708.90",56,2,AKKADIAN,LUGAL,LUGAL,[],['CANONICAL ➝ Divination ➝ Extispicy ➝ Bārûtu ➝ 10. Multābiltu'],,
407,"1879,0708.90",56,4,AKKADIAN,aš-šur{ki},aš-šur{ki},[],['CANONICAL ➝ Divination ➝ Extispicy ➝ Bārûtu ➝ 10. Multābiltu'],,
408,"1879,0708.90",57,1,AKKADIAN,{m}{d}30-PAP-MEŠ-SU,{m}{d}30-PAP-MEŠ-SU,[],['CANONICAL ➝ Divination ➝ Extispicy ➝ Bārûtu ➝ 10. Multābiltu'],,
409,"1879,0708.90",57,2,AKKADIAN,LUGAL,LUGAL,[],['CANONICAL ➝ Divination ➝ Extispicy ➝ Bārûtu ➝ 10. Multābiltu'],,
410,"1879,0708.90",57,3,AKKADIAN,KUR,KUR,[],['CANONICAL ➝ Divination ➝ Extispicy ➝ Bārûtu ➝ 10. Multābiltu'],,
411,"1879,0708.90",58,1,AKKADIAN,pi-i,pi-i,[],['CANONICAL ➝ Divination ➝ Extispicy ➝ Bārûtu ➝ 10. Multābiltu'],,
412,"1879,0708.90",58,2,AKKADIAN,DUB-MEŠ,DUB-MEŠ,[],['CANONICAL ➝ Divination ➝ Extispicy ➝ Bārûtu ➝ 10. Multābiltu'],,
413,"1879,0708.90",59,1,AKKADIAN,KUR,KUR,[],['CANONICAL ➝ Divination ➝ Extispicy ➝ Bārûtu ➝ 10. Multābiltu'],,
414,"1879,0708.90",59,2,AKKADIAN,aš-sur{ki},aš-sur{ki},[],['CANONICAL ➝ Divination ➝ Extispicy ➝ Bārûtu ➝ 10. Multābiltu'],,
415,"1879,0708.90",59,3,AKKADIAN,KUR,KUR,[],['CANONICAL ➝ Divination ➝ Extispicy ➝ Bārûtu ➝ 10. Multābiltu'],,
416,"1879,0708.90",59,4,AKKADIAN,EME.GI₇,EME.GI₇,[],['CANONICAL ➝ Divination ➝ Extispicy ➝ Bārûtu ➝ 10. Multābiltu'],,
417,"1879,0708.90",59,5,AKKADIAN,u,u,[],['CANONICAL ➝ Divination ➝ Extispicy ➝ Bārûtu ➝ 10. Multābiltu'],,
418,"1879,0708.90",60,1,AKKADIAN,šu-a-ti,šu-a-ti,[],['CANONICAL ➝ Divination ➝ Extispicy ➝ Bārûtu ➝ 10. Multābiltu'],,
419,"1879,0708.90",60,2,AKKADIAN,ina,ina,[],['CANONICAL ➝ Divination ➝ Extispicy ➝ Bārûtu ➝ 10. Multābiltu'],,
420,"1879,0708.90",60,3,AKKADIAN,tap-hur-ti,tap-hur-ti,[],['CANONICAL ➝ Divination ➝ Extispicy ➝ Bārûtu ➝ 10. Multābiltu'],,
421,"1879,0708.90",61,1,AKKADIAN,as-niq,as-niq,[],['CANONICAL ➝ Divination ➝ Extispicy ➝ Bārûtu ➝ 10. Multābiltu'],,
422,"1879,0708.90",61,2,AKKADIAN,IGI.KAR₂,IGI.KAR₂,[],['CANONICAL ➝ Divination ➝ Extispicy ➝ Bārûtu ➝ 10. Multābiltu'],,
423,"1879,0708.90",61,3,AKKADIAN,a-na,a-na,[],['CANONICAL ➝ Divination ➝ Extispicy ➝ Bārûtu ➝ 10. Multābiltu'],,
424,"1879,0708.90",61,4,AKKADIAN,ta-mar-ti,ta-mar-ti,[],['CANONICAL ➝ Divination ➝ Extispicy ➝ Bārûtu ➝ 10. Multābiltu'],,
425,"1879,0708.90",62,2,AKKADIAN,u₂-kin,u₂-kin,[],['CANONICAL ➝ Divination ➝ Extispicy ➝ Bārûtu ➝ 10. Multābiltu'],,
426,"1879,0708.90",63,1,AKKADIAN,šu-mi,šu-mi,[],['CANONICAL ➝ Divination ➝ Extispicy ➝ Bārûtu ➝ 10. Multābiltu'],,
427,"1879,0708.90",63,2,AKKADIAN,šaṭ-ru,šaṭ-ru,[],['CANONICAL ➝ Divination ➝ Extispicy ➝ Bārûtu ➝ 10. Multābiltu'],,
428,"1879,0708.90",63,3,AKKADIAN,i-pa-aš-ši-tu,i-pa-aš-ši-tu,[],['CANONICAL ➝ Divination ➝ Extispicy ➝ Bārûtu ➝ 10. Multābiltu'],,
429,"1879,0708.90",63,5,AKKADIAN,i-šaṭ-ṭa-ru,i-šaṭ-ṭa-ru,[],['CANONICAL ➝ Divination ➝ Extispicy ➝ Bārûtu ➝ 10. Multābiltu'],,
430,"1879,0708.90",64,1,AKKADIAN,DUB-SAR,DUB-SAR,[],['CANONICAL ➝ Divination ➝ Extispicy ➝ Bārûtu ➝ 10. Multābiltu'],,
431,"1879,0708.90",64,2,AKKADIAN,gim-ri,gim-ri,[],['CANONICAL ➝ Divination ➝ Extispicy ➝ Bārûtu ➝ 10. Multābiltu'],,
432,"1879,0708.90",64,3,AKKADIAN,MU-šu,MU-šu,[],['CANONICAL ➝ Divination ➝ Extispicy ➝ Bārûtu ➝ 10. Multābiltu'],,
