,fragment_id,fragment_line_num,index_in_line,word_language,value,clean_value,lemma,domain,place_discovery,place_composition
0,"1881,0204.289",4,2,AKKADIAN,KUR₂,KUR₂,[],['CANONICAL ➝ Divination ➝ Extispicy'],,
1,"1881,0204.289",5,1,AKKADIAN,KUR-ka,KUR-ka,[],['CANONICAL ➝ Divination ➝ Extispicy'],,
2,"1881,0204.289",6,2,AKKADIAN,KUR-ka,KUR-ka,[],['CANONICAL ➝ Divination ➝ Extispicy'],,
3,"1881,0204.289",6,3,AKKADIAN,ana,ana,[],['CANONICAL ➝ Divination ➝ Extispicy'],,
4,"1881,0204.289",6,4,AKKADIAN,KUR,KUR,[],['CANONICAL ➝ Divination ➝ Extispicy'],,
5,"1881,0204.289",6,5,AKKADIAN,KUR₂,KUR₂,[],['CANONICAL ➝ Divination ➝ Extispicy'],,
6,"1881,0204.289",7,1,AKKADIAN,KUR₂,KUR₂,[],['CANONICAL ➝ Divination ➝ Extispicy'],,
7,"1881,0204.289",8,2,AKKADIAN,150,150,[],['CANONICAL ➝ Divination ➝ Extispicy'],,
8,"1881,0204.289",8,7,AKKADIAN,KUR₂,KUR₂,[],['CANONICAL ➝ Divination ➝ Extispicy'],,
9,"1881,0204.289",9,1,AKKADIAN,ŠU-ka,ŠU-ka,[],['CANONICAL ➝ Divination ➝ Extispicy'],,
10,"1881,0204.289",10,3,AKKADIAN,SAL.LA,SAL.LA,[],['CANONICAL ➝ Divination ➝ Extispicy'],,
11,"1881,0204.289",10,4,AKKADIAN,MUR,MUR,[],['CANONICAL ➝ Divination ➝ Extispicy'],,
12,"1881,0204.289",10,5,AKKADIAN,15,15,[],['CANONICAL ➝ Divination ➝ Extispicy'],,
13,"1881,0204.289",10,6,AKKADIAN,u,u,[],['CANONICAL ➝ Divination ➝ Extispicy'],,
14,"1881,0204.289",10,7,AKKADIAN,150,150,[],['CANONICAL ➝ Divination ➝ Extispicy'],,
15,"1881,0204.289",10,8,AKKADIAN,DU₈,DU₈,[],['CANONICAL ➝ Divination ➝ Extispicy'],,
16,"1881,0204.289",11,2,AKKADIAN,ša₂,ša₂,[],['CANONICAL ➝ Divination ➝ Extispicy'],,
17,"1881,0204.289",11,3,AKKADIAN,u₂-gal-lak-ka,u₂-gal-lak-ka,[],['CANONICAL ➝ Divination ➝ Extispicy'],,
18,"1881,0204.289",12,1,AKKADIAN,EN,EN,[],['CANONICAL ➝ Divination ➝ Extispicy'],,
19,"1881,0204.289",12,3,AKKADIAN,ša₂,ša₂,[],['CANONICAL ➝ Divination ➝ Extispicy'],,
20,"1881,0204.289",12,4,AKKADIAN,ZI-ku,ZI-ku,[],['CANONICAL ➝ Divination ➝ Extispicy'],,
21,"1881,0204.289",12,5,AKKADIAN,ŠU-ka,ŠU-ka,[],['CANONICAL ➝ Divination ➝ Extispicy'],,
22,"1881,0204.289",13,1,AKKADIAN,ŠEŠ,ŠEŠ,[],['CANONICAL ➝ Divination ➝ Extispicy'],,
23,"1881,0204.289",13,2,AKKADIAN,DIR,DIR,[],['CANONICAL ➝ Divination ➝ Extispicy'],,
24,"1881,0204.289",13,3,AKKADIAN,ŠEŠ,ŠEŠ,[],['CANONICAL ➝ Divination ➝ Extispicy'],,
25,"1881,0204.289",13,4,AKKADIAN,ŠUB-ut,ŠUB-ut,[],['CANONICAL ➝ Divination ➝ Extispicy'],,
26,"1881,0204.289",13,5,AKKADIAN,ša₂-niš,ša₂-niš,[],['CANONICAL ➝ Divination ➝ Extispicy'],,
27,"1881,0204.289",14,2,AKKADIAN,URU,URU,[],['CANONICAL ➝ Divination ➝ Extispicy'],,
28,"1881,0204.289",14,3,AKKADIAN,EN.NUN-ka,EN.NUN-ka,[],['CANONICAL ➝ Divination ➝ Extispicy'],,
29,"1881,0204.289",14,4,AKKADIAN,KUR₂,KUR₂,[],['CANONICAL ➝ Divination ➝ Extispicy'],,
30,"1881,0204.289",15,2,AKKADIAN,URU,URU,[],['CANONICAL ➝ Divination ➝ Extispicy'],,
31,"1881,0204.289",15,3,AKKADIAN,EN.NUN,EN.NUN,[],['CANONICAL ➝ Divination ➝ Extispicy'],,
32,"1881,0204.289",15,4,AKKADIAN,KUR₂,KUR₂,[],['CANONICAL ➝ Divination ➝ Extispicy'],,
33,"1881,0204.289",16,2,AKKADIAN,mi,mi,[],['CANONICAL ➝ Divination ➝ Extispicy'],,
34,"1881,0204.289",16,3,AKKADIAN,ERIN₂-ka,ERIN₂-ka,[],['CANONICAL ➝ Divination ➝ Extispicy'],,
35,"1881,0204.289",18,1,AKKADIAN,ERIN₂,ERIN₂,[],['CANONICAL ➝ Divination ➝ Extispicy'],,
36,"1881,0204.289",25,2,AKKADIAN,aš-šur{ki},aš-šur{ki},[],['CANONICAL ➝ Divination ➝ Extispicy'],,
37,"1881,0204.289",25,3,AKKADIAN,{lu₂}ša₂-kin₃,{lu₂}ša₂-kin₃,[],['CANONICAL ➝ Divination ➝ Extispicy'],,
38,"1881,0204.289",25,4,AKKADIAN,URU,URU,[],['CANONICAL ➝ Divination ➝ Extispicy'],,
39,"1881,0204.289",25,5,AKKADIAN,kal₃-hi,kal₃-hi,[],['CANONICAL ➝ Divination ➝ Extispicy'],,
