,fragment_id,fragment_line_num,index_in_line,word_language,value,clean_value,lemma,domain,place_discovery,place_composition
0,"1880,0719.312",1,1,AKKADIAN,ša₂,ša₂,[],['MONUMENTAL'],,
1,"1880,0719.312",1,2,AKKADIAN,hi-iṭ-ṭu,hi-iṭ-ṭu,[],['MONUMENTAL'],,
2,"1880,0719.312",1,3,AKKADIAN,u₃,u₃,[],['MONUMENTAL'],,
3,"1880,0719.312",1,4,AKKADIAN,gul-lul-tu₂,gul-lul-tu₂,[],['MONUMENTAL'],,
4,"1880,0719.312",1,5,AKKADIAN,la,la,[],['MONUMENTAL'],,
5,"1880,0719.312",2,1,AKKADIAN,ni-ir,ni-ir,[],['MONUMENTAL'],,
6,"1880,0719.312",4,1,AKKADIAN,{kur}bar-na-ka-a-a,{kur}bar-na-ka-a-a,[],['MONUMENTAL'],,
7,"1880,0719.312",5,2,AKKADIAN,ša,ša,[],['MONUMENTAL'],,
8,"1880,0719.312",5,3,AKKADIAN,ina,ina,[],['MONUMENTAL'],,
9,"1880,0719.312",5,4,AKKADIAN,pi-i,pi-i,[],['MONUMENTAL'],,
