,fragment_id,fragment_line_num,index_in_line,word_language,value,clean_value,lemma,domain,place_discovery,place_composition
0,"1879,0708.49",1,6,SUMERIAN,al-du₁₁,al-du₁₁,[],['CANONICAL ➝ Literature ➝ Monologue and dialogue ➝ Scribal ➝ Examenstext B'],,
1,"1879,0708.49",3,3,SUMERIAN,dumu,dumu,[],['CANONICAL ➝ Literature ➝ Monologue and dialogue ➝ Scribal ➝ Examenstext B'],,
2,"1879,0708.49",4,2,AKKADIAN,DUMU,DUMU,['māru I'],['CANONICAL ➝ Literature ➝ Monologue and dialogue ➝ Scribal ➝ Examenstext B'],,
3,"1879,0708.49",4,3,AKKADIAN,E₂,E₂,['bītu I'],['CANONICAL ➝ Literature ➝ Monologue and dialogue ➝ Scribal ➝ Examenstext B'],,
4,"1879,0708.49",6,2,SUMERIAN,e₂-dub-ba-a-me-en,e₂-dub-ba-a-me-en,[],['CANONICAL ➝ Literature ➝ Monologue and dialogue ➝ Scribal ➝ Examenstext B'],,
5,"1879,0708.49",6,6,AKKADIAN,DUMU,DUMU,[],['CANONICAL ➝ Literature ➝ Monologue and dialogue ➝ Scribal ➝ Examenstext B'],,
6,"1879,0708.49",6,7,AKKADIAN,E₂,E₂,[],['CANONICAL ➝ Literature ➝ Monologue and dialogue ➝ Scribal ➝ Examenstext B'],,
7,"1879,0708.49",6,8,AKKADIAN,tup-pi,tup-pi,[],['CANONICAL ➝ Literature ➝ Monologue and dialogue ➝ Scribal ➝ Examenstext B'],,
8,"1879,0708.49",8,3,SUMERIAN,e₂-dub-ba-a-me-en,e₂-dub-ba-a-me-en,[],['CANONICAL ➝ Literature ➝ Monologue and dialogue ➝ Scribal ➝ Examenstext B'],,
9,"1879,0708.49",9,2,AKKADIAN,DUMU,DUMU,[],['CANONICAL ➝ Literature ➝ Monologue and dialogue ➝ Scribal ➝ Examenstext B'],,
10,"1879,0708.49",9,3,AKKADIAN,E₂,E₂,[],['CANONICAL ➝ Literature ➝ Monologue and dialogue ➝ Scribal ➝ Examenstext B'],,
11,"1879,0708.49",9,4,AKKADIAN,tup-pi,tup-pi,[],['CANONICAL ➝ Literature ➝ Monologue and dialogue ➝ Scribal ➝ Examenstext B'],,
12,"1879,0708.49",9,5,AKKADIAN,at-ta,at-ta,[],['CANONICAL ➝ Literature ➝ Monologue and dialogue ➝ Scribal ➝ Examenstext B'],,
13,"1879,0708.49",13,3,AKKADIAN,a-lik,a-lik,['āliku I'],['CANONICAL ➝ Literature ➝ Monologue and dialogue ➝ Scribal ➝ Examenstext B'],,
14,"1879,0708.49",13,4,AKKADIAN,mah-ri-ia,mah-ri-ia,['mahru II'],['CANONICAL ➝ Literature ➝ Monologue and dialogue ➝ Scribal ➝ Examenstext B'],,
15,"1879,0708.49",13,5,AKKADIAN,mam-ma,mam-ma,['mamman I'],['CANONICAL ➝ Literature ➝ Monologue and dialogue ➝ Scribal ➝ Examenstext B'],,
16,"1879,0708.49",13,6,AKKADIAN,šip-ru,šip-ru,['šipru I'],['CANONICAL ➝ Literature ➝ Monologue and dialogue ➝ Scribal ➝ Examenstext B'],,
17,"1879,0708.49",13,7,AKKADIAN,šu₂-a-tu₂,šu₂-a-tu₂,['šū I'],['CANONICAL ➝ Literature ➝ Monologue and dialogue ➝ Scribal ➝ Examenstext B'],,
18,"1879,0708.49",13,8,AKKADIAN,la,la,['lā I'],['CANONICAL ➝ Literature ➝ Monologue and dialogue ➝ Scribal ➝ Examenstext B'],,
19,"1879,0708.49",14,1,AKKADIAN,{d}AG,{d}AG,[],['CANONICAL ➝ Literature ➝ Monologue and dialogue ➝ Scribal ➝ Examenstext B'],,
20,"1879,0708.49",14,3,AKKADIAN,sa-an-tak-ki,sa-an-tak-ki,['santakku I'],['CANONICAL ➝ Literature ➝ Monologue and dialogue ➝ Scribal ➝ Examenstext B'],,
21,"1879,0708.49",14,4,AKKADIAN,ma-la,ma-la,['mala I'],['CANONICAL ➝ Literature ➝ Monologue and dialogue ➝ Scribal ➝ Examenstext B'],,
22,"1879,0708.49",15,2,AKKADIAN,aš₂-ṭur,aš₂-ṭur,['šaṭāru II'],['CANONICAL ➝ Literature ➝ Monologue and dialogue ➝ Scribal ➝ Examenstext B'],,
23,"1879,0708.49",16,2,AKKADIAN,ši-ta-as-si-ia,ši-ta-as-si-ia,['šasû I'],['CANONICAL ➝ Literature ➝ Monologue and dialogue ➝ Scribal ➝ Examenstext B'],,
24,"1879,0708.49",16,3,AKKADIAN,qe₂-reb,qe₂-reb,['qerbu II'],['CANONICAL ➝ Literature ➝ Monologue and dialogue ➝ Scribal ➝ Examenstext B'],,
