,fragment_id,fragment_line_num,index_in_line,word_language,value,clean_value,lemma,domain,place_discovery,place_composition
0,"1876,1117.2647",1,2,AKKADIAN,SA₉,SA₉,[],"[['CANONICAL', 'Technical', 'Astronomy', 'Astronomical Diaries']]",,
1,"1876,1117.2647",1,3,AKKADIAN,KUŠ₃,KUŠ₃,[],"[['CANONICAL', 'Technical', 'Astronomy', 'Astronomical Diaries']]",,
2,"1876,1117.2647",1,4,AKKADIAN,GI₆,GI₆,[],"[['CANONICAL', 'Technical', 'Astronomy', 'Astronomical Diaries']]",,
3,"1876,1117.2647",2,3,AKKADIAN,ar₂,ar₂,[],"[['CANONICAL', 'Technical', 'Astronomy', 'Astronomical Diaries']]",,
