,fragment_id,fragment_line_num,index_in_line,word_language,value,clean_value,lemma,domain,place_discovery,place_composition
0,"1880,0719.351",0,4,AKKADIAN,mar-ṣi-iš,mar-ṣi-iš,[],['CANONICAL ➝ Magic ➝ Exorcistic ➝ Udugḫul'],,
1,"1880,0719.351",1,3,SUMERIAN,kukku₂-ga,kukku₂-ga,[],['CANONICAL ➝ Magic ➝ Exorcistic ➝ Udugḫul'],,
2,"1880,0719.351",2,3,AKKADIAN,KUR.KUR,KUR.KUR,[],['CANONICAL ➝ Magic ➝ Exorcistic ➝ Udugḫul'],,
3,"1880,0719.351",3,2,SUMERIAN,im-ma-an-lu₃,im-ma-an-lu₃,[],['CANONICAL ➝ Magic ➝ Exorcistic ➝ Udugḫul'],,
4,"1880,0719.351",4,1,AKKADIAN,id-dal-hu,id-dal-hu,[],['CANONICAL ➝ Magic ➝ Exorcistic ➝ Udugḫul'],,
5,"1880,0719.351",4,2,AKKADIAN,KI-tu₄,KI-tu₄,[],['CANONICAL ➝ Magic ➝ Exorcistic ➝ Udugḫul'],,
6,"1880,0719.351",5,2,SUMERIAN,sahar-ta,sahar-ta,[],['CANONICAL ➝ Magic ➝ Exorcistic ➝ Udugḫul'],,
7,"1880,0719.351",6,1,AKKADIAN,ina,ina,[],['CANONICAL ➝ Magic ➝ Exorcistic ➝ Udugḫul'],,
8,"1880,0719.351",6,2,AKKADIAN,e-pe-ri,e-pe-ri,[],['CANONICAL ➝ Magic ➝ Exorcistic ➝ Udugḫul'],,
9,"1880,0719.351",7,2,SUMERIAN,hul,hul,[],['CANONICAL ➝ Magic ➝ Exorcistic ➝ Udugḫul'],,
10,"1880,0719.351",7,3,SUMERIAN,a-la,a-la,[],['CANONICAL ➝ Magic ➝ Exorcistic ➝ Udugḫul'],,
11,"1880,0719.351",7,4,SUMERIAN,hul,hul,[],['CANONICAL ➝ Magic ➝ Exorcistic ➝ Udugḫul'],,
12,"1880,0719.351",8,1,AKKADIAN,MIN,MIN,[],['CANONICAL ➝ Magic ➝ Exorcistic ➝ Udugḫul'],,
13,"1880,0719.351",8,2,AKKADIAN,MIN,MIN,[],['CANONICAL ➝ Magic ➝ Exorcistic ➝ Udugḫul'],,
14,"1880,0719.351",8,3,AKKADIAN,še-e-tu₄,še-e-tu₄,[],['CANONICAL ➝ Magic ➝ Exorcistic ➝ Udugḫul'],,
15,"1880,0719.351",9,3,SUMERIAN,gu₃,gu₃,[],['CANONICAL ➝ Magic ➝ Exorcistic ➝ Udugḫul'],,
