,fragment_id,fragment_line_num,index_in_line,word_language,value,clean_value,lemma,domain,place_discovery,place_composition
0,"1881,0204.201",1,1,AKKADIAN,ZE₂,ZE₂,['martu I'],['CANONICAL ➝ Divination ➝ Extispicy'],,
1,"1881,0204.201",1,2,AKKADIAN,SUHUŠ-MEŠ-ša₂,SUHUŠ-MEŠ-ša₂,"['išdu I', '-ša I']",['CANONICAL ➝ Divination ➝ Extispicy'],,
2,"1881,0204.201",1,7,AKKADIAN,ZI-MEŠ-ha,ZI-MEŠ-ha,['nasāhu I'],['CANONICAL ➝ Divination ➝ Extispicy'],,
3,"1881,0204.201",2,2,AKKADIAN,ERIN₂-MU,ERIN₂-MU,"['ummānu I', '-ya I']",['CANONICAL ➝ Divination ➝ Extispicy'],,
4,"1881,0204.201",2,3,AKKADIAN,GI.NA-MEŠ,GI.NA-MEŠ,['kânu I'],['CANONICAL ➝ Divination ➝ Extispicy'],,
5,"1881,0204.201",2,4,AKKADIAN,SUHUŠ-(MEŠ),SUHUŠ-MEŠ,['išdu I'],['CANONICAL ➝ Divination ➝ Extispicy'],,
6,"1881,0204.201",2,5,AKKADIAN,ERIN₂,ERIN₂,['ummānu I'],['CANONICAL ➝ Divination ➝ Extispicy'],,
7,"1881,0204.201",2,7,AKKADIAN,ZI-MEŠ-ha,ZI-MEŠ-ha,['nasāhu I'],['CANONICAL ➝ Divination ➝ Extispicy'],,
8,"1881,0204.201",3,0,AKKADIAN,BE,BE,['šumma I'],['CANONICAL ➝ Divination ➝ Extispicy'],,
9,"1881,0204.201",3,1,AKKADIAN,MIN₃-u₂,MIN₃-u₂,['šanû I'],['CANONICAL ➝ Divination ➝ Extispicy'],,
10,"1881,0204.201",3,4,AKKADIAN,KAR-ma,KAR-ma,['ekēmu I'],['CANONICAL ➝ Divination ➝ Extispicy'],,
11,"1881,0204.201",3,5,AKKADIAN,GUR-ma,GUR-ma,['târu I'],['CANONICAL ➝ Divination ➝ Extispicy'],,
12,"1881,0204.201",3,6,AKKADIAN,DINGIR,DINGIR,['ilu I'],['CANONICAL ➝ Divination ➝ Extispicy'],,
13,"1881,0204.201",3,7,AKKADIAN,E₂,E₂,['bītu I'],['CANONICAL ➝ Divination ➝ Extispicy'],,
14,"1881,0204.201",3,8,AKKADIAN,GAR-ma,GAR-ma,['šakānu I'],['CANONICAL ➝ Divination ➝ Extispicy'],,
15,"1881,0204.201",3,9,AKKADIAN,GUB-iz,GUB-iz,['izuzzu I'],['CANONICAL ➝ Divination ➝ Extispicy'],,
16,"1881,0204.201",4,1,AKKADIAN,KUR,KUR,['mātu I'],['CANONICAL ➝ Divination ➝ Extispicy'],,
17,"1881,0204.201",4,4,AKKADIAN,kar-ši-ka,kar-ši-ka,['karšu I'],['CANONICAL ➝ Divination ➝ Extispicy'],,
18,"1881,0204.201",4,5,AKKADIAN,GUR-ri-šu₂,GUR-ri-šu₂,['târu I'],['CANONICAL ➝ Divination ➝ Extispicy'],,
19,"1881,0204.201",6,0,AKKADIAN,BE,BE,['šumma I'],['CANONICAL ➝ Divination ➝ Extispicy'],,
20,"1881,0204.201",6,1,AKKADIAN,šal-šu,šal-šu,['šalšu I'],['CANONICAL ➝ Divination ➝ Extispicy'],,
21,"1881,0204.201",6,2,AKKADIAN,MU-NI,MU-NI,"['šumu I', '-šu I']",['CANONICAL ➝ Divination ➝ Extispicy'],,
22,"1881,0204.201",6,3,AKKADIAN,ZE₂,ZE₂,['martu I'],['CANONICAL ➝ Divination ➝ Extispicy'],,
23,"1881,0204.201",6,5,AKKADIAN,SUHUŠ-MEŠ,SUHUŠ-MEŠ,['išdu I'],['CANONICAL ➝ Divination ➝ Extispicy'],,
24,"1881,0204.201",6,6,AKKADIAN,ERIN₂-MU,ERIN₂-MU,"['ummānu I', '-ya I']",['CANONICAL ➝ Divination ➝ Extispicy'],,
25,"1881,0204.201",6,7,AKKADIAN,GIN-MEŠ,GIN-MEŠ,['kânu I'],['CANONICAL ➝ Divination ➝ Extispicy'],,
26,"1881,0204.201",6,8,AKKADIAN,SUHUŠ,SUHUŠ,['išdu I'],['CANONICAL ➝ Divination ➝ Extispicy'],,
27,"1881,0204.201",6,9,AKKADIAN,ERIN₂,ERIN₂,['ummānu I'],['CANONICAL ➝ Divination ➝ Extispicy'],,
28,"1881,0204.201",6,10,AKKADIAN,KUR₂,KUR₂,['nakru I'],['CANONICAL ➝ Divination ➝ Extispicy'],,
29,"1881,0204.201",6,11,AKKADIAN,ZI-MEŠ,ZI-MEŠ,['nasāhu I'],['CANONICAL ➝ Divination ➝ Extispicy'],,
30,"1881,0204.201",8,0,AKKADIAN,BE-ma,BE-ma,['šumma I'],['CANONICAL ➝ Divination ➝ Extispicy'],,
31,"1881,0204.201",8,1,AKKADIAN,ZE₂,ZE₂,['martu I'],['CANONICAL ➝ Divination ➝ Extispicy'],,
32,"1881,0204.201",8,3,AKKADIAN,ana,ana,['ana I'],['CANONICAL ➝ Divination ➝ Extispicy'],,
33,"1881,0204.201",8,5,AKKADIAN,,,['mazzāzu I'],['CANONICAL ➝ Divination ➝ Extispicy'],,
34,"1881,0204.201",8,6,AKKADIAN,GIR₂,GIR₂,['padānu I'],['CANONICAL ➝ Divination ➝ Extispicy'],,
35,"1881,0204.201",8,7,AKKADIAN,KA,KA,['pû I'],['CANONICAL ➝ Divination ➝ Extispicy'],,
36,"1881,0204.201",8,8,AKKADIAN,DU₁₀.GA,DU₁₀.GA,['ṭābu I'],['CANONICAL ➝ Divination ➝ Extispicy'],,
37,"1881,0204.201",8,9,AKKADIAN,KAL!,KAL,['danānu I'],['CANONICAL ➝ Divination ➝ Extispicy'],,
38,"1881,0204.201",8,10,AKKADIAN,u₃,u₃,['u I'],['CANONICAL ➝ Divination ➝ Extispicy'],,
39,"1881,0204.201",9,2,AKKADIAN,15,15,['imittu I'],['CANONICAL ➝ Divination ➝ Extispicy'],,
40,"1881,0204.201",9,4,AKKADIAN,GAR-MEŠ-ma,GAR-MEŠ-ma,['šakānu I'],['CANONICAL ➝ Divination ➝ Extispicy'],,
41,"1881,0204.201",9,5,AKKADIAN,ZE₂,ZE₂,['martu I'],['CANONICAL ➝ Divination ➝ Extispicy'],,
42,"1881,0204.201",9,6,AKKADIAN,15-at,15-at,['imnû I'],['CANONICAL ➝ Divination ➝ Extispicy'],,
43,"1881,0204.201",9,7,AKKADIAN,ta-qab-bi,ta-qab-bi,['qabû II'],['CANONICAL ➝ Divination ➝ Extispicy'],,
44,"1881,0204.201",11,0,AKKADIAN,BE,BE,['šumma I'],['CANONICAL ➝ Divination ➝ Extispicy'],,
45,"1881,0204.201",11,2,AKKADIAN,GIM,GIM,['kīma I'],['CANONICAL ➝ Divination ➝ Extispicy'],,
46,"1881,0204.201",11,3,AKKADIAN,SAG.DU,SAG.DU,['qaqqadu I'],['CANONICAL ➝ Divination ➝ Extispicy'],,
47,"1881,0204.201",11,4,AKKADIAN,{giš}NIG₂.GUL,{giš}NIG₂.GUL,['akkullu I'],['CANONICAL ➝ Divination ➝ Extispicy'],,
48,"1881,0204.201",11,5,AKKADIAN,ERIN₂,ERIN₂,['ummānu I'],['CANONICAL ➝ Divination ➝ Extispicy'],,
49,"1881,0204.201",11,6,AKKADIAN,NUN,NUN,['rubû I'],['CANONICAL ➝ Divination ➝ Extispicy'],,
50,"1881,0204.201",11,7,AKKADIAN,GABA.RI,GABA.RI,['māhiru I'],['CANONICAL ➝ Divination ➝ Extispicy'],,
51,"1881,0204.201",11,8,AKKADIAN,NU,NU,['ul I'],['CANONICAL ➝ Divination ➝ Extispicy'],,
52,"1881,0204.201",11,9,AKKADIAN,TUKU-ši,TUKU-ši,['rašû I'],['CANONICAL ➝ Divination ➝ Extispicy'],,
53,"1881,0204.201",12,2,AKKADIAN,GIM,GIM,['kīma I'],['CANONICAL ➝ Divination ➝ Extispicy'],,
54,"1881,0204.201",12,3,AKKADIAN,tar-pa-ṣi,tar-pa-ṣi,['tarpašu I'],['CANONICAL ➝ Divination ➝ Extispicy'],,
55,"1881,0204.201",12,4,AKKADIAN,ša₂-niš,ša₂-niš,['šanîš II'],['CANONICAL ➝ Divination ➝ Extispicy'],,
56,"1881,0204.201",12,5,AKKADIAN,GIM,GIM,['kīma I'],['CANONICAL ➝ Divination ➝ Extispicy'],,
57,"1881,0204.201",12,6,AKKADIAN,SAG.DU,SAG.DU,['qaqqadu I'],['CANONICAL ➝ Divination ➝ Extispicy'],,
58,"1881,0204.201",12,7,AKKADIAN,GU₄.UD{ku₆},GU₄.UD{ku₆},['arsuppu I'],['CANONICAL ➝ Divination ➝ Extispicy'],,
59,"1881,0204.201",14,0,AKKADIAN,BE,BE,['šumma I'],['CANONICAL ➝ Divination ➝ Extispicy'],,
60,"1881,0204.201",14,1,AKKADIAN,MIN₃-u₂,MIN₃-u₂,['šanû I'],['CANONICAL ➝ Divination ➝ Extispicy'],,
61,"1881,0204.201",14,2,AKKADIAN,MU-NI,MU-NI,"['šumu I', '-šu I']",['CANONICAL ➝ Divination ➝ Extispicy'],,
62,"1881,0204.201",14,3,AKKADIAN,ZE₂,ZE₂,['martu I'],['CANONICAL ➝ Divination ➝ Extispicy'],,
63,"1881,0204.201",14,4,AKKADIAN,GIM,GIM,['kīma I'],['CANONICAL ➝ Divination ➝ Extispicy'],,
64,"1881,0204.201",14,5,AKKADIAN,SAG.DU,SAG.DU,['qaqqadu I'],['CANONICAL ➝ Divination ➝ Extispicy'],,
65,"1881,0204.201",14,6,AKKADIAN,NIG₂.BUN₂-NA{ku₆},NIG₂.BUN₂-NA{ku₆},['šeleppû I'],['CANONICAL ➝ Divination ➝ Extispicy'],,
66,"1881,0204.201",14,7,AKKADIAN,NUN,NUN,['rubû I'],['CANONICAL ➝ Divination ➝ Extispicy'],,
67,"1881,0204.201",14,8,AKKADIAN,GABA.RI,GABA.RI,['māhiru I'],['CANONICAL ➝ Divination ➝ Extispicy'],,
68,"1881,0204.201",14,9,AKKADIAN,NU,NU,['ul I'],['CANONICAL ➝ Divination ➝ Extispicy'],,
69,"1881,0204.201",14,10,AKKADIAN,TUKU-ši,TUKU-ši,['rašû I'],['CANONICAL ➝ Divination ➝ Extispicy'],,
70,"1881,0204.201",16,0,AKKADIAN,BE,BE,['šumma I'],['CANONICAL ➝ Divination ➝ Extispicy'],,
71,"1881,0204.201",16,1,AKKADIAN,ZE₂,ZE₂,['martu I'],['CANONICAL ➝ Divination ➝ Extispicy'],,
72,"1881,0204.201",16,2,AKKADIAN,ana,ana,['ana I'],['CANONICAL ➝ Divination ➝ Extispicy'],,
73,"1881,0204.201",16,3,AKKADIAN,15,15,['imittu I'],['CANONICAL ➝ Divination ➝ Extispicy'],,
74,"1881,0204.201",16,4,AKKADIAN,GIM,GIM,['kīma I'],['CANONICAL ➝ Divination ➝ Extispicy'],,
75,"1881,0204.201",16,5,AKKADIAN,ši-bir-ri,ši-bir-ri,['šibirru I'],['CANONICAL ➝ Divination ➝ Extispicy'],,
76,"1881,0204.201",16,6,AKKADIAN,ana,ana,['ana I'],['CANONICAL ➝ Divination ➝ Extispicy'],,
77,"1881,0204.201",16,7,AKKADIAN,NUN,NUN,['rubû I'],['CANONICAL ➝ Divination ➝ Extispicy'],,
78,"1881,0204.201",16,8,AKKADIAN,ina,ina,['ina I'],['CANONICAL ➝ Divination ➝ Extispicy'],,
79,"1881,0204.201",16,9,AKKADIAN,ni-šu₂-tu₂,ni-šu₂-tu₂,['nišūtu I'],['CANONICAL ➝ Divination ➝ Extispicy'],,
80,"1881,0204.201",16,10,AKKADIAN,ma-am-man-šu₂,ma-am-man-šu₂,"['mamman I', '-šu I']",['CANONICAL ➝ Divination ➝ Extispicy'],,
81,"1881,0204.201",17,1,AKKADIAN,ana,ana,['ana I'],['CANONICAL ➝ Divination ➝ Extispicy'],,
82,"1881,0204.201",17,2,AKKADIAN,MUNUS.HUL-ti₃,MUNUS.HUL-ti₃,['lemuttu I'],['CANONICAL ➝ Divination ➝ Extispicy'],,
83,"1881,0204.201",17,3,AKKADIAN,ZI-šu₂,ZI-šu₂,"['tebû I', '-šum I']",['CANONICAL ➝ Divination ➝ Extispicy'],,
84,"1881,0204.201",17,4,AKKADIAN,ši-bir-ru,ši-bir-ru,['šibirru I'],['CANONICAL ➝ Divination ➝ Extispicy'],,
85,"1881,0204.201",17,5,AKKADIAN,{d}GIR₃,{d}GIR₃,['Šakkan I'],['CANONICAL ➝ Divination ➝ Extispicy'],,
86,"1881,0204.201",18,1,AKKADIAN,GIM,GIM,['kīma I'],['CANONICAL ➝ Divination ➝ Extispicy'],,
87,"1881,0204.201",18,2,AKKADIAN,SAG.DU,SAG.DU,['qaqqadu I'],['CANONICAL ➝ Divination ➝ Extispicy'],,
88,"1881,0204.201",18,3,AKKADIAN,UDU.NITA₂,UDU.NITA₂,['immeru I'],['CANONICAL ➝ Divination ➝ Extispicy'],,
89,"1881,0204.201",18,4,AKKADIAN,gam-rat,gam-rat,['gamāru II'],['CANONICAL ➝ Divination ➝ Extispicy'],,
90,"1881,0204.201",20,0,AKKADIAN,BE,BE,['šumma I'],['CANONICAL ➝ Divination ➝ Extispicy'],,
91,"1881,0204.201",20,1,AKKADIAN,ZE₂,ZE₂,['martu I'],['CANONICAL ➝ Divination ➝ Extispicy'],,
92,"1881,0204.201",20,2,AKKADIAN,GIM,GIM,['kīma I'],['CANONICAL ➝ Divination ➝ Extispicy'],,
93,"1881,0204.201",20,3,AKKADIAN,bi-nu-ut,bi-nu-ut,['binûtu I'],['CANONICAL ➝ Divination ➝ Extispicy'],,
94,"1881,0204.201",20,4,AKKADIAN,tam-tim,tam-tim,['tiāmtu I'],['CANONICAL ➝ Divination ➝ Extispicy'],,
95,"1881,0204.201",20,5,AKKADIAN,DINGIR,DINGIR,['ilu I'],['CANONICAL ➝ Divination ➝ Extispicy'],,
96,"1881,0204.201",20,6,AKKADIAN,u,u,['u I'],['CANONICAL ➝ Divination ➝ Extispicy'],,
97,"1881,0204.201",20,7,AKKADIAN,LUGAL,LUGAL,['šarru I'],['CANONICAL ➝ Divination ➝ Extispicy'],,
98,"1881,0204.201",20,8,AKKADIAN,uš-te-lem-mi-nu-ma,uš-te-lem-mi-nu-ma,['lemēnu I'],['CANONICAL ➝ Divination ➝ Extispicy'],,
99,"1881,0204.201",20,9,AKKADIAN,iz-zir-ru,iz-zir-ru,['zêru I'],['CANONICAL ➝ Divination ➝ Extispicy'],,
100,"1881,0204.201",22,1,AKKADIAN,GIM,GIM,['kīma I'],['CANONICAL ➝ Divination ➝ Extispicy'],,
101,"1881,0204.201",22,2,AKKADIAN,u₄-gal-li,u₄-gal-li,['ugallu I'],['CANONICAL ➝ Divination ➝ Extispicy'],,
102,"1881,0204.201",22,3,AKKADIAN,ša₂,ša₂,['ša I'],['CANONICAL ➝ Divination ➝ Extispicy'],,
103,"1881,0204.201",22,4,AKKADIAN,IGI,IGI,['pānu I'],['CANONICAL ➝ Divination ➝ Extispicy'],,
104,"1881,0204.201",22,5,AKKADIAN,{d}+EN,{d}+EN,['bēlu I'],['CANONICAL ➝ Divination ➝ Extispicy'],,
105,"1881,0204.201",24,1,AKKADIAN,ZE₂,ZE₂,['martu I'],['CANONICAL ➝ Divination ➝ Extispicy'],,
106,"1881,0204.201",24,2,AKKADIAN,GIM,GIM,['kīma I'],['CANONICAL ➝ Divination ➝ Extispicy'],,
107,"1881,0204.201",24,3,AKKADIAN,il-lu-ri-ma,il-lu-ri-ma,['illūru I'],['CANONICAL ➝ Divination ➝ Extispicy'],,
108,"1881,0204.201",24,4,AKKADIAN,A-MEŠ-ša₂,A-MEŠ-ša₂,"['mû I', '-ša I']",['CANONICAL ➝ Divination ➝ Extispicy'],,
109,"1881,0204.201",24,5,AKKADIAN,NU,NU,['lā I'],['CANONICAL ➝ Divination ➝ Extispicy'],,
110,"1881,0204.201",24,6,AKKADIAN,E₃-MEŠ,E₃-MEŠ,['aṣû I'],['CANONICAL ➝ Divination ➝ Extispicy'],,
111,"1881,0204.201",25,0,AKKADIAN,KUR₂,KUR₂,['nakru I'],['CANONICAL ➝ Divination ➝ Extispicy'],,
112,"1881,0204.201",25,1,AKKADIAN,ina,ina,['ina I'],['CANONICAL ➝ Divination ➝ Extispicy'],,
113,"1881,0204.201",25,2,AKKADIAN,ME₃,ME₃,['tāhāzu I'],['CANONICAL ➝ Divination ➝ Extispicy'],,
114,"1881,0204.201",25,3,AKKADIAN,EDIN,EDIN,['ṣēru I'],['CANONICAL ➝ Divination ➝ Extispicy'],,
115,"1881,0204.201",25,4,AKKADIAN,i-ger-ra-an-ni,i-ger-ra-an-ni,['gerû I'],['CANONICAL ➝ Divination ➝ Extispicy'],,
116,"1881,0204.201",27,1,AKKADIAN,ad-du,ad-du,['addu I'],['CANONICAL ➝ Divination ➝ Extispicy'],,
117,"1881,0204.201",27,2,AKKADIAN,ina,ina,['ina I'],['CANONICAL ➝ Divination ➝ Extispicy'],,
118,"1881,0204.201",27,3,AKKADIAN,ṣa-a-ti,ṣa-a-ti,['ṣiātu I'],['CANONICAL ➝ Divination ➝ Extispicy'],,
119,"1881,0204.201",28,1,AKKADIAN,ša₂,ša₂,['ša I'],['CANONICAL ➝ Divination ➝ Extispicy'],,
120,"1881,0204.201",28,2,AKKADIAN,{giš}GIGIR,{giš}GIGIR,['narkabtu I'],['CANONICAL ➝ Divination ➝ Extispicy'],,
121,"1881,0204.201",28,3,AKKADIAN,ad-du,ad-du,['addu I'],['CANONICAL ➝ Divination ➝ Extispicy'],,
122,"1881,0204.201",31,1,AKKADIAN,ši-kin,ši-kin,['šiknu I'],['CANONICAL ➝ Divination ➝ Extispicy'],,
123,"1881,0204.201",31,2,AKKADIAN,ZE₂,ZE₂,['martu I'],['CANONICAL ➝ Divination ➝ Extispicy'],,
124,"1881,0204.201",31,3,AKKADIAN,SAG.UŠ,SAG.UŠ,['kayyamānu I'],['CANONICAL ➝ Divination ➝ Extispicy'],,
125,"1881,0204.201",31,4,AKKADIAN,GIM,GIM,['kīma I'],['CANONICAL ➝ Divination ➝ Extispicy'],,
126,"1881,0204.201",31,6,AKKADIAN,15-ša₂,15-ša₂,"['imittu I', '-ša I']",['CANONICAL ➝ Divination ➝ Extispicy'],,
127,"1881,0204.201",31,7,AKKADIAN,ana,ana,['ana I'],['CANONICAL ➝ Divination ➝ Extispicy'],,
128,"1881,0204.201",31,8,AKKADIAN,IGI,IGI,['pānu I'],['CANONICAL ➝ Divination ➝ Extispicy'],,
129,"1881,0204.201",32,2,AKKADIAN,ana,ana,['ana I'],['CANONICAL ➝ Divination ➝ Extispicy'],,
130,"1881,0204.201",32,3,AKKADIAN,IGI,IGI,['pānu I'],['CANONICAL ➝ Divination ➝ Extispicy'],,
131,"1881,0204.201",32,4,AKKADIAN,SIG,SIG,['qutnu I'],['CANONICAL ➝ Divination ➝ Extispicy'],,
132,"1881,0204.201",32,5,AKKADIAN,ni-ri,ni-ri,['nīru I'],['CANONICAL ➝ Divination ➝ Extispicy'],,
133,"1881,0204.201",33,1,AKKADIAN,za,za,[],['CANONICAL ➝ Divination ➝ Extispicy'],,
134,"1881,0204.201",34,0,AKKADIAN,BE,BE,['šumma I'],['CANONICAL ➝ Divination ➝ Extispicy'],,
135,"1881,0204.201",34,1,AKKADIAN,ZE₂,ZE₂,['martu I'],['CANONICAL ➝ Divination ➝ Extispicy'],,
136,"1881,0204.201",34,2,AKKADIAN,GIM,GIM,['kīma I'],['CANONICAL ➝ Divination ➝ Extispicy'],,
137,"1881,0204.201",34,3,AKKADIAN,NA₄,NA₄,['abnu I'],['CANONICAL ➝ Divination ➝ Extispicy'],,
138,"1881,0204.201",34,4,AKKADIAN,ZU₂.LUM.MA-ma,ZU₂.LUM.MA-ma,['suluppu I'],['CANONICAL ➝ Divination ➝ Extispicy'],,
139,"1881,0204.201",34,5,AKKADIAN,ze-rat,ze-rat,['zâru I'],['CANONICAL ➝ Divination ➝ Extispicy'],,
140,"1881,0204.201",35,1,AKKADIAN,GIM,GIM,['kīma I'],['CANONICAL ➝ Divination ➝ Extispicy'],,
141,"1881,0204.201",35,2,AKKADIAN,ZU₂.LUM.MA-ma,ZU₂.LUM.MA-ma,['suluppu I'],['CANONICAL ➝ Divination ➝ Extispicy'],,
142,"1881,0204.201",35,5,AKKADIAN,ana,ana,['ana I'],['CANONICAL ➝ Divination ➝ Extispicy'],,
143,"1881,0204.201",35,6,AKKADIAN,ma-ra-ki-ša₂,ma-ra-ki-ša₂,['māraku I'],['CANONICAL ➝ Divination ➝ Extispicy'],,
144,"1881,0204.201",35,8,AKKADIAN,u,u,['u I'],['CANONICAL ➝ Divination ➝ Extispicy'],,
145,"1881,0204.201",36,1,AKKADIAN,e-ṣir-ma,e-ṣir-ma,['eṣēru I'],['CANONICAL ➝ Divination ➝ Extispicy'],,
146,"1881,0204.201",36,2,AKKADIAN,ul,ul,['ul I'],['CANONICAL ➝ Divination ➝ Extispicy'],,
147,"1881,0204.201",36,6,AKKADIAN,ana,ana,['ana I'],['CANONICAL ➝ Divination ➝ Extispicy'],,
148,"1881,0204.201",36,7,AKKADIAN,EGIR-šu₂,EGIR-šu₂,['arki I'],['CANONICAL ➝ Divination ➝ Extispicy'],,
149,"1881,0204.201",36,8,AKKADIAN,ul,ul,['ul I'],['CANONICAL ➝ Divination ➝ Extispicy'],,
150,"1881,0204.201",37,1,AKKADIAN,ul,ul,['ul I'],['CANONICAL ➝ Divination ➝ Extispicy'],,
151,"1881,0204.201",37,2,AKKADIAN,ip-par-ra-as,ip-par-ra-as,['parāsu I'],['CANONICAL ➝ Divination ➝ Extispicy'],,
152,"1881,0204.201",37,3,AKKADIAN,MIN,MIN,[],['CANONICAL ➝ Divination ➝ Extispicy'],,
153,"1881,0204.201",38,0,AKKADIAN,BE,BE,['šumma I'],['CANONICAL ➝ Divination ➝ Extispicy'],,
154,"1881,0204.201",38,1,AKKADIAN,ZE₂,ZE₂,['martu I'],['CANONICAL ➝ Divination ➝ Extispicy'],,
155,"1881,0204.201",38,2,AKKADIAN,GIM,GIM,['kīma I'],['CANONICAL ➝ Divination ➝ Extispicy'],,
156,"1881,0204.201",38,3,AKKADIAN,lul-mi-i,lul-mi-i,['lulmû I'],['CANONICAL ➝ Divination ➝ Extispicy'],,
157,"1881,0204.201",38,4,AKKADIAN,BURU₁₄,BURU₁₄,['ebūru I'],['CANONICAL ➝ Divination ➝ Extispicy'],,
158,"1881,0204.201",38,5,AKKADIAN,KUR,KUR,['mātu I'],['CANONICAL ➝ Divination ➝ Extispicy'],,
159,"1881,0204.201",38,6,AKKADIAN,NU,NU,['ul I'],['CANONICAL ➝ Divination ➝ Extispicy'],,
160,"1881,0204.201",38,7,AKKADIAN,SI.SA₂,SI.SA₂,['ešēru I'],['CANONICAL ➝ Divination ➝ Extispicy'],,
161,"1881,0204.201",39,2,AKKADIAN,an-ṣa-ab-ti,an-ṣa-ab-ti,['anṣabtu I'],['CANONICAL ➝ Divination ➝ Extispicy'],,
162,"1881,0204.201",41,0,AKKADIAN,BE,BE,['šumma I'],['CANONICAL ➝ Divination ➝ Extispicy'],,
163,"1881,0204.201",41,5,AKKADIAN,EME,EME,['lišānu I'],['CANONICAL ➝ Divination ➝ Extispicy'],,
164,"1881,0204.201",41,6,AKKADIAN,di-hu,di-hu,['dīhu I'],['CANONICAL ➝ Divination ➝ Extispicy'],,
165,"1881,0204.201",41,7,AKKADIAN,GIM,GIM,['kīma I'],['CANONICAL ➝ Divination ➝ Extispicy'],,
166,"1881,0204.201",41,8,AKKADIAN,A.GAR.GAR,A.GAR.GAR,['kabūtu I'],['CANONICAL ➝ Divination ➝ Extispicy'],,
167,"1881,0204.201",41,9,AKKADIAN,ŠUB-ma,ŠUB-ma,['nadû III'],['CANONICAL ➝ Divination ➝ Extispicy'],,
168,"1881,0204.201",41,10,AKKADIAN,SA₅,SA₅,['siāmu I'],['CANONICAL ➝ Divination ➝ Extispicy'],,
169,"1881,0204.201",42,3,AKKADIAN,uš,uš,[],['CANONICAL ➝ Divination ➝ Extispicy'],,
170,"1881,0204.201",42,4,AKKADIAN,ul,ul,[],['CANONICAL ➝ Divination ➝ Extispicy'],,
171,"1881,0204.201",42,9,AKKADIAN,hu,hu,[],['CANONICAL ➝ Divination ➝ Extispicy'],,
172,"1881,0204.201",45,2,AKKADIAN,ši-i-bi,ši-i-bi,['šību I'],['CANONICAL ➝ Divination ➝ Extispicy'],,
173,"1881,0204.201",45,3,AKKADIAN,u,u,['u I'],['CANONICAL ➝ Divination ➝ Extispicy'],,
174,"1881,0204.201",45,4,AKKADIAN,mu-kal-lim-ti,mu-kal-lim-ti,['mukallimtu I'],['CANONICAL ➝ Divination ➝ Extispicy'],,
175,"1881,0204.201",45,5,AKKADIAN,ša₂,ša₂,['ša I'],['CANONICAL ➝ Divination ➝ Extispicy'],,
176,"1881,0204.201",45,6,AKKADIAN,ŠU.SI,ŠU.SI,['ubānu I'],['CANONICAL ➝ Divination ➝ Extispicy'],,
177,"1881,0204.201",45,7,AKKADIAN,ana,ana,['ana I'],['CANONICAL ➝ Divination ➝ Extispicy'],,
178,"1881,0204.201",45,8,AKKADIAN,IGI-ka,IGI-ka,"['pānu I', '-ka I']",['CANONICAL ➝ Divination ➝ Extispicy'],,
179,"1881,0204.201",46,1,AKKADIAN,NAM.AZU,NAM.AZU,['bārûtu I'],['CANONICAL ➝ Divination ➝ Extispicy'],,
180,"1881,0204.201",46,2,AKKADIAN,ZU-u,ZU-u,['mūdû I'],['CANONICAL ➝ Divination ➝ Extispicy'],,
181,"1881,0204.201",46,3,AKKADIAN,ZU-a,ZU-a,['mūdû I'],['CANONICAL ➝ Divination ➝ Extispicy'],,
182,"1881,0204.201",46,4,AKKADIAN,IGI-im,IGI-im,['kullumu I'],['CANONICAL ➝ Divination ➝ Extispicy'],,
183,"1881,0204.201",46,5,AKKADIAN,NU,NU,['lā I'],['CANONICAL ➝ Divination ➝ Extispicy'],,
184,"1881,0204.201",46,6,AKKADIAN,ZU-u,ZU-u,['mūdû I'],['CANONICAL ➝ Divination ➝ Extispicy'],,
185,"1881,0204.201",46,7,AKKADIAN,NU,NU,['lā I'],['CANONICAL ➝ Divination ➝ Extispicy'],,
186,"1881,0204.201",46,8,AKKADIAN,IGI-mar,IGI-mar,['amāru I'],['CANONICAL ➝ Divination ➝ Extispicy'],,
187,"1881,0204.201",47,0,AKKADIAN,NIG₂.GIG,NIG₂.GIG,['ikkibu I'],['CANONICAL ➝ Divination ➝ Extispicy'],,
188,"1881,0204.201",47,1,AKKADIAN,{d}ŠULLAT₂,{d}ŠULLAT₂,['Šullat I'],['CANONICAL ➝ Divination ➝ Extispicy'],,
189,"1881,0204.201",47,3,AKKADIAN,{d}HANIŠ₂,{d}HANIŠ₂,[],['CANONICAL ➝ Divination ➝ Extispicy'],,
190,"1881,0204.201",47,4,AKKADIAN,DUB,DUB,['ṭuppu I'],['CANONICAL ➝ Divination ➝ Extispicy'],,
191,"1881,0204.201",48,0,AKKADIAN,DUMU,DUMU,['māru I'],['CANONICAL ➝ Divination ➝ Extispicy'],,
192,"1881,0204.201",48,2,AKKADIAN,{lu₂}MAŠ₂.ŠU.GID₂.GID₂,{lu₂}MAŠ₂.ŠU.GID₂.GID₂,['bārû I'],['CANONICAL ➝ Divination ➝ Extispicy'],,
