,fragment_id,fragment_line_num,index_in_line,word_language,value,clean_value,lemma,domain,place_discovery,place_composition
0,"1880,0719.172",2,3,AKKADIAN,HI.HI,HI.HI,[],['CANONICAL'],,
1,"1880,0719.172",3,1,AKKADIAN,BIL,BIL,[],['CANONICAL'],,
2,"1880,0719.172",3,2,AKKADIAN,ina,ina,['ina I'],['CANONICAL'],,
3,"1880,0719.172",4,0,AKKADIAN,A₂-MEŠ-šu₂,A₂-MEŠ-šu₂,['idu I'],['CANONICAL'],,
4,"1880,0719.172",5,0,AKKADIAN,ina,ina,['ina I'],['CANONICAL'],,
5,"1880,0719.172",5,1,AKKADIAN,SAG,SAG,['rēšu I'],['CANONICAL'],,
6,"1880,0719.172",5,2,AKKADIAN,{lu₂}GIG,{lu₂}GIG,['marṣu I'],['CANONICAL'],,
7,"1880,0719.172",6,0,AKKADIAN,{giš}ŠU₂-ri-na,{giš}ŠU₂-ri-na,[],['CANONICAL'],,
8,"1880,0719.172",11,0,AKKADIAN,ne₂-me-eq,ne₂-me-eq,['nēmequ I'],['CANONICAL'],,
9,"1880,0719.172",11,1,AKKADIAN,{d}+AG,{d}+AG,[],['CANONICAL'],,
10,"1880,0719.172",11,3,AKKADIAN,sa-an-tak-ki,sa-an-tak-ki,['santakku I'],['CANONICAL'],,
11,"1880,0719.172",11,4,AKKADIAN,ma-la,ma-la,['mala I'],['CANONICAL'],,
12,"1880,0719.172",12,0,AKKADIAN,ina,ina,['ina I'],['CANONICAL'],,
13,"1880,0719.172",12,1,AKKADIAN,DUB-MEŠ-ni,DUB-MEŠ-ni,['ṭuppu I'],['CANONICAL'],,
14,"1880,0719.172",12,2,AKKADIAN,aš₂-ṭur,aš₂-ṭur,['šaṭāru II'],['CANONICAL'],,
15,"1880,0719.172",13,0,AKKADIAN,a-na,a-na,['ana I'],['CANONICAL'],,
16,"1880,0719.172",13,1,AKKADIAN,ta-mar-ti,ta-mar-ti,['tāmartu I'],['CANONICAL'],,
17,"1880,0719.172",13,3,AKKADIAN,ina,ina,['ina I'],['CANONICAL'],,
18,"1880,0719.172",13,4,AKKADIAN,qe₂-reb,qe₂-reb,['qerbu II'],['CANONICAL'],,
19,"1880,0719.172",13,5,AKKADIAN,E₂.GAL-ia,E₂.GAL-ia,['ēkallu I'],['CANONICAL'],,
20,"1880,0719.172",14,0,AKKADIAN,NIR.GAL₂-ZU,NIR.GAL₂-ZU,['takālu I'],['CANONICAL'],,
21,"1880,0719.172",14,1,AKKADIAN,NU,NU,['lā I'],['CANONICAL'],,
22,"1880,0719.172",14,2,AKKADIAN,TEŠ₂,TEŠ₂,[],['CANONICAL'],,
23,"1880,0719.172",14,3,AKKADIAN,LUGAL,LUGAL,['šarru I'],['CANONICAL'],,
24,"1880,0719.172",15,0,AKKADIAN,man-nu,man-nu,['mannu I'],['CANONICAL'],,
25,"1880,0719.172",15,1,AKKADIAN,ša,ša,['ša I'],['CANONICAL'],,
26,"1880,0719.172",15,2,AKKADIAN,TUM₃,TUM₃,['tabālu I'],['CANONICAL'],,
27,"1880,0719.172",15,3,AKKADIAN,u₃,u₃,['u I'],['CANONICAL'],,
28,"1880,0719.172",15,4,AKKADIAN,lu-u,lu-u,['lū I'],['CANONICAL'],,
29,"1880,0719.172",15,6,AKKADIAN,KI,KI,['itti I'],['CANONICAL'],,
30,"1880,0719.172",15,7,AKKADIAN,MU-ia,MU-ia,['šumu I'],['CANONICAL'],,
31,"1880,0719.172",16,0,AKKADIAN,AN.ŠAR₂,AN.ŠAR₂,[],['CANONICAL'],,
32,"1880,0719.172",16,1,AKKADIAN,u,u,['u I'],['CANONICAL'],,
33,"1880,0719.172",16,2,AKKADIAN,{d}nin-lil₂,{d}nin-lil₂,[],['CANONICAL'],,
34,"1880,0719.172",16,3,AKKADIAN,ag-giš,ag-giš,['aggiš I'],['CANONICAL'],,
35,"1880,0719.172",17,0,AKKADIAN,MU-šu₂,MU-šu₂,['šumu I'],['CANONICAL'],,
36,"1880,0719.172",17,1,AKKADIAN,NUMUN-šu,NUMUN-šu,['zēru II'],['CANONICAL'],,
37,"1880,0719.172",17,2,AKKADIAN,ina,ina,['ina I'],['CANONICAL'],,
38,"1880,0719.172",17,3,AKKADIAN,KUR,KUR,['mātu I'],['CANONICAL'],,
39,"1880,0719.172",17,4,AKKADIAN,li-hal-li-qu,li-hal-li-qu,['halāqu I'],['CANONICAL'],,
