,fragment_id,fragment_line_num,index_in_line,word_language,value,clean_value,lemma,domain,place_discovery,place_composition
0,"1879,0708.62",1,2,AKKADIAN,MEŠ,MEŠ,[],['CANONICAL ➝ Divination'],,
1,"1879,0708.62",2,1,AKKADIAN,KA₂,KA₂,[],['CANONICAL ➝ Divination'],,
2,"1879,0708.62",2,2,AKKADIAN,SAG,SAG,[],['CANONICAL ➝ Divination'],,
3,"1879,0708.62",3,1,AKKADIAN,ina,ina,[],['CANONICAL ➝ Divination'],,
4,"1879,0708.62",3,2,AKKADIAN,KI,KI,[],['CANONICAL ➝ Divination'],,
5,"1879,0708.62",3,3,AKKADIAN,BAD-MEŠ,BAD-MEŠ,[],['CANONICAL ➝ Divination'],,
6,"1879,0708.62",4,1,AKKADIAN,ZAG,ZAG,[],['CANONICAL ➝ Divination'],,
7,"1879,0708.62",4,2,AKKADIAN,u,u,[],['CANONICAL ➝ Divination'],,
8,"1879,0708.62",4,4,AKKADIAN,BAD-MEŠ-ma,BAD-MEŠ-ma,[],['CANONICAL ➝ Divination'],,
9,"1879,0708.62",5,1,AKKADIAN,ŠA₃,ŠA₃,[],['CANONICAL ➝ Divination'],,
10,"1879,0708.62",5,3,AKKADIAN,MEŠ,MEŠ,[],['CANONICAL ➝ Divination'],,
11,"1879,0708.62",6,2,AKKADIAN,ir-ri,ir-ri,[],['CANONICAL ➝ Divination'],,
12,"1879,0708.62",8,1,AKKADIAN,IM.BABBAR,IM.BABBAR,[],['CANONICAL ➝ Divination'],,
13,"1879,0708.62",8,2,AKKADIAN,TA,TA,[],['CANONICAL ➝ Divination'],,
14,"1879,0708.62",8,3,AKKADIAN,GUB₃,GUB₃,[],['CANONICAL ➝ Divination'],,
15,"1879,0708.62",9,1,AKKADIAN,ŠUB-di,ŠUB-di,[],['CANONICAL ➝ Divination'],,
16,"1879,0708.62",9,2,AKKADIAN,a,a,[],['CANONICAL ➝ Divination'],,
17,"1879,0708.62",9,4,AKKADIAN,bi,bi,[],['CANONICAL ➝ Divination'],,
18,"1879,0708.62",10,1,AKKADIAN,HUL-tim,HUL-tim,[],['CANONICAL ➝ Divination'],,
19,"1879,0708.62",10,2,AKKADIAN,ina,ina,[],['CANONICAL ➝ Divination'],,
20,"1879,0708.62",10,3,AKKADIAN,E₂,E₂,[],['CANONICAL ➝ Divination'],,
21,"1879,0708.62",10,4,AKKADIAN,,,[],['CANONICAL ➝ Divination'],,
22,"1879,0708.62",11,1,AKKADIAN,DINGIR,DINGIR,[],['CANONICAL ➝ Divination'],,
23,"1879,0708.62",11,2,AKKADIAN,ŠA₃.DIB.BA,ŠA₃.DIB.BA,[],['CANONICAL ➝ Divination'],,
24,"1879,0708.62",15,1,AKKADIAN,šu,šu,[],['CANONICAL ➝ Divination'],,
25,"1879,0708.62",15,3,AKKADIAN,LUGAL,LUGAL,[],['CANONICAL ➝ Divination'],,
26,"1879,0708.62",16,1,AKKADIAN,{d}UTU,{d}UTU,[],['CANONICAL ➝ Divination'],,
27,"1879,0708.62",16,2,AKKADIAN,u,u,[],['CANONICAL ➝ Divination'],,
28,"1879,0708.62",17,1,AKKADIAN,LUGAL,LUGAL,[],['CANONICAL ➝ Divination'],,
