,fragment_id,fragment_line_num,index_in_line,word_language,value,clean_value,lemma,domain,place_discovery,place_composition
0,"1879,0708.227",1,0,AKKADIAN,DIŠ,DIŠ,['šumma I'],['CANONICAL ➝ Divination ➝ Celestial'],,
1,"1879,0708.227",3,0,AKKADIAN,DIŠ,DIŠ,['šumma I'],['CANONICAL ➝ Divination ➝ Celestial'],,
2,"1879,0708.227",3,1,AKKADIAN,MIN,MIN,[],['CANONICAL ➝ Divination ➝ Celestial'],,
3,"1879,0708.227",5,0,AKKADIAN,DIŠ,DIŠ,['šumma I'],['CANONICAL ➝ Divination ➝ Celestial'],,
4,"1879,0708.227",8,0,AKKADIAN,DIŠ,DIŠ,['šumma I'],['CANONICAL ➝ Divination ➝ Celestial'],,
5,"1879,0708.227",10,0,AKKADIAN,DIŠ,DIŠ,['šumma I'],['CANONICAL ➝ Divination ➝ Celestial'],,
6,"1879,0708.227",13,0,AKKADIAN,DIŠ,DIŠ,['šumma I'],['CANONICAL ➝ Divination ➝ Celestial'],,
7,"1879,0708.227",14,0,AKKADIAN,DIŠ,DIŠ,['šumma I'],['CANONICAL ➝ Divination ➝ Celestial'],,
8,"1879,0708.227",16,2,AKKADIAN,ina,ina,['ina I'],['CANONICAL ➝ Divination ➝ Celestial'],,
9,"1879,0708.227",17,1,AKKADIAN,LUGAL,LUGAL,['šarru I'],['CANONICAL ➝ Divination ➝ Celestial'],,
10,"1879,0708.227",18,2,AKKADIAN,a-lak-ša₂,a-lak-ša₂,['alāku I'],['CANONICAL ➝ Divination ➝ Celestial'],,
11,"1879,0708.227",19,1,AKKADIAN,ina,ina,['ina I'],['CANONICAL ➝ Divination ➝ Celestial'],,
12,"1879,0708.227",20,0,AKKADIAN,DIŠ,DIŠ,['šumma I'],['CANONICAL ➝ Divination ➝ Celestial'],,
13,"1879,0708.227",20,1,AKKADIAN,{mul}dili-bat,{mul}dili-bat,['Dilbat I'],['CANONICAL ➝ Divination ➝ Celestial'],,
