fragment_id,year_true,ruler,period,provenance,domain,sub_genre,n_correct,err_tfidf,ok_tfidf,err_thalesian_cunei400m,ok_thalesian_cunei400m,err_qwen3_32b,ok_qwen3_32b
Q005445,539.0,Nabonidus,Neo-Babylonian,Harran,ORCC,uncertain,0,108,0,120,0,111,0
Q005447,539.0,Nabonidus,Neo-Babylonian,Harran,ORCC,uncertain,0,116,0,110,0,108,0
Q005450,539.0,Nabonidus,Neo-Babylonian,Harran,ORCC,bead,0,117,0,114,0,109,0
Q005454,539.0,Nabonidus,Neo-Babylonian,Tayma,ORCC,statue base,0,106,0,113,0,111,0
Q005456,539.0,Nabonidus,Neo-Babylonian,Tayma,ORCC,stele,0,117,0,110,0,106,0
Q005467,539.0,Nabonidus,Neo-Babylonian,Tell al-Lahm,ORCC,brick,0,121,0,132,0,113,0
Q005597,562.0,Nebuchadnezzar II,Neo-Babylonian,Brissa,ORCC,rock face,0,100,0,103,0,101,0
Q003875,612.0,Sîn-šarru-iškun,Neo-Assyrian,Qalat Sherqat (Assur),ORCC,brick,1,78,1,111,0,129,0
Q005414,539.0,Nabonidus,Neo-Babylonian,Larsa,ORCC,stele,1,108,0,108,0,94,1
Q005417,539.0,Nabonidus,Neo-Babylonian,Seleucia,ORCC,brick,1,96,1,103,0,112,0
Q005444,539.0,Nabonidus,Neo-Babylonian,Harran,ORCC,stele,1,115,0,96,1,127,0
Q005458,539.0,Nabonidus,Neo-Babylonian,Tayma,ORCC,stele,1,112,0,72,1,107,0
Q005540,562.0,Nebuchadnezzar II,Neo-Babylonian,Babylon,ORCC,brick,1,107,0,121,0,94,1
Q005588,562.0,Nebuchadnezzar II,Neo-Babylonian,Ur,ORCC,brick,1,104,0,114,0,92,1
Q005591,562.0,Nebuchadnezzar II,Neo-Babylonian,Babylonia,ORCC,cylinder,1,104,0,113,0,90,1
Q005592,562.0,Nebuchadnezzar II,Neo-Babylonian,Babylonia,ORCC,brick,1,101,0,120,0,88,1
Q006603,705.0,Sargon II,Neo-Assyrian,Babylon (Bābili),ORCC,brick,1,105,0,101,0,90,1
Q006636,705.0,Sargon II,Neo-Assyrian,Nimrud (Kalhu),ORCC,prismatic cylinder,1,83,1,121,0,118,0
Q009238,539.0,Nabonidus,Neo-Babylonian,Sippar,ORCC,None,1,95,1,102,0,103,0
Q003364,669.0,Esarhaddon,Neo-Assyrian,Uruk,ORCC,cylinder,2,32,1,50,1,123,0
Q003405,669.0,Esarhaddon,Neo-Assyrian,Kuyunjik (Nineveh),ORCC,prism,2,19,1,35,1,102,0
Q003406,669.0,Esarhaddon,Neo-Assyrian,Kuyunjik (Nineveh),ORCC,cylinder,2,24,1,48,1,110,0
Q003420,727.0,Tiglath-pileser III,Neo-Assyrian,Nimrud (Kalhu),ORCC,wall slab (with reliefs),2,76,1,58,1,103,0
Q003873,612.0,Sîn-šarru-iškun,Neo-Assyrian,Qalat Sherqat (Assur),ORCC,block,2,73,1,90,1,121,0
Q005401,539.0,Nabonidus,Neo-Babylonian,Babylon,ORCC,stele,2,94,1,86,1,106,0
Q005408,539.0,Nabonidus,Neo-Babylonian,Babylon,ORCC,cylinder,2,101,0,79,1,89,1
Q005423,539.0,Nabonidus,Neo-Babylonian,Sippar,ORCC,cylinder,2,102,0,89,1,81,1
Q005424,539.0,Nabonidus,Neo-Babylonian,Ur,ORCC,cylinder,2,81,1,47,1,110,0
Q005426,539.0,Nabonidus,Neo-Babylonian,Sippar,ORCC,cylinder,2,93,1,72,1,105,0
Q005429,539.0,Nabonidus,Neo-Babylonian,Ur,ORCC,cylinder,2,71,1,65,1,105,0
Q005430,539.0,Nabonidus,Neo-Babylonian,Ur,ORCC,cylinder,2,71,1,63,1,104,0
Q005432,539.0,Nabonidus,Neo-Babylonian,Ur,ORCC,cylinder,2,105,0,93,1,100,1
Q005434,539.0,Nabonidus,Neo-Babylonian,Ur,ORCC,brick,2,101,0,76,1,90,1
Q005435,539.0,Nabonidus,Neo-Babylonian,Ur,ORCC,brick,2,93,1,69,1,101,0
Q005438,539.0,Nabonidus,Neo-Babylonian,Ur,ORCC,cylinder,2,111,0,95,1,73,1
Q005440,539.0,Nabonidus,Neo-Babylonian,Babylonia,ORCC,stele,2,106,0,98,1,99,1
Q005441,539.0,Nabonidus,Neo-Babylonian,Babylonia,ORCC,None,2,104,0,97,1,84,1
Q005442,539.0,Nabonidus,Neo-Babylonian,Babylonia,ORCC,None,2,92,1,93,1,101,0
Q005443,539.0,Nabonidus,Neo-Babylonian,Harran,ORCC,cylinder,2,102,0,82,1,93,1
Q005446,539.0,Nabonidus,Neo-Babylonian,Harran,ORCC,uncertain,2,106,0,78,1,93,1
Q005451,539.0,Nabonidus,Neo-Babylonian,Padakku,ORCC,slab,2,102,0,88,1,98,1
Q005452,539.0,Nabonidus,Neo-Babylonian,Selaʾ,ORCC,rock face,2,99,1,95,1,107,0
Q005455,539.0,Nabonidus,Neo-Babylonian,Tayma,ORCC,stele,2,81,1,80,1,102,0
Q005463,539.0,Nabonidus,Neo-Babylonian,Babylonia,ORCC,cylinder,2,109,0,94,1,96,1
Q005465,539.0,Nabonidus,Neo-Babylonian,Babylonia,ORCC,stele,2,90,1,66,1,107,0
Q005466,539.0,Nabonidus,Neo-Babylonian,Kish,ORCC,cylinder,2,95,1,74,1,106,0
Q005468,539.0,Nabonidus,Neo-Babylonian,Marad,ORCC,cylinder,2,98,1,76,1,100,0
Q005541,562.0,Nebuchadnezzar II,Neo-Babylonian,Babylon,ORCC,brick,2,103,0,91,1,93,1
Q005584,562.0,Nebuchadnezzar II,Neo-Babylonian,Sippar,ORCC,brick,2,102,0,90,1,95,1
Q005585,562.0,Nebuchadnezzar II,Neo-Babylonian,Sippar,ORCC,brick,2,104,0,93,1,90,1
Q005586,562.0,Nebuchadnezzar II,Neo-Babylonian,Sippar,ORCC,brick,2,101,0,92,1,91,1
Q005587,562.0,Nebuchadnezzar II,Neo-Babylonian,Ur,ORCC,brick,2,100,1,114,0,89,1
Q005589,562.0,Nebuchadnezzar II,Neo-Babylonian,Uruk,ORCC,cylinder,2,100,1,120,0,87,1
Q006323,705.0,Sargon II,Neo-Assyrian,Babylon,ORCC,brick,2,105,0,99,1,86,1
Q006498,705.0,Sargon II,Neo-Assyrian,Khorsabad (Dur-Šarrukin),ORCC,slab,2,92,1,101,0,82,1
Q006499,705.0,Sargon II,Neo-Assyrian,Khorsabad (Dur-Šarrukin),ORCC,slab,2,82,1,107,0,71,1
Q006542,705.0,Sargon II,Neo-Assyrian,Khorsabad (Dur-Šarrukin),ORCC,eyestone,2,92,1,131,0,79,1
Q006599,705.0,Sargon II,Neo-Assyrian,Persepolis (Pārśa),ORCC,eyestone,2,73,1,108,0,81,1
Q006600,705.0,Sargon II,Neo-Assyrian,Persepolis (Pārśa),ORCC,eyestone,2,73,1,114,0,80,1
Q006602,705.0,Sargon II,Neo-Assyrian,Persepolis (Pārśa),ORCC,eyestone,2,71,1,108,0,70,1
Q006604,705.0,Sargon II,Neo-Assyrian,Babylon (Bābili),ORCC,brick,2,84,1,108,0,75,1
Q006637,705.0,Sargon II,Neo-Assyrian,Kuyunjik (Nineveh),ORCC,block,2,82,1,105,0,79,1
Q006639,705.0,Sargon II,Neo-Assyrian,Samaria (Sāmerīna),ORCC,stele ?,2,69,1,112,0,80,1
Q003230,672.0,Esarhaddon,Neo-Assyrian,Kuyunjik (Nineveh),ORCC,prism,3,14,1,23,1,49,1
Q003231,676.0,Esarhaddon,Neo-Assyrian,Kuyunjik (Nineveh),ORCC,prism,3,12,1,36,1,67,1
Q003232,669.0,Esarhaddon,Neo-Assyrian,Kuyunjik (Nineveh),ORCC,prism,3,24,1,21,1,13,1
Q003233,669.0,Esarhaddon,Neo-Assyrian,Kuyunjik (Nineveh),ORCC,prism,3,11,1,28,1,1,1
Q003234,670.0,Esarhaddon,Neo-Assyrian,Kuyunjik (Nineveh),ORCC,prism,3,25,1,52,1,30,1
Q003235,670.0,Esarhaddon,Neo-Assyrian,Kuyunjik (Nineveh),ORCC,prism,3,24,1,34,1,8,1
Q003236,670.0,Esarhaddon,Neo-Assyrian,Kuyunjik (Nineveh),ORCC,prism,3,20,1,24,1,16,1
Q003237,670.0,Esarhaddon,Neo-Assyrian,Kuyunjik (Nineveh),ORCC,prism,3,10,1,24,1,11,1
Q003238,670.0,Esarhaddon,Neo-Assyrian,Kuyunjik (Nineveh),ORCC,prism,3,18,1,16,1,38,1
Q003239,677.0,Esarhaddon,Neo-Assyrian,Kuyunjik (Nineveh),ORCC,cylinder,3,54,1,60,1,8,1
Q003240,669.0,Esarhaddon,Neo-Assyrian,Kuyunjik (Nineveh),ORCC,cylinder,3,30,1,27,1,48,1
Q003241,669.0,Esarhaddon,Neo-Assyrian,Kuyunjik (Nineveh),ORCC,cylinder,3,19,1,29,1,36,1
Q003242,681.0,Esarhaddon,Neo-Assyrian,Kuyunjik (Nineveh),ORCC,cylinder,3,24,1,12,1,49,1
Q003243,681.0,Esarhaddon,Neo-Assyrian,Kuyunjik (Nineveh),ORCC,cylinder,3,17,1,54,1,28,1
Q003244,670.0,Esarhaddon,Neo-Assyrian,Kuyunjik (Nineveh),ORCC,cylinder,3,2,1,2,1,20,1
Q003245,670.0,Esarhaddon,Neo-Assyrian,Kuyunjik (Nineveh),ORCC,cylinder,3,5,1,31,1,44,1
Q003246,669.0,Esarhaddon,Neo-Assyrian,Kuyunjik (Nineveh),ORCC,cylinder,3,5,1,2,1,21,1
Q003247,669.0,Esarhaddon,Neo-Assyrian,Kuyunjik (Nineveh),ORCC,cylinder,3,16,1,27,1,29,1
Q003248,669.0,Esarhaddon,Neo-Assyrian,Kuyunjik (Nineveh),ORCC,uncertain,3,9,1,4,1,0,1
Q003249,670.0,Esarhaddon,Neo-Assyrian,Kuyunjik (Nineveh),ORCC,slab,3,15,1,52,1,2,1
Q003250,669.0,Esarhaddon,Neo-Assyrian,Kuyunjik (Nineveh),ORCC,slab,3,20,1,59,1,10,1
Q003251,669.0,Esarhaddon,Neo-Assyrian,Kuyunjik (Nineveh),ORCC,slab,3,1,1,7,1,14,1
Q003252,669.0,Esarhaddon,Neo-Assyrian,Kuyunjik (Nineveh),ORCC,brick,3,51,1,48,1,42,1
Q003253,669.0,Esarhaddon,Neo-Assyrian,Kuyunjik (Nineveh),ORCC,gaming board,3,8,1,12,1,8,1
Q003254,669.0,Esarhaddon,Neo-Assyrian,Kuyunjik (Nineveh),ORCC,vessel,3,14,1,36,1,44,1
Q003255,670.0,Esarhaddon,Neo-Assyrian,Kuyunjik (Nineveh),ORCC,vessel,3,2,1,51,1,11,1
Q003256,669.0,Esarhaddon,Neo-Assyrian,Kuyunjik (Nineveh),ORCC,vessel,3,11,1,37,1,2,1
Q003257,669.0,Esarhaddon,Neo-Assyrian,Kuyunjik (Nineveh),ORCC,vessel,3,12,1,28,1,18,1
Q003258,669.0,Esarhaddon,Neo-Assyrian,Kuyunjik (Nineveh),ORCC,vessel,3,18,1,78,1,9,1
Q003259,669.0,Esarhaddon,Neo-Assyrian,Kuyunjik (Nineveh),ORCC,None,3,29,1,40,1,68,1
Q003260,669.0,Esarhaddon,Neo-Assyrian,Kuyunjik (Nineveh),ORCC,None,3,23,1,23,1,11,1
Q003261,669.0,Esarhaddon,Neo-Assyrian,Kuyunjik (Nineveh),ORCC,None,3,27,1,43,1,12,1
Q003262,672.0,Esarhaddon,Neo-Assyrian,Kuyunjik (Nineveh),ORCC,None,3,24,1,30,1,29,1
Q003263,670.0,Esarhaddon,Neo-Assyrian,Kuyunjik (Nineveh),ORCC,None,3,4,1,23,1,0,1
Q003264,670.0,Esarhaddon,Neo-Assyrian,Kuyunjik (Nineveh),ORCC,None,3,3,1,32,1,48,1
Q003265,670.0,Esarhaddon,Neo-Assyrian,Kuyunjik (Nineveh),ORCC,None,3,36,1,33,1,35,1
Q003266,670.0,Esarhaddon,Neo-Assyrian,Kuyunjik (Nineveh),ORCC,None,3,22,1,39,1,42,1
Q003267,670.0,Esarhaddon,Neo-Assyrian,Kuyunjik (Nineveh),ORCC,None,3,52,1,55,1,33,1
Q003268,670.0,Esarhaddon,Neo-Assyrian,Kuyunjik (Nineveh),ORCC,None,3,13,1,7,1,8,1
Q003269,669.0,Esarhaddon,Neo-Assyrian,Kuyunjik (Nineveh),ORCC,None,3,26,1,10,1,28,1
Q003270,669.0,Esarhaddon,Neo-Assyrian,Kuyunjik (Nineveh),ORCC,None,3,25,1,17,1,37,1
Q003271,669.0,Esarhaddon,Neo-Assyrian,Kuyunjik (Nineveh),ORCC,None,3,5,1,40,1,1,1
Q003272,669.0,Esarhaddon,Neo-Assyrian,Kuyunjik (Nineveh),ORCC,None,3,38,1,41,1,3,1
Q003273,669.0,Esarhaddon,Neo-Assyrian,Kuyunjik (Nineveh),ORCC,None,3,57,1,46,1,42,1
Q003274,669.0,Esarhaddon,Neo-Assyrian,Kuyunjik (Nineveh),ORCC,None,3,37,1,34,1,56,1
Q003275,669.0,Esarhaddon,Neo-Assyrian,Kuyunjik (Nineveh),ORCC,None,3,16,1,23,1,31,1
Q003276,669.0,Esarhaddon,Neo-Assyrian,Kuyunjik (Nineveh),ORCC,None,3,10,1,16,1,21,1
Q003277,669.0,Esarhaddon,Neo-Assyrian,Kuyunjik (Nineveh),ORCC,None,3,41,1,38,1,41,1
Q003278,669.0,Esarhaddon,Neo-Assyrian,Kuyunjik (Nineveh),ORCC,None,3,22,1,45,1,18,1
Q003279,669.0,Esarhaddon,Neo-Assyrian,Kuyunjik (Nineveh),ORCC,None,3,18,1,20,1,2,1
Q003280,669.0,Esarhaddon,Neo-Assyrian,Kuyunjik (Nineveh),ORCC,None,3,25,1,23,1,22,1
Q003281,669.0,Esarhaddon,Neo-Assyrian,Kuyunjik (Nineveh),ORCC,None,3,23,1,17,1,46,1
Q003282,669.0,Esarhaddon,Neo-Assyrian,Kuyunjik (Nineveh),ORCC,None,3,40,1,36,1,37,1
Q003283,669.0,Esarhaddon,Neo-Assyrian,Kuyunjik (Nineveh),ORCC,None,3,11,1,10,1,17,1
Q003284,669.0,Esarhaddon,Neo-Assyrian,Kuyunjik (Nineveh),ORCC,None,3,9,1,29,1,28,1
Q003285,669.0,Esarhaddon,Neo-Assyrian,Kuyunjik (Nineveh),ORCC,None,3,34,1,27,1,26,1
Q003286,679.0,Esarhaddon,Neo-Assyrian,Qalat Sherqat (Assur),ORCC,"prism, tablet",3,10,1,24,1,95,1
Q003287,680.0,Esarhaddon,Neo-Assyrian,Qalat Sherqat (Assur),ORCC,prism,3,44,1,24,1,42,1
Q003288,680.0,Esarhaddon,Neo-Assyrian,Qalat Sherqat (Assur),ORCC,cylinder,3,47,1,28,1,36,1
Q003289,669.0,Esarhaddon,Neo-Assyrian,Kuyunjik (Nineveh),ORCC,None,3,1,1,29,1,13,1
Q003290,669.0,Esarhaddon,Neo-Assyrian,Qalat Sherqat (Assur),ORCC,brick,3,7,1,31,1,19,1
Q003291,669.0,Esarhaddon,Neo-Assyrian,Qalat Sherqat (Assur),ORCC,block,3,9,1,45,1,40,1
Q003292,669.0,Esarhaddon,Neo-Assyrian,Qalat Sherqat (Assur),ORCC,series of blocks,3,21,1,47,1,63,1
Q003293,669.0,Esarhaddon,Neo-Assyrian,Qalat Sherqat (Assur),ORCC,series of blocks,3,10,1,22,1,18,1
Q003294,669.0,Esarhaddon,Neo-Assyrian,Qalat Sherqat (Assur),ORCC,block,3,4,1,24,1,21,1
Q003295,669.0,Esarhaddon,Neo-Assyrian,Qalat Sherqat (Assur),ORCC,block,3,11,1,25,1,21,1
Q003297,669.0,Esarhaddon,Neo-Assyrian,Qalat Sherqat (Assur),ORCC,door socket,3,6,1,46,1,49,1
Q003298,669.0,Esarhaddon,Neo-Assyrian,Qalat Sherqat (Assur),ORCC,door socket,3,1,1,48,1,41,1
Q003299,669.0,Esarhaddon,Neo-Assyrian,Qalat Sherqat (Assur),ORCC,vessel,3,10,1,33,1,8,1
Q003300,669.0,Esarhaddon,Neo-Assyrian,Qalat Sherqat (Assur),ORCC,vessel,3,1,1,25,1,6,1
Q003302,669.0,Esarhaddon,Neo-Assyrian,Qalat Sherqat (Assur),ORCC,vessel,3,4,1,11,1,16,1
Q003303,669.0,Esarhaddon,Neo-Assyrian,Qalat Sherqat (Assur),ORCC,bead,3,32,1,45,1,12,1
Q003304,669.0,Esarhaddon,Neo-Assyrian,Qalat Sherqat (Assur),ORCC,amulet,3,39,1,44,1,15,1
Q003305,669.0,Esarhaddon,Neo-Assyrian,Qalat Sherqat (Assur),ORCC,None,3,21,1,28,1,14,1
Q003306,672.0,Esarhaddon,Neo-Assyrian,Nimrud (Kalhu),ORCC,cylinder,3,13,1,14,1,28,1
Q003307,676.0,Esarhaddon,Neo-Assyrian,Nimrud (Kalhu),ORCC,cylinder,3,14,1,12,1,23,1
Q003308,672.0,Esarhaddon,Neo-Assyrian,Nimrud (Kalhu),ORCC,cylinder,3,13,1,17,1,22,1
Q003309,669.0,Esarhaddon,Neo-Assyrian,Nimrud (Kalhu),ORCC,cylinder,3,9,1,11,1,52,1
Q003310,669.0,Esarhaddon,Neo-Assyrian,Nimrud (Kalhu),ORCC,series of blocks,3,17,1,44,1,26,1
Q003311,669.0,Esarhaddon,Neo-Assyrian,Nimrud (Kalhu),ORCC,series of blocks,3,19,1,65,1,88,1
Q003312,669.0,Esarhaddon,Neo-Assyrian,Nimrud (Kalhu),ORCC,bull colossus,3,0,1,63,1,39,1
Q003313,669.0,Esarhaddon,Neo-Assyrian,Nimrud (Kalhu),ORCC,bull colossus,3,16,1,12,1,18,1
Q003314,669.0,Esarhaddon,Neo-Assyrian,Nimrud (Kalhu),ORCC,human-headed lion colossus,3,16,1,8,1,17,1
Q003315,669.0,Esarhaddon,Neo-Assyrian,Negub Tunnel,ORCC,slab,3,16,1,18,1,5,1
Q003316,669.0,Esarhaddon,Neo-Assyrian,Nimrud (Kalhu),ORCC,slab,3,9,1,19,1,18,1
Q003317,669.0,Esarhaddon,Neo-Assyrian,Nimrud (Kalhu),ORCC,brick,3,1,1,2,1,10,1
Q003319,669.0,Esarhaddon,Neo-Assyrian,Nimrud (Kalhu),ORCC,seal (impression),3,4,1,5,1,11,1
Q003320,669.0,Esarhaddon,Neo-Assyrian,Nimrud (Kalhu),ORCC,vessel,3,1,1,4,1,27,1
Q003321,669.0,Esarhaddon,Neo-Assyrian,Nimrud (Kalhu),ORCC,lump,3,1,1,11,1,29,1
Q003322,672.0,Esarhaddon,Neo-Assyrian,Qalat Sherqat (Assur),ORCC,cylinder,3,10,1,12,1,41,1
Q003323,669.0,Esarhaddon,Neo-Assyrian,Tell Sherif Khan (Tarbisu),ORCC,slab,3,6,1,15,1,26,1
Q003324,669.0,Esarhaddon,Neo-Assyrian,Tell Sherif Khan (Tarbisu),ORCC,slab,3,8,1,37,1,5,1
Q003325,669.0,Esarhaddon,Neo-Assyrian,Tell Sherif Khan (Tarbisu),ORCC,brick,3,15,1,27,1,27,1
Q003326,669.0,Esarhaddon,Neo-Assyrian,Tell Ahmar (Til Barsip),ORCC,stele,3,13,1,23,1,23,1
Q003327,669.0,Esarhaddon,Neo-Assyrian,Zinčirli (Samal),ORCC,stele,3,41,1,37,1,38,1
Q003328,669.0,Esarhaddon,Neo-Assyrian,Kuyunjik (Nineveh),ORCC,None,3,21,1,4,1,0,1
Q003329,669.0,Esarhaddon,Neo-Assyrian,Kuyunjik (Nineveh),ORCC,None,3,5,1,21,1,2,1
Q003330,669.0,Esarhaddon,Neo-Assyrian,Kuyunjik (Nineveh),ORCC,None,3,37,1,29,1,48,1
Q003332,669.0,Esarhaddon,Neo-Assyrian,Nahr el-Kelb,ORCC,rock face,3,6,1,9,1,17,1
Q003333,673.0,Esarhaddon,Neo-Assyrian,Babylon,ORCC,prism,3,11,1,14,1,13,1
Q003334,672.0,Esarhaddon,Neo-Assyrian,Babylon,ORCC,prism,3,8,1,12,1,26,1
Q003335,670.0,Esarhaddon,Neo-Assyrian,Babylon,ORCC,"prism, tablet",3,10,1,14,1,52,1
Q003336,672.0,Esarhaddon,Neo-Assyrian,Babylon,ORCC,prism,3,1,1,23,1,25,1
Q003337,678.0,Esarhaddon,Neo-Assyrian,Nineveh,ORCC,prism,3,34,1,45,1,11,1
Q003338,678.0,Esarhaddon,Neo-Assyrian,Nineveh,ORCC,prism,3,19,1,66,1,83,1
Q003339,672.0,Esarhaddon,Neo-Assyrian,Babylon,ORCC,prism,3,10,1,8,1,3,1
Q003340,674.0,Esarhaddon,Neo-Assyrian,Babylon,ORCC,prism,3,21,1,35,1,73,1
Q003341,669.0,Esarhaddon,Neo-Assyrian,Sippar,ORCC,prism,3,2,1,2,1,15,1
Q003342,669.0,Esarhaddon,Neo-Assyrian,Babylon,ORCC,cylinder,3,16,1,2,1,8,1
Q003343,672.0,Esarhaddon,Neo-Assyrian,Babylon,ORCC,cubiod monument,3,12,1,20,1,48,1
Q003345,677.0,Esarhaddon,Neo-Assyrian,Nineveh,ORCC,None,3,32,1,50,1,75,1
Q003346,677.0,Esarhaddon,Neo-Assyrian,Nineveh,ORCC,None,3,52,1,63,1,47,1
Q003347,669.0,Esarhaddon,Neo-Assyrian,Babylon,ORCC,seal,3,32,1,53,1,50,1
Q003348,669.0,Esarhaddon,Neo-Assyrian,Babylon,ORCC,brick,3,5,1,3,1,4,1
Q003349,669.0,Esarhaddon,Neo-Assyrian,Babylon,ORCC,brick,3,6,1,12,1,23,1
Q003350,669.0,Esarhaddon,Neo-Assyrian,Babylon,ORCC,brick,3,5,1,22,1,33,1
Q003351,669.0,Esarhaddon,Neo-Assyrian,Babylon,ORCC,brick,3,9,1,17,1,28,1
Q003352,669.0,Esarhaddon,Neo-Assyrian,Babylon,ORCC,brick,3,2,1,14,1,23,1
Q003353,669.0,Esarhaddon,Neo-Assyrian,Babylon,ORCC,brick,3,1,1,33,1,33,1
Q003354,669.0,Esarhaddon,Neo-Assyrian,Babylon,ORCC,brick,3,7,1,15,1,34,1
Q003355,669.0,Esarhaddon,Neo-Assyrian,Babylon,ORCC,brick,3,21,1,70,1,36,1
Q003356,669.0,Esarhaddon,Neo-Assyrian,Borsippa,ORCC,cylinder,3,33,1,56,1,44,1
Q003357,669.0,Esarhaddon,Neo-Assyrian,Nippur,ORCC,cylinder,3,19,1,42,1,58,1
Q003358,669.0,Esarhaddon,Neo-Assyrian,Nippur,ORCC,cylinder,3,33,1,77,1,58,1
Q003359,669.0,Esarhaddon,Neo-Assyrian,Nippur,ORCC,cylinder,3,13,1,46,1,39,1
Q003360,669.0,Esarhaddon,Neo-Assyrian,Nippur,ORCC,brick,3,16,1,13,1,23,1
Q003361,669.0,Esarhaddon,Neo-Assyrian,Nippur,ORCC,brick,3,10,1,17,1,34,1
Q003362,669.0,Esarhaddon,Neo-Assyrian,Uruk,ORCC,cylinder,3,23,1,31,1,33,1
Q003363,669.0,Esarhaddon,Neo-Assyrian,Uruk,ORCC,cylinder,3,26,1,70,1,85,1
Q003365,669.0,Esarhaddon,Neo-Assyrian,Uruk,ORCC,cylinder,3,13,1,57,1,49,1
Q003366,669.0,Esarhaddon,Neo-Assyrian,Uruk,ORCC,brick,3,24,1,39,1,43,1
Q003367,669.0,Esarhaddon,Neo-Assyrian,Uruk,ORCC,brick,3,5,1,13,1,23,1
Q003368,669.0,Esarhaddon,Neo-Assyrian,Uruk,ORCC,brick,3,26,1,74,1,66,1
Q003369,669.0,Esarhaddon,Neo-Assyrian,Cave Kalm-karra,ORCC,vessel,3,5,1,27,1,6,1
Q003370,669.0,Esarhaddon,Neo-Assyrian,Kuyunjik (Nineveh),ORCC,lion weight,3,2,1,71,1,26,1
Q003371,669.0,Esarhaddon,Neo-Assyrian,Assyria,ORCC,bead,3,30,1,78,1,27,1
Q003372,669.0,Esarhaddon,Neo-Assyrian,Persepolis (Pārśa),ORCC,bead,3,14,1,34,1,17,1
Q003373,669.0,Esarhaddon,Neo-Assyrian,Sippar,ORCC,prism,3,32,1,45,1,53,1
Q003374,669.0,Esarhaddon,Neo-Assyrian,Sippar,ORCC,prism,3,16,1,23,1,8,1
Q003375,669.0,Esarhaddon,Neo-Assyrian,Babylon,ORCC,prism,3,15,1,19,1,75,1
Q003376,669.0,Esarhaddon,Neo-Assyrian,Nineveh,ORCC,prism,3,21,1,54,1,11,1
Q003377,669.0,Esarhaddon,Neo-Assyrian,Kuyunjik (Nineveh),ORCC,cylinder,3,34,1,52,1,3,1
Q003378,669.0,Esarhaddon,Neo-Assyrian,Qalat Sherqat (Assur),ORCC,cylinder,3,10,1,17,1,54,1
Q003379,669.0,Esarhaddon,Neo-Assyrian,Ben Shemen,ORCC,stele,3,21,1,24,1,6,1
Q003380,669.0,Esarhaddon,Neo-Assyrian,el-Ghab,ORCC,stele,3,14,1,37,1,27,1
Q003381,669.0,Esarhaddon,Neo-Assyrian,Syria,ORCC,brick,3,11,1,5,1,15,1
Q003382,669.0,Esarhaddon,Neo-Assyrian,Uruk,ORCC,None,3,11,1,32,1,45,1
Q003383,669.0,Esarhaddon,Neo-Assyrian,Kuyunjik (Nineveh),ORCC,None,3,24,1,15,1,18,1
Q003384,669.0,Esarhaddon,Neo-Assyrian,Kuyunjik (Nineveh),ORCC,None,3,14,1,12,1,3,1
Q003385,669.0,Esarhaddon,Neo-Assyrian,Kuyunjik (Nineveh),ORCC,None,3,20,1,62,1,12,1
Q003386,669.0,Esarhaddon,Neo-Assyrian,Kuyunjik (Nineveh),ORCC,None,3,20,1,0,1,21,1
Q003387,669.0,Esarhaddon,Neo-Assyrian,Kuyunjik (Nineveh),ORCC,None,3,13,1,27,1,35,1
Q003388,669.0,Esarhaddon,Neo-Assyrian,Kuyunjik (Nineveh),ORCC,None,3,16,1,28,1,18,1
Q003389,669.0,Esarhaddon,Neo-Assyrian,Kuyunjik (Nineveh),ORCC,None,3,23,1,21,1,6,1
Q003390,669.0,Esarhaddon,Neo-Assyrian,Kuyunjik (Nineveh),ORCC,None,3,36,1,62,1,37,1
Q003391,669.0,Esarhaddon,Neo-Assyrian,Kuyunjik (Nineveh),ORCC,None,3,20,1,36,1,7,1
Q003392,669.0,Esarhaddon,Neo-Assyrian,Kuyunjik (Nineveh),ORCC,None,3,39,1,8,1,23,1
Q003394,669.0,Esarhaddon,Neo-Assyrian,Kuyunjik (Nineveh),ORCC,vessel,3,18,1,44,1,7,1
Q003395,669.0,Esarhaddon,Neo-Assyrian,Kuyunjik (Nineveh),ORCC,vessel,3,2,1,13,1,16,1
Q003396,669.0,Esarhaddon,Neo-Assyrian,Kuyunjik (Nineveh),ORCC,vessel,3,20,1,70,1,1,1
Q003397,669.0,Esarhaddon,Neo-Assyrian,Kuyunjik (Nineveh),ORCC,vessel,3,23,1,81,1,1,1
Q003398,669.0,Esarhaddon,Neo-Assyrian,Kuyunjik (Nineveh),ORCC,vessel,3,5,1,2,1,21,1
Q003399,669.0,Esarhaddon,Neo-Assyrian,Kuyunjik (Nineveh),ORCC,vessel,3,4,1,14,1,20,1
Q003400,669.0,Esarhaddon,Neo-Assyrian,Kuyunjik (Nineveh),ORCC,vessel,3,12,1,6,1,25,1
Q003401,669.0,Esarhaddon,Neo-Assyrian,Kuyunjik (Nineveh),ORCC,vessel,3,0,1,11,1,12,1
Q003403,669.0,Esarhaddon,Neo-Assyrian,Assyria,ORCC,bead,3,2,1,45,1,12,1
Q003404,669.0,Esarhaddon,Neo-Assyrian,Qalat Sherqat (Assur),ORCC,block,3,4,1,16,1,6,1
Q003407,669.0,Esarhaddon,Neo-Assyrian,Kuyunjik (Nineveh),ORCC,None,3,16,1,1,1,8,1
Q003408,669.0,Esarhaddon,Neo-Assyrian,Kuyunjik (Nineveh),ORCC,None,3,15,1,42,1,4,1
Q003409,669.0,Esarhaddon,Neo-Assyrian,Assyria,ORCC,bead,3,13,1,11,1,23,1
Q003410,669.0,Esarhaddon,Neo-Assyrian,Assyria,ORCC,bead,3,12,1,12,1,19,1
Q003411,669.0,Esarhaddon,Neo-Assyrian,Assyria,ORCC,bead,3,7,1,51,1,27,1
Q003412,669.0,Esarhaddon,Neo-Assyrian,Assyria,ORCC,plating,3,16,1,11,1,46,1
Q003414,727.0,Tiglath-pileser III,Neo-Assyrian,Nimrud (Kalhu),ORCC,wall slab (with reliefs),3,80,1,88,1,93,1
Q003415,727.0,Tiglath-pileser III,Neo-Assyrian,Nimrud (Kalhu),ORCC,wall slab (with reliefs),3,82,1,71,1,70,1
Q003416,727.0,Tiglath-pileser III,Neo-Assyrian,Nimrud (Kalhu),ORCC,wall slab (with reliefs),3,74,1,55,1,63,1
Q003417,727.0,Tiglath-pileser III,Neo-Assyrian,Nimrud (Kalhu),ORCC,wall slab (with reliefs),3,79,1,63,1,82,1
Q003418,727.0,Tiglath-pileser III,Neo-Assyrian,Nimrud (Kalhu),ORCC,wall slab (with reliefs),3,71,1,73,1,64,1
Q003419,727.0,Tiglath-pileser III,Neo-Assyrian,Nimrud (Kalhu),ORCC,wall slab (with reliefs),3,62,1,42,1,50,1
Q003421,727.0,Tiglath-pileser III,Neo-Assyrian,Nimrud (Kalhu),ORCC,wall slab (with reliefs),3,67,1,51,1,77,1
Q003422,727.0,Tiglath-pileser III,Neo-Assyrian,Nimrud (Kalhu),ORCC,wall slab (with reliefs),3,75,1,45,1,60,1
Q003423,727.0,Tiglath-pileser III,Neo-Assyrian,Nimrud (Kalhu),ORCC,wall slab (with reliefs),3,88,1,71,1,90,1
Q003424,727.0,Tiglath-pileser III,Neo-Assyrian,Nimrud (Kalhu),ORCC,wall slab (with reliefs),3,79,1,37,1,78,1
Q003425,727.0,Tiglath-pileser III,Neo-Assyrian,Nimrud (Kalhu),ORCC,wall slab (with reliefs),3,67,1,46,1,60,1
Q003426,727.0,Tiglath-pileser III,Neo-Assyrian,Nimrud (Kalhu),ORCC,wall slab (with reliefs),3,73,1,53,1,78,1
Q003427,727.0,Tiglath-pileser III,Neo-Assyrian,Nimrud (Kalhu),ORCC,wall slab (with reliefs),3,77,1,49,1,76,1
Q003428,727.0,Tiglath-pileser III,Neo-Assyrian,Nimrud (Kalhu),ORCC,wall slab (with reliefs),3,80,1,53,1,83,1
Q003429,727.0,Tiglath-pileser III,Neo-Assyrian,Nimrud (Kalhu),ORCC,wall slab (with reliefs),3,69,1,51,1,68,1
Q003430,727.0,Tiglath-pileser III,Neo-Assyrian,Nimrud (Kalhu),ORCC,wall slab (with reliefs),3,73,1,52,1,78,1
Q003431,727.0,Tiglath-pileser III,Neo-Assyrian,Nimrud (Kalhu),ORCC,wall slab (with reliefs),3,75,1,60,1,100,1
Q003432,727.0,Tiglath-pileser III,Neo-Assyrian,Nimrud (Kalhu),ORCC,wall slab (with reliefs),3,65,1,80,1,58,1
Q003433,727.0,Tiglath-pileser III,Neo-Assyrian,Nimrud (Kalhu),ORCC,wall slab (with reliefs),3,70,1,59,1,64,1
Q003434,727.0,Tiglath-pileser III,Neo-Assyrian,Nimrud (Kalhu),ORCC,wall slab (with reliefs),3,81,1,48,1,59,1
Q003435,727.0,Tiglath-pileser III,Neo-Assyrian,Nimrud (Kalhu),ORCC,wall slab (with reliefs),3,76,1,45,1,73,1
Q003436,727.0,Tiglath-pileser III,Neo-Assyrian,Nimrud (Kalhu),ORCC,wall slab (with reliefs),3,78,1,46,1,76,1
Q003437,727.0,Tiglath-pileser III,Neo-Assyrian,Nimrud (Kalhu),ORCC,wall slab (with reliefs),3,66,1,45,1,76,1
Q003438,727.0,Tiglath-pileser III,Neo-Assyrian,Nimrud (Kalhu),ORCC,wall slab (with reliefs),3,71,1,48,1,74,1
Q003439,727.0,Tiglath-pileser III,Neo-Assyrian,Nimrud (Kalhu),ORCC,wall slab (with reliefs),3,82,1,52,1,79,1
Q003440,727.0,Tiglath-pileser III,Neo-Assyrian,Nimrud (Kalhu),ORCC,wall slab (with reliefs),3,66,1,48,1,65,1
Q003441,727.0,Tiglath-pileser III,Neo-Assyrian,Nimrud (Kalhu),ORCC,wall slab (with reliefs),3,67,1,48,1,85,1
Q003443,727.0,Tiglath-pileser III,Neo-Assyrian,Nimrud (Kalhu),ORCC,wall slab (with reliefs),3,66,1,38,1,88,1
Q003444,727.0,Tiglath-pileser III,Neo-Assyrian,Nimrud (Kalhu),ORCC,wall slab (with reliefs),3,71,1,54,1,91,1
Q003445,727.0,Tiglath-pileser III,Neo-Assyrian,Nimrud (Kalhu),ORCC,wall slab (with reliefs),3,77,1,46,1,82,1
Q003448,727.0,Tiglath-pileser III,Neo-Assyrian,Luristan,ORCC,stele,3,78,1,63,1,45,1
Q003449,727.0,Tiglath-pileser III,Neo-Assyrian,Nimrud (Kalhu),ORCC,anthropomorphic statue,3,76,1,52,1,78,1
Q003450,727.0,Tiglath-pileser III,Neo-Assyrian,Mila Mergi,ORCC,rock face,3,80,1,91,1,70,1
Q003451,727.0,Tiglath-pileser III,Neo-Assyrian,Qalat Sherqat (Assur),ORCC,uncertain,3,72,1,42,1,82,1
Q003452,727.0,Tiglath-pileser III,Neo-Assyrian,Nimrud (Kalhu),ORCC,slab,3,71,1,36,1,49,1
Q003453,727.0,Tiglath-pileser III,Neo-Assyrian,Nimrud (Kalhu),ORCC,slab,3,71,1,53,1,64,1
Q003454,727.0,Tiglath-pileser III,Neo-Assyrian,Nimrud (Kalhu),ORCC,slab,3,63,1,55,1,77,1
Q003455,727.0,Tiglath-pileser III,Neo-Assyrian,Nimrud (Kalhu),ORCC,slab,3,85,1,66,1,91,1
Q003456,727.0,Tiglath-pileser III,Neo-Assyrian,Nimrud (Kalhu),ORCC,slab,3,86,1,66,1,95,1
Q003457,727.0,Tiglath-pileser III,Neo-Assyrian,Nimrud (Kalhu),ORCC,slab,3,79,1,59,1,70,1
Q003458,727.0,Tiglath-pileser III,Neo-Assyrian,Nimrud (Kalhu),ORCC,slab,3,73,1,46,1,87,1
Q003459,727.0,Tiglath-pileser III,Neo-Assyrian,Nimrud (Kalhu),ORCC,None,3,80,1,74,1,55,1
Q003460,727.0,Tiglath-pileser III,Neo-Assyrian,Nimrud (Kalhu),ORCC,None,3,62,1,45,1,54,1
Q003461,727.0,Tiglath-pileser III,Neo-Assyrian,Nimrud (Kalhu),ORCC,None,3,76,1,70,1,75,1
Q003462,727.0,Tiglath-pileser III,Neo-Assyrian,Nimrud (Kalhu),ORCC,None,3,87,1,55,1,79,1
Q003463,727.0,Tiglath-pileser III,Neo-Assyrian,Nimrud (Kalhu),ORCC,None,3,72,1,55,1,90,1
Q003464,727.0,Tiglath-pileser III,Neo-Assyrian,Nimrud (Kalhu),ORCC,None,3,66,1,53,1,57,1
Q003465,727.0,Tiglath-pileser III,Neo-Assyrian,Nimrud (Kalhu),ORCC,None,3,65,1,50,1,54,1
Q003466,727.0,Tiglath-pileser III,Neo-Assyrian,Arslan Tash (Ḫadatu),ORCC,bull colossus,3,69,1,42,1,53,1
Q003467,727.0,Tiglath-pileser III,Neo-Assyrian,Qalat Sherqat (Assur),ORCC,block,3,71,1,61,1,76,1
Q003468,727.0,Tiglath-pileser III,Neo-Assyrian,Nimrud (Kalhu),ORCC,wall slab (with reliefs),3,68,1,57,1,77,1
Q003469,727.0,Tiglath-pileser III,Neo-Assyrian,Nimrud (Kalhu),ORCC,wall slab (with reliefs),3,73,1,92,1,75,1
Q003470,727.0,Tiglath-pileser III,Neo-Assyrian,Nimrud (Kalhu),ORCC,wall slab (with reliefs),3,70,1,97,1,81,1
Q003471,727.0,Tiglath-pileser III,Neo-Assyrian,Qalat Sherqat (Assur),ORCC,brick,3,66,1,46,1,53,1
Q003472,727.0,Tiglath-pileser III,Neo-Assyrian,Qalat Sherqat (Assur),ORCC,brick,3,74,1,48,1,68,1
Q003473,727.0,Tiglath-pileser III,Neo-Assyrian,Qalat Sherqat (Assur),ORCC,brick,3,67,1,36,1,62,1
Q003474,727.0,Tiglath-pileser III,Neo-Assyrian,Nimrud (Kalhu),ORCC,duck weight,3,72,1,54,1,70,1
Q003475,681.0,Sennacherib,Neo-Assyrian,Kuyunjik (Nineveh),ORCC,cylinder,3,48,1,51,1,30,1
Q003476,681.0,Sennacherib,Neo-Assyrian,Kuyunjik (Nineveh),ORCC,cylinder,3,54,1,45,1,30,1
Q003477,681.0,Sennacherib,Neo-Assyrian,Kuyunjik (Nineveh),ORCC,cylinder,3,60,1,44,1,30,1
Q003478,681.0,Sennacherib,Neo-Assyrian,Kuyunjik (Nineveh),ORCC,cylinder,3,50,1,38,1,29,1
Q003479,681.0,Sennacherib,Neo-Assyrian,Kuyunjik (Nineveh),ORCC,cylinder,3,41,1,28,1,31,1
Q003481,681.0,Sennacherib,Neo-Assyrian,Kuyunjik (Nineveh),ORCC,cylinder,3,58,1,49,1,65,1
Q003482,681.0,Sennacherib,Neo-Assyrian,Kuyunjik (Nineveh),ORCC,cylinder,3,51,1,51,1,32,1
Q003483,681.0,Sennacherib,Neo-Assyrian,Kuyunjik (Nineveh),ORCC,cylinder,3,54,1,53,1,28,1
Q003484,681.0,Sennacherib,Neo-Assyrian,Kuyunjik (Nineveh),ORCC,cylinder,3,22,1,9,1,2,1
Q003485,681.0,Sennacherib,Neo-Assyrian,Kuyunjik (Nineveh),ORCC,cylinder,3,20,1,8,1,3,1
Q003486,681.0,Sennacherib,Neo-Assyrian,Kuyunjik (Nineveh),ORCC,cylinder,3,20,1,16,1,3,1
Q003487,681.0,Sennacherib,Neo-Assyrian,Kuyunjik (Nineveh),ORCC,cylinder,3,21,1,4,1,3,1
Q003489,681.0,Sennacherib,Neo-Assyrian,Kuyunjik (Nineveh),ORCC,prism,3,33,1,17,1,19,1
Q003490,681.0,Sennacherib,Neo-Assyrian,Kuyunjik (Nineveh),ORCC,prism,3,38,1,43,1,22,1
Q003491,681.0,Sennacherib,Neo-Assyrian,Kuyunjik (Nineveh),ORCC,prism,3,36,1,32,1,15,1
Q003492,681.0,Sennacherib,Neo-Assyrian,Kuyunjik (Nineveh),ORCC,prism,3,39,1,14,1,86,1
Q003493,681.0,Sennacherib,Neo-Assyrian,Kuyunjik (Nineveh),ORCC,prism,3,22,1,11,1,26,1
Q003494,681.0,Sennacherib,Neo-Assyrian,Kuyunjik (Nineveh),ORCC,prism,3,21,1,12,1,47,1
Q003495,681.0,Sennacherib,Neo-Assyrian,Kuyunjik (Nineveh),ORCC,prism,3,26,1,7,1,11,1
Q003496,681.0,Sennacherib,Neo-Assyrian,Kuyunjik (Nineveh),ORCC,prism,3,38,1,42,1,18,1
Q003497,681.0,Sennacherib,Neo-Assyrian,Kuyunjik (Nineveh),ORCC,prism,3,35,1,37,1,23,1
Q003498,681.0,Sennacherib,Neo-Assyrian,Kuyunjik (Nineveh),ORCC,prism,3,38,1,47,1,21,1
Q003499,681.0,Sennacherib,Neo-Assyrian,Kuyunjik (Nineveh),ORCC,prism,3,41,1,14,1,54,1
Q003500,681.0,Sennacherib,Neo-Assyrian,Kuyunjik (Nineveh),ORCC,prism,3,13,1,5,1,5,1
Q003501,681.0,Sennacherib,Neo-Assyrian,Kuyunjik (Nineveh),ORCC,prism,3,41,1,31,1,18,1
Q003502,681.0,Sennacherib,Neo-Assyrian,Kuyunjik (Nineveh),ORCC,prism,3,8,1,9,1,32,1
Q003503,681.0,Sennacherib,Neo-Assyrian,Kuyunjik (Nineveh),ORCC,prism,3,32,1,28,1,13,1
Q003504,681.0,Sennacherib,Neo-Assyrian,Kuyunjik (Nineveh),ORCC,prism,3,29,1,64,1,54,1
Q003505,681.0,Sennacherib,Neo-Assyrian,Kuyunjik (Nineveh),ORCC,prism,3,43,1,32,1,61,1
Q003506,681.0,Sennacherib,Neo-Assyrian,Kuyunjik (Nineveh),ORCC,prism,3,21,1,25,1,49,1
Q003508,681.0,Sennacherib,Neo-Assyrian,Kuyunjik (Nineveh),ORCC,None,3,32,1,27,1,6,1
Q003509,681.0,Sennacherib,Neo-Assyrian,Kuyunjik (Nineveh),ORCC,None,3,16,1,1,1,18,1
Q003510,681.0,Sennacherib,Neo-Assyrian,Kuyunjik (Nineveh),ORCC,None,3,33,1,48,1,5,1
Q003511,681.0,Sennacherib,Neo-Assyrian,Kuyunjik (Nineveh),ORCC,None,3,12,1,27,1,17,1
Q003512,681.0,Sennacherib,Neo-Assyrian,Kuyunjik (Nineveh),ORCC,stele,3,33,1,38,1,0,1
Q003513,681.0,Sennacherib,Neo-Assyrian,Kuyunjik (Nineveh),ORCC,human-headed bull colossus,3,7,1,2,1,21,1
Q003514,681.0,Sennacherib,Neo-Assyrian,Kuyunjik (Nineveh),ORCC,human-headed lion colossus,3,57,1,74,1,37,1
Q003515,681.0,Sennacherib,Neo-Assyrian,Kuyunjik (Nineveh),ORCC,human-headed bull colossus,3,32,1,16,1,46,1
Q003516,681.0,Sennacherib,Neo-Assyrian,Kuyunjik (Nineveh),ORCC,human-headed bull colossus,3,10,1,2,1,7,1
Q003517,681.0,Sennacherib,Neo-Assyrian,Kuyunjik (Nineveh),ORCC,human-headed bull colossus,3,31,1,24,1,7,1
Q003518,681.0,Sennacherib,Neo-Assyrian,Kuyunjik (Nineveh),ORCC,human-headed bull colossus,3,7,1,6,1,21,1
Q003519,681.0,Sennacherib,Neo-Assyrian,Kuyunjik (Nineveh),ORCC,human-headed bull colossus,3,29,1,6,1,42,1
Q003520,681.0,Sennacherib,Neo-Assyrian,Kuyunjik (Nineveh),ORCC,human-headed bull colossus,3,21,1,22,1,0,1
Q003521,681.0,Sennacherib,Neo-Assyrian,Kuyunjik (Nineveh),ORCC,human-headed bull colossus,3,22,1,22,1,33,1
Q003523,681.0,Sennacherib,Neo-Assyrian,Kuyunjik (Nineveh),ORCC,human-headed bull colossus,3,27,1,27,1,10,1
Q003524,681.0,Sennacherib,Neo-Assyrian,Kuyunjik (Nineveh),ORCC,human-headed bull colossus,3,34,1,31,1,0,1
Q003525,681.0,Sennacherib,Neo-Assyrian,Kuyunjik (Nineveh),ORCC,human-headed lion colossus,3,43,1,23,1,1,1
Q003526,681.0,Sennacherib,Neo-Assyrian,Kuyunjik (Nineveh),ORCC,human-headed bull colossus,3,29,1,38,1,25,1
Q003527,681.0,Sennacherib,Neo-Assyrian,Kuyunjik (Nineveh),ORCC,wall slab (with reliefs),3,38,1,22,1,12,1
Q003528,681.0,Sennacherib,Neo-Assyrian,Kuyunjik (Nineveh),ORCC,wall slab (with reliefs),3,26,1,10,1,24,1
Q003529,681.0,Sennacherib,Neo-Assyrian,Kuyunjik (Nineveh),ORCC,wall slab (with reliefs),3,11,1,22,1,15,1
Q003530,681.0,Sennacherib,Neo-Assyrian,Kuyunjik (Nineveh),ORCC,wall slab (with reliefs),3,0,1,13,1,20,1
Q003531,681.0,Sennacherib,Neo-Assyrian,Kuyunjik (Nineveh),ORCC,wall slab (with reliefs),3,4,1,10,1,17,1
Q003532,681.0,Sennacherib,Neo-Assyrian,Kuyunjik (Nineveh),ORCC,wall slab (with reliefs),3,2,1,17,1,25,1
Q003533,681.0,Sennacherib,Neo-Assyrian,Kuyunjik (Nineveh),ORCC,wall slab (with reliefs),3,12,1,15,1,16,1
Q003534,681.0,Sennacherib,Neo-Assyrian,Kuyunjik (Nineveh),ORCC,wall slab (with reliefs),3,1,1,25,1,26,1
Q003535,681.0,Sennacherib,Neo-Assyrian,Kuyunjik (Nineveh),ORCC,wall slab (with reliefs),3,45,1,11,1,15,1
Q003536,681.0,Sennacherib,Neo-Assyrian,Kuyunjik (Nineveh),ORCC,wall slab (with reliefs),3,33,1,4,1,13,1
Q003537,681.0,Sennacherib,Neo-Assyrian,Kuyunjik (Nineveh),ORCC,wall slab (with reliefs),3,35,1,7,1,9,1
Q003538,681.0,Sennacherib,Neo-Assyrian,Kuyunjik (Nineveh),ORCC,wall slab (with reliefs),3,32,1,15,1,16,1
Q003539,681.0,Sennacherib,Neo-Assyrian,Kuyunjik (Nineveh),ORCC,wall slab (with reliefs),3,35,1,31,1,38,1
Q003540,681.0,Sennacherib,Neo-Assyrian,Kuyunjik (Nineveh),ORCC,wall slab (with reliefs),3,32,1,2,1,9,1
Q003541,681.0,Sennacherib,Neo-Assyrian,Kuyunjik (Nineveh),ORCC,wall slab (with reliefs),3,26,1,4,1,31,1
Q003542,681.0,Sennacherib,Neo-Assyrian,Kuyunjik (Nineveh),ORCC,wall slab (with reliefs),3,27,1,19,1,25,1
Q003547,681.0,Sennacherib,Neo-Assyrian,Kuyunjik (Nineveh),ORCC,wall slab (with reliefs),3,60,1,45,1,24,1
Q003548,681.0,Sennacherib,Neo-Assyrian,Kuyunjik (Nineveh),ORCC,wall slab (with reliefs),3,54,1,12,1,40,1
Q003549,681.0,Sennacherib,Neo-Assyrian,Kuyunjik (Nineveh),ORCC,wall slab (with reliefs),3,23,1,9,1,22,1
Q003550,681.0,Sennacherib,Neo-Assyrian,Kuyunjik (Nineveh),ORCC,wall slab (with reliefs),3,18,1,12,1,7,1
Q003552,681.0,Sennacherib,Neo-Assyrian,Kuyunjik (Nineveh),ORCC,threshold slab,3,25,1,32,1,11,1
Q003553,681.0,Sennacherib,Neo-Assyrian,Kuyunjik (Nineveh),ORCC,threshold slab,3,23,1,25,1,6,1
Q003554,681.0,Sennacherib,Neo-Assyrian,Kuyunjik (Nineveh),ORCC,human-headed lion colossus,3,6,1,17,1,10,1
Q003556,681.0,Sennacherib,Neo-Assyrian,Kuyunjik (Nineveh),ORCC,slab,3,31,1,24,1,4,1
Q003557,681.0,Sennacherib,Neo-Assyrian,Kuyunjik (Nineveh),ORCC,slab,3,31,1,25,1,11,1
Q003558,681.0,Sennacherib,Neo-Assyrian,Kuyunjik (Nineveh),ORCC,slab,3,18,1,30,1,19,1
Q003559,681.0,Sennacherib,Neo-Assyrian,Kuyunjik (Nineveh),ORCC,slab,3,22,1,4,1,18,1
Q003560,681.0,Sennacherib,Neo-Assyrian,Kuyunjik (Nineveh),ORCC,door socket,3,35,1,18,1,14,1
Q003561,681.0,Sennacherib,Neo-Assyrian,Kuyunjik (Nineveh),ORCC,door socket,3,25,1,5,1,38,1
Q003562,681.0,Sennacherib,Neo-Assyrian,Kuyunjik (Nineveh),ORCC,brick,3,32,1,22,1,42,1
Q003563,681.0,Sennacherib,Neo-Assyrian,Kuyunjik (Nineveh),ORCC,brick,3,18,1,16,1,26,1
Q003564,681.0,Sennacherib,Neo-Assyrian,Kuyunjik (Nineveh),ORCC,brick,3,25,1,33,1,28,1
Q003565,681.0,Sennacherib,Neo-Assyrian,Kuyunjik (Nineveh),ORCC,brick,3,40,1,44,1,40,1
Q003566,681.0,Sennacherib,Neo-Assyrian,Kuyunjik (Nineveh),ORCC,brick,3,28,1,8,1,15,1
Q003567,681.0,Sennacherib,Neo-Assyrian,Kuyunjik (Nineveh),ORCC,brick,3,31,1,9,1,39,1
Q003568,681.0,Sennacherib,Neo-Assyrian,Kuyunjik (Nineveh),ORCC,brick,3,26,1,9,1,1,1
Q003569,681.0,Sennacherib,Neo-Assyrian,Kuyunjik (Nineveh),ORCC,brick,3,37,1,39,1,31,1
Q003570,681.0,Sennacherib,Neo-Assyrian,Kuyunjik (Nineveh),ORCC,brick,3,30,1,10,1,17,1
Q003571,681.0,Sennacherib,Neo-Assyrian,Kuyunjik (Nineveh),ORCC,brick,3,16,1,10,1,9,1
Q003572,681.0,Sennacherib,Neo-Assyrian,Kuyunjik (Nineveh),ORCC,brick,3,51,1,53,1,45,1
Q003573,681.0,Sennacherib,Neo-Assyrian,Kuyunjik (Nineveh),ORCC,brick,3,27,1,17,1,22,1
Q003574,681.0,Sennacherib,Neo-Assyrian,Kuyunjik (Nineveh),ORCC,brick,3,34,1,31,1,31,1
Q003576,681.0,Sennacherib,Neo-Assyrian,Kuyunjik (Nineveh),ORCC,bead,3,27,1,25,1,11,1
Q003577,681.0,Sennacherib,Neo-Assyrian,Kuyunjik (Nineveh),ORCC,bead,3,31,1,33,1,12,1
Q003578,681.0,Sennacherib,Neo-Assyrian,Kuyunjik (Nineveh),ORCC,bead,3,17,1,36,1,2,1
Q003579,681.0,Sennacherib,Neo-Assyrian,Kuyunjik (Nineveh),ORCC,bead,3,30,1,16,1,1,1
Q003608,727.0,Tiglath-pileser III,Neo-Assyrian,Nimrud (Kalhu),ORCC,duck weight,3,66,1,46,1,70,1
Q003609,727.0,Tiglath-pileser III,Neo-Assyrian,Nimrud (Kalhu),ORCC,lion weight,3,69,1,58,1,66,1
Q003610,727.0,Tiglath-pileser III,Neo-Assyrian,Qalat Sherqat (Assur),ORCC,vessel,3,71,1,59,1,74,1
Q003611,727.0,Tiglath-pileser III,Neo-Assyrian,Qalat Sherqat (Assur),ORCC,enameled tile,3,71,1,60,1,74,1
Q003612,727.0,Tiglath-pileser III,Neo-Assyrian,Qalat Sherqat (Assur),ORCC,enameled tile,3,69,1,47,1,69,1
Q003613,727.0,Tiglath-pileser III,Neo-Assyrian,Qalat Sherqat (Assur),ORCC,bead,3,64,1,50,1,64,1
Q003617,727.0,Tiglath-pileser III,Neo-Assyrian,Arslan Tash (Ḫadatu),ORCC,lion colossus,3,69,1,63,1,92,1
Q003618,727.0,Tiglath-pileser III,Neo-Assyrian,Tell Tayinat (Unqi),ORCC,disk,3,74,1,60,1,65,1
Q003619,727.0,Tiglath-pileser III,Neo-Assyrian,Nimrud (Kalhu),ORCC,None,3,73,1,80,1,77,1
Q003620,727.0,Tiglath-pileser III,Neo-Assyrian,Nimrud (Kalhu),ORCC,vessel,3,70,1,66,1,73,1
Q003621,727.0,Tiglath-pileser III,Neo-Assyrian,Nimrud (Kalhu),ORCC,vessel,3,67,1,56,1,74,1
Q003700,631.0,Ashurbanipal,Neo-Assyrian,Kuyunjik (Nineveh),ORCC,prism,3,32,1,76,1,12,1
Q003701,631.0,Ashurbanipal,Neo-Assyrian,Kuyunjik (Nineveh),ORCC,prism,3,14,1,6,1,1,1
Q003702,631.0,Ashurbanipal,Neo-Assyrian,Kuyunjik (Nineveh),ORCC,prism,3,7,1,5,1,3,1
Q003703,631.0,Ashurbanipal,Neo-Assyrian,Kuyunjik (Nineveh),ORCC,prism,3,3,1,4,1,3,1
Q003704,631.0,Ashurbanipal,Neo-Assyrian,Kuyunjik (Nineveh),ORCC,prism,3,3,1,8,1,8,1
Q003705,631.0,Ashurbanipal,Neo-Assyrian,Kuyunjik (Nineveh),ORCC,prism,3,4,1,9,1,38,1
Q003706,631.0,Ashurbanipal,Neo-Assyrian,Nimrud (Kalhu),ORCC,prism,3,6,1,7,1,13,1
Q003707,631.0,Ashurbanipal,Neo-Assyrian,Kuyunjik (Nineveh),ORCC,prism,3,1,1,9,1,9,1
Q003708,631.0,Ashurbanipal,Neo-Assyrian,Kuyunjik (Nineveh),ORCC,"prism, vertical cylinder",3,6,1,15,1,12,1
Q003709,631.0,Ashurbanipal,Neo-Assyrian,Kuyunjik (Nineveh),ORCC,prism,3,3,1,7,1,13,1
Q003710,631.0,Ashurbanipal,Neo-Assyrian,Kuyunjik (Nineveh),ORCC,prism,3,7,1,13,1,12,1
Q003711,631.0,Ashurbanipal,Neo-Assyrian,Babylon (Bābili),ORCC,prism,3,12,1,13,1,20,1
Q003712,631.0,Ashurbanipal,Neo-Assyrian,Kuyunjik (Nineveh),ORCC,prism,3,7,1,16,1,21,1
Q003713,631.0,Ashurbanipal,Neo-Assyrian,Kuyunjik (Nineveh),ORCC,prism,3,28,1,36,1,4,1
Q003714,631.0,Ashurbanipal,Neo-Assyrian,Kuyunjik (Nineveh),ORCC,prism,3,9,1,1,1,11,1
Q003715,631.0,Ashurbanipal,Neo-Assyrian,Kuyunjik (Nineveh),ORCC,prism,3,9,1,15,1,24,1
Q003716,631.0,Ashurbanipal,Neo-Assyrian,Kuyunjik (Nineveh),ORCC,prism,3,15,1,14,1,14,1
Q003717,631.0,Ashurbanipal,Neo-Assyrian,Kuyunjik (Nineveh),ORCC,prism,3,7,1,4,1,7,1
Q003718,631.0,Ashurbanipal,Neo-Assyrian,Kuyunjik (Nineveh),ORCC,prism,3,13,1,46,1,26,1
Q003719,631.0,Ashurbanipal,Neo-Assyrian,Kuyunjik (Nineveh),ORCC,prism,3,29,1,55,1,33,1
Q003720,631.0,Ashurbanipal,Neo-Assyrian,Kuyunjik (Nineveh),ORCC,cylinder,3,8,1,8,1,1,1
Q003721,631.0,Ashurbanipal,Neo-Assyrian,Kuyunjik (Nineveh),ORCC,slab,3,5,1,10,1,2,1
Q003722,631.0,Ashurbanipal,Neo-Assyrian,Kuyunjik (Nineveh),ORCC,slab,3,7,1,15,1,18,1
Q003723,631.0,Ashurbanipal,Neo-Assyrian,Kuyunjik (Nineveh),ORCC,slab (sculptured),3,34,1,51,1,36,1
Q003724,631.0,Ashurbanipal,Neo-Assyrian,Kuyunjik (Nineveh),ORCC,slab (sculptured),3,9,1,8,1,5,1
Q003725,631.0,Ashurbanipal,Neo-Assyrian,Kuyunjik (Nineveh),ORCC,slab (sculptured),3,26,1,50,1,21,1
Q003726,631.0,Ashurbanipal,Neo-Assyrian,Kuyunjik (Nineveh),ORCC,slab (sculptured),3,13,1,9,1,6,1
Q003727,631.0,Ashurbanipal,Neo-Assyrian,Kuyunjik (Nineveh),ORCC,slab (sculptured),3,6,1,26,1,4,1
Q003728,631.0,Ashurbanipal,Neo-Assyrian,Kuyunjik (Nineveh),ORCC,slab (sculptured),3,19,1,40,1,48,1
Q003730,631.0,Ashurbanipal,Neo-Assyrian,Kuyunjik (Nineveh),ORCC,slab (sculptured),3,20,1,27,1,19,1
Q003731,631.0,Ashurbanipal,Neo-Assyrian,Kuyunjik (Nineveh),ORCC,slab (sculptured),3,11,1,54,1,6,1
Q003732,631.0,Ashurbanipal,Neo-Assyrian,Kuyunjik (Nineveh),ORCC,slab (sculptured),3,32,1,28,1,24,1
Q003733,631.0,Ashurbanipal,Neo-Assyrian,Kuyunjik (Nineveh),ORCC,slab (sculptured),3,28,1,44,1,16,1
Q003734,631.0,Ashurbanipal,Neo-Assyrian,Kuyunjik (Nineveh),ORCC,slab (sculptured),3,27,1,39,1,12,1
Q003735,631.0,Ashurbanipal,Neo-Assyrian,Kuyunjik (Nineveh),ORCC,slab (sculptured),3,14,1,23,1,12,1
Q003736,631.0,Ashurbanipal,Neo-Assyrian,Kuyunjik (Nineveh),ORCC,slab (sculptured),3,18,1,1,1,8,1
Q003737,631.0,Ashurbanipal,Neo-Assyrian,Kuyunjik (Nineveh),ORCC,slab (sculptured),3,23,1,36,1,27,1
Q003738,631.0,Ashurbanipal,Neo-Assyrian,Kuyunjik (Nineveh),ORCC,slab (sculptured),3,21,1,5,1,17,1
Q003739,631.0,Ashurbanipal,Neo-Assyrian,Kuyunjik (Nineveh),ORCC,slab (sculptured),3,42,1,58,1,23,1
Q003740,631.0,Ashurbanipal,Neo-Assyrian,Kuyunjik (Nineveh),ORCC,slab (sculptured),3,55,1,61,1,26,1
Q003741,631.0,Ashurbanipal,Neo-Assyrian,Kuyunjik (Nineveh),ORCC,slab (sculptured),3,15,1,62,1,19,1
Q003742,631.0,Ashurbanipal,Neo-Assyrian,Kuyunjik (Nineveh),ORCC,slab (sculptured),3,20,1,18,1,4,1
Q003743,631.0,Ashurbanipal,Neo-Assyrian,Kuyunjik (Nineveh),ORCC,slab (sculptured),3,47,1,49,1,41,1
Q003744,631.0,Ashurbanipal,Neo-Assyrian,Kuyunjik (Nineveh),ORCC,slab (sculptured),3,49,1,39,1,31,1
Q003745,631.0,Ashurbanipal,Neo-Assyrian,Kuyunjik (Nineveh),ORCC,slab (sculptured),3,28,1,77,1,2,1
Q003746,631.0,Ashurbanipal,Neo-Assyrian,Kuyunjik (Nineveh),ORCC,slab (sculptured),3,28,1,11,1,22,1
Q003748,631.0,Ashurbanipal,Neo-Assyrian,Kuyunjik (Nineveh),ORCC,slab (sculptured),3,22,1,18,1,67,1
Q003749,631.0,Ashurbanipal,Neo-Assyrian,Kuyunjik (Nineveh),ORCC,slab (sculptured),3,24,1,52,1,31,1
Q003750,631.0,Ashurbanipal,Neo-Assyrian,Kuyunjik (Nineveh),ORCC,slab (sculptured),3,23,1,29,1,13,1
Q003751,631.0,Ashurbanipal,Neo-Assyrian,Kuyunjik (Nineveh),ORCC,slab (sculptured),3,33,1,29,1,39,1
Q003753,631.0,Ashurbanipal,Neo-Assyrian,Kuyunjik (Nineveh),ORCC,slab (sculptured),3,15,1,20,1,5,1
Q003754,631.0,Ashurbanipal,Neo-Assyrian,Kuyunjik (Nineveh),ORCC,slab (sculptured),3,6,1,19,1,3,1
Q003755,631.0,Ashurbanipal,Neo-Assyrian,Kuyunjik (Nineveh),ORCC,slab (sculptured),3,14,1,28,1,11,1
Q003756,631.0,Ashurbanipal,Neo-Assyrian,Kuyunjik (Nineveh),ORCC,slab (sculptured),3,13,1,28,1,17,1
Q003757,631.0,Ashurbanipal,Neo-Assyrian,Kuyunjik (Nineveh),ORCC,slab (sculptured),3,13,1,18,1,7,1
Q003758,631.0,Ashurbanipal,Neo-Assyrian,Kuyunjik (Nineveh),ORCC,paving stone,3,0,1,19,1,32,1
Q003759,631.0,Ashurbanipal,Neo-Assyrian,Kuyunjik (Nineveh),ORCC,paving stone,3,7,1,23,1,3,1
Q003760,631.0,Ashurbanipal,Neo-Assyrian,Qalat Sherqat (Assur),ORCC,None,3,1,1,13,1,54,1
Q003761,631.0,Ashurbanipal,Neo-Assyrian,Kuyunjik (Nineveh),ORCC,None,3,2,1,15,1,11,1
Q003762,631.0,Ashurbanipal,Neo-Assyrian,Kuyunjik (Nineveh),ORCC,anthropomorphic statue,3,22,1,22,1,36,1
Q003763,631.0,Ashurbanipal,Neo-Assyrian,Kuyunjik (Nineveh),ORCC,"human-headed bull colossus, slab",3,26,1,31,1,41,1
Q003764,631.0,Ashurbanipal,Neo-Assyrian,Kuyunjik (Nineveh),ORCC,seal (impression),3,24,1,25,1,15,1
Q003765,631.0,Ashurbanipal,Neo-Assyrian,Kuyunjik (Nineveh),ORCC,seal (impression),3,20,1,32,1,30,1
Q003766,631.0,Ashurbanipal,Neo-Assyrian,Kuyunjik (Nineveh),ORCC,seal (impression),3,24,1,14,1,13,1
Q003767,631.0,Ashurbanipal,Neo-Assyrian,Kuyunjik (Nineveh),ORCC,vessel,3,15,1,23,1,14,1
Q003768,631.0,Ashurbanipal,Neo-Assyrian,Kuyunjik (Nineveh),ORCC,vessel,3,21,1,12,1,12,1
Q003769,631.0,Ashurbanipal,Neo-Assyrian,Kuyunjik (Nineveh),ORCC,vessel,3,27,1,25,1,17,1
Q003770,631.0,Ashurbanipal,Neo-Assyrian,Kuyunjik (Nineveh),ORCC,glazed brick,3,25,1,9,1,25,1
Q003771,631.0,Ashurbanipal,Neo-Assyrian,Kuyunjik (Nineveh),ORCC,None,3,19,1,15,1,2,1
Q003772,631.0,Ashurbanipal,Neo-Assyrian,Kuyunjik (Nineveh),ORCC,None,3,32,1,52,1,36,1
Q003773,631.0,Ashurbanipal,Neo-Assyrian,Kuyunjik (Nineveh),ORCC,None,3,18,1,2,1,19,1
Q003774,631.0,Ashurbanipal,Neo-Assyrian,Kuyunjik (Nineveh),ORCC,None,3,17,1,25,1,4,1
Q003775,631.0,Ashurbanipal,Neo-Assyrian,Kuyunjik (Nineveh),ORCC,None,3,36,1,80,1,48,1
Q003776,631.0,Ashurbanipal,Neo-Assyrian,Kuyunjik (Nineveh),ORCC,None,3,3,1,27,1,15,1
Q003777,631.0,Ashurbanipal,Neo-Assyrian,Kuyunjik (Nineveh),ORCC,None,3,27,1,62,1,2,1
Q003778,631.0,Ashurbanipal,Neo-Assyrian,Kuyunjik (Nineveh),ORCC,None,3,5,1,11,1,13,1
Q003779,631.0,Ashurbanipal,Neo-Assyrian,Kuyunjik (Nineveh),ORCC,None,3,24,1,32,1,53,1
Q003780,631.0,Ashurbanipal,Neo-Assyrian,Kuyunjik (Nineveh),ORCC,None,3,25,1,10,1,22,1
Q003781,631.0,Ashurbanipal,Neo-Assyrian,Kuyunjik (Nineveh),ORCC,None,3,23,1,33,1,30,1
Q003782,631.0,Ashurbanipal,Neo-Assyrian,Kuyunjik (Nineveh),ORCC,None,3,7,1,32,1,17,1
Q003783,631.0,Ashurbanipal,Neo-Assyrian,Kuyunjik (Nineveh),ORCC,None,3,3,1,0,1,23,1
Q003784,631.0,Ashurbanipal,Neo-Assyrian,Kuyunjik (Nineveh),ORCC,None,3,19,1,28,1,7,1
Q003785,631.0,Ashurbanipal,Neo-Assyrian,Kuyunjik (Nineveh),ORCC,None,3,23,1,41,1,49,1
Q003786,631.0,Ashurbanipal,Neo-Assyrian,Kuyunjik (Nineveh),ORCC,None,3,26,1,17,1,35,1
Q003787,631.0,Ashurbanipal,Neo-Assyrian,Kuyunjik (Nineveh),ORCC,None,3,25,1,3,1,45,1
Q003788,631.0,Ashurbanipal,Neo-Assyrian,Kuyunjik (Nineveh),ORCC,None,3,19,1,45,1,29,1
Q003789,631.0,Ashurbanipal,Neo-Assyrian,Kuyunjik (Nineveh),ORCC,None,3,35,1,79,1,24,1
Q003790,631.0,Ashurbanipal,Neo-Assyrian,Kuyunjik (Nineveh),ORCC,None,3,5,1,26,1,6,1
Q003791,631.0,Ashurbanipal,Neo-Assyrian,Kuyunjik (Nineveh),ORCC,None,3,6,1,28,1,21,1
Q003792,631.0,Ashurbanipal,Neo-Assyrian,Kuyunjik (Nineveh),ORCC,None,3,32,1,34,1,25,1
Q003793,631.0,Ashurbanipal,Neo-Assyrian,Kuyunjik (Nineveh),ORCC,None,3,20,1,19,1,19,1
Q003794,631.0,Ashurbanipal,Neo-Assyrian,Kuyunjik (Nineveh),ORCC,None,3,21,1,8,1,57,1
Q003795,631.0,Ashurbanipal,Neo-Assyrian,Kuyunjik (Nineveh),ORCC,None,3,33,1,45,1,22,1
Q003796,631.0,Ashurbanipal,Neo-Assyrian,Kuyunjik (Nineveh),ORCC,None,3,9,1,5,1,4,1
Q003797,631.0,Ashurbanipal,Neo-Assyrian,Kuyunjik (Nineveh),ORCC,None,3,11,1,19,1,3,1
Q003798,631.0,Ashurbanipal,Neo-Assyrian,Kuyunjik (Nineveh),ORCC,None,3,14,1,5,1,18,1
Q003799,631.0,Ashurbanipal,Neo-Assyrian,Babylon,ORCC,cylinder,3,1,1,18,1,32,1
Q003800,631.0,Ashurbanipal,Neo-Assyrian,Babylon,ORCC,stele,3,19,1,26,1,25,1
Q003801,631.0,Ashurbanipal,Neo-Assyrian,Babylon,ORCC,cylinder,3,41,1,44,1,41,1
Q003802,631.0,Ashurbanipal,Neo-Assyrian,Babylon,ORCC,cylinder,3,40,1,76,1,55,1
Q003803,631.0,Ashurbanipal,Neo-Assyrian,Babylon,ORCC,cylinder,3,40,1,62,1,56,1
Q003804,631.0,Ashurbanipal,Neo-Assyrian,Babylon,ORCC,stele,3,13,1,3,1,5,1
Q003805,631.0,Ashurbanipal,Neo-Assyrian,Babylon,ORCC,brick,3,10,1,5,1,12,1
Q003806,631.0,Ashurbanipal,Neo-Assyrian,Babylon,ORCC,brick,3,19,1,16,1,25,1
Q003807,631.0,Ashurbanipal,Neo-Assyrian,Babylon,ORCC,brick,3,24,1,19,1,60,1
Q003808,631.0,Ashurbanipal,Neo-Assyrian,Babylon,ORCC,brick,3,13,1,4,1,10,1
Q003809,631.0,Ashurbanipal,Neo-Assyrian,Babylon,ORCC,brick,3,8,1,22,1,25,1
Q003810,631.0,Ashurbanipal,Neo-Assyrian,Sippar,ORCC,cylinder,3,11,1,2,1,1,1
Q003811,631.0,Ashurbanipal,Neo-Assyrian,Borsippa,ORCC,stele,3,13,1,0,1,7,1
Q003812,631.0,Ashurbanipal,Neo-Assyrian,Borsippa,ORCC,cylinder,3,38,1,44,1,39,1
Q003813,631.0,Ashurbanipal,Neo-Assyrian,Nippur,ORCC,cylinder,3,23,1,9,1,28,1
Q003814,631.0,Ashurbanipal,Neo-Assyrian,Nippur,ORCC,brick,3,0,1,14,1,30,1
Q003815,631.0,Ashurbanipal,Neo-Assyrian,Nippur,ORCC,brick,3,34,1,2,1,7,1
Q003816,631.0,Ashurbanipal,Neo-Assyrian,Nippur,ORCC,brick,3,36,1,46,1,61,1
Q003817,631.0,Ashurbanipal,Neo-Assyrian,Uruk,ORCC,brick,3,11,1,12,1,38,1
Q003818,631.0,Ashurbanipal,Neo-Assyrian,Nineveh,ORCC,cylinder,3,15,1,7,1,34,1
Q003819,631.0,Ashurbanipal,Neo-Assyrian,Dur-Kurigalzu,ORCC,brick,3,20,1,27,1,23,1
Q003820,631.0,Ashurbanipal,Neo-Assyrian,Me-Turran,ORCC,brick,3,12,1,21,1,13,1
Q003821,631.0,Ashurbanipal,Neo-Assyrian,Babylonia,ORCC,None,3,11,1,45,1,65,1
Q003822,631.0,Ashurbanipal,Neo-Assyrian,Kuyunjik (Nineveh),ORCC,None,3,22,1,28,1,6,1
Q003823,631.0,Ashurbanipal,Neo-Assyrian,Kuyunjik (Nineveh),ORCC,None,3,12,1,39,1,7,1
Q003824,631.0,Ashurbanipal,Neo-Assyrian,Kuyunjik (Nineveh),ORCC,None,3,30,1,35,1,30,1
Q003825,631.0,Ashurbanipal,Neo-Assyrian,Kuyunjik (Nineveh),ORCC,None,3,42,1,70,1,18,1
Q003826,631.0,Ashurbanipal,Neo-Assyrian,Kuyunjik (Nineveh),ORCC,None,3,31,1,30,1,46,1
Q003827,631.0,Ashurbanipal,Neo-Assyrian,Kuyunjik (Nineveh),ORCC,None,3,21,1,3,1,28,1
Q003828,631.0,Ashurbanipal,Neo-Assyrian,Kuyunjik (Nineveh),ORCC,None,3,34,1,62,1,35,1
Q003829,631.0,Ashurbanipal,Neo-Assyrian,Kuyunjik (Nineveh),ORCC,None,3,13,1,5,1,38,1
Q003840,631.0,Ashurbanipal,Neo-Assyrian,Ur,ORCC,door socket,3,45,1,53,1,37,1
Q003841,631.0,Ashurbanipal,Neo-Assyrian,Ur,ORCC,cone,3,14,1,6,1,52,1
Q003845,631.0,Ashurbanipal,Neo-Assyrian,Ur,ORCC,brick,3,7,1,16,1,11,1
Q003846,631.0,Ashurbanipal,Neo-Assyrian,Ur,ORCC,brick,3,17,1,10,1,20,1
Q003854,631.0,Ashurbanipal,Neo-Assyrian,Ur,ORCC,disk,3,14,1,11,1,2,1
Q003855,631.0,Ashurbanipal,Neo-Assyrian,Ur,ORCC,uncertain,3,29,1,22,1,23,1
Q003862,612.0,Sîn-šarru-iškun,Neo-Assyrian,Kuyunjik (Nineveh),ORCC,cylinder,3,21,1,12,1,13,1
Q003863,612.0,Sîn-šarru-iškun,Neo-Assyrian,Kuyunjik (Nineveh),ORCC,cylinder,3,37,1,27,1,15,1
Q003864,612.0,Sîn-šarru-iškun,Neo-Assyrian,Kuyunjik (Nineveh),ORCC,cylinder,3,23,1,27,1,12,1
Q003865,612.0,Sîn-šarru-iškun,Neo-Assyrian,Kuyunjik (Nineveh),ORCC,cylinder,3,35,1,46,1,30,1
Q003866,612.0,Sîn-šarru-iškun,Neo-Assyrian,Kuyunjik (Nineveh),ORCC,cylinder,3,53,1,26,1,25,1
Q003867,612.0,Sîn-šarru-iškun,Neo-Assyrian,Kuyunjik (Nineveh),ORCC,None,3,21,1,12,1,13,1
Q003868,612.0,Sîn-šarru-iškun,Neo-Assyrian,Qalat Sherqat (Assur),ORCC,prism,3,36,1,26,1,11,1
Q003869,612.0,Sîn-šarru-iškun,Neo-Assyrian,Qalat Sherqat (Assur),ORCC,prism,3,31,1,17,1,27,1
Q003870,612.0,Sîn-šarru-iškun,Neo-Assyrian,Qalat Sherqat (Assur),ORCC,prism,3,19,1,10,1,22,1
Q003871,612.0,Sîn-šarru-iškun,Neo-Assyrian,Qalat Sherqat (Assur),ORCC,cylinder,3,27,1,32,1,29,1
Q003872,612.0,Sîn-šarru-iškun,Neo-Assyrian,Qalat Sherqat (Assur),ORCC,cone,3,70,1,69,1,99,1
Q003874,612.0,Sîn-šarru-iškun,Neo-Assyrian,Qalat Sherqat (Assur),ORCC,brick,3,68,1,67,1,82,1
Q003876,612.0,Sîn-šarru-iškun,Neo-Assyrian,Qalat Sherqat (Assur),ORCC,None,3,40,1,33,1,42,1
Q003877,612.0,Sîn-šarru-iškun,Neo-Assyrian,Qalat Sherqat (Assur),ORCC,None,3,24,1,19,1,42,1
Q003878,612.0,Sîn-šarru-iškun,Neo-Assyrian,Qalat Sherqat (Assur),ORCC,None,3,67,1,93,1,93,1
Q003879,612.0,Sîn-šarru-iškun,Neo-Assyrian,Qalat Sherqat (Assur),ORCC,None,3,43,1,48,1,57,1
Q003880,612.0,Sîn-šarru-iškun,Neo-Assyrian,Nimrud (Kalhu),ORCC,cylinder,3,19,1,0,1,3,1
Q003911,681.0,Sennacherib,Neo-Assyrian,Kuyunjik (Nineveh),ORCC,bead,3,25,1,15,1,1,1
Q003912,681.0,Sennacherib,Neo-Assyrian,Kuyunjik (Nineveh),ORCC,bead,3,36,1,22,1,1,1
Q003913,681.0,Sennacherib,Neo-Assyrian,Kuyunjik (Nineveh),ORCC,bead,3,19,1,35,1,7,1
Q003914,681.0,Sennacherib,Neo-Assyrian,Kuyunjik (Nineveh),ORCC,bead,3,31,1,15,1,8,1
Q003915,681.0,Sennacherib,Neo-Assyrian,Kuyunjik (Nineveh),ORCC,bead,3,31,1,23,1,9,1
Q003916,681.0,Sennacherib,Neo-Assyrian,Kuyunjik (Nineveh),ORCC,bead,3,26,1,7,1,15,1
Q003917,681.0,Sennacherib,Neo-Assyrian,Kuyunjik (Nineveh),ORCC,bead,3,33,1,12,1,21,1
Q003918,681.0,Sennacherib,Neo-Assyrian,Kuyunjik (Nineveh),ORCC,bead,3,28,1,17,1,17,1
Q003919,681.0,Sennacherib,Neo-Assyrian,Kuyunjik (Nineveh),ORCC,bead,3,31,1,11,1,21,1
Q003920,681.0,Sennacherib,Neo-Assyrian,Kuyunjik (Nineveh),ORCC,bead,3,35,1,1,1,2,1
Q003921,681.0,Sennacherib,Neo-Assyrian,Kuyunjik (Nineveh),ORCC,bead,3,29,1,4,1,29,1
Q003922,681.0,Sennacherib,Neo-Assyrian,Kuyunjik (Nineveh),ORCC,bead,3,50,1,29,1,50,1
Q003923,681.0,Sennacherib,Neo-Assyrian,Kuyunjik (Nineveh),ORCC,bead,3,41,1,2,1,5,1
Q003924,681.0,Sennacherib,Neo-Assyrian,Kuyunjik (Nineveh),ORCC,bead,3,61,1,20,1,41,1
Q003925,681.0,Sennacherib,Neo-Assyrian,Kuyunjik (Nineveh),ORCC,bead,3,37,1,2,1,12,1
Q003926,681.0,Sennacherib,Neo-Assyrian,Kuyunjik (Nineveh),ORCC,bead,3,35,1,8,1,14,1
Q003927,681.0,Sennacherib,Neo-Assyrian,Kuyunjik (Nineveh),ORCC,bead,3,31,1,8,1,17,1
Q003928,681.0,Sennacherib,Neo-Assyrian,Kuyunjik (Nineveh),ORCC,bead,3,37,1,5,1,17,1
Q003929,681.0,Sennacherib,Neo-Assyrian,Kuyunjik (Nineveh),ORCC,bead,3,39,1,5,1,28,1
Q003930,681.0,Sennacherib,Neo-Assyrian,Kuyunjik (Nineveh),ORCC,bead,3,31,1,31,1,39,1
Q003931,681.0,Sennacherib,Neo-Assyrian,Kuyunjik (Nineveh),ORCC,bead,3,35,1,2,1,38,1
Q003932,681.0,Sennacherib,Neo-Assyrian,Kuyunjik (Nineveh),ORCC,bead,3,45,1,19,1,45,1
Q003933,681.0,Sennacherib,Neo-Assyrian,Kuyunjik (Nineveh),ORCC,bead,3,26,1,1,1,24,1
Q003934,681.0,Sennacherib,Neo-Assyrian,Kuyunjik (Nineveh),ORCC,bead,3,32,1,19,1,30,1
Q003935,681.0,Sennacherib,Neo-Assyrian,Kuyunjik (Nineveh),ORCC,bead,3,37,1,60,1,36,1
Q003936,681.0,Sennacherib,Neo-Assyrian,Kuyunjik (Nineveh),ORCC,bead,3,31,1,23,1,32,1
Q003937,681.0,Sennacherib,Neo-Assyrian,Kuyunjik (Nineveh),ORCC,horse trough,3,51,1,39,1,58,1
Q003938,681.0,Sennacherib,Neo-Assyrian,Kuyunjik (Nineveh),ORCC,vessel,3,41,1,10,1,52,1
Q003939,681.0,Sennacherib,Neo-Assyrian,Kuyunjik (Nineveh),ORCC,vessel,3,27,1,5,1,28,1
Q003940,681.0,Sennacherib,Neo-Assyrian,Kuyunjik (Nineveh),ORCC,None,3,11,1,20,1,10,1
Q003941,681.0,Sennacherib,Neo-Assyrian,Kuyunjik (Nineveh),ORCC,None,3,43,1,37,1,18,1
Q003942,681.0,Sennacherib,Neo-Assyrian,Kuyunjik (Nineveh),ORCC,None,3,29,1,8,1,18,1
Q003943,681.0,Sennacherib,Neo-Assyrian,Kuyunjik (Nineveh),ORCC,None,3,11,1,18,1,32,1
Q003944,681.0,Sennacherib,Neo-Assyrian,Kuyunjik (Nineveh),ORCC,None,3,10,1,14,1,38,1
Q003945,681.0,Sennacherib,Neo-Assyrian,Kuyunjik (Nineveh),ORCC,None,3,20,1,17,1,37,1
Q003946,681.0,Sennacherib,Neo-Assyrian,Kuyunjik (Nineveh),ORCC,None,3,33,1,11,1,55,1
Q003947,681.0,Sennacherib,Neo-Assyrian,Kuyunjik (Nineveh),ORCC,None,3,26,1,2,1,12,1
Q003948,681.0,Sennacherib,Neo-Assyrian,Kuyunjik (Nineveh),ORCC,None,3,11,1,33,1,9,1
Q003949,681.0,Sennacherib,Neo-Assyrian,Kuyunjik (Nineveh),ORCC,None,3,17,1,4,1,20,1
Q003950,681.0,Sennacherib,Neo-Assyrian,Kuyunjik (Nineveh),ORCC,None,3,39,1,27,1,49,1
Q003951,681.0,Sennacherib,Neo-Assyrian,Kuyunjik (Nineveh),ORCC,None,3,26,1,6,1,53,1
Q003952,681.0,Sennacherib,Neo-Assyrian,Kuyunjik (Nineveh),ORCC,None,3,32,1,14,1,65,1
Q003953,681.0,Sennacherib,Neo-Assyrian,Kuyunjik (Nineveh),ORCC,None,3,35,1,82,1,57,1
Q003954,681.0,Sennacherib,Neo-Assyrian,Kuyunjik (Nineveh),ORCC,None,3,22,1,16,1,42,1
Q003955,681.0,Sennacherib,Neo-Assyrian,Kuyunjik (Nineveh),ORCC,None,3,46,1,28,1,44,1
Q003956,681.0,Sennacherib,Neo-Assyrian,Kuyunjik (Nineveh),ORCC,None,3,49,1,3,1,48,1
Q003957,681.0,Sennacherib,Neo-Assyrian,Kuyunjik (Nineveh),ORCC,None,3,11,1,20,1,30,1
Q003958,681.0,Sennacherib,Neo-Assyrian,Kuyunjik (Nineveh),ORCC,None,3,40,1,42,1,45,1
Q003959,681.0,Sennacherib,Neo-Assyrian,Kuyunjik (Nineveh),ORCC,None,3,41,1,28,1,53,1
Q003960,681.0,Sennacherib,Neo-Assyrian,Kuyunjik (Nineveh),ORCC,None,3,38,1,58,1,55,1
Q003961,681.0,Sennacherib,Neo-Assyrian,Kuyunjik (Nineveh),ORCC,None,3,36,1,2,1,3,1
Q003962,681.0,Sennacherib,Neo-Assyrian,Kuyunjik (Nineveh),ORCC,None,3,38,1,8,1,26,1
Q003963,681.0,Sennacherib,Neo-Assyrian,Kuyunjik (Nineveh),ORCC,None,3,67,1,50,1,84,1
Q003964,681.0,Sennacherib,Neo-Assyrian,Kuyunjik (Nineveh),ORCC,None,3,48,1,57,1,38,1
Q003965,681.0,Sennacherib,Neo-Assyrian,Kuyunjik (Nineveh),ORCC,None,3,40,1,47,1,21,1
Q003966,681.0,Sennacherib,Neo-Assyrian,Kuyunjik (Nineveh),ORCC,None,3,44,1,35,1,60,1
Q003967,681.0,Sennacherib,Neo-Assyrian,Kuyunjik (Nineveh),ORCC,None,3,51,1,80,1,57,1
Q003968,681.0,Sennacherib,Neo-Assyrian,Kuyunjik (Nineveh),ORCC,None,3,40,1,31,1,44,1
Q003969,681.0,Sennacherib,Neo-Assyrian,Qalat Sherqat (Assur),ORCC,prism,3,0,1,15,1,21,1
Q003970,681.0,Sennacherib,Neo-Assyrian,Qalat Sherqat (Assur),ORCC,prism,3,46,1,33,1,58,1
Q003971,681.0,Sennacherib,Neo-Assyrian,Qalat Sherqat (Assur),ORCC,prismatic cylinder,3,21,1,7,1,5,1
Q003972,681.0,Sennacherib,Neo-Assyrian,Qalat Sherqat (Assur),ORCC,stele,3,31,1,18,1,2,1
Q003973,681.0,Sennacherib,Neo-Assyrian,Qalat Sherqat (Assur),ORCC,None,3,17,1,1,1,12,1
Q003974,681.0,Sennacherib,Neo-Assyrian,Qalat Sherqat (Assur),ORCC,block,3,34,1,16,1,25,1
Q003975,681.0,Sennacherib,Neo-Assyrian,Qalat Sherqat (Assur),ORCC,block,3,32,1,44,1,40,1
Q003976,681.0,Sennacherib,Neo-Assyrian,Qalat Sherqat (Assur),ORCC,block,3,35,1,24,1,32,1
Q003977,681.0,Sennacherib,Neo-Assyrian,Qalat Sherqat (Assur),ORCC,block,3,47,1,21,1,36,1
Q003978,681.0,Sennacherib,Neo-Assyrian,Qalat Sherqat (Assur),ORCC,block,3,41,1,58,1,22,1
Q003979,681.0,Sennacherib,Neo-Assyrian,Qalat Sherqat (Assur),ORCC,series of blocks,3,41,1,37,1,26,1
Q003980,681.0,Sennacherib,Neo-Assyrian,Qalat Sherqat (Assur),ORCC,series of blocks,3,33,1,21,1,35,1
Q003981,681.0,Sennacherib,Neo-Assyrian,Qalat Sherqat (Assur),ORCC,series of blocks,3,22,1,10,1,46,1
Q003982,681.0,Sennacherib,Neo-Assyrian,Qalat Sherqat (Assur),ORCC,block,3,55,1,37,1,52,1
Q003983,681.0,Sennacherib,Neo-Assyrian,Qalat Sherqat (Assur),ORCC,block,3,35,1,32,1,40,1
Q003984,681.0,Sennacherib,Neo-Assyrian,Qalat Sherqat (Assur),ORCC,block,3,17,1,8,1,25,1
Q003985,681.0,Sennacherib,Neo-Assyrian,Qalat Sherqat (Assur),ORCC,block,3,29,1,26,1,22,1
Q003986,681.0,Sennacherib,Neo-Assyrian,Qalat Sherqat (Assur),ORCC,block,3,46,1,26,1,50,1
Q003987,681.0,Sennacherib,Neo-Assyrian,Qalat Sherqat (Assur),ORCC,block,3,37,1,32,1,43,1
Q003989,681.0,Sennacherib,Neo-Assyrian,Qalat Sherqat (Assur),ORCC,block,3,41,1,43,1,60,1
Q003990,681.0,Sennacherib,Neo-Assyrian,Qalat Sherqat (Assur),ORCC,block,3,39,1,34,1,40,1
Q003991,681.0,Sennacherib,Neo-Assyrian,Qalat Sherqat (Assur),ORCC,block,3,26,1,28,1,31,1
Q003992,681.0,Sennacherib,Neo-Assyrian,Qalat Sherqat (Assur),ORCC,block,3,33,1,12,1,39,1
Q003993,681.0,Sennacherib,Neo-Assyrian,Qalat Sherqat (Assur),ORCC,block,3,29,1,10,1,34,1
Q003995,681.0,Sennacherib,Neo-Assyrian,Qalat Sherqat (Assur),ORCC,door socket,3,27,1,41,1,19,1
Q003996,681.0,Sennacherib,Neo-Assyrian,Qalat Sherqat (Assur),ORCC,door socket,3,27,1,19,1,28,1
Q003998,681.0,Sennacherib,Neo-Assyrian,Qalat Sherqat (Assur),ORCC,plating,3,22,1,26,1,46,1
Q003999,681.0,Sennacherib,Neo-Assyrian,Qalat Sherqat (Assur),ORCC,plating,3,13,1,38,1,9,1
Q004000,681.0,Sennacherib,Neo-Assyrian,Qalat Sherqat (Assur),ORCC,brick,3,18,1,6,1,27,1
Q004001,681.0,Sennacherib,Neo-Assyrian,Qalat Sherqat (Assur),ORCC,brick,3,34,1,55,1,13,1
Q004002,681.0,Sennacherib,Neo-Assyrian,Qalat Sherqat (Assur),ORCC,brick,3,36,1,51,1,19,1
Q004003,681.0,Sennacherib,Neo-Assyrian,Qalat Sherqat (Assur),ORCC,brick,3,15,1,31,1,23,1
Q004004,681.0,Sennacherib,Neo-Assyrian,Qalat Sherqat (Assur),ORCC,brick,3,17,1,35,1,6,1
Q004005,681.0,Sennacherib,Neo-Assyrian,Qalat Sherqat (Assur),ORCC,brick,3,18,1,7,1,2,1
Q004006,681.0,Sennacherib,Neo-Assyrian,Qalat Sherqat (Assur),ORCC,brick,3,24,1,14,1,3,1
Q004007,681.0,Sennacherib,Neo-Assyrian,Qalat Sherqat (Assur),ORCC,brick,3,30,1,26,1,8,1
Q004008,681.0,Sennacherib,Neo-Assyrian,Qalat Sherqat (Assur),ORCC,brick,3,27,1,22,1,7,1
Q004009,681.0,Sennacherib,Neo-Assyrian,Qalat Sherqat (Assur),ORCC,brick,3,42,1,39,1,38,1
Q004010,681.0,Sennacherib,Neo-Assyrian,Qalat Sherqat (Assur),ORCC,brick,3,44,1,65,1,32,1
Q004014,681.0,Sennacherib,Neo-Assyrian,Qalat Sherqat (Assur),ORCC,None,3,49,1,89,1,38,1
Q004015,681.0,Sennacherib,Neo-Assyrian,Nimrud (Kalhu),ORCC,bead,3,42,1,16,1,8,1
Q004016,681.0,Sennacherib,Neo-Assyrian,Nimrud (Kalhu),ORCC,lion weight,3,28,1,15,1,35,1
Q004017,681.0,Sennacherib,Neo-Assyrian,Nimrud (Kalhu),ORCC,tablet (with seal impressions),3,52,1,51,1,87,1
Q004018,681.0,Sennacherib,Neo-Assyrian,Tell Sherif Khan (Tarbisu),ORCC,cylinder,3,36,1,44,1,30,1
Q004019,681.0,Sennacherib,Neo-Assyrian,Tell Sherif Khan (Tarbisu),ORCC,cone,3,27,1,9,1,13,1
Q004020,681.0,Sennacherib,Neo-Assyrian,Tell Sherif Khan (Tarbisu),ORCC,slab,3,29,1,36,1,41,1
Q004021,681.0,Sennacherib,Neo-Assyrian,Tell Sherif Khan (Tarbisu),ORCC,brick,3,23,1,26,1,13,1
Q004023,681.0,Sennacherib,Neo-Assyrian,Qasr Shamamuk (Kilizu),ORCC,slab,3,22,1,10,1,12,1
Q004024,681.0,Sennacherib,Neo-Assyrian,Qasr Shamamuk (Kilizu),ORCC,brick,3,30,1,6,1,14,1
Q004027,681.0,Sennacherib,Neo-Assyrian,Judi Dagh,ORCC,rock face,3,15,1,1,1,13,1
Q004028,681.0,Sennacherib,Neo-Assyrian,Bavian,ORCC,rock face,3,39,1,50,1,28,1
Q004029,681.0,Sennacherib,Neo-Assyrian,Jerwan Aqueduct,ORCC,block,3,29,1,22,1,34,1
Q004030,681.0,Sennacherib,Neo-Assyrian,Jerwan Aqueduct,ORCC,block,3,28,1,22,1,38,1
Q004031,681.0,Sennacherib,Neo-Assyrian,Jerwan Aqueduct,ORCC,series of blocks,3,28,1,9,1,7,1
Q004032,681.0,Sennacherib,Neo-Assyrian,Jerwan Aqueduct,ORCC,series of blocks,3,52,1,37,1,65,1
Q004033,681.0,Sennacherib,Neo-Assyrian,Jerwan Aqueduct,ORCC,series of blocks,3,22,1,14,1,9,1
Q004034,681.0,Sennacherib,Neo-Assyrian,Wadi Bastura Tunnel,ORCC,series of blocks,3,19,1,10,1,23,1
Q004035,681.0,Sennacherib,Neo-Assyrian,Samarra (Sur-marrati),ORCC,None,3,30,1,20,1,26,1
Q004036,681.0,Sennacherib,Neo-Assyrian,Tikrit,ORCC,None,3,31,1,12,1,11,1
Q004037,681.0,Sennacherib,Neo-Assyrian,Babylon,ORCC,paving stone,3,35,1,62,1,43,1
Q004038,681.0,Sennacherib,Neo-Assyrian,Sippar,ORCC,lion-head finial,3,33,1,12,1,4,1
Q004058,681.0,Sennacherib,Neo-Assyrian,Kuyunjik (Nineveh),ORCC,vessel,3,33,1,14,1,36,1
Q004059,681.0,Sennacherib,Neo-Assyrian,Kuyunjik (Nineveh),ORCC,vessel,3,33,1,17,1,38,1
Q004060,681.0,Sennacherib,Neo-Assyrian,Kuyunjik (Nineveh),ORCC,vessel,3,35,1,3,1,36,1
Q004061,681.0,Sennacherib,Neo-Assyrian,Kuyunjik (Nineveh),ORCC,vessel,3,37,1,23,1,40,1
Q004062,681.0,Sennacherib,Neo-Assyrian,Kuyunjik (Nineveh),ORCC,vessel,3,24,1,21,1,45,1
Q004063,681.0,Sennacherib,Neo-Assyrian,Kuyunjik (Nineveh),ORCC,vessel,3,40,1,23,1,36,1
Q004064,681.0,Sennacherib,Neo-Assyrian,Kuyunjik (Nineveh),ORCC,vessel,3,39,1,17,1,40,1
Q004065,681.0,Sennacherib,Neo-Assyrian,Kuyunjik (Nineveh),ORCC,vessel,3,38,1,27,1,44,1
Q004066,681.0,Sennacherib,Neo-Assyrian,Kuyunjik (Nineveh),ORCC,vessel,3,31,1,13,1,36,1
Q004067,681.0,Sennacherib,Neo-Assyrian,Kuyunjik (Nineveh),ORCC,bead,3,21,1,0,1,41,1
Q004070,681.0,Sennacherib,Neo-Assyrian,Kuyunjik (Nineveh),ORCC,bead,3,31,1,39,1,40,1
Q004071,681.0,Sennacherib,Neo-Assyrian,Kuyunjik (Nineveh),ORCC,None,3,16,1,16,1,2,1
Q004072,681.0,Sennacherib,Neo-Assyrian,Kuyunjik (Nineveh),ORCC,None,3,50,1,27,1,56,1
Q004073,681.0,Sennacherib,Neo-Assyrian,Kuyunjik (Nineveh),ORCC,None,3,29,1,6,1,36,1
Q004074,681.0,Sennacherib,Neo-Assyrian,Kuyunjik (Nineveh),ORCC,None,3,43,1,64,1,42,1
Q004075,681.0,Sennacherib,Neo-Assyrian,Kuyunjik (Nineveh),ORCC,None,3,36,1,15,1,73,1
Q004077,681.0,Sennacherib,Neo-Assyrian,Kuyunjik (Nineveh),ORCC,None,3,31,1,20,1,38,1
Q004078,681.0,Sennacherib,Neo-Assyrian,Kuyunjik (Nineveh),ORCC,None,3,44,1,48,1,46,1
Q004079,681.0,Sennacherib,Neo-Assyrian,Kuyunjik (Nineveh),ORCC,None,3,35,1,36,1,46,1
Q004080,681.0,Sennacherib,Neo-Assyrian,Kuyunjik (Nineveh),ORCC,tablet or prism,3,49,1,26,1,68,1
Q004081,681.0,Sennacherib,Neo-Assyrian,Kuyunjik (Nineveh),ORCC,tablet or prism,3,31,1,35,1,47,1
Q004082,681.0,Sennacherib,Neo-Assyrian,Kuyunjik (Nineveh),ORCC,tablet or prism,3,39,1,33,1,42,1
Q004088,681.0,Sennacherib,Neo-Assyrian,Qalat Sherqat (Assur),ORCC,stele,3,20,1,11,1,41,1
Q004089,681.0,Sennacherib,Neo-Assyrian,Qalat Sherqat (Assur),ORCC,vessel,3,9,1,22,1,13,1
Q004177,727.0,Tiglath-pileser III,Neo-Assyrian,Assyria,ORCC,bead,3,70,1,55,1,71,1
Q004178,727.0,Tiglath-pileser III,Neo-Assyrian,Assyria,ORCC,brick,3,72,1,79,1,89,1
Q005398,539.0,Nabonidus,Neo-Babylonian,Babylon,ORCC,cylinder,3,82,1,61,1,64,1
Q005399,539.0,Nabonidus,Neo-Babylonian,Babylon,ORCC,cylinder,3,86,1,79,1,88,1
Q005400,539.0,Nabonidus,Neo-Babylonian,Babylon,ORCC,stele,3,85,1,74,1,68,1
Q005402,539.0,Nabonidus,Neo-Babylonian,Babylon,ORCC,None,3,70,1,44,1,46,1
Q005404,539.0,Nabonidus,Neo-Babylonian,Babylon,ORCC,brick,3,67,1,49,1,79,1
Q005405,539.0,Nabonidus,Neo-Babylonian,Babylon,ORCC,brick,3,87,1,61,1,87,1
Q005407,539.0,Nabonidus,Neo-Babylonian,Babylon,ORCC,cylinder,3,99,1,80,1,95,1
Q005409,539.0,Nabonidus,Neo-Babylonian,Babylon,ORCC,cylinder,3,85,1,73,1,95,1
Q005410,539.0,Nabonidus,Neo-Babylonian,Borsippa,ORCC,cylinder,3,80,1,52,1,44,1
Q005411,539.0,Nabonidus,Neo-Babylonian,Kish,ORCC,cylinder,3,61,1,47,1,58,1
Q005412,539.0,Nabonidus,Neo-Babylonian,Kissik,ORCC,cylinder,3,66,1,49,1,50,1
Q005413,539.0,Nabonidus,Neo-Babylonian,Larsa,ORCC,cylinder,3,68,1,51,1,49,1
Q005415,539.0,Nabonidus,Neo-Babylonian,Larsa,ORCC,brick,3,79,1,68,1,77,1
Q005416,539.0,Nabonidus,Neo-Babylonian,Marad,ORCC,cylinder,3,91,1,67,1,89,1
Q005418,539.0,Nabonidus,Neo-Babylonian,Sippar,ORCC,cylinder,3,96,1,64,1,79,1
Q005419,539.0,Nabonidus,Neo-Babylonian,Sippar,ORCC,cylinder,3,85,1,58,1,74,1
Q005420,539.0,Nabonidus,Neo-Babylonian,Sippar,ORCC,cylinder,3,77,1,55,1,81,1
Q005421,539.0,Nabonidus,Neo-Babylonian,Sippar,ORCC,cylinder,3,85,1,69,1,73,1
Q005422,539.0,Nabonidus,Neo-Babylonian,Sippar,ORCC,cylinder,3,72,1,59,1,73,1
Q005425,539.0,Nabonidus,Neo-Babylonian,Sippar,ORCC,cylinder,3,83,1,67,1,73,1
Q005427,539.0,Nabonidus,Neo-Babylonian,Sippar,ORCC,None,3,74,1,52,1,85,1
Q005428,539.0,Nabonidus,Neo-Babylonian,Sippar,ORCC,brick,3,45,1,37,1,94,1
Q005431,539.0,Nabonidus,Neo-Babylonian,Ur,ORCC,cylinder,3,80,1,52,1,53,1
Q005433,539.0,Nabonidus,Neo-Babylonian,Ur,ORCC,door socket,3,85,1,62,1,78,1
Q005436,539.0,Nabonidus,Neo-Babylonian,Ur,ORCC,brick,3,60,1,58,1,80,1
Q005439,539.0,Nabonidus,Neo-Babylonian,Babylonia,ORCC,cylinder,3,75,1,50,1,75,1
Q005448,539.0,Nabonidus,Neo-Babylonian,Harran,ORCC,brick,3,94,1,88,1,83,1
Q005449,539.0,Nabonidus,Neo-Babylonian,Harran,ORCC,vessel,3,88,1,63,1,86,1
Q005453,539.0,Nabonidus,Neo-Babylonian,Tayma,ORCC,stele,3,96,1,69,1,85,1
Q005457,539.0,Nabonidus,Neo-Babylonian,Tayma,ORCC,stele,3,82,1,58,1,100,1
Q005464,539.0,Nabonidus,Neo-Babylonian,Borsippa,ORCC,cylinder,3,91,1,69,1,83,1
Q005469,539.0,Nabonidus,Neo-Babylonian,Sippar,ORCC,cylinder,3,92,1,63,1,71,1
Q005470,539.0,Nabonidus,Neo-Babylonian,Sippar,ORCC,cylinder,3,95,1,64,1,82,1
Q005471,539.0,Nabonidus,Neo-Babylonian,Harran,ORCC,stele,3,97,1,77,1,74,1
Q005472,562.0,Nebuchadnezzar II,Neo-Babylonian,Babylon,ORCC,stele,3,26,1,1,1,18,1
Q005473,562.0,Nebuchadnezzar II,Neo-Babylonian,Babylon,ORCC,None,3,37,1,9,1,38,1
Q005474,562.0,Nebuchadnezzar II,Neo-Babylonian,Babylon,ORCC,block,3,59,1,28,1,53,1
Q005475,562.0,Nebuchadnezzar II,Neo-Babylonian,Babylon,ORCC,block,3,79,1,54,1,41,1
Q005476,562.0,Nebuchadnezzar II,Neo-Babylonian,Babylon,ORCC,block,3,79,1,22,1,63,1
Q005477,562.0,Nebuchadnezzar II,Neo-Babylonian,Babylon,ORCC,block,3,73,1,23,1,62,1
Q005478,562.0,Nebuchadnezzar II,Neo-Babylonian,Babylon,ORCC,paving stone,3,70,1,20,1,58,1
Q005479,562.0,Nebuchadnezzar II,Neo-Babylonian,Babylon,ORCC,paving stone,3,97,1,35,1,84,1
Q005481,562.0,Nebuchadnezzar II,Neo-Babylonian,Babylon,ORCC,paving stone,3,52,1,29,1,74,1
Q005482,562.0,Nebuchadnezzar II,Neo-Babylonian,Babylon,ORCC,prism,3,82,1,18,1,46,1
Q005483,562.0,Nebuchadnezzar II,Neo-Babylonian,Babylon,ORCC,cylinder,3,32,1,16,1,15,1
Q005484,562.0,Nebuchadnezzar II,Neo-Babylonian,Babylon,ORCC,cylinder,3,42,1,28,1,1,1
Q005485,562.0,Nebuchadnezzar II,Neo-Babylonian,Babylon,ORCC,cylinder,3,21,1,39,1,14,1
Q005486,562.0,Nebuchadnezzar II,Neo-Babylonian,Babylon,ORCC,cylinder,3,41,1,3,1,8,1
Q005487,562.0,Nebuchadnezzar II,Neo-Babylonian,Babylon,ORCC,cylinder,3,34,1,33,1,0,1
Q005488,562.0,Nebuchadnezzar II,Neo-Babylonian,Babylon,ORCC,cylinder,3,36,1,14,1,39,1
Q005489,562.0,Nebuchadnezzar II,Neo-Babylonian,Babylon,ORCC,cylinder,3,20,1,40,1,24,1
Q005490,562.0,Nebuchadnezzar II,Neo-Babylonian,Babylon,ORCC,cylinder,3,31,1,10,1,7,1
Q005492,562.0,Nebuchadnezzar II,Neo-Babylonian,Babylon,ORCC,cylinder,3,38,1,14,1,7,1
Q005493,562.0,Nebuchadnezzar II,Neo-Babylonian,Babylon,ORCC,cylinder,3,74,1,27,1,48,1
Q005494,562.0,Nebuchadnezzar II,Neo-Babylonian,Babylon,ORCC,cylinder,3,29,1,11,1,6,1
Q005495,562.0,Nebuchadnezzar II,Neo-Babylonian,Babylon,ORCC,cylinder,3,78,1,40,1,30,1
Q005497,562.0,Nebuchadnezzar II,Neo-Babylonian,Babylon,ORCC,cylinder,3,17,1,18,1,6,1
Q005498,562.0,Nebuchadnezzar II,Neo-Babylonian,Babylon,ORCC,cylinder,3,9,1,8,1,20,1
Q005499,562.0,Nebuchadnezzar II,Neo-Babylonian,Babylon,ORCC,cylinder,3,82,1,30,1,72,1
Q005500,562.0,Nebuchadnezzar II,Neo-Babylonian,Babylon,ORCC,cylinder,3,47,1,15,1,5,1
Q005501,562.0,Nebuchadnezzar II,Neo-Babylonian,Babylon,ORCC,cylinder,3,57,1,10,1,19,1
Q005502,562.0,Nebuchadnezzar II,Neo-Babylonian,Babylon,ORCC,cylinder,3,17,1,15,1,23,1
Q005503,562.0,Nebuchadnezzar II,Neo-Babylonian,Babylon,ORCC,cylinder,3,55,1,14,1,16,1
Q005504,562.0,Nebuchadnezzar II,Neo-Babylonian,Babylon,ORCC,cylinder,3,28,1,8,1,26,1
Q005505,562.0,Nebuchadnezzar II,Neo-Babylonian,Babylon,ORCC,cylinder,3,29,1,26,1,3,1
Q005506,562.0,Nebuchadnezzar II,Neo-Babylonian,Babylon,ORCC,cylinder,3,36,1,45,1,7,1
Q005507,562.0,Nebuchadnezzar II,Neo-Babylonian,Babylon,ORCC,cylinder,3,56,1,7,1,57,1
Q005508,562.0,Nebuchadnezzar II,Neo-Babylonian,Babylon,ORCC,cylinder,3,79,1,63,1,35,1
Q005521,562.0,Nebuchadnezzar II,Neo-Babylonian,Babylon,ORCC,cylinder,3,38,1,8,1,35,1
Q005522,562.0,Nebuchadnezzar II,Neo-Babylonian,Babylon,ORCC,cylinder,3,20,1,6,1,71,1
Q005523,562.0,Nebuchadnezzar II,Neo-Babylonian,Babylon,ORCC,cylinder,3,30,1,18,1,68,1
Q005524,562.0,Nebuchadnezzar II,Neo-Babylonian,Babylon,ORCC,cylinder,3,69,1,41,1,84,1
Q005525,562.0,Nebuchadnezzar II,Neo-Babylonian,Babylon,ORCC,cylinder,3,37,1,14,1,69,1
Q005526,562.0,Nebuchadnezzar II,Neo-Babylonian,Babylon,ORCC,cylinder,3,50,1,26,1,64,1
Q005528,562.0,Nebuchadnezzar II,Neo-Babylonian,Babylon,ORCC,glazed brick panel,3,42,1,8,1,71,1
Q005531,562.0,Nebuchadnezzar II,Neo-Babylonian,Babylon,ORCC,brick,3,25,1,24,1,2,1
Q005532,562.0,Nebuchadnezzar II,Neo-Babylonian,Babylon,ORCC,brick,3,25,1,32,1,5,1
Q005533,562.0,Nebuchadnezzar II,Neo-Babylonian,Babylon,ORCC,brick,3,80,1,32,1,34,1
Q005534,562.0,Nebuchadnezzar II,Neo-Babylonian,Babylon,ORCC,brick,3,50,1,14,1,16,1
Q005535,562.0,Nebuchadnezzar II,Neo-Babylonian,Babylon,ORCC,brick,3,54,1,8,1,27,1
Q005536,562.0,Nebuchadnezzar II,Neo-Babylonian,Babylon,ORCC,brick,3,70,1,2,1,25,1
Q005537,562.0,Nebuchadnezzar II,Neo-Babylonian,Babylon,ORCC,brick,3,22,1,20,1,1,1
Q005538,562.0,Nebuchadnezzar II,Neo-Babylonian,Babylon,ORCC,brick,3,49,1,21,1,21,1
Q005542,562.0,Nebuchadnezzar II,Neo-Babylonian,Babylon,ORCC,brick,3,14,1,32,1,12,1
Q005545,562.0,Nebuchadnezzar II,Neo-Babylonian,Babylon,ORCC,eyestone,3,10,1,27,1,5,1
Q005550,562.0,Nebuchadnezzar II,Neo-Babylonian,Borsippa,ORCC,cylinder,3,48,1,11,1,27,1
Q005551,562.0,Nebuchadnezzar II,Neo-Babylonian,Borsippa,ORCC,cylinder,3,50,1,0,1,22,1
Q005552,562.0,Nebuchadnezzar II,Neo-Babylonian,Borsippa,ORCC,cylinder,3,70,1,22,1,60,1
Q005554,562.0,Nebuchadnezzar II,Neo-Babylonian,Borsippa,ORCC,cylinder,3,73,1,46,1,66,1
Q005555,562.0,Nebuchadnezzar II,Neo-Babylonian,Borsippa,ORCC,cylinder,3,48,1,18,1,26,1
Q005556,562.0,Nebuchadnezzar II,Neo-Babylonian,Borsippa,ORCC,cylinder,3,53,1,27,1,14,1
Q005557,562.0,Nebuchadnezzar II,Neo-Babylonian,Borsippa,ORCC,cylinder,3,37,1,7,1,0,1
Q005558,562.0,Nebuchadnezzar II,Neo-Babylonian,Borsippa,ORCC,block,3,16,1,15,1,6,1
Q005559,562.0,Nebuchadnezzar II,Neo-Babylonian,Borsippa,ORCC,paving stone,3,56,1,7,1,44,1
Q005560,562.0,Nebuchadnezzar II,Neo-Babylonian,Borsippa,ORCC,block,3,65,1,43,1,55,1
Q005561,562.0,Nebuchadnezzar II,Neo-Babylonian,Borsippa,ORCC,door socket,3,15,1,13,1,21,1
Q005562,562.0,Nebuchadnezzar II,Neo-Babylonian,Borsippa,ORCC,brick,3,30,1,44,1,37,1
Q005563,562.0,Nebuchadnezzar II,Neo-Babylonian,Borsippa,ORCC,brick,3,20,1,7,1,49,1
Q005566,562.0,Nebuchadnezzar II,Neo-Babylonian,Borsippa,ORCC,eye stone,3,0,1,26,1,16,1
Q005567,562.0,Nebuchadnezzar II,Neo-Babylonian,Borsippa,ORCC,eyestone,3,16,1,17,1,7,1
Q005568,562.0,Nebuchadnezzar II,Neo-Babylonian,Cutha,ORCC,eyestone,3,22,1,21,1,6,1
Q005570,562.0,Nebuchadnezzar II,Neo-Babylonian,Isin,ORCC,brick,3,40,1,2,1,16,1
Q005571,562.0,Nebuchadnezzar II,Neo-Babylonian,Kish,ORCC,cylinder,3,51,1,31,1,18,1
Q005575,562.0,Nebuchadnezzar II,Neo-Babylonian,Larsa,ORCC,brick,3,19,1,16,1,7,1
Q005576,562.0,Nebuchadnezzar II,Neo-Babylonian,Marad,ORCC,cylinder,3,17,1,2,1,48,1
Q005577,562.0,Nebuchadnezzar II,Neo-Babylonian,Marad,ORCC,cylinder,3,11,1,5,1,41,1
Q005579,562.0,Nebuchadnezzar II,Neo-Babylonian,Sippar,ORCC,cylinder,3,35,1,26,1,1,1
Q005580,562.0,Nebuchadnezzar II,Neo-Babylonian,Sippar,ORCC,cylinder,3,28,1,3,1,15,1
Q005582,562.0,Nebuchadnezzar II,Neo-Babylonian,Sippar,ORCC,cylinder,3,45,1,11,1,18,1
Q005594,562.0,Nebuchadnezzar II,Neo-Babylonian,Babylonia,ORCC,eyestone,3,73,1,63,1,86,1
Q006204,612.0,Sîn-šarru-iškun,Neo-Assyrian,Nimrud (Kalhu),ORCC,bulla,3,53,1,67,1,39,1
Q006325,705.0,Sargon II,Neo-Assyrian,Uruk,ORCC,cylinder,3,77,1,78,1,71,1
Q006326,705.0,Sargon II,Neo-Assyrian,Uruk,ORCC,brick,3,59,1,71,1,80,1
Q006329,727.0,Tiglath-pileser III,wall slab (with reliefs),Nimrud,ORCC,None,3,81,1,87,1,92,1
Q006330,727.0,Tiglath-pileser III,wall slab (with reliefs),Nimrud,ORCC,None,3,72,1,72,1,67,1
Q006331,727.0,Tiglath-pileser III,wall slab (with reliefs),Nimrud,ORCC,None,3,75,1,45,1,58,1
Q006333,727.0,Tiglath-pileser III,wall slab (with reliefs),Nimrud,ORCC,None,3,79,1,88,1,93,1
Q006482,705.0,Sargon II,Neo-Assyrian,Khorsabad (Dur-Šarrukin),ORCC,wall slab (with reliefs),3,64,1,23,1,40,1
Q006483,705.0,Sargon II,Neo-Assyrian,Khorsabad (Dur-Šarrukin),ORCC,wall slab (with reliefs),3,53,1,16,1,40,1
Q006484,705.0,Sargon II,Neo-Assyrian,Khorsabad (Dur-Šarrukin),ORCC,wall slab (with reliefs),3,52,1,39,1,41,1
Q006485,705.0,Sargon II,Neo-Assyrian,Khorsabad (Dur-Šarrukin),ORCC,wall slab (with reliefs),3,44,1,21,1,36,1
Q006486,705.0,Sargon II,Neo-Assyrian,Khorsabad (Dur-Šarrukin),ORCC,wall slab (with reliefs),3,57,1,61,1,44,1
Q006487,705.0,Sargon II,Neo-Assyrian,Khorsabad (Dur-Šarrukin),ORCC,wall slab (with reliefs),3,59,1,37,1,76,1
Q006488,705.0,Sargon II,Neo-Assyrian,Khorsabad (Dur-Šarrukin),ORCC,wall slab (with reliefs),3,62,1,54,1,22,1
Q006489,705.0,Sargon II,Neo-Assyrian,Khorsabad (Dur-Šarrukin),ORCC,wall slab (with reliefs),3,46,1,41,1,33,1
Q006490,705.0,Sargon II,Neo-Assyrian,Khorsabad (Dur-Šarrukin),ORCC,human-headed bull colossus,3,61,1,60,1,45,1
Q006491,705.0,Sargon II,Neo-Assyrian,Khorsabad (Dur-Šarrukin),ORCC,slab,3,39,1,37,1,18,1
Q006492,705.0,Sargon II,Neo-Assyrian,Khorsabad (Dur-Šarrukin),ORCC,slab,3,40,1,32,1,3,1
Q006493,705.0,Sargon II,Neo-Assyrian,Khorsabad (Dur-Šarrukin),ORCC,slab,3,41,1,29,1,3,1
Q006494,705.0,Sargon II,Neo-Assyrian,Khorsabad (Dur-Šarrukin),ORCC,slab,3,62,1,71,1,46,1
Q006495,705.0,Sargon II,Neo-Assyrian,Khorsabad (Dur-Šarrukin),ORCC,slab,3,84,1,81,1,51,1
Q006496,705.0,Sargon II,Neo-Assyrian,Khorsabad (Dur-Šarrukin),ORCC,slab,3,64,1,70,1,52,1
Q006497,705.0,Sargon II,Neo-Assyrian,Khorsabad (Dur-Šarrukin),ORCC,slab,3,88,1,98,1,72,1
Q006500,705.0,Sargon II,Neo-Assyrian,Khorsabad (Dur-Šarrukin),ORCC,slab,3,78,1,96,1,83,1
Q006501,705.0,Sargon II,Neo-Assyrian,Khorsabad (Dur-Šarrukin),ORCC,slab,3,88,1,100,1,94,1
Q006503,705.0,Sargon II,Neo-Assyrian,Khorsabad (Dur-Šarrukin),ORCC,slab,3,81,1,96,1,88,1
Q006504,705.0,Sargon II,Neo-Assyrian,Khorsabad (Dur-Šarrukin),ORCC,wall slab (with reliefs),3,53,1,50,1,79,1
Q006505,705.0,Sargon II,Neo-Assyrian,Khorsabad (Dur-Šarrukin),ORCC,wall slab (with reliefs),3,65,1,62,1,87,1
Q006506,705.0,Sargon II,Neo-Assyrian,Khorsabad (Dur-Šarrukin),ORCC,wall slab (with reliefs),3,59,1,88,1,84,1
Q006507,705.0,Sargon II,Neo-Assyrian,Khorsabad (Dur-Šarrukin),ORCC,wall slab (with reliefs),3,68,1,56,1,83,1
Q006508,705.0,Sargon II,Neo-Assyrian,Khorsabad (Dur-Šarrukin),ORCC,wall slab (with reliefs),3,68,1,59,1,87,1
Q006509,705.0,Sargon II,Neo-Assyrian,Khorsabad (Dur-Šarrukin),ORCC,wall slab (with reliefs),3,66,1,59,1,84,1
Q006510,705.0,Sargon II,Neo-Assyrian,Khorsabad (Dur-Šarrukin),ORCC,wall slab (with reliefs),3,51,1,23,1,74,1
Q006511,705.0,Sargon II,Neo-Assyrian,Khorsabad (Dur-Šarrukin),ORCC,wall slab (with reliefs),3,68,1,34,1,83,1
Q006512,705.0,Sargon II,Neo-Assyrian,Khorsabad (Dur-Šarrukin),ORCC,wall slab (with reliefs),3,69,1,56,1,85,1
Q006513,705.0,Sargon II,Neo-Assyrian,Khorsabad (Dur-Šarrukin),ORCC,wall slab (with reliefs),3,67,1,37,1,84,1
Q006515,705.0,Sargon II,Neo-Assyrian,Khorsabad (Dur-Šarrukin),ORCC,wall slab (with reliefs),3,50,1,14,1,54,1
Q006516,705.0,Sargon II,Neo-Assyrian,Khorsabad (Dur-Šarrukin),ORCC,wall slab (with reliefs),3,50,1,4,1,65,1
Q006517,705.0,Sargon II,Neo-Assyrian,Khorsabad (Dur-Šarrukin),ORCC,wall slab (with reliefs),3,41,1,50,1,78,1
Q006518,705.0,Sargon II,Neo-Assyrian,Khorsabad (Dur-Šarrukin),ORCC,wall slab (with reliefs),3,76,1,35,1,61,1
Q006519,705.0,Sargon II,Neo-Assyrian,Khorsabad (Dur-Šarrukin),ORCC,wall slab (with reliefs),3,64,1,40,1,66,1
Q006520,705.0,Sargon II,Neo-Assyrian,Khorsabad (Dur-Šarrukin),ORCC,wall slab (with reliefs),3,57,1,67,1,76,1
Q006521,705.0,Sargon II,Neo-Assyrian,Khorsabad (Dur-Šarrukin),ORCC,wall slab (with reliefs),3,57,1,58,1,79,1
Q006522,705.0,Sargon II,Neo-Assyrian,Khorsabad (Dur-Šarrukin),ORCC,wall slab (with reliefs); human-headed bull colossus,3,56,1,60,1,1,1
Q006523,705.0,Sargon II,Neo-Assyrian,Khorsabad (Dur-Šarrukin),ORCC,wall slab (with reliefs),3,47,1,29,1,33,1
Q006524,705.0,Sargon II,Neo-Assyrian,Khorsabad (Dur-Šarrukin),ORCC,prismatic cylinder,3,68,1,35,1,31,1
Q006525,705.0,Sargon II,Neo-Assyrian,Khorsabad (Dur-Šarrukin),ORCC,None,3,57,1,36,1,26,1
Q006526,705.0,Sargon II,Neo-Assyrian,Khorsabad (Dur-Šarrukin),ORCC,None,3,54,1,32,1,25,1
Q006527,705.0,Sargon II,Neo-Assyrian,Khorsabad (Dur-Šarrukin),ORCC,None,3,48,1,18,1,12,1
Q006528,705.0,Sargon II,Neo-Assyrian,Khorsabad (Dur-Šarrukin),ORCC,None,3,53,1,4,1,25,1
Q006529,705.0,Sargon II,Neo-Assyrian,Khorsabad (Dur-Šarrukin),ORCC,None,3,69,1,81,1,90,1
Q006530,705.0,Sargon II,Neo-Assyrian,Khorsabad (Dur-Šarrukin),ORCC,altar,3,56,1,64,1,70,1
Q006531,705.0,Sargon II,Neo-Assyrian,Khorsabad (Dur-Šarrukin),ORCC,brick,3,43,1,14,1,54,1
Q006532,705.0,Sargon II,Neo-Assyrian,Khorsabad (Dur-Šarrukin),ORCC,brick,3,60,1,85,1,76,1
Q006533,705.0,Sargon II,Neo-Assyrian,Khorsabad (Dur-Šarrukin),ORCC,brick,3,66,1,56,1,40,1
Q006535,705.0,Sargon II,Neo-Assyrian,Khorsabad (Dur-Šarrukin),ORCC,brick,3,72,1,80,1,60,1
Q006536,705.0,Sargon II,Neo-Assyrian,Khorsabad (Dur-Šarrukin),ORCC,brick,3,59,1,38,1,9,1
Q006537,705.0,Sargon II,Neo-Assyrian,Khorsabad (Dur-Šarrukin),ORCC,brick,3,60,1,50,1,48,1
Q006538,705.0,Sargon II,Neo-Assyrian,Khorsabad (Dur-Šarrukin),ORCC,glazed brick frieze,3,57,1,44,1,49,1
Q006540,705.0,Sargon II,Neo-Assyrian,Khorsabad (Dur-Šarrukin),ORCC,bowl,3,62,1,61,1,68,1
Q006541,705.0,Sargon II,Neo-Assyrian,Khorsabad (Dur-Šarrukin),ORCC,bowl,3,86,1,85,1,84,1
Q006544,705.0,Sargon II,Neo-Assyrian,Qalat Sherqat (Assur),ORCC,prism,3,60,1,43,1,58,1
Q006545,705.0,Sargon II,Neo-Assyrian,Qalat Sherqat (Assur),ORCC,cylinder,3,62,1,75,1,82,1
Q006546,705.0,Sargon II,Neo-Assyrian,Qalat Sherqat (Assur),ORCC,None,3,67,1,52,1,49,1
Q006547,705.0,Sargon II,Neo-Assyrian,Qalat Sherqat (Assur),ORCC,glazed wall plaque,3,19,1,1,1,29,1
Q006548,705.0,Sargon II,Neo-Assyrian,Qalat Sherqat (Assur),ORCC,cone,3,46,1,29,1,29,1
Q006549,705.0,Sargon II,Neo-Assyrian,Qalat Sherqat (Assur),ORCC,brick,3,63,1,82,1,63,1
Q006550,705.0,Sargon II,Neo-Assyrian,Qalat Sherqat (Assur),ORCC,brick,3,80,1,95,1,61,1
Q006551,705.0,Sargon II,Neo-Assyrian,Qalat Sherqat (Assur),ORCC,brick,3,70,1,65,1,79,1
Q006552,705.0,Sargon II,Neo-Assyrian,Qalat Sherqat (Assur),ORCC,grazed brick frieze,3,55,1,2,1,72,1
Q006553,705.0,Sargon II,Neo-Assyrian,Qalat Sherqat (Assur),ORCC,None,3,57,1,46,1,49,1
Q006554,705.0,Sargon II,Neo-Assyrian,Nimrud (Kalhu),ORCC,slab,3,60,1,34,1,38,1
Q006555,705.0,Sargon II,Neo-Assyrian,Nimrud (Kalhu),ORCC,prism,3,62,1,56,1,41,1
Q006556,705.0,Sargon II,Neo-Assyrian,Nimrud (Kalhu),ORCC,prism,3,63,1,47,1,91,1
Q006557,705.0,Sargon II,Neo-Assyrian,Nimrud (Kalhu),ORCC,prismatic cylinder,3,84,1,37,1,49,1
Q006558,705.0,Sargon II,Neo-Assyrian,Nimrud (Kalhu),ORCC,vase; jar,3,59,1,54,1,74,1
Q006559,705.0,Sargon II,Neo-Assyrian,Nimrud (Kalhu),ORCC,lion weight,3,57,1,38,1,64,1
Q006560,705.0,Sargon II,Neo-Assyrian,Nimrud (Kalhu),ORCC,lion weight,3,56,1,44,1,72,1
Q006561,705.0,Sargon II,Neo-Assyrian,Nimrud (Kalhu),ORCC,writing board,3,61,1,49,1,38,1
Q006562,705.0,Sargon II,Neo-Assyrian,Kuyunjik (Nineveh),ORCC,wall slab (with reliefs),3,51,1,25,1,64,1
Q006563,705.0,Sargon II,Neo-Assyrian,Kuyunjik (Nineveh),ORCC,prism,3,62,1,65,1,54,1
Q006564,705.0,Sargon II,Neo-Assyrian,Kuyunjik (Nineveh),ORCC,prism,3,67,1,23,1,70,1
Q006565,705.0,Sargon II,Neo-Assyrian,Kuyunjik (Nineveh),ORCC,cylinder,3,81,1,72,1,71,1
Q006566,705.0,Sargon II,Neo-Assyrian,Kuyunjik (Nineveh),ORCC,prismatic cylinder,3,49,1,47,1,72,1
Q006567,705.0,Sargon II,Neo-Assyrian,Kuyunjik (Nineveh),ORCC,cylinder,3,68,1,72,1,77,1
Q006568,705.0,Sargon II,Neo-Assyrian,Kuyunjik (Nineveh),ORCC,cylinder,3,69,1,79,1,72,1
Q006569,705.0,Sargon II,Neo-Assyrian,Kuyunjik (Nineveh),ORCC,prismatic cylinder,3,67,1,76,1,44,1
Q006570,705.0,Sargon II,Neo-Assyrian,Kuyunjik (Nineveh),ORCC,None,3,68,1,93,1,50,1
Q006571,705.0,Sargon II,Neo-Assyrian,Kuyunjik (Nineveh),ORCC,None,3,78,1,99,1,80,1
Q006572,705.0,Sargon II,Neo-Assyrian,Kuyunjik (Nineveh),ORCC,None,3,65,1,41,1,60,1
Q006573,705.0,Sargon II,Neo-Assyrian,Kuyunjik (Nineveh),ORCC,cone,3,67,1,67,1,80,1
Q006574,705.0,Sargon II,Neo-Assyrian,Kuyunjik (Nineveh),ORCC,slab,3,71,1,79,1,68,1
Q006575,705.0,Sargon II,Neo-Assyrian,Kuyunjik (Nineveh),ORCC,slab,3,57,1,50,1,74,1
Q006576,705.0,Sargon II,Neo-Assyrian,Kuyunjik (Nineveh),ORCC,brick; slab,3,61,1,46,1,3,1
Q006577,705.0,Sargon II,Neo-Assyrian,Kuyunjik (Nineveh),ORCC,brick,3,78,1,72,1,59,1
Q006578,705.0,Sargon II,Neo-Assyrian,Kuyunjik (Nineveh),ORCC,brick,3,65,1,63,1,73,1
Q006579,705.0,Sargon II,Neo-Assyrian,Kuyunjik (Nineveh),ORCC,brick,3,37,1,50,1,67,1
Q006580,705.0,Sargon II,Neo-Assyrian,Kuyunjik (Nineveh),ORCC,plating (for doorjamb),3,77,1,93,1,75,1
Q006581,705.0,Sargon II,Neo-Assyrian,Kuyunjik (Nineveh),ORCC,eyestone,3,81,1,99,1,84,1
Q006582,705.0,Sargon II,Neo-Assyrian,Kuyunjik (Nineveh),ORCC,tablet ?,3,44,1,45,1,51,1
Q006583,705.0,Sargon II,Neo-Assyrian,uncertain,ORCC,None,3,73,1,75,1,90,1
Q006584,705.0,Sargon II,Neo-Assyrian,Larnaka,ORCC,stele,3,44,1,57,1,71,1
Q006585,705.0,Sargon II,Neo-Assyrian,Ashdod (Asdūdu),ORCC,stele,3,48,1,23,1,12,1
Q006586,705.0,Sargon II,Neo-Assyrian,uncertain,ORCC,stele,3,64,1,46,1,27,1
Q006587,705.0,Sargon II,Neo-Assyrian,Acharneh (Tunip),ORCC,stele,3,60,1,52,1,71,1
Q006588,705.0,Sargon II,Neo-Assyrian, Ahmar (Til Barsip),ORCC,stele,3,83,1,73,1,71,1
Q006589,705.0,Sargon II,Neo-Assyrian,Tell Tayinat (Unqi),ORCC,stele,3,69,1,85,1,53,1
Q006590,705.0,Sargon II,Neo-Assyrian,Europos (Carchemish),ORCC,cylinder,3,47,1,23,1,18,1
Q006591,705.0,Sargon II,Neo-Assyrian,Europos (Carchemish),ORCC,brick,3,57,1,55,1,70,1
Q006592,705.0,Sargon II,Neo-Assyrian,Arslantepe (Melidu),ORCC,cylinder,3,53,1,41,1,44,1
Q006593,705.0,Sargon II,Neo-Assyrian,Arslantepe (Melidu),ORCC,cylinder,3,42,1,22,1,15,1
Q006594,705.0,Sargon II,Neo-Assyrian,Arslantepe (Melidu),ORCC,cylinder,3,53,1,4,1,23,1
Q006595,705.0,Sargon II,Neo-Assyrian,Arslantepe (Melidu),ORCC,cylinder,3,67,1,60,1,81,1
Q006596,705.0,Sargon II,Neo-Assyrian,Najafabad (Kišesim),ORCC,stele,3,63,1,83,1,70,1
Q006597,705.0,Sargon II,Neo-Assyrian,Tang-i Var,ORCC,rock cliff,3,62,1,42,1,58,1
Q006598,705.0,Sargon II,Neo-Assyrian,Persepolis (Pārśa),ORCC,bead,3,73,1,82,1,77,1
Q006601,705.0,Sargon II,Neo-Assyrian,Persepolis (Pārśa),ORCC,eyestone,3,61,1,50,1,72,1
Q006605,705.0,Sargon II,Neo-Assyrian,Warka (Uruk),ORCC,cylinder,3,72,1,76,1,62,1
Q006606,705.0,Sargon II,Neo-Assyrian,Warka (Uruk),ORCC,brick,3,60,1,73,1,82,1
Q006608,705.0,Sargon II,Neo-Assyrian,Warka (Uruk),ORCC,brick,3,77,1,60,1,77,1
Q006609,705.0,Sargon II,Neo-Assyrian,Tell Haddad (Me-Turan),ORCC,cylinder,3,64,1,24,1,47,1
Q006610,705.0,Sargon II,Neo-Assyrian,uncertain,ORCC,bead,3,77,1,85,1,80,1
Q006611,705.0,Sargon II,Neo-Assyrian,Qalʾeh-i Imam,ORCC,None,3,55,1,12,1,59,1
Q006633,705.0,Sargon II,Neo-Assyrian,Qalat Sherqat (Assur),ORCC,cone,3,45,1,24,1,16,1
Q006634,705.0,Sargon II,Neo-Assyrian,Qalat Sherqat (Assur),ORCC,cone,3,66,1,44,1,82,1
Q006638,705.0,Sargon II,Neo-Assyrian,Kuyunjik (Nineveh),ORCC,lion colossus,3,57,1,49,1,81,1
Q006640,705.0,Sargon II,Neo-Assyrian,Europos (Carchemish),ORCC,stele ?,3,78,1,39,1,74,1
Q006643,705.0,Sargon II,Neo-Assyrian,Nimrud (Kalhu),ORCC,bowl; jar; mirror,3,51,1,20,1,72,1
Q006644,705.0,Sargon II,Neo-Assyrian,Khorsabad (Dur-Šarrukin),ORCC,slab,3,65,1,57,1,35,1
Q006645,705.0,Sargon II,Neo-Assyrian,Khorsabad (Dur-Šarrukin),ORCC,macehead,3,58,1,53,1,64,1
Q006647,705.0,Sargon II,Neo-Assyrian,Qalat Sherqat (Assur),ORCC,coffer,3,64,1,46,1,69,1
Q006648,705.0,Sargon II,Neo-Assyrian,Nimrud (Kalhu),ORCC,cylinder seal (sealing),3,60,1,11,1,69,1
Q006649,705.0,Sargon II,Neo-Assyrian,uncertain,ORCC,cylinder seal,3,53,1,25,1,77,1
Q006650,705.0,Sargon II,Neo-Assyrian,Tell Haddad (Me-Turan),ORCC,axehead,3,58,1,39,1,60,1
Q006651,705.0,Sargon II,Neo-Assyrian,Tell Baradan,ORCC,cylinder,3,74,1,98,1,97,1
Q006652,705.0,Sargon II,Neo-Assyrian,Tell Ahmar (Til Barsip),ORCC,stele,3,49,1,26,1,54,1
Q007539,631.0,Ashurbanipal,Neo-Assyrian,Kuyunjik (Nineveh),ORCC,None,3,14,1,9,1,1,1
Q007540,631.0,Ashurbanipal,Neo-Assyrian,Kuyunjik (Nineveh),ORCC,None,3,10,1,8,1,1,1
Q007541,631.0,Ashurbanipal,Neo-Assyrian,Kuyunjik (Nineveh),ORCC,None,3,8,1,24,1,36,1
Q007542,631.0,Ashurbanipal,Neo-Assyrian,Kuyunjik (Nineveh),ORCC,None,3,23,1,6,1,19,1
Q007543,631.0,Ashurbanipal,Neo-Assyrian,Kuyunjik (Nineveh),ORCC,None,3,22,1,29,1,44,1
Q007544,631.0,Ashurbanipal,Neo-Assyrian,Kuyunjik (Nineveh),ORCC,None,3,10,1,10,1,11,1
Q007545,631.0,Ashurbanipal,Neo-Assyrian,Kuyunjik (Nineveh),ORCC,None,3,1,1,8,1,12,1
Q007546,631.0,Ashurbanipal,Neo-Assyrian,Kuyunjik (Nineveh),ORCC,None,3,7,1,8,1,24,1
Q007547,631.0,Ashurbanipal,Neo-Assyrian,Kuyunjik (Nineveh),ORCC,None,3,22,1,51,1,7,1
Q007548,631.0,Ashurbanipal,Neo-Assyrian,Kuyunjik (Nineveh),ORCC,None,3,27,1,3,1,8,1
Q007549,631.0,Ashurbanipal,Neo-Assyrian,Kuyunjik (Nineveh),ORCC,None,3,14,1,1,1,19,1
Q007550,631.0,Ashurbanipal,Neo-Assyrian,Kuyunjik (Nineveh),ORCC,None,3,16,1,24,1,48,1
Q007551,631.0,Ashurbanipal,Neo-Assyrian,Kuyunjik (Nineveh),ORCC,None,3,12,1,7,1,31,1
Q007552,631.0,Ashurbanipal,Neo-Assyrian,Kuyunjik (Nineveh),ORCC,None,3,17,1,20,1,21,1
Q007553,631.0,Ashurbanipal,Neo-Assyrian,Kuyunjik (Nineveh),ORCC,None,3,8,1,34,1,27,1
Q007554,631.0,Ashurbanipal,Neo-Assyrian,Kuyunjik (Nineveh),ORCC,None,3,21,1,31,1,14,1
Q007555,631.0,Ashurbanipal,Neo-Assyrian,Kuyunjik (Nineveh),ORCC,None,3,5,1,32,1,18,1
Q007556,631.0,Ashurbanipal,Neo-Assyrian,Kuyunjik (Nineveh),ORCC,None,3,3,1,24,1,40,1
Q007557,631.0,Ashurbanipal,Neo-Assyrian,Kuyunjik (Nineveh),ORCC,None,3,22,1,33,1,18,1
Q007558,631.0,Ashurbanipal,Neo-Assyrian,Kuyunjik (Nineveh),ORCC,None,3,12,1,37,1,42,1
Q007559,631.0,Ashurbanipal,Neo-Assyrian,Kuyunjik (Nineveh),ORCC,None,3,10,1,22,1,22,1
Q007560,631.0,Ashurbanipal,Neo-Assyrian,Kuyunjik (Nineveh),ORCC,None,3,21,1,56,1,11,1
Q007561,631.0,Ashurbanipal,Neo-Assyrian,Kuyunjik (Nineveh),ORCC,None,3,17,1,15,1,7,1
Q007562,631.0,Ashurbanipal,Neo-Assyrian,Kuyunjik (Nineveh),ORCC,None,3,17,1,32,1,7,1
Q007563,631.0,Ashurbanipal,Neo-Assyrian,Kuyunjik (Nineveh),ORCC,None,3,14,1,2,1,2,1
Q007564,631.0,Ashurbanipal,Neo-Assyrian,Kuyunjik (Nineveh),ORCC,None,3,26,1,16,1,37,1
Q007565,631.0,Ashurbanipal,Neo-Assyrian,Kuyunjik (Nineveh),ORCC,None,3,8,1,20,1,17,1
Q007566,631.0,Ashurbanipal,Neo-Assyrian,Kuyunjik (Nineveh),ORCC,None,3,17,1,21,1,13,1
Q007567,631.0,Ashurbanipal,Neo-Assyrian,Kuyunjik (Nineveh),ORCC,None,3,9,1,36,1,6,1
Q007568,631.0,Ashurbanipal,Neo-Assyrian,Kuyunjik (Nineveh),ORCC,None,3,6,1,9,1,11,1
Q007569,631.0,Ashurbanipal,Neo-Assyrian,Kuyunjik (Nineveh),ORCC,None,3,31,1,25,1,62,1
Q007570,631.0,Ashurbanipal,Neo-Assyrian,Kuyunjik (Nineveh),ORCC,None,3,34,1,39,1,79,1
Q007571,631.0,Ashurbanipal,Neo-Assyrian,Kuyunjik (Nineveh),ORCC,None,3,13,1,25,1,60,1
Q007572,631.0,Ashurbanipal,Neo-Assyrian,Kuyunjik (Nineveh),ORCC,None,3,7,1,18,1,3,1
Q007573,631.0,Ashurbanipal,Neo-Assyrian,Kuyunjik (Nineveh),ORCC,None,3,17,1,32,1,37,1
Q007574,631.0,Ashurbanipal,Neo-Assyrian,Kuyunjik (Nineveh),ORCC,None,3,32,1,49,1,49,1
Q007575,631.0,Ashurbanipal,Neo-Assyrian,Kuyunjik (Nineveh),ORCC,None,3,15,1,37,1,9,1
Q007576,631.0,Ashurbanipal,Neo-Assyrian,Kuyunjik (Nineveh),ORCC,None,3,6,1,16,1,10,1
Q007577,631.0,Ashurbanipal,Neo-Assyrian,Kuyunjik (Nineveh),ORCC,None,3,30,1,49,1,11,1
Q007578,631.0,Ashurbanipal,Neo-Assyrian,Kuyunjik (Nineveh),ORCC,None,3,17,1,33,1,62,1
Q007579,631.0,Ashurbanipal,Neo-Assyrian,Kuyunjik (Nineveh),ORCC,None,3,8,1,28,1,3,1
Q007580,631.0,Ashurbanipal,Neo-Assyrian,Kuyunjik (Nineveh),ORCC,None,3,21,1,1,1,16,1
Q007581,631.0,Ashurbanipal,Neo-Assyrian,Kuyunjik (Nineveh),ORCC,None,3,21,1,10,1,31,1
Q007582,631.0,Ashurbanipal,Neo-Assyrian,Kuyunjik (Nineveh),ORCC,None,3,21,1,6,1,15,1
Q007583,631.0,Ashurbanipal,Neo-Assyrian,Kuyunjik (Nineveh),ORCC,None,3,19,1,14,1,4,1
Q007584,631.0,Ashurbanipal,Neo-Assyrian,Kuyunjik (Nineveh),ORCC,None,3,25,1,32,1,32,1
Q007585,631.0,Ashurbanipal,Neo-Assyrian,Kuyunjik (Nineveh),ORCC,None,3,11,1,26,1,18,1
Q007586,631.0,Ashurbanipal,Neo-Assyrian,Kuyunjik (Nineveh),ORCC,None,3,25,1,40,1,10,1
Q007587,631.0,Ashurbanipal,Neo-Assyrian,Kuyunjik (Nineveh),ORCC,None,3,14,1,28,1,15,1
Q007588,631.0,Ashurbanipal,Neo-Assyrian,Kuyunjik (Nineveh),ORCC,None,3,13,1,7,1,13,1
Q007589,631.0,Ashurbanipal,Neo-Assyrian,Qalat Sherqat (Assur),ORCC,None,3,26,1,27,1,24,1
Q007590,631.0,Ashurbanipal,Neo-Assyrian,Qalat Sherqat (Assur),ORCC,None,3,15,1,2,1,21,1
Q007591,631.0,Ashurbanipal,Neo-Assyrian,Kuyunjik (Nineveh),ORCC,None,3,13,1,16,1,14,1
Q007592,631.0,Ashurbanipal,Neo-Assyrian,Kuyunjik (Nineveh),ORCC,None,3,20,1,18,1,26,1
Q007593,631.0,Ashurbanipal,Neo-Assyrian,Kuyunjik (Nineveh),ORCC,None,3,5,1,13,1,22,1
Q007594,631.0,Ashurbanipal,Neo-Assyrian,Kuyunjik (Nineveh),ORCC,None,3,14,1,2,1,10,1
Q007595,631.0,Ashurbanipal,Neo-Assyrian,Kuyunjik (Nineveh),ORCC,None,3,19,1,25,1,8,1
Q007596,631.0,Ashurbanipal,Neo-Assyrian,Kuyunjik (Nineveh),ORCC,None,3,28,1,52,1,50,1
Q007597,631.0,Ashurbanipal,Neo-Assyrian,Kuyunjik (Nineveh),ORCC,None,3,28,1,32,1,59,1
Q007598,631.0,Ashurbanipal,Neo-Assyrian,Kuyunjik (Nineveh),ORCC,None,3,6,1,52,1,17,1
Q007599,631.0,Ashurbanipal,Neo-Assyrian,Kuyunjik (Nineveh),ORCC,None,3,14,1,27,1,21,1
Q007600,631.0,Ashurbanipal,Neo-Assyrian,Kuyunjik (Nineveh),ORCC,None,3,16,1,24,1,12,1
Q007601,631.0,Ashurbanipal,Neo-Assyrian,Kuyunjik (Nineveh),ORCC,None,3,8,1,15,1,2,1
Q007602,631.0,Ashurbanipal,Neo-Assyrian,Kuyunjik (Nineveh),ORCC,None,3,23,1,20,1,10,1
Q007603,631.0,Ashurbanipal,Neo-Assyrian,Kuyunjik (Nineveh),ORCC,None,3,24,1,25,1,41,1
Q007604,631.0,Ashurbanipal,Neo-Assyrian,Kuyunjik (Nineveh),ORCC,None,3,15,1,36,1,31,1
Q007605,631.0,Ashurbanipal,Neo-Assyrian,Kuyunjik (Nineveh),ORCC,None,3,2,1,29,1,24,1
Q007606,631.0,Ashurbanipal,Neo-Assyrian,Kuyunjik (Nineveh),ORCC,None,3,16,1,36,1,18,1
Q007607,631.0,Ashurbanipal,Neo-Assyrian,Kuyunjik (Nineveh),ORCC,None,3,18,1,21,1,10,1
Q007608,631.0,Ashurbanipal,Neo-Assyrian,Kuyunjik (Nineveh),ORCC,None,3,14,1,29,1,29,1
Q007609,631.0,Ashurbanipal,Neo-Assyrian,Kuyunjik (Nineveh),ORCC,None,3,11,1,20,1,22,1
Q007610,631.0,Ashurbanipal,Neo-Assyrian,Kuyunjik (Nineveh),ORCC,None,3,15,1,33,1,18,1
Q007611,631.0,Ashurbanipal,Neo-Assyrian,Kuyunjik (Nineveh),ORCC,None,3,4,1,15,1,22,1
Q007612,631.0,Ashurbanipal,Neo-Assyrian,Kuyunjik (Nineveh),ORCC,None,3,29,1,33,1,21,1
Q007613,631.0,Ashurbanipal,Neo-Assyrian,Kuyunjik (Nineveh),ORCC,None,3,27,1,22,1,39,1
Q007614,631.0,Ashurbanipal,Neo-Assyrian,Kuyunjik (Nineveh),ORCC,None,3,7,1,6,1,0,1
Q007615,631.0,Ashurbanipal,Neo-Assyrian,Kuyunjik (Nineveh),ORCC,None,3,4,1,1,1,25,1
Q007616,631.0,Ashurbanipal,Neo-Assyrian,Kuyunjik (Nineveh),ORCC,None,3,14,1,9,1,23,1
Q007617,631.0,Ashurbanipal,Neo-Assyrian,Kuyunjik (Nineveh),ORCC,None,3,10,1,32,1,38,1
Q007618,631.0,Ashurbanipal,Neo-Assyrian,Kuyunjik (Nineveh),ORCC,None,3,9,1,15,1,19,1
Q007619,631.0,Ashurbanipal,Neo-Assyrian,Kuyunjik (Nineveh),ORCC,None,3,11,1,29,1,17,1
Q007620,631.0,Ashurbanipal,Neo-Assyrian,Kuyunjik (Nineveh),ORCC,None,3,5,1,2,1,13,1
Q007621,631.0,Ashurbanipal,Neo-Assyrian,Kuyunjik (Nineveh),ORCC,None,3,13,1,1,1,10,1
Q007622,631.0,Ashurbanipal,Neo-Assyrian,Kuyunjik (Nineveh),ORCC,None,3,13,1,34,1,14,1
Q007623,631.0,Ashurbanipal,Neo-Assyrian,Kuyunjik (Nineveh),ORCC,None,3,3,1,2,1,3,1
Q007624,631.0,Ashurbanipal,Neo-Assyrian,Kuyunjik (Nineveh),ORCC,None,3,9,1,31,1,5,1
Q007625,631.0,Ashurbanipal,Neo-Assyrian,Kuyunjik (Nineveh),ORCC,None,3,14,1,27,1,4,1
Q007626,631.0,Ashurbanipal,Neo-Assyrian,Kuyunjik (Nineveh),ORCC,None,3,32,1,56,1,25,1
Q007627,631.0,Ashurbanipal,Neo-Assyrian,Kuyunjik (Nineveh),ORCC,None,3,9,1,5,1,9,1
Q007628,631.0,Ashurbanipal,Neo-Assyrian,Kuyunjik (Nineveh),ORCC,None,3,23,1,22,1,15,1
Q007629,631.0,Ashurbanipal,Neo-Assyrian,Kuyunjik (Nineveh),ORCC,None,3,1,1,5,1,11,1
Q007630,631.0,Ashurbanipal,Neo-Assyrian,Kuyunjik (Nineveh),ORCC,None,3,25,1,19,1,24,1
Q007631,631.0,Ashurbanipal,Neo-Assyrian,Kuyunjik (Nineveh),ORCC,None,3,17,1,30,1,14,1
Q007632,631.0,Ashurbanipal,Neo-Assyrian,Kuyunjik (Nineveh),ORCC,None,3,10,1,8,1,17,1
Q007633,631.0,Ashurbanipal,Neo-Assyrian,Kuyunjik (Nineveh),ORCC,None,3,6,1,5,1,13,1
Q007634,631.0,Ashurbanipal,Neo-Assyrian,Kuyunjik (Nineveh),ORCC,None,3,6,1,13,1,14,1
Q007635,631.0,Ashurbanipal,Neo-Assyrian,Kuyunjik (Nineveh),ORCC,None,3,13,1,18,1,33,1
Q007636,631.0,Ashurbanipal,Neo-Assyrian,Kuyunjik (Nineveh),ORCC,None,3,0,1,15,1,18,1
Q007637,631.0,Ashurbanipal,Neo-Assyrian,Kuyunjik (Nineveh),ORCC,None,3,2,1,16,1,15,1
Q007638,631.0,Ashurbanipal,Neo-Assyrian,Kuyunjik (Nineveh),ORCC,None,3,5,1,19,1,8,1
Q007770,705.0,Sargon II,Neo-Assyrian,Turlu Höyük,ORCC,stele,3,78,1,91,1,82,1
Q008319,631.0,Ashurbanipal,Neo-Assyrian,Kuyunjik (Nineveh),ORCC,None,3,24,1,10,1,1,1
Q008320,631.0,Ashurbanipal,Neo-Assyrian,Kuyunjik (Nineveh),ORCC,None,3,4,1,3,1,5,1
Q008321,631.0,Ashurbanipal,Neo-Assyrian,Kuyunjik (Nineveh),ORCC,None,3,25,1,14,1,5,1
Q008322,631.0,Ashurbanipal,Neo-Assyrian,Kuyunjik (Nineveh),ORCC,None,3,21,1,13,1,23,1
Q008323,631.0,Ashurbanipal,Neo-Assyrian,Kuyunjik (Nineveh),ORCC,None,3,24,1,10,1,29,1
Q008324,631.0,Ashurbanipal,Neo-Assyrian,Kuyunjik (Nineveh),ORCC,None,3,12,1,16,1,33,1
Q008325,631.0,Ashurbanipal,Neo-Assyrian,Kuyunjik (Nineveh),ORCC,None,3,33,1,22,1,22,1
Q008326,631.0,Ashurbanipal,Neo-Assyrian,Kuyunjik (Nineveh),ORCC,None,3,4,1,10,1,11,1
Q008327,631.0,Ashurbanipal,Neo-Assyrian,Kuyunjik (Nineveh),ORCC,None,3,6,1,11,1,60,1
Q008328,631.0,Ashurbanipal,Neo-Assyrian,Kuyunjik (Nineveh),ORCC,None,3,25,1,33,1,31,1
Q008329,631.0,Ashurbanipal,Neo-Assyrian,Babylon (Bābili),ORCC,cylinder,3,19,1,31,1,43,1
Q008330,631.0,Ashurbanipal,Neo-Assyrian,Babylon (Bābili),ORCC,cylinder,3,35,1,57,1,51,1
Q008331,631.0,Ashurbanipal,Neo-Assyrian,Babylon (Bābili),ORCC,cylinder,3,26,1,50,1,54,1
Q008332,631.0,Ashurbanipal,Neo-Assyrian,Babylon (Bābili),ORCC,cylinder,3,31,1,46,1,69,1
Q008333,631.0,Ashurbanipal,Neo-Assyrian,Babylon (Bābili),ORCC,cylinder,3,37,1,37,1,64,1
Q008334,631.0,Ashurbanipal,Neo-Assyrian,Babylon (Bābili),ORCC,stele,3,26,1,21,1,23,1
Q008335,631.0,Ashurbanipal,Neo-Assyrian,Babylon (Bābili),ORCC,brick,3,4,1,31,1,19,1
Q008336,631.0,Ashurbanipal,Neo-Assyrian,Babylon (Bābili),ORCC,brick,3,13,1,19,1,22,1
Q008338,631.0,Ashurbanipal,Neo-Assyrian,Babylon (Bābili),ORCC,brick,3,14,1,40,1,18,1
Q008339,631.0,Ashurbanipal,Neo-Assyrian,Babylon (Bābili),ORCC,brick,3,10,1,43,1,15,1
Q008340,631.0,Ashurbanipal,Neo-Assyrian,Babylon (Bābili),ORCC,brick,3,29,1,13,1,53,1
Q008341,631.0,Ashurbanipal,Neo-Assyrian,Babylonia,ORCC,cylinder,3,5,1,45,1,3,1
Q008343,631.0,Ashurbanipal,Neo-Assyrian,Birs Nimrud (Borsippa),ORCC,stele,3,25,1,31,1,20,1
Q008344,631.0,Ashurbanipal,Neo-Assyrian,Babylonia,ORCC,None,3,10,1,13,1,11,1
Q008345,631.0,Ashurbanipal,Neo-Assyrian,Aqar Quf (Dur-Kurigalzu),ORCC,brick,3,33,1,44,1,23,1
Q008346,631.0,Ashurbanipal,Neo-Assyrian,Tell Haddad (Me-Turan),ORCC,brick,3,19,1,8,1,40,1
Q008350,631.0,Ashurbanipal,Neo-Assyrian,Nuffar (Nippur),ORCC,brick,3,20,1,18,1,15,1
Q008351,631.0,Ashurbanipal,Neo-Assyrian,Tell Abu Habbah (Sippar-Yahrurum),ORCC,cylinder,3,30,1,48,1,58,1
Q008352,631.0,Ashurbanipal,Neo-Assyrian,Warka (Uruk),ORCC,cylinder,3,23,1,23,1,5,1
Q008353,631.0,Ashurbanipal,Neo-Assyrian,Warka (Uruk),ORCC,None,3,4,1,13,1,9,1
Q008354,631.0,Ashurbanipal,Neo-Assyrian,Tell Aqar (Der),ORCC,cylinder,3,11,1,46,1,40,1
Q008355,631.0,Ashurbanipal,Neo-Assyrian,Persepolis (Pārśa),ORCC,eyestone,3,22,1,42,1,13,1
Q008356,631.0,Ashurbanipal,Neo-Assyrian,Persepolis (Pārśa),ORCC,bead,3,15,1,34,1,16,1
Q008357,631.0,Ashurbanipal,Neo-Assyrian,Persepolis (Pārśa),ORCC,bead,3,39,1,32,1,26,1
Q008358,631.0,Ashurbanipal,Neo-Assyrian,Persepolis (Pārśa),ORCC,bowl (with sculpture),3,13,1,4,1,4,1
Q008368,612.0,Sîn-šarru-iškun,Neo-Assyrian,Kuyunjik (Nineveh),ORCC,vessel,3,43,1,57,1,40,1
