arm,variant,rulers,target,hold_r2,hold_rho,mc_rho,mc_rho_sd,mc_r2,loro_rho,loro_r2
tfidf,akk_maximal,r8,year,0.634,0.793,0.707,0.038,0.503,0.129,0.049
tfidf,akk_maximal,r8,geo,0.163,0.426,0.413,0.059,0.211,0.318,0.082
tfidf,akk_maximal,r40,year,0.171,0.539,nan,nan,nan,0.171,-0.01
tfidf,akk_maximal,r40,geo,0.317,0.493,nan,nan,nan,0.429,0.186
tfidf,eng_maximal,r8,year,0.495,0.669,0.616,0.05,0.369,0.044,0.088
tfidf,eng_maximal,r8,geo,0.102,0.428,0.393,0.064,0.192,0.256,0.051
tfidf,eng_maximal,r40,year,0.024,0.421,nan,nan,nan,-0.093,-0.036
tfidf,eng_maximal,r40,geo,0.269,0.505,nan,nan,nan,0.307,0.111
random,akk_maximal,r8,year,0.343,0.482,0.499,0.064,0.285,0.048,-0.211
random,akk_maximal,r8,geo,0.095,0.28,0.263,0.069,0.081,0.2,0.029
random,akk_maximal,r40,year,0.145,0.372,nan,nan,nan,0.164,-0.201
random,akk_maximal,r40,geo,0.228,0.454,nan,nan,nan,0.284,0.118
random,eng_maximal,r8,year,0.338,0.53,0.425,0.066,0.233,0.12,-0.116
random,eng_maximal,r8,geo,0.089,0.324,0.252,0.07,0.074,0.236,-0.068
random,eng_maximal,r40,year,0.085,0.31,nan,nan,nan,0.107,-0.312
random,eng_maximal,r40,geo,0.229,0.353,nan,nan,nan,0.269,0.034
qwen3_1b7,akk_maximal,r8,year,0.339,0.459,0.37,0.068,0.151,0.055,-0.802
qwen3_1b7,akk_maximal,r8,geo,0.139,0.385,0.215,0.069,0.041,0.194,-0.791
qwen3_1b7,akk_maximal,r40,year,0.082,0.299,nan,nan,nan,0.075,-0.537
qwen3_1b7,akk_maximal,r40,geo,0.155,0.434,nan,nan,nan,0.294,0.117
qwen3_1b7,eng_maximal,r8,year,0.26,0.464,0.369,0.075,0.14,0.059,-0.83
qwen3_1b7,eng_maximal,r8,geo,0.123,0.406,0.215,0.079,0.027,0.202,0.008
qwen3_1b7,eng_maximal,r40,year,0.057,0.311,nan,nan,nan,0.075,-1.272
qwen3_1b7,eng_maximal,r40,geo,0.212,0.414,nan,nan,nan,0.245,0.071
qwen3_8b,akk_maximal,r8,year,0.386,0.533,0.396,0.079,0.082,0.065,-0.266
qwen3_8b,akk_maximal,r8,geo,0.175,0.425,0.262,0.072,-0.115,0.206,-0.46
qwen3_8b,akk_maximal,r40,year,0.091,0.275,nan,nan,nan,0.102,-0.356
qwen3_8b,akk_maximal,r40,geo,0.155,0.376,nan,nan,nan,0.286,-0.299
qwen3_8b,eng_maximal,r8,year,0.297,0.532,0.427,0.064,0.173,0.088,-0.31
qwen3_8b,eng_maximal,r8,geo,0.147,0.435,0.223,0.07,0.041,0.208,0.017
qwen3_8b,eng_maximal,r40,year,0.057,0.307,nan,nan,nan,0.04,-0.668
qwen3_8b,eng_maximal,r40,geo,0.203,0.433,nan,nan,nan,0.241,0.066
qwen3_32b,akk_maximal,r8,year,0.316,0.523,0.312,0.08,0.111,0.091,-0.315
qwen3_32b,akk_maximal,r8,geo,0.123,0.368,0.159,0.087,-0.221,0.21,-0.323
qwen3_32b,akk_maximal,r40,year,0.146,0.273,nan,nan,nan,0.151,-0.781
qwen3_32b,akk_maximal,r40,geo,0.162,0.415,nan,nan,nan,0.315,0.137
qwen3_32b,eng_maximal,r8,year,0.336,0.52,0.428,0.067,0.194,0.132,-0.232
qwen3_32b,eng_maximal,r8,geo,0.103,0.363,0.201,0.078,-0.043,0.217,0.005
qwen3_32b,eng_maximal,r40,year,0.081,0.251,nan,nan,nan,0.003,-0.373
qwen3_32b,eng_maximal,r40,geo,0.202,0.39,nan,nan,nan,0.265,0.06
llama2_7b,akk_maximal,r8,year,0.418,0.591,0.433,0.071,0.23,-0.067,-0.22
llama2_7b,akk_maximal,r8,geo,0.179,0.435,0.301,0.07,0.08,0.296,0.045
llama2_7b,akk_maximal,r40,year,0.122,0.312,nan,nan,nan,0.044,-0.142
llama2_7b,akk_maximal,r40,geo,0.155,0.406,nan,nan,nan,0.376,0.162
llama2_7b,eng_maximal,r8,year,0.382,0.538,0.447,0.072,0.226,0.002,-0.158
llama2_7b,eng_maximal,r8,geo,0.165,0.422,0.275,0.073,0.058,0.272,0.038
llama2_7b,eng_maximal,r40,year,0.092,0.247,nan,nan,nan,-0.099,-0.196
llama2_7b,eng_maximal,r40,geo,0.245,0.477,nan,nan,nan,0.328,0.114
llama2_7b_random,akk_maximal,r8,year,0.355,0.495,0.438,0.075,0.226,-0.015,-0.291
llama2_7b_random,akk_maximal,r8,geo,0.096,0.284,0.285,0.073,0.089,0.188,-0.145
llama2_7b_random,akk_maximal,r40,year,0.106,0.298,nan,nan,nan,0.024,-0.343
llama2_7b_random,akk_maximal,r40,geo,0.205,0.304,nan,nan,nan,0.272,-0.016
llama2_7b_random,eng_maximal,r8,year,0.351,0.503,0.376,0.073,0.187,0.102,-0.136
llama2_7b_random,eng_maximal,r8,geo,0.08,0.268,0.245,0.072,0.069,0.149,-0.164
llama2_7b_random,eng_maximal,r40,year,0.083,0.358,nan,nan,nan,0.111,-0.178
llama2_7b_random,eng_maximal,r40,geo,0.186,0.29,nan,nan,nan,0.187,-0.123
llama2_13b,akk_maximal,r8,year,0.417,0.555,0.403,0.077,0.189,-0.056,-0.205
llama2_13b,akk_maximal,r8,geo,0.156,0.411,0.255,0.075,0.019,0.231,-0.035
llama2_13b,akk_maximal,r40,year,0.114,0.295,nan,nan,nan,0.126,-0.133
llama2_13b,akk_maximal,r40,geo,0.138,0.309,nan,nan,nan,0.307,0.07
llama2_13b,eng_maximal,r8,year,0.411,0.562,0.378,0.067,0.139,0.053,-0.13
llama2_13b,eng_maximal,r8,geo,0.155,0.46,0.234,0.079,0.048,0.229,-0.029
llama2_13b,eng_maximal,r40,year,0.074,0.209,nan,nan,nan,-0.041,-0.233
llama2_13b,eng_maximal,r40,geo,0.238,0.461,nan,nan,nan,0.27,0.037
llama2_13b_random,akk_maximal,r8,year,0.291,0.472,0.369,0.09,0.166,-0.022,-0.218
llama2_13b_random,akk_maximal,r8,geo,0.087,0.224,0.194,0.082,0.024,0.118,-0.13
llama2_13b_random,akk_maximal,r40,year,0.155,0.302,nan,nan,nan,0.079,-0.271
llama2_13b_random,akk_maximal,r40,geo,0.192,0.323,nan,nan,nan,0.18,-0.057
llama2_13b_random,eng_maximal,r8,year,0.256,0.447,0.389,0.079,0.174,0.028,-0.183
llama2_13b_random,eng_maximal,r8,geo,0.049,0.249,0.2,0.074,0.047,0.13,-0.121
llama2_13b_random,eng_maximal,r40,year,0.111,0.453,nan,nan,nan,0.088,-0.227
llama2_13b_random,eng_maximal,r40,geo,0.177,0.304,nan,nan,nan,0.185,-0.044
llama2_70b,akk_maximal,r8,year,0.428,0.596,0.331,0.08,0.116,0.024,-0.158
llama2_70b,akk_maximal,r8,geo,0.148,0.39,0.269,0.074,0.001,0.241,-0.003
llama2_70b,akk_maximal,r40,year,0.152,0.285,nan,nan,nan,0.108,-0.244
llama2_70b,akk_maximal,r40,geo,0.165,0.417,nan,nan,nan,0.33,0.074
llama2_70b,eng_maximal,r8,year,0.407,0.577,0.428,0.071,0.209,0.064,-0.169
llama2_70b,eng_maximal,r8,geo,0.176,0.416,0.299,0.077,0.041,0.259,0.041
llama2_70b,eng_maximal,r40,year,0.068,0.188,nan,nan,nan,-0.01,-0.257
llama2_70b,eng_maximal,r40,geo,0.241,0.418,nan,nan,nan,0.311,0.12
llama2_70b_random,akk_maximal,r8,year,0.224,0.409,0.305,0.089,0.118,-0.117,-0.305
llama2_70b_random,akk_maximal,r8,geo,0.018,0.165,0.055,0.076,0.011,0.099,-0.082
llama2_70b_random,akk_maximal,r40,year,0.046,0.248,nan,nan,nan,0.012,-0.284
llama2_70b_random,akk_maximal,r40,geo,0.164,0.31,nan,nan,nan,0.194,0.03
llama2_70b_random,eng_maximal,r8,year,0.132,0.284,0.245,0.09,0.09,-0.092,-0.275
llama2_70b_random,eng_maximal,r8,geo,-0.031,0.058,0.046,0.078,0.01,0.026,-0.115
llama2_70b_random,eng_maximal,r40,year,0.052,0.183,nan,nan,nan,0.065,-0.793
llama2_70b_random,eng_maximal,r40,geo,0.096,0.194,nan,nan,nan,0.117,-0.071
